time,detector_id,vehicle_count,occupancy,mean_speed,vehicle_ids
5.0,cluster_122855839_3663662942_3663662943_3663662944_#1more_0_D0.0,0,0.0,-1.0,[]
5.0,cluster_122855839_3663662942_3663662943_3663662944_#1more_0_D0.1,0,0.0,-1.0,[]
5.0,cluster_122855839_3663662942_3663662943_3663662944_#1more_0_D0.2,0,0.0,-1.0,[]
5.0,cluster_122855839_3663662942_3663662943_3663662944_#1more_0_D0.3,0,0.0,-1.0,[]
5.0,cluster_122855839_3663662942_3663662943_3663662944_#1more_0_D0.4,0,0.0,-1.0,[]
5.0,cluster_122855839_3663662942_3663662943_3663662944_#1more_0_D1.0,0,0.0,-1.0,[]
5.0,cluster_122855839_3663662942_3663662943_3663662944_#1more_0_D1.1,0,0.0,-1.0,[]
5.0,cluster_122855839_3663662942_3663662943_3663662944_#1more_0_D1.2,0,0.0,-1.0,[]
5.0,cluster_122855839_3663662942_3663662943_3663662944_#1more_0_D2.0,0,0.0,-1.0,[]
5.0,cluster_122855839_3663662942_3663662943_3663662944_#1more_0_D2.1,0,0.0,-1.0,[]
5.0,cluster_123241924_382443557_5344542568_5546892974_#3more_0_D0.0,0,0.0,-1.0,[]
5.0,cluster_123241924_382443557_5344542568_5546892974_#3more_0_D0.1,0,0.0,-1.0,[]
5.0,cluster_123241924_382443557_5344542568_5546892974_#3more_0_D0.2,0,0.0,-1.0,[]
5.0,cluster_123241924_382443557_5344542568_5546892974_#3more_0_D0.3,0,0.0,-1.0,[]
5.0,cluster_123241924_382443557_5344542568_5546892974_#3more_0_D0.4,0,0.0,-1.0,[]
5.0,cluster_123241924_382443557_5344542568_5546892974_#3more_0_D1.0,0,0.0,-1.0,[]
5.0,cluster_123241924_382443557_5344542568_5546892974_#3more_0_D2.0,0,0.0,-1.0,[]
5.0,cluster_123241924_382443557_5344542568_5546892974_#3more_0_D2.1,0,0.0,-1.0,[]
5.0,cluster_123241924_382443557_5344542568_5546892974_#3more_0_D2.2,0,0.0,-1.0,[]
5.0,cluster_123241924_382443557_5344542568_5546892974_#3more_0_D2.3,0,0.0,-1.0,[]
5.0,cluster_123241924_382443557_5344542568_5546892974_#3more_0_D2.4,0,0.0,-1.0,[]
5.0,cluster_123241924_382443557_5344542568_5546892974_#3more_0_D2.5,0,0.0,-1.0,[]
5.0,cluster_123241924_382443557_5344542568_5546892974_#3more_0_D3.0,0,0.0,-1.0,[]
5.0,cluster_123241924_382443557_5344542568_5546892974_#3more_0_D3.1,0,0.0,-1.0,[]
5.0,cluster_123241924_382443557_5344542568_5546892974_#3more_0_D3.2,0,0.0,-1.0,[]
5.0,cluster_123241924_382443557_5344542568_5546892974_#3more_0_D3.3,0,0.0,-1.0,[]
5.0,cluster_123241924_382443557_5344542568_5546892974_#3more_0_D3.4,0,0.0,-1.0,[]
5.0,cluster_123281084_3663662939_3664674395_3664674397_#1more_0_D0.0,0,0.0,-1.0,[]
5.0,cluster_123281084_3663662939_3664674395_3664674397_#1more_0_D0.1,0,0.0,-1.0,[]
5.0,cluster_123281084_3663662939_3664674395_3664674397_#1more_0_D0.2,0,0.0,-1.0,[]
5.0,cluster_123281084_3663662939_3664674395_3664674397_#1more_0_D0.3,0,0.0,-1.0,[]
5.0,cluster_123281084_3663662939_3664674395_3664674397_#1more_0_D0.4,0,0.0,-1.0,[]
5.0,cluster_123281084_3663662939_3664674395_3664674397_#1more_0_D1.0,0,0.0,-1.0,[]
5.0,cluster_123281084_3663662939_3664674395_3664674397_#1more_0_D1.1,0,0.0,-1.0,[]
5.0,cluster_123281084_3663662939_3664674395_3664674397_#1more_0_D2.0,0,0.0,-1.0,[]
5.0,cluster_123281084_3663662939_3664674395_3664674397_#1more_0_D2.1,0,0.0,-1.0,[]
5.0,cluster_123281085_12840608127_12840608130_12840608135_#1more_0_D0.0,0,0.0,-1.0,[]
5.0,cluster_123281085_12840608127_12840608130_12840608135_#1more_0_D1.0,0,0.0,-1.0,[]
5.0,cluster_123292026_3663224279_3663224280_3663662945_#1more_0_D0.0,0,0.0,-1.0,[]
5.0,cluster_123292026_3663224279_3663224280_3663662945_#1more_0_D0.1,0,0.0,-1.0,[]
5.0,cluster_123292026_3663224279_3663224280_3663662945_#1more_0_D1.0,0,0.0,-1.0,[]
5.0,cluster_123292026_3663224279_3663224280_3663662945_#1more_0_D1.1,0,0.0,-1.0,[]
5.0,cluster_123292026_3663224279_3663224280_3663662945_#1more_0_D1.2,0,0.0,-1.0,[]
5.0,cluster_123292026_3663224279_3663224280_3663662945_#1more_0_D1.3,0,0.0,-1.0,[]
5.0,cluster_123292026_3663224279_3663224280_3663662945_#1more_0_D2.0,0,0.0,-1.0,[]
5.0,cluster_123292026_3663224279_3663224280_3663662945_#1more_0_D2.1,0,0.0,-1.0,[]
5.0,cluster_123292029_3663224277_3663224278_5344542569_#1more_0_D0.0,0,0.0,-1.0,[]
5.0,cluster_123292029_3663224277_3663224278_5344542569_#1more_0_D0.1,0,0.0,-1.0,[]
5.0,cluster_123292029_3663224277_3663224278_5344542569_#1more_0_D0.2,0,0.0,-1.0,[]
5.0,cluster_123292029_3663224277_3663224278_5344542569_#1more_0_D1.0,0,0.0,-1.0,[]
5.0,cluster_123292029_3663224277_3663224278_5344542569_#1more_0_D1.1,0,0.0,-1.0,[]
5.0,cluster_123292029_3663224277_3663224278_5344542569_#1more_0_D2.0,0,0.0,-1.0,[]
5.0,cluster_123292029_3663224277_3663224278_5344542569_#1more_0_D2.1,0,0.0,-1.0,[]
5.0,cluster_123292029_3663224277_3663224278_5344542569_#1more_0_D2.2,0,0.0,-1.0,[]
5.0,cluster_123292029_3663224277_3663224278_5344542569_#1more_0_D3.0,0,0.0,-1.0,[]
5.0,cluster_123292029_3663224277_3663224278_5344542569_#1more_0_D3.1,0,0.0,-1.0,[]
5.0,cluster_123292031_3663224275_3663224276_3663662936_#1more_0_D0.0,0,0.0,-1.0,[]
5.0,cluster_123292031_3663224275_3663224276_3663662936_#1more_0_D0.1,0,0.0,-1.0,[]
5.0,cluster_123292031_3663224275_3663224276_3663662936_#1more_0_D1.0,0,0.0,-1.0,[]
5.0,cluster_123292031_3663224275_3663224276_3663662936_#1more_0_D2.0,0,0.0,-1.0,[]
5.0,cluster_123292031_3663224275_3663224276_3663662936_#1more_0_D2.1,0,0.0,-1.0,[]
5.0,cluster_123308403_3663827018_3663827019_3664674393_#1more_0_D0.0,0,0.0,-1.0,[]
5.0,cluster_123308403_3663827018_3663827019_3664674393_#1more_0_D0.1,0,0.0,-1.0,[]
5.0,cluster_123308403_3663827018_3663827019_3664674393_#1more_0_D1.0,0,0.0,-1.0,[]
5.0,cluster_123308403_3663827018_3663827019_3664674393_#1more_0_D1.1,0,0.0,-1.0,[]
5.0,cluster_123308403_3663827018_3663827019_3664674393_#1more_0_D1.2,1,0.0,-1.0,['bus0']
5.0,cluster_123308403_3663827018_3663827019_3664674393_#1more_0_D1.3,0,0.0,-1.0,[]
5.0,cluster_123308403_3663827018_3663827019_3664674393_#1more_0_D2.0,0,0.0,-1.0,[]
5.0,cluster_123308403_3663827018_3663827019_3664674393_#1more_0_D2.1,0,0.0,-1.0,[]
5.0,cluster_123308403_3663827018_3663827019_3664674393_#1more_0_D2.2,0,0.0,-1.0,[]
5.0,cluster_3664723686_3698084157_3698084158_3698084159_#1more_0_D0.0,0,0.0,-1.0,[]
5.0,cluster_3664723686_3698084157_3698084158_3698084159_#1more_0_D0.1,0,0.0,-1.0,[]
5.0,cluster_3664723686_3698084157_3698084158_3698084159_#1more_0_D0.2,0,0.0,-1.0,[]
5.0,cluster_3664723686_3698084157_3698084158_3698084159_#1more_0_D1.0,0,0.0,-1.0,[]
5.0,cluster_3664723686_3698084157_3698084158_3698084159_#1more_0_D1.1,0,0.0,-1.0,[]
5.0,cluster_3664723686_3698084157_3698084158_3698084159_#1more_0_D1.2,0,0.0,-1.0,[]
5.0,joinedS_3663662947_3663662948_3698084160_3698084161_#1more_0_D0.0,0,0.0,-1.0,[]
5.0,joinedS_3663662947_3663662948_3698084160_3698084161_#1more_0_D0.1,0,0.0,-1.0,[]
5.0,joinedS_3663662947_3663662948_3698084160_3698084161_#1more_0_D0.2,0,0.0,-1.0,[]
5.0,joinedS_3663662947_3663662948_3698084160_3698084161_#1more_0_D0.3,0,0.0,-1.0,[]
5.0,joinedS_3663662947_3663662948_3698084160_3698084161_#1more_0_D1.0,0,0.0,-1.0,[]
5.0,joinedS_3663662947_3663662948_3698084160_3698084161_#1more_0_D1.1,0,0.0,-1.0,[]
5.0,joinedS_3663662947_3663662948_3698084160_3698084161_#1more_0_D1.2,0,0.0,-1.0,[]
5.0,joinedS_3663662947_3663662948_3698084160_3698084161_#1more_0_D1.3,0,0.0,-1.0,[]
5.0,joinedS_3663662947_3663662948_3698084160_3698084161_#1more_0_D2.0,0,0.0,-1.0,[]
5.0,joinedS_3663662947_3663662948_3698084160_3698084161_#1more_0_D2.1,0,0.0,-1.0,[]
5.0,joinedS_3663662947_3663662948_3698084160_3698084161_#1more_0_D2.2,0,0.0,-1.0,[]
5.0,joinedS_3663662947_3663662948_3698084160_3698084161_#1more_0_D2.3,0,0.0,-1.0,[]
5.0,joinedS_3663662947_3663662948_3698084160_3698084161_#1more_0_D3.0,0,0.0,-1.0,[]
5.0,joinedS_3663662947_3663662948_3698084160_3698084161_#1more_0_D3.1,0,0.0,-1.0,[]
5.0,joinedS_3663662947_3663662948_3698084160_3698084161_#1more_0_D3.2,0,0.0,-1.0,[]
5.0,joinedS_3663662947_3663662948_3698084160_3698084161_#1more_0_D3.3,0,0.0,-1.0,[]
5.0,joinedS_3663662947_3663662948_3698084160_3698084161_#1more_0_D3.4,0,0.0,-1.0,[]
10.0,cluster_122855839_3663662942_3663662943_3663662944_#1more_0_D0.0,0,0.0,-1.0,[]
10.0,cluster_122855839_3663662942_3663662943_3663662944_#1more_0_D0.1,0,0.0,-1.0,[]
10.0,cluster_122855839_3663662942_3663662943_3663662944_#1more_0_D0.2,0,0.0,-1.0,[]
10.0,cluster_122855839_3663662942_3663662943_3663662944_#1more_0_D0.3,0,0.0,-1.0,[]
10.0,cluster_122855839_3663662942_3663662943_3663662944_#1more_0_D0.4,0,0.0,-1.0,[]
10.0,cluster_122855839_3663662942_3663662943_3663662944_#1more_0_D1.0,0,0.0,-1.0,[]
10.0,cluster_122855839_3663662942_3663662943_3663662944_#1more_0_D1.1,0,0.0,-1.0,[]
10.0,cluster_122855839_3663662942_3663662943_3663662944_#1more_0_D1.2,0,0.0,-1.0,[]
10.0,cluster_122855839_3663662942_3663662943_3663662944_#1more_0_D2.0,0,0.0,-1.0,[]
10.0,cluster_122855839_3663662942_3663662943_3663662944_#1more_0_D2.1,1,0.0,-1.0,['veh0']
10.0,cluster_123241924_382443557_5344542568_5546892974_#3more_0_D0.0,0,0.0,-1.0,[]
10.0,cluster_123241924_382443557_5344542568_5546892974_#3more_0_D0.1,0,0.0,-1.0,[]
10.0,cluster_123241924_382443557_5344542568_5546892974_#3more_0_D0.2,0,0.0,-1.0,[]
10.0,cluster_123241924_382443557_5344542568_5546892974_#3more_0_D0.3,0,0.0,-1.0,[]
10.0,cluster_123241924_382443557_5344542568_5546892974_#3more_0_D0.4,0,0.0,-1.0,[]
10.0,cluster_123241924_382443557_5344542568_5546892974_#3more_0_D1.0,0,0.0,-1.0,[]
10.0,cluster_123241924_382443557_5344542568_5546892974_#3more_0_D2.0,0,0.0,-1.0,[]
10.0,cluster_123241924_382443557_5344542568_5546892974_#3more_0_D2.1,0,0.0,-1.0,[]
10.0,cluster_123241924_382443557_5344542568_5546892974_#3more_0_D2.2,0,0.0,-1.0,[]
10.0,cluster_123241924_382443557_5344542568_5546892974_#3more_0_D2.3,0,0.0,-1.0,[]
10.0,cluster_123241924_382443557_5344542568_5546892974_#3more_0_D2.4,0,0.0,-1.0,[]
10.0,cluster_123241924_382443557_5344542568_5546892974_#3more_0_D2.5,0,0.0,-1.0,[]
10.0,cluster_123241924_382443557_5344542568_5546892974_#3more_0_D3.0,0,0.0,-1.0,[]
10.0,cluster_123241924_382443557_5344542568_5546892974_#3more_0_D3.1,0,0.0,-1.0,[]
10.0,cluster_123241924_382443557_5344542568_5546892974_#3more_0_D3.2,0,0.0,-1.0,[]
10.0,cluster_123241924_382443557_5344542568_5546892974_#3more_0_D3.3,0,0.0,-1.0,[]
10.0,cluster_123241924_382443557_5344542568_5546892974_#3more_0_D3.4,0,0.0,-1.0,[]
10.0,cluster_123281084_3663662939_3664674395_3664674397_#1more_0_D0.0,0,0.0,-1.0,[]
10.0,cluster_123281084_3663662939_3664674395_3664674397_#1more_0_D0.1,0,0.0,-1.0,[]
10.0,cluster_123281084_3663662939_3664674395_3664674397_#1more_0_D0.2,0,0.0,-1.0,[]
10.0,cluster_123281084_3663662939_3664674395_3664674397_#1more_0_D0.3,0,0.0,-1.0,[]
10.0,cluster_123281084_3663662939_3664674395_3664674397_#1more_0_D0.4,0,0.0,-1.0,[]
10.0,cluster_123281084_3663662939_3664674395_3664674397_#1more_0_D1.0,0,0.0,-1.0,[]
10.0,cluster_123281084_3663662939_3664674395_3664674397_#1more_0_D1.1,0,0.0,-1.0,[]
10.0,cluster_123281084_3663662939_3664674395_3664674397_#1more_0_D2.0,0,0.0,-1.0,[]
10.0,cluster_123281084_3663662939_3664674395_3664674397_#1more_0_D2.1,0,0.0,-1.0,[]
10.0,cluster_123281085_12840608127_12840608130_12840608135_#1more_0_D0.0,0,0.0,-1.0,[]
10.0,cluster_123281085_12840608127_12840608130_12840608135_#1more_0_D1.0,0,0.0,-1.0,[]
10.0,cluster_123292026_3663224279_3663224280_3663662945_#1more_0_D0.0,0,0.0,-1.0,[]
10.0,cluster_123292026_3663224279_3663224280_3663662945_#1more_0_D0.1,0,0.0,-1.0,[]
10.0,cluster_123292026_3663224279_3663224280_3663662945_#1more_0_D1.0,0,0.0,-1.0,[]
10.0,cluster_123292026_3663224279_3663224280_3663662945_#1more_0_D1.1,0,0.0,-1.0,[]
10.0,cluster_123292026_3663224279_3663224280_3663662945_#1more_0_D1.2,0,0.0,-1.0,[]
10.0,cluster_123292026_3663224279_3663224280_3663662945_#1more_0_D1.3,0,0.0,-1.0,[]
10.0,cluster_123292026_3663224279_3663224280_3663662945_#1more_0_D2.0,0,0.0,-1.0,[]
10.0,cluster_123292026_3663224279_3663224280_3663662945_#1more_0_D2.1,0,0.0,-1.0,[]
10.0,cluster_123292029_3663224277_3663224278_5344542569_#1more_0_D0.0,0,0.0,-1.0,[]
10.0,cluster_123292029_3663224277_3663224278_5344542569_#1more_0_D0.1,0,0.0,-1.0,[]
10.0,cluster_123292029_3663224277_3663224278_5344542569_#1more_0_D0.2,0,0.0,-1.0,[]
10.0,cluster_123292029_3663224277_3663224278_5344542569_#1more_0_D1.0,0,0.0,-1.0,[]
10.0,cluster_123292029_3663224277_3663224278_5344542569_#1more_0_D1.1,0,0.0,-1.0,[]
10.0,cluster_123292029_3663224277_3663224278_5344542569_#1more_0_D2.0,0,0.0,-1.0,[]
10.0,cluster_123292029_3663224277_3663224278_5344542569_#1more_0_D2.1,0,0.0,-1.0,[]
10.0,cluster_123292029_3663224277_3663224278_5344542569_#1more_0_D2.2,0,0.0,-1.0,[]
10.0,cluster_123292029_3663224277_3663224278_5344542569_#1more_0_D3.0,0,0.0,-1.0,[]
10.0,cluster_123292029_3663224277_3663224278_5344542569_#1more_0_D3.1,0,0.0,-1.0,[]
10.0,cluster_123292031_3663224275_3663224276_3663662936_#1more_0_D0.0,0,0.0,-1.0,[]
10.0,cluster_123292031_3663224275_3663224276_3663662936_#1more_0_D0.1,0,0.0,-1.0,[]
10.0,cluster_123292031_3663224275_3663224276_3663662936_#1more_0_D1.0,0,0.0,-1.0,[]
10.0,cluster_123292031_3663224275_3663224276_3663662936_#1more_0_D2.0,0,0.0,-1.0,[]
10.0,cluster_123292031_3663224275_3663224276_3663662936_#1more_0_D2.1,1,39.639265953367975,12.613755274585683,['veh1']
10.0,cluster_123308403_3663827018_3663827019_3664674393_#1more_0_D0.0,0,0.0,-1.0,[]
10.0,cluster_123308403_3663827018_3663827019_3664674393_#1more_0_D0.1,0,0.0,-1.0,[]
10.0,cluster_123308403_3663827018_3663827019_3664674393_#1more_0_D1.0,0,0.0,-1.0,[]
10.0,cluster_123308403_3663827018_3663827019_3664674393_#1more_0_D1.1,0,0.0,-1.0,[]
10.0,cluster_123308403_3663827018_3663827019_3664674393_#1more_0_D1.2,0,0.0,-1.0,[]
10.0,cluster_123308403_3663827018_3663827019_3664674393_#1more_0_D1.3,0,0.0,-1.0,[]
10.0,cluster_123308403_3663827018_3663827019_3664674393_#1more_0_D2.0,0,0.0,-1.0,[]
10.0,cluster_123308403_3663827018_3663827019_3664674393_#1more_0_D2.1,0,0.0,-1.0,[]
10.0,cluster_123308403_3663827018_3663827019_3664674393_#1more_0_D2.2,0,0.0,-1.0,[]
10.0,cluster_3664723686_3698084157_3698084158_3698084159_#1more_0_D0.0,0,0.0,-1.0,[]
10.0,cluster_3664723686_3698084157_3698084158_3698084159_#1more_0_D0.1,0,0.0,-1.0,[]
10.0,cluster_3664723686_3698084157_3698084158_3698084159_#1more_0_D0.2,0,0.0,-1.0,[]
10.0,cluster_3664723686_3698084157_3698084158_3698084159_#1more_0_D1.0,0,0.0,-1.0,[]
10.0,cluster_3664723686_3698084157_3698084158_3698084159_#1more_0_D1.1,0,0.0,-1.0,[]
10.0,cluster_3664723686_3698084157_3698084158_3698084159_#1more_0_D1.2,0,0.0,-1.0,[]
10.0,joinedS_3663662947_3663662948_3698084160_3698084161_#1more_0_D0.0,0,0.0,-1.0,[]
10.0,joinedS_3663662947_3663662948_3698084160_3698084161_#1more_0_D0.1,0,0.0,-1.0,[]
10.0,joinedS_3663662947_3663662948_3698084160_3698084161_#1more_0_D0.2,0,0.0,-1.0,[]
10.0,joinedS_3663662947_3663662948_3698084160_3698084161_#1more_0_D0.3,0,0.0,-1.0,[]
10.0,joinedS_3663662947_3663662948_3698084160_3698084161_#1more_0_D1.0,0,0.0,-1.0,[]
10.0,joinedS_3663662947_3663662948_3698084160_3698084161_#1more_0_D1.1,0,0.0,-1.0,[]
10.0,joinedS_3663662947_3663662948_3698084160_3698084161_#1more_0_D1.2,0,0.0,-1.0,[]
10.0,joinedS_3663662947_3663662948_3698084160_3698084161_#1more_0_D1.3,0,0.0,-1.0,[]
10.0,joinedS_3663662947_3663662948_3698084160_3698084161_#1more_0_D2.0,0,0.0,-1.0,[]
10.0,joinedS_3663662947_3663662948_3698084160_3698084161_#1more_0_D2.1,0,0.0,-1.0,[]
10.0,joinedS_3663662947_3663662948_3698084160_3698084161_#1more_0_D2.2,0,0.0,-1.0,[]
10.0,joinedS_3663662947_3663662948_3698084160_3698084161_#1more_0_D2.3,1,100.0,0.0,['veh5']
10.0,joinedS_3663662947_3663662948_3698084160_3698084161_#1more_0_D3.0,0,0.0,-1.0,[]
10.0,joinedS_3663662947_3663662948_3698084160_3698084161_#1more_0_D3.1,0,0.0,-1.0,[]
10.0,joinedS_3663662947_3663662948_3698084160_3698084161_#1more_0_D3.2,0,0.0,-1.0,[]
10.0,joinedS_3663662947_3663662948_3698084160_3698084161_#1more_0_D3.3,0,0.0,-1.0,[]
10.0,joinedS_3663662947_3663662948_3698084160_3698084161_#1more_0_D3.4,0,0.0,-1.0,[]
15.0,cluster_122855839_3663662942_3663662943_3663662944_#1more_0_D0.0,0,0.0,-1.0,[]
15.0,cluster_122855839_3663662942_3663662943_3663662944_#1more_0_D0.1,0,0.0,-1.0,[]
15.0,cluster_122855839_3663662942_3663662943_3663662944_#1more_0_D0.2,0,0.0,-1.0,[]
15.0,cluster_122855839_3663662942_3663662943_3663662944_#1more_0_D0.3,0,0.0,-1.0,[]
15.0,cluster_122855839_3663662942_3663662943_3663662944_#1more_0_D0.4,0,0.0,-1.0,[]
15.0,cluster_122855839_3663662942_3663662943_3663662944_#1more_0_D1.0,0,0.0,-1.0,[]
15.0,cluster_122855839_3663662942_3663662943_3663662944_#1more_0_D1.1,0,0.0,-1.0,[]
15.0,cluster_122855839_3663662942_3663662943_3663662944_#1more_0_D1.2,0,0.0,-1.0,[]
15.0,cluster_122855839_3663662942_3663662943_3663662944_#1more_0_D2.0,0,0.0,-1.0,[]
15.0,cluster_122855839_3663662942_3663662943_3663662944_#1more_0_D2.1,0,0.0,-1.0,[]
15.0,cluster_123241924_382443557_5344542568_5546892974_#3more_0_D0.0,0,0.0,-1.0,[]
15.0,cluster_123241924_382443557_5344542568_5546892974_#3more_0_D0.1,0,0.0,-1.0,[]
15.0,cluster_123241924_382443557_5344542568_5546892974_#3more_0_D0.2,0,0.0,-1.0,[]
15.0,cluster_123241924_382443557_5344542568_5546892974_#3more_0_D0.3,0,0.0,-1.0,[]
15.0,cluster_123241924_382443557_5344542568_5546892974_#3more_0_D0.4,0,0.0,-1.0,[]
15.0,cluster_123241924_382443557_5344542568_5546892974_#3more_0_D1.0,0,0.0,-1.0,[]
15.0,cluster_123241924_382443557_5344542568_5546892974_#3more_0_D2.0,0,0.0,-1.0,[]
15.0,cluster_123241924_382443557_5344542568_5546892974_#3more_0_D2.1,0,0.0,-1.0,[]
15.0,cluster_123241924_382443557_5344542568_5546892974_#3more_0_D2.2,0,0.0,-1.0,[]
15.0,cluster_123241924_382443557_5344542568_5546892974_#3more_0_D2.3,0,0.0,-1.0,[]
15.0,cluster_123241924_382443557_5344542568_5546892974_#3more_0_D2.4,0,0.0,-1.0,[]
15.0,cluster_123241924_382443557_5344542568_5546892974_#3more_0_D2.5,0,0.0,-1.0,[]
15.0,cluster_123241924_382443557_5344542568_5546892974_#3more_0_D3.0,0,0.0,-1.0,[]
15.0,cluster_123241924_382443557_5344542568_5546892974_#3more_0_D3.1,0,0.0,-1.0,[]
15.0,cluster_123241924_382443557_5344542568_5546892974_#3more_0_D3.2,0,0.0,-1.0,[]
15.0,cluster_123241924_382443557_5344542568_5546892974_#3more_0_D3.3,0,0.0,-1.0,[]
15.0,cluster_123241924_382443557_5344542568_5546892974_#3more_0_D3.4,0,0.0,-1.0,[]
15.0,cluster_123281084_3663662939_3664674395_3664674397_#1more_0_D0.0,0,0.0,-1.0,[]
15.0,cluster_123281084_3663662939_3664674395_3664674397_#1more_0_D0.1,0,0.0,-1.0,[]
15.0,cluster_123281084_3663662939_3664674395_3664674397_#1more_0_D0.2,0,0.0,-1.0,[]
15.0,cluster_123281084_3663662939_3664674395_3664674397_#1more_0_D0.3,0,0.0,-1.0,[]
15.0,cluster_123281084_3663662939_3664674395_3664674397_#1more_0_D0.4,0,0.0,-1.0,[]
15.0,cluster_123281084_3663662939_3664674395_3664674397_#1more_0_D1.0,0,0.0,-1.0,[]
15.0,cluster_123281084_3663662939_3664674395_3664674397_#1more_0_D1.1,0,0.0,-1.0,[]
15.0,cluster_123281084_3663662939_3664674395_3664674397_#1more_0_D2.0,0,0.0,-1.0,[]
15.0,cluster_123281084_3663662939_3664674395_3664674397_#1more_0_D2.1,0,0.0,-1.0,[]
15.0,cluster_123281085_12840608127_12840608130_12840608135_#1more_0_D0.0,0,0.0,-1.0,[]
15.0,cluster_123281085_12840608127_12840608130_12840608135_#1more_0_D1.0,0,0.0,-1.0,[]
15.0,cluster_123292026_3663224279_3663224280_3663662945_#1more_0_D0.0,0,0.0,-1.0,[]
15.0,cluster_123292026_3663224279_3663224280_3663662945_#1more_0_D0.1,0,0.0,-1.0,[]
15.0,cluster_123292026_3663224279_3663224280_3663662945_#1more_0_D1.0,0,0.0,-1.0,[]
15.0,cluster_123292026_3663224279_3663224280_3663662945_#1more_0_D1.1,0,0.0,-1.0,[]
15.0,cluster_123292026_3663224279_3663224280_3663662945_#1more_0_D1.2,0,0.0,-1.0,[]
15.0,cluster_123292026_3663224279_3663224280_3663662945_#1more_0_D1.3,0,0.0,-1.0,[]
15.0,cluster_123292026_3663224279_3663224280_3663662945_#1more_0_D2.0,0,0.0,-1.0,[]
15.0,cluster_123292026_3663224279_3663224280_3663662945_#1more_0_D2.1,0,0.0,-1.0,[]
15.0,cluster_123292029_3663224277_3663224278_5344542569_#1more_0_D0.0,0,0.0,-1.0,[]
15.0,cluster_123292029_3663224277_3663224278_5344542569_#1more_0_D0.1,0,0.0,-1.0,[]
15.0,cluster_123292029_3663224277_3663224278_5344542569_#1more_0_D0.2,0,0.0,-1.0,[]
15.0,cluster_123292029_3663224277_3663224278_5344542569_#1more_0_D1.0,0,0.0,-1.0,[]
15.0,cluster_123292029_3663224277_3663224278_5344542569_#1more_0_D1.1,0,0.0,-1.0,[]
15.0,cluster_123292029_3663224277_3663224278_5344542569_#1more_0_D2.0,0,0.0,-1.0,[]
15.0,cluster_123292029_3663224277_3663224278_5344542569_#1more_0_D2.1,0,0.0,-1.0,[]
15.0,cluster_123292029_3663224277_3663224278_5344542569_#1more_0_D2.2,0,0.0,-1.0,[]
15.0,cluster_123292029_3663224277_3663224278_5344542569_#1more_0_D3.0,0,0.0,-1.0,[]
15.0,cluster_123292029_3663224277_3663224278_5344542569_#1more_0_D3.1,0,0.0,-1.0,[]
15.0,cluster_123292031_3663224275_3663224276_3663662936_#1more_0_D0.0,0,0.0,-1.0,[]
15.0,cluster_123292031_3663224275_3663224276_3663662936_#1more_0_D0.1,0,0.0,-1.0,[]
15.0,cluster_123292031_3663224275_3663224276_3663662936_#1more_0_D1.0,0,0.0,-1.0,[]
15.0,cluster_123292031_3663224275_3663224276_3663662936_#1more_0_D2.0,0,0.0,-1.0,[]
15.0,cluster_123292031_3663224275_3663224276_3663662936_#1more_0_D2.1,0,0.0,-1.0,[]
15.0,cluster_123308403_3663827018_3663827019_3664674393_#1more_0_D0.0,0,0.0,-1.0,[]
15.0,cluster_123308403_3663827018_3663827019_3664674393_#1more_0_D0.1,0,0.0,-1.0,[]
15.0,cluster_123308403_3663827018_3663827019_3664674393_#1more_0_D1.0,0,0.0,-1.0,[]
15.0,cluster_123308403_3663827018_3663827019_3664674393_#1more_0_D1.1,0,0.0,-1.0,[]
15.0,cluster_123308403_3663827018_3663827019_3664674393_#1more_0_D1.2,0,0.0,-1.0,[]
15.0,cluster_123308403_3663827018_3663827019_3664674393_#1more_0_D1.3,0,0.0,-1.0,[]
15.0,cluster_123308403_3663827018_3663827019_3664674393_#1more_0_D2.0,0,0.0,-1.0,[]
15.0,cluster_123308403_3663827018_3663827019_3664674393_#1more_0_D2.1,0,0.0,-1.0,[]
15.0,cluster_123308403_3663827018_3663827019_3664674393_#1more_0_D2.2,0,0.0,-1.0,[]
15.0,cluster_3664723686_3698084157_3698084158_3698084159_#1more_0_D0.0,0,0.0,-1.0,[]
15.0,cluster_3664723686_3698084157_3698084158_3698084159_#1more_0_D0.1,0,0.0,-1.0,[]
15.0,cluster_3664723686_3698084157_3698084158_3698084159_#1more_0_D0.2,0,0.0,-1.0,[]
15.0,cluster_3664723686_3698084157_3698084158_3698084159_#1more_0_D1.0,0,0.0,-1.0,[]
15.0,cluster_3664723686_3698084157_3698084158_3698084159_#1more_0_D1.1,0,0.0,-1.0,[]
15.0,cluster_3664723686_3698084157_3698084158_3698084159_#1more_0_D1.2,0,0.0,-1.0,[]
15.0,joinedS_3663662947_3663662948_3698084160_3698084161_#1more_0_D0.0,0,0.0,-1.0,[]
15.0,joinedS_3663662947_3663662948_3698084160_3698084161_#1more_0_D0.1,0,0.0,-1.0,[]
15.0,joinedS_3663662947_3663662948_3698084160_3698084161_#1more_0_D0.2,0,0.0,-1.0,[]
15.0,joinedS_3663662947_3663662948_3698084160_3698084161_#1more_0_D0.3,0,0.0,-1.0,[]
15.0,joinedS_3663662947_3663662948_3698084160_3698084161_#1more_0_D1.0,0,0.0,-1.0,[]
15.0,joinedS_3663662947_3663662948_3698084160_3698084161_#1more_0_D1.1,0,0.0,-1.0,[]
15.0,joinedS_3663662947_3663662948_3698084160_3698084161_#1more_0_D1.2,0,0.0,-1.0,[]
15.0,joinedS_3663662947_3663662948_3698084160_3698084161_#1more_0_D1.3,0,0.0,-1.0,[]
15.0,joinedS_3663662947_3663662948_3698084160_3698084161_#1more_0_D2.0,0,0.0,-1.0,[]
15.0,joinedS_3663662947_3663662948_3698084160_3698084161_#1more_0_D2.1,0,0.0,-1.0,[]
15.0,joinedS_3663662947_3663662948_3698084160_3698084161_#1more_0_D2.2,0,0.0,-1.0,[]
15.0,joinedS_3663662947_3663662948_3698084160_3698084161_#1more_0_D2.3,1,100.0,-1.0,['veh5']
15.0,joinedS_3663662947_3663662948_3698084160_3698084161_#1more_0_D3.0,0,0.0,-1.0,[]
15.0,joinedS_3663662947_3663662948_3698084160_3698084161_#1more_0_D3.1,0,0.0,-1.0,[]
15.0,joinedS_3663662947_3663662948_3698084160_3698084161_#1more_0_D3.2,0,0.0,-1.0,[]
15.0,joinedS_3663662947_3663662948_3698084160_3698084161_#1more_0_D3.3,0,0.0,-1.0,[]
15.0,joinedS_3663662947_3663662948_3698084160_3698084161_#1more_0_D3.4,0,0.0,-1.0,[]
20.0,cluster_122855839_3663662942_3663662943_3663662944_#1more_0_D0.0,0,0.0,-1.0,[]
20.0,cluster_122855839_3663662942_3663662943_3663662944_#1more_0_D0.1,0,0.0,-1.0,[]
20.0,cluster_122855839_3663662942_3663662943_3663662944_#1more_0_D0.2,0,0.0,-1.0,[]
20.0,cluster_122855839_3663662942_3663662943_3663662944_#1more_0_D0.3,0,0.0,-1.0,[]
20.0,cluster_122855839_3663662942_3663662943_3663662944_#1more_0_D0.4,1,21.13678107551351,12.570530911606363,['veh3']
20.0,cluster_122855839_3663662942_3663662943_3663662944_#1more_0_D1.0,0,0.0,-1.0,[]
20.0,cluster_122855839_3663662942_3663662943_3663662944_#1more_0_D1.1,0,0.0,-1.0,[]
20.0,cluster_122855839_3663662942_3663662943_3663662944_#1more_0_D1.2,0,0.0,-1.0,[]
20.0,cluster_122855839_3663662942_3663662943_3663662944_#1more_0_D2.0,0,0.0,-1.0,[]
20.0,cluster_122855839_3663662942_3663662943_3663662944_#1more_0_D2.1,0,0.0,-1.0,[]
20.0,cluster_123241924_382443557_5344542568_5546892974_#3more_0_D0.0,0,0.0,-1.0,[]
20.0,cluster_123241924_382443557_5344542568_5546892974_#3more_0_D0.1,0,0.0,-1.0,[]
20.0,cluster_123241924_382443557_5344542568_5546892974_#3more_0_D0.2,0,0.0,-1.0,[]
20.0,cluster_123241924_382443557_5344542568_5546892974_#3more_0_D0.3,0,0.0,-1.0,[]
20.0,cluster_123241924_382443557_5344542568_5546892974_#3more_0_D0.4,0,0.0,-1.0,[]
20.0,cluster_123241924_382443557_5344542568_5546892974_#3more_0_D1.0,0,0.0,-1.0,[]
20.0,cluster_123241924_382443557_5344542568_5546892974_#3more_0_D2.0,0,0.0,-1.0,[]
20.0,cluster_123241924_382443557_5344542568_5546892974_#3more_0_D2.1,0,0.0,-1.0,[]
20.0,cluster_123241924_382443557_5344542568_5546892974_#3more_0_D2.2,0,0.0,-1.0,[]
20.0,cluster_123241924_382443557_5344542568_5546892974_#3more_0_D2.3,0,0.0,-1.0,[]
20.0,cluster_123241924_382443557_5344542568_5546892974_#3more_0_D2.4,0,0.0,-1.0,[]
20.0,cluster_123241924_382443557_5344542568_5546892974_#3more_0_D2.5,0,0.0,-1.0,[]
20.0,cluster_123241924_382443557_5344542568_5546892974_#3more_0_D3.0,0,0.0,-1.0,[]
20.0,cluster_123241924_382443557_5344542568_5546892974_#3more_0_D3.1,0,0.0,-1.0,[]
20.0,cluster_123241924_382443557_5344542568_5546892974_#3more_0_D3.2,0,0.0,-1.0,[]
20.0,cluster_123241924_382443557_5344542568_5546892974_#3more_0_D3.3,0,0.0,-1.0,[]
20.0,cluster_123241924_382443557_5344542568_5546892974_#3more_0_D3.4,0,0.0,-1.0,[]
20.0,cluster_123281084_3663662939_3664674395_3664674397_#1more_0_D0.0,0,0.0,-1.0,[]
20.0,cluster_123281084_3663662939_3664674395_3664674397_#1more_0_D0.1,0,0.0,-1.0,[]
20.0,cluster_123281084_3663662939_3664674395_3664674397_#1more_0_D0.2,0,0.0,-1.0,[]
20.0,cluster_123281084_3663662939_3664674395_3664674397_#1more_0_D0.3,0,0.0,-1.0,[]
20.0,cluster_123281084_3663662939_3664674395_3664674397_#1more_0_D0.4,0,0.0,-1.0,[]
20.0,cluster_123281084_3663662939_3664674395_3664674397_#1more_0_D1.0,0,0.0,-1.0,[]
20.0,cluster_123281084_3663662939_3664674395_3664674397_#1more_0_D1.1,0,0.0,-1.0,[]
20.0,cluster_123281084_3663662939_3664674395_3664674397_#1more_0_D2.0,0,0.0,-1.0,[]
20.0,cluster_123281084_3663662939_3664674395_3664674397_#1more_0_D2.1,0,0.0,-1.0,[]
20.0,cluster_123281085_12840608127_12840608130_12840608135_#1more_0_D0.0,0,0.0,-1.0,[]
20.0,cluster_123281085_12840608127_12840608130_12840608135_#1more_0_D1.0,0,0.0,-1.0,[]
20.0,cluster_123292026_3663224279_3663224280_3663662945_#1more_0_D0.0,0,0.0,-1.0,[]
20.0,cluster_123292026_3663224279_3663224280_3663662945_#1more_0_D0.1,0,0.0,-1.0,[]
20.0,cluster_123292026_3663224279_3663224280_3663662945_#1more_0_D1.0,0,0.0,-1.0,[]
20.0,cluster_123292026_3663224279_3663224280_3663662945_#1more_0_D1.1,0,0.0,-1.0,[]
20.0,cluster_123292026_3663224279_3663224280_3663662945_#1more_0_D1.2,0,0.0,-1.0,[]
20.0,cluster_123292026_3663224279_3663224280_3663662945_#1more_0_D1.3,0,0.0,-1.0,[]
20.0,cluster_123292026_3663224279_3663224280_3663662945_#1more_0_D2.0,0,0.0,-1.0,[]
20.0,cluster_123292026_3663224279_3663224280_3663662945_#1more_0_D2.1,0,0.0,-1.0,[]
20.0,cluster_123292029_3663224277_3663224278_5344542569_#1more_0_D0.0,0,0.0,-1.0,[]
20.0,cluster_123292029_3663224277_3663224278_5344542569_#1more_0_D0.1,0,0.0,-1.0,[]
20.0,cluster_123292029_3663224277_3663224278_5344542569_#1more_0_D0.2,0,0.0,-1.0,[]
20.0,cluster_123292029_3663224277_3663224278_5344542569_#1more_0_D1.0,0,0.0,-1.0,[]
20.0,cluster_123292029_3663224277_3663224278_5344542569_#1more_0_D1.1,0,0.0,-1.0,[]
20.0,cluster_123292029_3663224277_3663224278_5344542569_#1more_0_D2.0,0,0.0,-1.0,[]
20.0,cluster_123292029_3663224277_3663224278_5344542569_#1more_0_D2.1,0,0.0,-1.0,[]
20.0,cluster_123292029_3663224277_3663224278_5344542569_#1more_0_D2.2,0,0.0,-1.0,[]
20.0,cluster_123292029_3663224277_3663224278_5344542569_#1more_0_D3.0,0,0.0,-1.0,[]
20.0,cluster_123292029_3663224277_3663224278_5344542569_#1more_0_D3.1,0,0.0,-1.0,[]
20.0,cluster_123292031_3663224275_3663224276_3663662936_#1more_0_D0.0,0,0.0,-1.0,[]
20.0,cluster_123292031_3663224275_3663224276_3663662936_#1more_0_D0.1,0,0.0,-1.0,[]
20.0,cluster_123292031_3663224275_3663224276_3663662936_#1more_0_D1.0,0,0.0,-1.0,[]
20.0,cluster_123292031_3663224275_3663224276_3663662936_#1more_0_D2.0,0,0.0,-1.0,[]
20.0,cluster_123292031_3663224275_3663224276_3663662936_#1more_0_D2.1,1,0.947637033171489,10.197470395086896,['veh8']
20.0,cluster_123308403_3663827018_3663827019_3664674393_#1more_0_D0.0,0,0.0,-1.0,[]
20.0,cluster_123308403_3663827018_3663827019_3664674393_#1more_0_D0.1,0,0.0,-1.0,[]
20.0,cluster_123308403_3663827018_3663827019_3664674393_#1more_0_D1.0,0,0.0,-1.0,[]
20.0,cluster_123308403_3663827018_3663827019_3664674393_#1more_0_D1.1,0,0.0,-1.0,[]
20.0,cluster_123308403_3663827018_3663827019_3664674393_#1more_0_D1.2,0,0.0,-1.0,[]
20.0,cluster_123308403_3663827018_3663827019_3664674393_#1more_0_D1.3,0,0.0,-1.0,[]
20.0,cluster_123308403_3663827018_3663827019_3664674393_#1more_0_D2.0,0,0.0,-1.0,[]
20.0,cluster_123308403_3663827018_3663827019_3664674393_#1more_0_D2.1,0,0.0,-1.0,[]
20.0,cluster_123308403_3663827018_3663827019_3664674393_#1more_0_D2.2,0,0.0,-1.0,[]
20.0,cluster_3664723686_3698084157_3698084158_3698084159_#1more_0_D0.0,0,0.0,-1.0,[]
20.0,cluster_3664723686_3698084157_3698084158_3698084159_#1more_0_D0.1,0,0.0,-1.0,[]
20.0,cluster_3664723686_3698084157_3698084158_3698084159_#1more_0_D0.2,0,0.0,-1.0,[]
20.0,cluster_3664723686_3698084157_3698084158_3698084159_#1more_0_D1.0,0,0.0,-1.0,[]
20.0,cluster_3664723686_3698084157_3698084158_3698084159_#1more_0_D1.1,0,0.0,-1.0,[]
20.0,cluster_3664723686_3698084157_3698084158_3698084159_#1more_0_D1.2,0,0.0,-1.0,[]
20.0,joinedS_3663662947_3663662948_3698084160_3698084161_#1more_0_D0.0,0,0.0,-1.0,[]
20.0,joinedS_3663662947_3663662948_3698084160_3698084161_#1more_0_D0.1,0,0.0,-1.0,[]
20.0,joinedS_3663662947_3663662948_3698084160_3698084161_#1more_0_D0.2,1,74.3716101012982,5.7240744668641135,['veh5']
20.0,joinedS_3663662947_3663662948_3698084160_3698084161_#1more_0_D0.3,0,0.0,-1.0,[]
20.0,joinedS_3663662947_3663662948_3698084160_3698084161_#1more_0_D1.0,0,0.0,-1.0,[]
20.0,joinedS_3663662947_3663662948_3698084160_3698084161_#1more_0_D1.1,0,0.0,-1.0,[]
20.0,joinedS_3663662947_3663662948_3698084160_3698084161_#1more_0_D1.2,0,0.0,-1.0,[]
20.0,joinedS_3663662947_3663662948_3698084160_3698084161_#1more_0_D1.3,0,0.0,-1.0,[]
20.0,joinedS_3663662947_3663662948_3698084160_3698084161_#1more_0_D2.0,0,0.0,-1.0,[]
20.0,joinedS_3663662947_3663662948_3698084160_3698084161_#1more_0_D2.1,0,0.0,-1.0,[]
20.0,joinedS_3663662947_3663662948_3698084160_3698084161_#1more_0_D2.2,0,0.0,-1.0,[]
20.0,joinedS_3663662947_3663662948_3698084160_3698084161_#1more_0_D2.3,0,0.0,-1.0,[]
20.0,joinedS_3663662947_3663662948_3698084160_3698084161_#1more_0_D3.0,0,0.0,-1.0,[]
20.0,joinedS_3663662947_3663662948_3698084160_3698084161_#1more_0_D3.1,0,0.0,-1.0,[]
20.0,joinedS_3663662947_3663662948_3698084160_3698084161_#1more_0_D3.2,1,100.0,-1.0,['veh11']
20.0,joinedS_3663662947_3663662948_3698084160_3698084161_#1more_0_D3.3,0,0.0,-1.0,[]
20.0,joinedS_3663662947_3663662948_3698084160_3698084161_#1more_0_D3.4,0,0.0,-1.0,[]
25.0,cluster_122855839_3663662942_3663662943_3663662944_#1more_0_D0.0,0,0.0,-1.0,[]
25.0,cluster_122855839_3663662942_3663662943_3663662944_#1more_0_D0.1,0,0.0,-1.0,[]
25.0,cluster_122855839_3663662942_3663662943_3663662944_#1more_0_D0.2,0,0.0,-1.0,[]
25.0,cluster_122855839_3663662942_3663662943_3663662944_#1more_0_D0.3,0,0.0,-1.0,[]
25.0,cluster_122855839_3663662942_3663662943_3663662944_#1more_0_D0.4,0,0.0,-1.0,[]
25.0,cluster_122855839_3663662942_3663662943_3663662944_#1more_0_D1.0,0,0.0,-1.0,[]
25.0,cluster_122855839_3663662942_3663662943_3663662944_#1more_0_D1.1,0,0.0,-1.0,[]
25.0,cluster_122855839_3663662942_3663662943_3663662944_#1more_0_D1.2,0,0.0,-1.0,[]
25.0,cluster_122855839_3663662942_3663662943_3663662944_#1more_0_D2.0,0,0.0,-1.0,[]
25.0,cluster_122855839_3663662942_3663662943_3663662944_#1more_0_D2.1,0,0.0,-1.0,[]
25.0,cluster_123241924_382443557_5344542568_5546892974_#3more_0_D0.0,0,0.0,-1.0,[]
25.0,cluster_123241924_382443557_5344542568_5546892974_#3more_0_D0.1,0,0.0,-1.0,[]
25.0,cluster_123241924_382443557_5344542568_5546892974_#3more_0_D0.2,0,0.0,-1.0,[]
25.0,cluster_123241924_382443557_5344542568_5546892974_#3more_0_D0.3,0,0.0,-1.0,[]
25.0,cluster_123241924_382443557_5344542568_5546892974_#3more_0_D0.4,0,0.0,-1.0,[]
25.0,cluster_123241924_382443557_5344542568_5546892974_#3more_0_D1.0,0,0.0,-1.0,[]
25.0,cluster_123241924_382443557_5344542568_5546892974_#3more_0_D2.0,0,0.0,-1.0,[]
25.0,cluster_123241924_382443557_5344542568_5546892974_#3more_0_D2.1,0,0.0,-1.0,[]
25.0,cluster_123241924_382443557_5344542568_5546892974_#3more_0_D2.2,0,0.0,-1.0,[]
25.0,cluster_123241924_382443557_5344542568_5546892974_#3more_0_D2.3,0,0.0,-1.0,[]
25.0,cluster_123241924_382443557_5344542568_5546892974_#3more_0_D2.4,0,0.0,-1.0,[]
25.0,cluster_123241924_382443557_5344542568_5546892974_#3more_0_D2.5,0,0.0,-1.0,[]
25.0,cluster_123241924_382443557_5344542568_5546892974_#3more_0_D3.0,0,0.0,-1.0,[]
25.0,cluster_123241924_382443557_5344542568_5546892974_#3more_0_D3.1,0,0.0,-1.0,[]
25.0,cluster_123241924_382443557_5344542568_5546892974_#3more_0_D3.2,0,0.0,-1.0,[]
25.0,cluster_123241924_382443557_5344542568_5546892974_#3more_0_D3.3,0,0.0,-1.0,[]
25.0,cluster_123241924_382443557_5344542568_5546892974_#3more_0_D3.4,0,0.0,-1.0,[]
25.0,cluster_123281084_3663662939_3664674395_3664674397_#1more_0_D0.0,0,0.0,-1.0,[]
25.0,cluster_123281084_3663662939_3664674395_3664674397_#1more_0_D0.1,0,0.0,-1.0,[]
25.0,cluster_123281084_3663662939_3664674395_3664674397_#1more_0_D0.2,0,0.0,-1.0,[]
25.0,cluster_123281084_3663662939_3664674395_3664674397_#1more_0_D0.3,0,0.0,-1.0,[]
25.0,cluster_123281084_3663662939_3664674395_3664674397_#1more_0_D0.4,0,0.0,-1.0,[]
25.0,cluster_123281084_3663662939_3664674395_3664674397_#1more_0_D1.0,0,0.0,-1.0,[]
25.0,cluster_123281084_3663662939_3664674395_3664674397_#1more_0_D1.1,0,0.0,-1.0,[]
25.0,cluster_123281084_3663662939_3664674395_3664674397_#1more_0_D2.0,0,0.0,-1.0,[]
25.0,cluster_123281084_3663662939_3664674395_3664674397_#1more_0_D2.1,0,0.0,-1.0,[]
25.0,cluster_123281085_12840608127_12840608130_12840608135_#1more_0_D0.0,0,0.0,-1.0,[]
25.0,cluster_123281085_12840608127_12840608130_12840608135_#1more_0_D1.0,0,0.0,-1.0,[]
25.0,cluster_123292026_3663224279_3663224280_3663662945_#1more_0_D0.0,0,0.0,-1.0,[]
25.0,cluster_123292026_3663224279_3663224280_3663662945_#1more_0_D0.1,0,0.0,-1.0,[]
25.0,cluster_123292026_3663224279_3663224280_3663662945_#1more_0_D1.0,0,0.0,-1.0,[]
25.0,cluster_123292026_3663224279_3663224280_3663662945_#1more_0_D1.1,0,0.0,-1.0,[]
25.0,cluster_123292026_3663224279_3663224280_3663662945_#1more_0_D1.2,1,37.988151670706216,13.161998623522521,['veh9']
25.0,cluster_123292026_3663224279_3663224280_3663662945_#1more_0_D1.3,0,0.0,-1.0,[]
25.0,cluster_123292026_3663224279_3663224280_3663662945_#1more_0_D2.0,0,0.0,-1.0,[]
25.0,cluster_123292026_3663224279_3663224280_3663662945_#1more_0_D2.1,0,0.0,-1.0,[]
25.0,cluster_123292029_3663224277_3663224278_5344542569_#1more_0_D0.0,0,0.0,-1.0,[]
25.0,cluster_123292029_3663224277_3663224278_5344542569_#1more_0_D0.1,0,0.0,-1.0,[]
25.0,cluster_123292029_3663224277_3663224278_5344542569_#1more_0_D0.2,0,0.0,-1.0,[]
25.0,cluster_123292029_3663224277_3663224278_5344542569_#1more_0_D1.0,0,0.0,-1.0,[]
25.0,cluster_123292029_3663224277_3663224278_5344542569_#1more_0_D1.1,0,0.0,-1.0,[]
25.0,cluster_123292029_3663224277_3663224278_5344542569_#1more_0_D2.0,0,0.0,-1.0,[]
25.0,cluster_123292029_3663224277_3663224278_5344542569_#1more_0_D2.1,0,0.0,-1.0,[]
25.0,cluster_123292029_3663224277_3663224278_5344542569_#1more_0_D2.2,0,0.0,-1.0,[]
25.0,cluster_123292029_3663224277_3663224278_5344542569_#1more_0_D3.0,0,0.0,-1.0,[]
25.0,cluster_123292029_3663224277_3663224278_5344542569_#1more_0_D3.1,0,0.0,-1.0,[]
25.0,cluster_123292031_3663224275_3663224276_3663662936_#1more_0_D0.0,0,0.0,-1.0,[]
25.0,cluster_123292031_3663224275_3663224276_3663662936_#1more_0_D0.1,0,0.0,-1.0,[]
25.0,cluster_123292031_3663224275_3663224276_3663662936_#1more_0_D1.0,0,0.0,-1.0,[]
25.0,cluster_123292031_3663224275_3663224276_3663662936_#1more_0_D2.0,0,0.0,-1.0,[]
25.0,cluster_123292031_3663224275_3663224276_3663662936_#1more_0_D2.1,0,0.0,-1.0,[]
25.0,cluster_123308403_3663827018_3663827019_3664674393_#1more_0_D0.0,0,0.0,-1.0,[]
25.0,cluster_123308403_3663827018_3663827019_3664674393_#1more_0_D0.1,0,0.0,-1.0,[]
25.0,cluster_123308403_3663827018_3663827019_3664674393_#1more_0_D1.0,0,0.0,-1.0,[]
25.0,cluster_123308403_3663827018_3663827019_3664674393_#1more_0_D1.1,0,0.0,-1.0,[]
25.0,cluster_123308403_3663827018_3663827019_3664674393_#1more_0_D1.2,0,0.0,-1.0,[]
25.0,cluster_123308403_3663827018_3663827019_3664674393_#1more_0_D1.3,0,0.0,-1.0,[]
25.0,cluster_123308403_3663827018_3663827019_3664674393_#1more_0_D2.0,0,0.0,-1.0,[]
25.0,cluster_123308403_3663827018_3663827019_3664674393_#1more_0_D2.1,0,0.0,-1.0,[]
25.0,cluster_123308403_3663827018_3663827019_3664674393_#1more_0_D2.2,0,0.0,-1.0,[]
25.0,cluster_3664723686_3698084157_3698084158_3698084159_#1more_0_D0.0,0,0.0,-1.0,[]
25.0,cluster_3664723686_3698084157_3698084158_3698084159_#1more_0_D0.1,0,0.0,-1.0,[]
25.0,cluster_3664723686_3698084157_3698084158_3698084159_#1more_0_D0.2,0,0.0,-1.0,[]
25.0,cluster_3664723686_3698084157_3698084158_3698084159_#1more_0_D1.0,0,0.0,-1.0,[]
25.0,cluster_3664723686_3698084157_3698084158_3698084159_#1more_0_D1.1,0,0.0,-1.0,[]
25.0,cluster_3664723686_3698084157_3698084158_3698084159_#1more_0_D1.2,0,0.0,-1.0,[]
25.0,joinedS_3663662947_3663662948_3698084160_3698084161_#1more_0_D0.0,0,0.0,-1.0,[]
25.0,joinedS_3663662947_3663662948_3698084160_3698084161_#1more_0_D0.1,0,0.0,-1.0,[]
25.0,joinedS_3663662947_3663662948_3698084160_3698084161_#1more_0_D0.2,0,0.0,-1.0,[]
25.0,joinedS_3663662947_3663662948_3698084160_3698084161_#1more_0_D0.3,0,0.0,-1.0,[]
25.0,joinedS_3663662947_3663662948_3698084160_3698084161_#1more_0_D1.0,0,0.0,-1.0,[]
25.0,joinedS_3663662947_3663662948_3698084160_3698084161_#1more_0_D1.1,0,0.0,-1.0,[]
25.0,joinedS_3663662947_3663662948_3698084160_3698084161_#1more_0_D1.2,0,0.0,-1.0,[]
25.0,joinedS_3663662947_3663662948_3698084160_3698084161_#1more_0_D1.3,0,0.0,-1.0,[]
25.0,joinedS_3663662947_3663662948_3698084160_3698084161_#1more_0_D2.0,0,0.0,-1.0,[]
25.0,joinedS_3663662947_3663662948_3698084160_3698084161_#1more_0_D2.1,0,0.0,-1.0,[]
25.0,joinedS_3663662947_3663662948_3698084160_3698084161_#1more_0_D2.2,0,0.0,-1.0,[]
25.0,joinedS_3663662947_3663662948_3698084160_3698084161_#1more_0_D2.3,0,0.0,-1.0,[]
25.0,joinedS_3663662947_3663662948_3698084160_3698084161_#1more_0_D3.0,1,100.0,-1.0,['veh14']
25.0,joinedS_3663662947_3663662948_3698084160_3698084161_#1more_0_D3.1,1,100.0,0.0,['veh11']
25.0,joinedS_3663662947_3663662948_3698084160_3698084161_#1more_0_D3.2,1,0.0,-1.0,['veh11']
25.0,joinedS_3663662947_3663662948_3698084160_3698084161_#1more_0_D3.3,0,0.0,-1.0,[]
25.0,joinedS_3663662947_3663662948_3698084160_3698084161_#1more_0_D3.4,0,0.0,-1.0,[]
30.0,cluster_122855839_3663662942_3663662943_3663662944_#1more_0_D0.0,0,0.0,-1.0,[]
30.0,cluster_122855839_3663662942_3663662943_3663662944_#1more_0_D0.1,0,0.0,-1.0,[]
30.0,cluster_122855839_3663662942_3663662943_3663662944_#1more_0_D0.2,0,0.0,-1.0,[]
30.0,cluster_122855839_3663662942_3663662943_3663662944_#1more_0_D0.3,0,0.0,-1.0,[]
30.0,cluster_122855839_3663662942_3663662943_3663662944_#1more_0_D0.4,0,0.0,-1.0,[]
30.0,cluster_122855839_3663662942_3663662943_3663662944_#1more_0_D1.0,0,0.0,-1.0,[]
30.0,cluster_122855839_3663662942_3663662943_3663662944_#1more_0_D1.1,0,0.0,-1.0,[]
30.0,cluster_122855839_3663662942_3663662943_3663662944_#1more_0_D1.2,0,0.0,-1.0,[]
30.0,cluster_122855839_3663662942_3663662943_3663662944_#1more_0_D2.0,0,0.0,-1.0,[]
30.0,cluster_122855839_3663662942_3663662943_3663662944_#1more_0_D2.1,0,0.0,-1.0,[]
30.0,cluster_123241924_382443557_5344542568_5546892974_#3more_0_D0.0,0,0.0,-1.0,[]
30.0,cluster_123241924_382443557_5344542568_5546892974_#3more_0_D0.1,0,0.0,-1.0,[]
30.0,cluster_123241924_382443557_5344542568_5546892974_#3more_0_D0.2,0,0.0,-1.0,[]
30.0,cluster_123241924_382443557_5344542568_5546892974_#3more_0_D0.3,0,0.0,-1.0,[]
30.0,cluster_123241924_382443557_5344542568_5546892974_#3more_0_D0.4,0,0.0,-1.0,[]
30.0,cluster_123241924_382443557_5344542568_5546892974_#3more_0_D1.0,0,0.0,-1.0,[]
30.0,cluster_123241924_382443557_5344542568_5546892974_#3more_0_D2.0,0,0.0,-1.0,[]
30.0,cluster_123241924_382443557_5344542568_5546892974_#3more_0_D2.1,0,0.0,-1.0,[]
30.0,cluster_123241924_382443557_5344542568_5546892974_#3more_0_D2.2,0,0.0,-1.0,[]
30.0,cluster_123241924_382443557_5344542568_5546892974_#3more_0_D2.3,0,0.0,-1.0,[]
30.0,cluster_123241924_382443557_5344542568_5546892974_#3more_0_D2.4,0,0.0,-1.0,[]
30.0,cluster_123241924_382443557_5344542568_5546892974_#3more_0_D2.5,0,0.0,-1.0,[]
30.0,cluster_123241924_382443557_5344542568_5546892974_#3more_0_D3.0,0,0.0,-1.0,[]
30.0,cluster_123241924_382443557_5344542568_5546892974_#3more_0_D3.1,0,0.0,-1.0,[]
30.0,cluster_123241924_382443557_5344542568_5546892974_#3more_0_D3.2,0,0.0,-1.0,[]
30.0,cluster_123241924_382443557_5344542568_5546892974_#3more_0_D3.3,0,0.0,-1.0,[]
30.0,cluster_123241924_382443557_5344542568_5546892974_#3more_0_D3.4,0,0.0,-1.0,[]
30.0,cluster_123281084_3663662939_3664674395_3664674397_#1more_0_D0.0,0,0.0,-1.0,[]
30.0,cluster_123281084_3663662939_3664674395_3664674397_#1more_0_D0.1,0,0.0,-1.0,[]
30.0,cluster_123281084_3663662939_3664674395_3664674397_#1more_0_D0.2,0,0.0,-1.0,[]
30.0,cluster_123281084_3663662939_3664674395_3664674397_#1more_0_D0.3,0,0.0,-1.0,[]
30.0,cluster_123281084_3663662939_3664674395_3664674397_#1more_0_D0.4,0,0.0,-1.0,[]
30.0,cluster_123281084_3663662939_3664674395_3664674397_#1more_0_D1.0,1,0.0,-1.0,['bus0']
30.0,cluster_123281084_3663662939_3664674395_3664674397_#1more_0_D1.1,0,0.0,-1.0,[]
30.0,cluster_123281084_3663662939_3664674395_3664674397_#1more_0_D2.0,0,0.0,-1.0,[]
30.0,cluster_123281084_3663662939_3664674395_3664674397_#1more_0_D2.1,0,0.0,-1.0,[]
30.0,cluster_123281085_12840608127_12840608130_12840608135_#1more_0_D0.0,0,0.0,-1.0,[]
30.0,cluster_123281085_12840608127_12840608130_12840608135_#1more_0_D1.0,0,0.0,-1.0,[]
30.0,cluster_123292026_3663224279_3663224280_3663662945_#1more_0_D0.0,0,0.0,-1.0,[]
30.0,cluster_123292026_3663224279_3663224280_3663662945_#1more_0_D0.1,0,0.0,-1.0,[]
30.0,cluster_123292026_3663224279_3663224280_3663662945_#1more_0_D1.0,0,0.0,-1.0,[]
30.0,cluster_123292026_3663224279_3663224280_3663662945_#1more_0_D1.1,0,0.0,-1.0,[]
30.0,cluster_123292026_3663224279_3663224280_3663662945_#1more_0_D1.2,0,0.0,-1.0,[]
30.0,cluster_123292026_3663224279_3663224280_3663662945_#1more_0_D1.3,0,0.0,-1.0,[]
30.0,cluster_123292026_3663224279_3663224280_3663662945_#1more_0_D2.0,0,0.0,-1.0,[]
30.0,cluster_123292026_3663224279_3663224280_3663662945_#1more_0_D2.1,0,0.0,-1.0,[]
30.0,cluster_123292029_3663224277_3663224278_5344542569_#1more_0_D0.0,0,0.0,-1.0,[]
30.0,cluster_123292029_3663224277_3663224278_5344542569_#1more_0_D0.1,0,0.0,-1.0,[]
30.0,cluster_123292029_3663224277_3663224278_5344542569_#1more_0_D0.2,0,0.0,-1.0,[]
30.0,cluster_123292029_3663224277_3663224278_5344542569_#1more_0_D1.0,0,0.0,-1.0,[]
30.0,cluster_123292029_3663224277_3663224278_5344542569_#1more_0_D1.1,0,0.0,-1.0,[]
30.0,cluster_123292029_3663224277_3663224278_5344542569_#1more_0_D2.0,0,0.0,-1.0,[]
30.0,cluster_123292029_3663224277_3663224278_5344542569_#1more_0_D2.1,0,0.0,-1.0,[]
30.0,cluster_123292029_3663224277_3663224278_5344542569_#1more_0_D2.2,0,0.0,-1.0,[]
30.0,cluster_123292029_3663224277_3663224278_5344542569_#1more_0_D3.0,0,0.0,-1.0,[]
30.0,cluster_123292029_3663224277_3663224278_5344542569_#1more_0_D3.1,0,0.0,-1.0,[]
30.0,cluster_123292031_3663224275_3663224276_3663662936_#1more_0_D0.0,0,0.0,-1.0,[]
30.0,cluster_123292031_3663224275_3663224276_3663662936_#1more_0_D0.1,0,0.0,-1.0,[]
30.0,cluster_123292031_3663224275_3663224276_3663662936_#1more_0_D1.0,1,26.470895421492813,13.049302917536192,['veh10']
30.0,cluster_123292031_3663224275_3663224276_3663662936_#1more_0_D2.0,0,0.0,-1.0,[]
30.0,cluster_123292031_3663224275_3663224276_3663662936_#1more_0_D2.1,0,0.0,-1.0,[]
30.0,cluster_123308403_3663827018_3663827019_3664674393_#1more_0_D0.0,0,0.0,-1.0,[]
30.0,cluster_123308403_3663827018_3663827019_3664674393_#1more_0_D0.1,0,0.0,-1.0,[]
30.0,cluster_123308403_3663827018_3663827019_3664674393_#1more_0_D1.0,0,0.0,-1.0,[]
30.0,cluster_123308403_3663827018_3663827019_3664674393_#1more_0_D1.1,0,0.0,-1.0,[]
30.0,cluster_123308403_3663827018_3663827019_3664674393_#1more_0_D1.2,0,0.0,-1.0,[]
30.0,cluster_123308403_3663827018_3663827019_3664674393_#1more_0_D1.3,0,0.0,-1.0,[]
30.0,cluster_123308403_3663827018_3663827019_3664674393_#1more_0_D2.0,0,0.0,-1.0,[]
30.0,cluster_123308403_3663827018_3663827019_3664674393_#1more_0_D2.1,0,0.0,-1.0,[]
30.0,cluster_123308403_3663827018_3663827019_3664674393_#1more_0_D2.2,0,0.0,-1.0,[]
30.0,cluster_3664723686_3698084157_3698084158_3698084159_#1more_0_D0.0,0,0.0,-1.0,[]
30.0,cluster_3664723686_3698084157_3698084158_3698084159_#1more_0_D0.1,0,0.0,-1.0,[]
30.0,cluster_3664723686_3698084157_3698084158_3698084159_#1more_0_D0.2,0,0.0,-1.0,[]
30.0,cluster_3664723686_3698084157_3698084158_3698084159_#1more_0_D1.0,0,0.0,-1.0,[]
30.0,cluster_3664723686_3698084157_3698084158_3698084159_#1more_0_D1.1,0,0.0,-1.0,[]
30.0,cluster_3664723686_3698084157_3698084158_3698084159_#1more_0_D1.2,0,0.0,-1.0,[]
30.0,joinedS_3663662947_3663662948_3698084160_3698084161_#1more_0_D0.0,0,0.0,-1.0,[]
30.0,joinedS_3663662947_3663662948_3698084160_3698084161_#1more_0_D0.1,0,0.0,-1.0,[]
30.0,joinedS_3663662947_3663662948_3698084160_3698084161_#1more_0_D0.2,0,0.0,-1.0,[]
30.0,joinedS_3663662947_3663662948_3698084160_3698084161_#1more_0_D0.3,0,0.0,-1.0,[]
30.0,joinedS_3663662947_3663662948_3698084160_3698084161_#1more_0_D1.0,0,0.0,-1.0,[]
30.0,joinedS_3663662947_3663662948_3698084160_3698084161_#1more_0_D1.1,0,0.0,-1.0,[]
30.0,joinedS_3663662947_3663662948_3698084160_3698084161_#1more_0_D1.2,0,0.0,-1.0,[]
30.0,joinedS_3663662947_3663662948_3698084160_3698084161_#1more_0_D1.3,0,0.0,-1.0,[]
30.0,joinedS_3663662947_3663662948_3698084160_3698084161_#1more_0_D2.0,0,0.0,-1.0,[]
30.0,joinedS_3663662947_3663662948_3698084160_3698084161_#1more_0_D2.1,0,0.0,-1.0,[]
30.0,joinedS_3663662947_3663662948_3698084160_3698084161_#1more_0_D2.2,0,0.0,-1.0,[]
30.0,joinedS_3663662947_3663662948_3698084160_3698084161_#1more_0_D2.3,0,0.0,-1.0,[]
30.0,joinedS_3663662947_3663662948_3698084160_3698084161_#1more_0_D3.0,1,100.0,-1.0,['veh14']
30.0,joinedS_3663662947_3663662948_3698084160_3698084161_#1more_0_D3.1,1,100.0,-1.0,['veh11']
30.0,joinedS_3663662947_3663662948_3698084160_3698084161_#1more_0_D3.2,0,0.0,-1.0,[]
30.0,joinedS_3663662947_3663662948_3698084160_3698084161_#1more_0_D3.3,0,0.0,-1.0,[]
30.0,joinedS_3663662947_3663662948_3698084160_3698084161_#1more_0_D3.4,0,0.0,-1.0,[]
35.0,cluster_122855839_3663662942_3663662943_3663662944_#1more_0_D0.0,0,0.0,-1.0,[]
35.0,cluster_122855839_3663662942_3663662943_3663662944_#1more_0_D0.1,1,43.6039988829684,9.202305349782145,['veh12']
35.0,cluster_122855839_3663662942_3663662943_3663662944_#1more_0_D0.2,0,0.0,-1.0,[]
35.0,cluster_122855839_3663662942_3663662943_3663662944_#1more_0_D0.3,0,0.0,-1.0,[]
35.0,cluster_122855839_3663662942_3663662943_3663662944_#1more_0_D0.4,0,0.0,-1.0,[]
35.0,cluster_122855839_3663662942_3663662943_3663662944_#1more_0_D1.0,0,0.0,-1.0,[]
35.0,cluster_122855839_3663662942_3663662943_3663662944_#1more_0_D1.1,0,0.0,-1.0,[]
35.0,cluster_122855839_3663662942_3663662943_3663662944_#1more_0_D1.2,0,0.0,-1.0,[]
35.0,cluster_122855839_3663662942_3663662943_3663662944_#1more_0_D2.0,0,0.0,-1.0,[]
35.0,cluster_122855839_3663662942_3663662943_3663662944_#1more_0_D2.1,0,0.0,-1.0,[]
35.0,cluster_123241924_382443557_5344542568_5546892974_#3more_0_D0.0,0,0.0,-1.0,[]
35.0,cluster_123241924_382443557_5344542568_5546892974_#3more_0_D0.1,0,0.0,-1.0,[]
35.0,cluster_123241924_382443557_5344542568_5546892974_#3more_0_D0.2,0,0.0,-1.0,[]
35.0,cluster_123241924_382443557_5344542568_5546892974_#3more_0_D0.3,0,0.0,-1.0,[]
35.0,cluster_123241924_382443557_5344542568_5546892974_#3more_0_D0.4,0,0.0,-1.0,[]
35.0,cluster_123241924_382443557_5344542568_5546892974_#3more_0_D1.0,0,0.0,-1.0,[]
35.0,cluster_123241924_382443557_5344542568_5546892974_#3more_0_D2.0,0,0.0,-1.0,[]
35.0,cluster_123241924_382443557_5344542568_5546892974_#3more_0_D2.1,0,0.0,-1.0,[]
35.0,cluster_123241924_382443557_5344542568_5546892974_#3more_0_D2.2,0,0.0,-1.0,[]
35.0,cluster_123241924_382443557_5344542568_5546892974_#3more_0_D2.3,0,0.0,-1.0,[]
35.0,cluster_123241924_382443557_5344542568_5546892974_#3more_0_D2.4,0,0.0,-1.0,[]
35.0,cluster_123241924_382443557_5344542568_5546892974_#3more_0_D2.5,0,0.0,-1.0,[]
35.0,cluster_123241924_382443557_5344542568_5546892974_#3more_0_D3.0,0,0.0,-1.0,[]
35.0,cluster_123241924_382443557_5344542568_5546892974_#3more_0_D3.1,0,0.0,-1.0,[]
35.0,cluster_123241924_382443557_5344542568_5546892974_#3more_0_D3.2,0,0.0,-1.0,[]
35.0,cluster_123241924_382443557_5344542568_5546892974_#3more_0_D3.3,0,0.0,-1.0,[]
35.0,cluster_123241924_382443557_5344542568_5546892974_#3more_0_D3.4,0,0.0,-1.0,[]
35.0,cluster_123281084_3663662939_3664674395_3664674397_#1more_0_D0.0,0,0.0,-1.0,[]
35.0,cluster_123281084_3663662939_3664674395_3664674397_#1more_0_D0.1,0,0.0,-1.0,[]
35.0,cluster_123281084_3663662939_3664674395_3664674397_#1more_0_D0.2,0,0.0,-1.0,[]
35.0,cluster_123281084_3663662939_3664674395_3664674397_#1more_0_D0.3,0,0.0,-1.0,[]
35.0,cluster_123281084_3663662939_3664674395_3664674397_#1more_0_D0.4,0,0.0,-1.0,[]
35.0,cluster_123281084_3663662939_3664674395_3664674397_#1more_0_D1.0,0,0.0,-1.0,[]
35.0,cluster_123281084_3663662939_3664674395_3664674397_#1more_0_D1.1,0,0.0,-1.0,[]
35.0,cluster_123281084_3663662939_3664674395_3664674397_#1more_0_D2.0,0,0.0,-1.0,[]
35.0,cluster_123281084_3663662939_3664674395_3664674397_#1more_0_D2.1,0,0.0,-1.0,[]
35.0,cluster_123281085_12840608127_12840608130_12840608135_#1more_0_D0.0,0,0.0,-1.0,[]
35.0,cluster_123281085_12840608127_12840608130_12840608135_#1more_0_D1.0,0,0.0,-1.0,[]
35.0,cluster_123292026_3663224279_3663224280_3663662945_#1more_0_D0.0,0,0.0,-1.0,[]
35.0,cluster_123292026_3663224279_3663224280_3663662945_#1more_0_D0.1,0,0.0,-1.0,[]
35.0,cluster_123292026_3663224279_3663224280_3663662945_#1more_0_D1.0,0,0.0,-1.0,[]
35.0,cluster_123292026_3663224279_3663224280_3663662945_#1more_0_D1.1,0,0.0,-1.0,[]
35.0,cluster_123292026_3663224279_3663224280_3663662945_#1more_0_D1.2,0,0.0,-1.0,[]
35.0,cluster_123292026_3663224279_3663224280_3663662945_#1more_0_D1.3,0,0.0,-1.0,[]
35.0,cluster_123292026_3663224279_3663224280_3663662945_#1more_0_D2.0,0,0.0,-1.0,[]
35.0,cluster_123292026_3663224279_3663224280_3663662945_#1more_0_D2.1,0,0.0,-1.0,[]
35.0,cluster_123292029_3663224277_3663224278_5344542569_#1more_0_D0.0,0,0.0,-1.0,[]
35.0,cluster_123292029_3663224277_3663224278_5344542569_#1more_0_D0.1,0,0.0,-1.0,[]
35.0,cluster_123292029_3663224277_3663224278_5344542569_#1more_0_D0.2,0,0.0,-1.0,[]
35.0,cluster_123292029_3663224277_3663224278_5344542569_#1more_0_D1.0,0,0.0,-1.0,[]
35.0,cluster_123292029_3663224277_3663224278_5344542569_#1more_0_D1.1,0,0.0,-1.0,[]
35.0,cluster_123292029_3663224277_3663224278_5344542569_#1more_0_D2.0,0,0.0,-1.0,[]
35.0,cluster_123292029_3663224277_3663224278_5344542569_#1more_0_D2.1,0,0.0,-1.0,[]
35.0,cluster_123292029_3663224277_3663224278_5344542569_#1more_0_D2.2,0,0.0,-1.0,[]
35.0,cluster_123292029_3663224277_3663224278_5344542569_#1more_0_D3.0,0,0.0,-1.0,[]
35.0,cluster_123292029_3663224277_3663224278_5344542569_#1more_0_D3.1,0,0.0,-1.0,[]
35.0,cluster_123292031_3663224275_3663224276_3663662936_#1more_0_D0.0,0,0.0,-1.0,[]
35.0,cluster_123292031_3663224275_3663224276_3663662936_#1more_0_D0.1,0,0.0,-1.0,[]
35.0,cluster_123292031_3663224275_3663224276_3663662936_#1more_0_D1.0,0,0.0,-1.0,[]
35.0,cluster_123292031_3663224275_3663224276_3663662936_#1more_0_D2.0,0,0.0,-1.0,[]
35.0,cluster_123292031_3663224275_3663224276_3663662936_#1more_0_D2.1,0,0.0,-1.0,[]
35.0,cluster_123308403_3663827018_3663827019_3664674393_#1more_0_D0.0,0,0.0,-1.0,[]
35.0,cluster_123308403_3663827018_3663827019_3664674393_#1more_0_D0.1,0,0.0,-1.0,[]
35.0,cluster_123308403_3663827018_3663827019_3664674393_#1more_0_D1.0,0,0.0,-1.0,[]
35.0,cluster_123308403_3663827018_3663827019_3664674393_#1more_0_D1.1,0,0.0,-1.0,[]
35.0,cluster_123308403_3663827018_3663827019_3664674393_#1more_0_D1.2,0,0.0,-1.0,[]
35.0,cluster_123308403_3663827018_3663827019_3664674393_#1more_0_D1.3,0,0.0,-1.0,[]
35.0,cluster_123308403_3663827018_3663827019_3664674393_#1more_0_D2.0,0,0.0,-1.0,[]
35.0,cluster_123308403_3663827018_3663827019_3664674393_#1more_0_D2.1,0,0.0,-1.0,[]
35.0,cluster_123308403_3663827018_3663827019_3664674393_#1more_0_D2.2,0,0.0,-1.0,[]
35.0,cluster_3664723686_3698084157_3698084158_3698084159_#1more_0_D0.0,0,0.0,-1.0,[]
35.0,cluster_3664723686_3698084157_3698084158_3698084159_#1more_0_D0.1,0,0.0,-1.0,[]
35.0,cluster_3664723686_3698084157_3698084158_3698084159_#1more_0_D0.2,0,0.0,-1.0,[]
35.0,cluster_3664723686_3698084157_3698084158_3698084159_#1more_0_D1.0,0,0.0,-1.0,[]
35.0,cluster_3664723686_3698084157_3698084158_3698084159_#1more_0_D1.1,0,0.0,-1.0,[]
35.0,cluster_3664723686_3698084157_3698084158_3698084159_#1more_0_D1.2,0,0.0,-1.0,[]
35.0,joinedS_3663662947_3663662948_3698084160_3698084161_#1more_0_D0.0,0,0.0,-1.0,[]
35.0,joinedS_3663662947_3663662948_3698084160_3698084161_#1more_0_D0.1,0,0.0,-1.0,[]
35.0,joinedS_3663662947_3663662948_3698084160_3698084161_#1more_0_D0.2,0,0.0,-1.0,[]
35.0,joinedS_3663662947_3663662948_3698084160_3698084161_#1more_0_D0.3,0,0.0,-1.0,[]
35.0,joinedS_3663662947_3663662948_3698084160_3698084161_#1more_0_D1.0,0,0.0,-1.0,[]
35.0,joinedS_3663662947_3663662948_3698084160_3698084161_#1more_0_D1.1,0,0.0,-1.0,[]
35.0,joinedS_3663662947_3663662948_3698084160_3698084161_#1more_0_D1.2,0,0.0,-1.0,[]
35.0,joinedS_3663662947_3663662948_3698084160_3698084161_#1more_0_D1.3,0,0.0,-1.0,[]
35.0,joinedS_3663662947_3663662948_3698084160_3698084161_#1more_0_D2.0,0,0.0,-1.0,[]
35.0,joinedS_3663662947_3663662948_3698084160_3698084161_#1more_0_D2.1,1,100.0,0.0,['veh21']
35.0,joinedS_3663662947_3663662948_3698084160_3698084161_#1more_0_D2.2,0,0.0,-1.0,[]
35.0,joinedS_3663662947_3663662948_3698084160_3698084161_#1more_0_D2.3,1,100.0,-1.0,['veh20']
35.0,joinedS_3663662947_3663662948_3698084160_3698084161_#1more_0_D3.0,1,100.0,-1.0,['veh14']
35.0,joinedS_3663662947_3663662948_3698084160_3698084161_#1more_0_D3.1,1,100.0,-1.0,['veh11']
35.0,joinedS_3663662947_3663662948_3698084160_3698084161_#1more_0_D3.2,0,0.0,-1.0,[]
35.0,joinedS_3663662947_3663662948_3698084160_3698084161_#1more_0_D3.3,0,0.0,-1.0,[]
35.0,joinedS_3663662947_3663662948_3698084160_3698084161_#1more_0_D3.4,0,0.0,-1.0,[]
40.0,cluster_122855839_3663662942_3663662943_3663662944_#1more_0_D0.0,0,0.0,-1.0,[]
40.0,cluster_122855839_3663662942_3663662943_3663662944_#1more_0_D0.1,0,0.0,-1.0,[]
40.0,cluster_122855839_3663662942_3663662943_3663662944_#1more_0_D0.2,0,0.0,-1.0,[]
40.0,cluster_122855839_3663662942_3663662943_3663662944_#1more_0_D0.3,0,0.0,-1.0,[]
40.0,cluster_122855839_3663662942_3663662943_3663662944_#1more_0_D0.4,0,0.0,-1.0,[]
40.0,cluster_122855839_3663662942_3663662943_3663662944_#1more_0_D1.0,0,0.0,-1.0,[]
40.0,cluster_122855839_3663662942_3663662943_3663662944_#1more_0_D1.1,0,0.0,-1.0,[]
40.0,cluster_122855839_3663662942_3663662943_3663662944_#1more_0_D1.2,0,0.0,-1.0,[]
40.0,cluster_122855839_3663662942_3663662943_3663662944_#1more_0_D2.0,0,0.0,-1.0,[]
40.0,cluster_122855839_3663662942_3663662943_3663662944_#1more_0_D2.1,0,0.0,-1.0,[]
40.0,cluster_123241924_382443557_5344542568_5546892974_#3more_0_D0.0,0,0.0,-1.0,[]
40.0,cluster_123241924_382443557_5344542568_5546892974_#3more_0_D0.1,0,0.0,-1.0,[]
40.0,cluster_123241924_382443557_5344542568_5546892974_#3more_0_D0.2,0,0.0,-1.0,[]
40.0,cluster_123241924_382443557_5344542568_5546892974_#3more_0_D0.3,0,0.0,-1.0,[]
40.0,cluster_123241924_382443557_5344542568_5546892974_#3more_0_D0.4,0,0.0,-1.0,[]
40.0,cluster_123241924_382443557_5344542568_5546892974_#3more_0_D1.0,0,0.0,-1.0,[]
40.0,cluster_123241924_382443557_5344542568_5546892974_#3more_0_D2.0,0,0.0,-1.0,[]
40.0,cluster_123241924_382443557_5344542568_5546892974_#3more_0_D2.1,0,0.0,-1.0,[]
40.0,cluster_123241924_382443557_5344542568_5546892974_#3more_0_D2.2,0,0.0,-1.0,[]
40.0,cluster_123241924_382443557_5344542568_5546892974_#3more_0_D2.3,0,0.0,-1.0,[]
40.0,cluster_123241924_382443557_5344542568_5546892974_#3more_0_D2.4,0,0.0,-1.0,[]
40.0,cluster_123241924_382443557_5344542568_5546892974_#3more_0_D2.5,0,0.0,-1.0,[]
40.0,cluster_123241924_382443557_5344542568_5546892974_#3more_0_D3.0,0,0.0,-1.0,[]
40.0,cluster_123241924_382443557_5344542568_5546892974_#3more_0_D3.1,0,0.0,-1.0,[]
40.0,cluster_123241924_382443557_5344542568_5546892974_#3more_0_D3.2,0,0.0,-1.0,[]
40.0,cluster_123241924_382443557_5344542568_5546892974_#3more_0_D3.3,0,0.0,-1.0,[]
40.0,cluster_123241924_382443557_5344542568_5546892974_#3more_0_D3.4,0,0.0,-1.0,[]
40.0,cluster_123281084_3663662939_3664674395_3664674397_#1more_0_D0.0,0,0.0,-1.0,[]
40.0,cluster_123281084_3663662939_3664674395_3664674397_#1more_0_D0.1,0,0.0,-1.0,[]
40.0,cluster_123281084_3663662939_3664674395_3664674397_#1more_0_D0.2,0,0.0,-1.0,[]
40.0,cluster_123281084_3663662939_3664674395_3664674397_#1more_0_D0.3,0,0.0,-1.0,[]
40.0,cluster_123281084_3663662939_3664674395_3664674397_#1more_0_D0.4,0,0.0,-1.0,[]
40.0,cluster_123281084_3663662939_3664674395_3664674397_#1more_0_D1.0,0,0.0,-1.0,[]
40.0,cluster_123281084_3663662939_3664674395_3664674397_#1more_0_D1.1,0,0.0,-1.0,[]
40.0,cluster_123281084_3663662939_3664674395_3664674397_#1more_0_D2.0,0,0.0,-1.0,[]
40.0,cluster_123281084_3663662939_3664674395_3664674397_#1more_0_D2.1,0,0.0,-1.0,[]
40.0,cluster_123281085_12840608127_12840608130_12840608135_#1more_0_D0.0,0,0.0,-1.0,[]
40.0,cluster_123281085_12840608127_12840608130_12840608135_#1more_0_D1.0,0,0.0,-1.0,[]
40.0,cluster_123292026_3663224279_3663224280_3663662945_#1more_0_D0.0,0,0.0,-1.0,[]
40.0,cluster_123292026_3663224279_3663224280_3663662945_#1more_0_D0.1,0,0.0,-1.0,[]
40.0,cluster_123292026_3663224279_3663224280_3663662945_#1more_0_D1.0,0,0.0,-1.0,[]
40.0,cluster_123292026_3663224279_3663224280_3663662945_#1more_0_D1.1,0,0.0,-1.0,[]
40.0,cluster_123292026_3663224279_3663224280_3663662945_#1more_0_D1.2,0,0.0,-1.0,[]
40.0,cluster_123292026_3663224279_3663224280_3663662945_#1more_0_D1.3,0,0.0,-1.0,[]
40.0,cluster_123292026_3663224279_3663224280_3663662945_#1more_0_D2.0,0,0.0,-1.0,[]
40.0,cluster_123292026_3663224279_3663224280_3663662945_#1more_0_D2.1,0,0.0,-1.0,[]
40.0,cluster_123292029_3663224277_3663224278_5344542569_#1more_0_D0.0,1,0.0,-1.0,['bus0']
40.0,cluster_123292029_3663224277_3663224278_5344542569_#1more_0_D0.1,0,0.0,-1.0,[]
40.0,cluster_123292029_3663224277_3663224278_5344542569_#1more_0_D0.2,0,0.0,-1.0,[]
40.0,cluster_123292029_3663224277_3663224278_5344542569_#1more_0_D1.0,1,16.899075217586557,14.596525772892928,['veh15']
40.0,cluster_123292029_3663224277_3663224278_5344542569_#1more_0_D1.1,0,0.0,-1.0,[]
40.0,cluster_123292029_3663224277_3663224278_5344542569_#1more_0_D2.0,0,0.0,-1.0,[]
40.0,cluster_123292029_3663224277_3663224278_5344542569_#1more_0_D2.1,0,0.0,-1.0,[]
40.0,cluster_123292029_3663224277_3663224278_5344542569_#1more_0_D2.2,0,0.0,-1.0,[]
40.0,cluster_123292029_3663224277_3663224278_5344542569_#1more_0_D3.0,0,0.0,-1.0,[]
40.0,cluster_123292029_3663224277_3663224278_5344542569_#1more_0_D3.1,0,0.0,-1.0,[]
40.0,cluster_123292031_3663224275_3663224276_3663662936_#1more_0_D0.0,0,0.0,-1.0,[]
40.0,cluster_123292031_3663224275_3663224276_3663662936_#1more_0_D0.1,0,0.0,-1.0,[]
40.0,cluster_123292031_3663224275_3663224276_3663662936_#1more_0_D1.0,0,0.0,-1.0,[]
40.0,cluster_123292031_3663224275_3663224276_3663662936_#1more_0_D2.0,0,0.0,-1.0,[]
40.0,cluster_123292031_3663224275_3663224276_3663662936_#1more_0_D2.1,0,0.0,-1.0,[]
40.0,cluster_123308403_3663827018_3663827019_3664674393_#1more_0_D0.0,0,0.0,-1.0,[]
40.0,cluster_123308403_3663827018_3663827019_3664674393_#1more_0_D0.1,0,0.0,-1.0,[]
40.0,cluster_123308403_3663827018_3663827019_3664674393_#1more_0_D1.0,0,0.0,-1.0,[]
40.0,cluster_123308403_3663827018_3663827019_3664674393_#1more_0_D1.1,0,0.0,-1.0,[]
40.0,cluster_123308403_3663827018_3663827019_3664674393_#1more_0_D1.2,0,0.0,-1.0,[]
40.0,cluster_123308403_3663827018_3663827019_3664674393_#1more_0_D1.3,0,0.0,-1.0,[]
40.0,cluster_123308403_3663827018_3663827019_3664674393_#1more_0_D2.0,0,0.0,-1.0,[]
40.0,cluster_123308403_3663827018_3663827019_3664674393_#1more_0_D2.1,0,0.0,-1.0,[]
40.0,cluster_123308403_3663827018_3663827019_3664674393_#1more_0_D2.2,0,0.0,-1.0,[]
40.0,cluster_3664723686_3698084157_3698084158_3698084159_#1more_0_D0.0,0,0.0,-1.0,[]
40.0,cluster_3664723686_3698084157_3698084158_3698084159_#1more_0_D0.1,1,42.94821056068301,11.64192858031961,['veh5']
40.0,cluster_3664723686_3698084157_3698084158_3698084159_#1more_0_D0.2,1,4.197613332777195,15.208809987074458,['veh9']
40.0,cluster_3664723686_3698084157_3698084158_3698084159_#1more_0_D1.0,0,0.0,-1.0,[]
40.0,cluster_3664723686_3698084157_3698084158_3698084159_#1more_0_D1.1,0,0.0,-1.0,[]
40.0,cluster_3664723686_3698084157_3698084158_3698084159_#1more_0_D1.2,0,0.0,-1.0,[]
40.0,joinedS_3663662947_3663662948_3698084160_3698084161_#1more_0_D0.0,0,0.0,-1.0,[]
40.0,joinedS_3663662947_3663662948_3698084160_3698084161_#1more_0_D0.1,0,0.0,-1.0,[]
40.0,joinedS_3663662947_3663662948_3698084160_3698084161_#1more_0_D0.2,0,0.0,-1.0,[]
40.0,joinedS_3663662947_3663662948_3698084160_3698084161_#1more_0_D0.3,0,0.0,-1.0,[]
40.0,joinedS_3663662947_3663662948_3698084160_3698084161_#1more_0_D1.0,0,0.0,-1.0,[]
40.0,joinedS_3663662947_3663662948_3698084160_3698084161_#1more_0_D1.1,0,0.0,-1.0,[]
40.0,joinedS_3663662947_3663662948_3698084160_3698084161_#1more_0_D1.2,0,0.0,-1.0,[]
40.0,joinedS_3663662947_3663662948_3698084160_3698084161_#1more_0_D1.3,0,0.0,-1.0,[]
40.0,joinedS_3663662947_3663662948_3698084160_3698084161_#1more_0_D2.0,0,0.0,-1.0,[]
40.0,joinedS_3663662947_3663662948_3698084160_3698084161_#1more_0_D2.1,1,100.0,-1.0,['veh21']
40.0,joinedS_3663662947_3663662948_3698084160_3698084161_#1more_0_D2.2,0,0.0,-1.0,[]
40.0,joinedS_3663662947_3663662948_3698084160_3698084161_#1more_0_D2.3,1,100.0,-1.0,['veh20']
40.0,joinedS_3663662947_3663662948_3698084160_3698084161_#1more_0_D3.0,1,100.0,-1.0,['veh14']
40.0,joinedS_3663662947_3663662948_3698084160_3698084161_#1more_0_D3.1,1,100.0,-1.0,['veh11']
40.0,joinedS_3663662947_3663662948_3698084160_3698084161_#1more_0_D3.2,0,0.0,-1.0,[]
40.0,joinedS_3663662947_3663662948_3698084160_3698084161_#1more_0_D3.3,0,0.0,-1.0,[]
40.0,joinedS_3663662947_3663662948_3698084160_3698084161_#1more_0_D3.4,0,0.0,-1.0,[]
45.0,cluster_122855839_3663662942_3663662943_3663662944_#1more_0_D0.0,0,0.0,-1.0,[]
45.0,cluster_122855839_3663662942_3663662943_3663662944_#1more_0_D0.1,0,0.0,-1.0,[]
45.0,cluster_122855839_3663662942_3663662943_3663662944_#1more_0_D0.2,0,0.0,-1.0,[]
45.0,cluster_122855839_3663662942_3663662943_3663662944_#1more_0_D0.3,0,0.0,-1.0,[]
45.0,cluster_122855839_3663662942_3663662943_3663662944_#1more_0_D0.4,0,0.0,-1.0,[]
45.0,cluster_122855839_3663662942_3663662943_3663662944_#1more_0_D1.0,0,0.0,-1.0,[]
45.0,cluster_122855839_3663662942_3663662943_3663662944_#1more_0_D1.1,0,0.0,-1.0,[]
45.0,cluster_122855839_3663662942_3663662943_3663662944_#1more_0_D1.2,0,0.0,-1.0,[]
45.0,cluster_122855839_3663662942_3663662943_3663662944_#1more_0_D2.0,0,0.0,-1.0,[]
45.0,cluster_122855839_3663662942_3663662943_3663662944_#1more_0_D2.1,0,0.0,-1.0,[]
45.0,cluster_123241924_382443557_5344542568_5546892974_#3more_0_D0.0,0,0.0,-1.0,[]
45.0,cluster_123241924_382443557_5344542568_5546892974_#3more_0_D0.1,0,0.0,-1.0,[]
45.0,cluster_123241924_382443557_5344542568_5546892974_#3more_0_D0.2,0,0.0,-1.0,[]
45.0,cluster_123241924_382443557_5344542568_5546892974_#3more_0_D0.3,0,0.0,-1.0,[]
45.0,cluster_123241924_382443557_5344542568_5546892974_#3more_0_D0.4,0,0.0,-1.0,[]
45.0,cluster_123241924_382443557_5344542568_5546892974_#3more_0_D1.0,0,0.0,-1.0,[]
45.0,cluster_123241924_382443557_5344542568_5546892974_#3more_0_D2.0,0,0.0,-1.0,[]
45.0,cluster_123241924_382443557_5344542568_5546892974_#3more_0_D2.1,0,0.0,-1.0,[]
45.0,cluster_123241924_382443557_5344542568_5546892974_#3more_0_D2.2,0,0.0,-1.0,[]
45.0,cluster_123241924_382443557_5344542568_5546892974_#3more_0_D2.3,0,0.0,-1.0,[]
45.0,cluster_123241924_382443557_5344542568_5546892974_#3more_0_D2.4,0,0.0,-1.0,[]
45.0,cluster_123241924_382443557_5344542568_5546892974_#3more_0_D2.5,0,0.0,-1.0,[]
45.0,cluster_123241924_382443557_5344542568_5546892974_#3more_0_D3.0,0,0.0,-1.0,[]
45.0,cluster_123241924_382443557_5344542568_5546892974_#3more_0_D3.1,0,0.0,-1.0,[]
45.0,cluster_123241924_382443557_5344542568_5546892974_#3more_0_D3.2,0,0.0,-1.0,[]
45.0,cluster_123241924_382443557_5344542568_5546892974_#3more_0_D3.3,0,0.0,-1.0,[]
45.0,cluster_123241924_382443557_5344542568_5546892974_#3more_0_D3.4,0,0.0,-1.0,[]
45.0,cluster_123281084_3663662939_3664674395_3664674397_#1more_0_D0.0,0,0.0,-1.0,[]
45.0,cluster_123281084_3663662939_3664674395_3664674397_#1more_0_D0.1,0,0.0,-1.0,[]
45.0,cluster_123281084_3663662939_3664674395_3664674397_#1more_0_D0.2,0,0.0,-1.0,[]
45.0,cluster_123281084_3663662939_3664674395_3664674397_#1more_0_D0.3,0,0.0,-1.0,[]
45.0,cluster_123281084_3663662939_3664674395_3664674397_#1more_0_D0.4,0,0.0,-1.0,[]
45.0,cluster_123281084_3663662939_3664674395_3664674397_#1more_0_D1.0,0,0.0,-1.0,[]
45.0,cluster_123281084_3663662939_3664674395_3664674397_#1more_0_D1.1,0,0.0,-1.0,[]
45.0,cluster_123281084_3663662939_3664674395_3664674397_#1more_0_D2.0,0,0.0,-1.0,[]
45.0,cluster_123281084_3663662939_3664674395_3664674397_#1more_0_D2.1,0,0.0,-1.0,[]
45.0,cluster_123281085_12840608127_12840608130_12840608135_#1more_0_D0.0,0,0.0,-1.0,[]
45.0,cluster_123281085_12840608127_12840608130_12840608135_#1more_0_D1.0,0,0.0,-1.0,[]
45.0,cluster_123292026_3663224279_3663224280_3663662945_#1more_0_D0.0,0,0.0,-1.0,[]
45.0,cluster_123292026_3663224279_3663224280_3663662945_#1more_0_D0.1,0,0.0,-1.0,[]
45.0,cluster_123292026_3663224279_3663224280_3663662945_#1more_0_D1.0,0,0.0,-1.0,[]
45.0,cluster_123292026_3663224279_3663224280_3663662945_#1more_0_D1.1,0,0.0,-1.0,[]
45.0,cluster_123292026_3663224279_3663224280_3663662945_#1more_0_D1.2,0,0.0,-1.0,[]
45.0,cluster_123292026_3663224279_3663224280_3663662945_#1more_0_D1.3,0,0.0,-1.0,[]
45.0,cluster_123292026_3663224279_3663224280_3663662945_#1more_0_D2.0,0,0.0,-1.0,[]
45.0,cluster_123292026_3663224279_3663224280_3663662945_#1more_0_D2.1,0,0.0,-1.0,[]
45.0,cluster_123292029_3663224277_3663224278_5344542569_#1more_0_D0.0,0,0.0,-1.0,[]
45.0,cluster_123292029_3663224277_3663224278_5344542569_#1more_0_D0.1,0,0.0,-1.0,[]
45.0,cluster_123292029_3663224277_3663224278_5344542569_#1more_0_D0.2,0,0.0,-1.0,[]
45.0,cluster_123292029_3663224277_3663224278_5344542569_#1more_0_D1.0,0,0.0,-1.0,[]
45.0,cluster_123292029_3663224277_3663224278_5344542569_#1more_0_D1.1,1,38.98439615623559,12.825644342320397,['veh1']
45.0,cluster_123292029_3663224277_3663224278_5344542569_#1more_0_D2.0,0,0.0,-1.0,[]
45.0,cluster_123292029_3663224277_3663224278_5344542569_#1more_0_D2.1,0,0.0,-1.0,[]
45.0,cluster_123292029_3663224277_3663224278_5344542569_#1more_0_D2.2,0,0.0,-1.0,[]
45.0,cluster_123292029_3663224277_3663224278_5344542569_#1more_0_D3.0,0,0.0,-1.0,[]
45.0,cluster_123292029_3663224277_3663224278_5344542569_#1more_0_D3.1,0,0.0,-1.0,[]
45.0,cluster_123292031_3663224275_3663224276_3663662936_#1more_0_D0.0,0,0.0,-1.0,[]
45.0,cluster_123292031_3663224275_3663224276_3663662936_#1more_0_D0.1,0,0.0,-1.0,[]
45.0,cluster_123292031_3663224275_3663224276_3663662936_#1more_0_D1.0,1,51.00141426409195,13.921182583752046,['truck0']
45.0,cluster_123292031_3663224275_3663224276_3663662936_#1more_0_D2.0,0,0.0,-1.0,[]
45.0,cluster_123292031_3663224275_3663224276_3663662936_#1more_0_D2.1,0,0.0,-1.0,[]
45.0,cluster_123308403_3663827018_3663827019_3664674393_#1more_0_D0.0,0,0.0,-1.0,[]
45.0,cluster_123308403_3663827018_3663827019_3664674393_#1more_0_D0.1,0,0.0,-1.0,[]
45.0,cluster_123308403_3663827018_3663827019_3664674393_#1more_0_D1.0,0,0.0,-1.0,[]
45.0,cluster_123308403_3663827018_3663827019_3664674393_#1more_0_D1.1,0,0.0,-1.0,[]
45.0,cluster_123308403_3663827018_3663827019_3664674393_#1more_0_D1.2,0,0.0,-1.0,[]
45.0,cluster_123308403_3663827018_3663827019_3664674393_#1more_0_D1.3,0,0.0,-1.0,[]
45.0,cluster_123308403_3663827018_3663827019_3664674393_#1more_0_D2.0,0,0.0,-1.0,[]
45.0,cluster_123308403_3663827018_3663827019_3664674393_#1more_0_D2.1,0,0.0,-1.0,[]
45.0,cluster_123308403_3663827018_3663827019_3664674393_#1more_0_D2.2,0,0.0,-1.0,[]
45.0,cluster_3664723686_3698084157_3698084158_3698084159_#1more_0_D0.0,0,0.0,-1.0,[]
45.0,cluster_3664723686_3698084157_3698084158_3698084159_#1more_0_D0.1,0,0.0,-1.0,[]
45.0,cluster_3664723686_3698084157_3698084158_3698084159_#1more_0_D0.2,0,0.0,-1.0,[]
45.0,cluster_3664723686_3698084157_3698084158_3698084159_#1more_0_D1.0,0,0.0,-1.0,[]
45.0,cluster_3664723686_3698084157_3698084158_3698084159_#1more_0_D1.1,0,0.0,-1.0,[]
45.0,cluster_3664723686_3698084157_3698084158_3698084159_#1more_0_D1.2,0,0.0,-1.0,[]
45.0,joinedS_3663662947_3663662948_3698084160_3698084161_#1more_0_D0.0,1,56.61183476911873,8.832075519883093,['veh11']
45.0,joinedS_3663662947_3663662948_3698084160_3698084161_#1more_0_D0.1,0,0.0,-1.0,[]
45.0,joinedS_3663662947_3663662948_3698084160_3698084161_#1more_0_D0.2,0,0.0,-1.0,[]
45.0,joinedS_3663662947_3663662948_3698084160_3698084161_#1more_0_D0.3,0,0.0,-1.0,[]
45.0,joinedS_3663662947_3663662948_3698084160_3698084161_#1more_0_D1.0,0,0.0,-1.0,[]
45.0,joinedS_3663662947_3663662948_3698084160_3698084161_#1more_0_D1.1,0,0.0,-1.0,[]
45.0,joinedS_3663662947_3663662948_3698084160_3698084161_#1more_0_D1.2,0,0.0,-1.0,[]
45.0,joinedS_3663662947_3663662948_3698084160_3698084161_#1more_0_D1.3,1,100.0,-1.0,['veh26']
45.0,joinedS_3663662947_3663662948_3698084160_3698084161_#1more_0_D2.0,0,0.0,-1.0,[]
45.0,joinedS_3663662947_3663662948_3698084160_3698084161_#1more_0_D2.1,1,100.0,-1.0,['veh21']
45.0,joinedS_3663662947_3663662948_3698084160_3698084161_#1more_0_D2.2,0,0.0,-1.0,[]
45.0,joinedS_3663662947_3663662948_3698084160_3698084161_#1more_0_D2.3,1,100.0,-1.0,['veh20']
45.0,joinedS_3663662947_3663662948_3698084160_3698084161_#1more_0_D3.0,1,100.0,-1.0,['bus2']
45.0,joinedS_3663662947_3663662948_3698084160_3698084161_#1more_0_D3.1,0,0.0,-1.0,[]
45.0,joinedS_3663662947_3663662948_3698084160_3698084161_#1more_0_D3.2,0,0.0,-1.0,[]
45.0,joinedS_3663662947_3663662948_3698084160_3698084161_#1more_0_D3.3,0,0.0,-1.0,[]
45.0,joinedS_3663662947_3663662948_3698084160_3698084161_#1more_0_D3.4,0,0.0,-1.0,[]
50.0,cluster_122855839_3663662942_3663662943_3663662944_#1more_0_D0.0,0,0.0,-1.0,[]
50.0,cluster_122855839_3663662942_3663662943_3663662944_#1more_0_D0.1,0,0.0,-1.0,[]
50.0,cluster_122855839_3663662942_3663662943_3663662944_#1more_0_D0.2,0,0.0,-1.0,[]
50.0,cluster_122855839_3663662942_3663662943_3663662944_#1more_0_D0.3,0,0.0,-1.0,[]
50.0,cluster_122855839_3663662942_3663662943_3663662944_#1more_0_D0.4,0,0.0,-1.0,[]
50.0,cluster_122855839_3663662942_3663662943_3663662944_#1more_0_D1.0,0,0.0,-1.0,[]
50.0,cluster_122855839_3663662942_3663662943_3663662944_#1more_0_D1.1,0,0.0,-1.0,[]
50.0,cluster_122855839_3663662942_3663662943_3663662944_#1more_0_D1.2,0,0.0,-1.0,[]
50.0,cluster_122855839_3663662942_3663662943_3663662944_#1more_0_D2.0,0,0.0,-1.0,[]
50.0,cluster_122855839_3663662942_3663662943_3663662944_#1more_0_D2.1,0,0.0,-1.0,[]
50.0,cluster_123241924_382443557_5344542568_5546892974_#3more_0_D0.0,0,0.0,-1.0,[]
50.0,cluster_123241924_382443557_5344542568_5546892974_#3more_0_D0.1,0,0.0,-1.0,[]
50.0,cluster_123241924_382443557_5344542568_5546892974_#3more_0_D0.2,0,0.0,-1.0,[]
50.0,cluster_123241924_382443557_5344542568_5546892974_#3more_0_D0.3,0,0.0,-1.0,[]
50.0,cluster_123241924_382443557_5344542568_5546892974_#3more_0_D0.4,0,0.0,-1.0,[]
50.0,cluster_123241924_382443557_5344542568_5546892974_#3more_0_D1.0,0,0.0,-1.0,[]
50.0,cluster_123241924_382443557_5344542568_5546892974_#3more_0_D2.0,0,0.0,-1.0,[]
50.0,cluster_123241924_382443557_5344542568_5546892974_#3more_0_D2.1,0,0.0,-1.0,[]
50.0,cluster_123241924_382443557_5344542568_5546892974_#3more_0_D2.2,0,0.0,-1.0,[]
50.0,cluster_123241924_382443557_5344542568_5546892974_#3more_0_D2.3,0,0.0,-1.0,[]
50.0,cluster_123241924_382443557_5344542568_5546892974_#3more_0_D2.4,0,0.0,-1.0,[]
50.0,cluster_123241924_382443557_5344542568_5546892974_#3more_0_D2.5,0,0.0,-1.0,[]
50.0,cluster_123241924_382443557_5344542568_5546892974_#3more_0_D3.0,0,0.0,-1.0,[]
50.0,cluster_123241924_382443557_5344542568_5546892974_#3more_0_D3.1,0,0.0,-1.0,[]
50.0,cluster_123241924_382443557_5344542568_5546892974_#3more_0_D3.2,0,0.0,-1.0,[]
50.0,cluster_123241924_382443557_5344542568_5546892974_#3more_0_D3.3,0,0.0,-1.0,[]
50.0,cluster_123241924_382443557_5344542568_5546892974_#3more_0_D3.4,0,0.0,-1.0,[]
50.0,cluster_123281084_3663662939_3664674395_3664674397_#1more_0_D0.0,0,0.0,-1.0,[]
50.0,cluster_123281084_3663662939_3664674395_3664674397_#1more_0_D0.1,0,0.0,-1.0,[]
50.0,cluster_123281084_3663662939_3664674395_3664674397_#1more_0_D0.2,0,0.0,-1.0,[]
50.0,cluster_123281084_3663662939_3664674395_3664674397_#1more_0_D0.3,0,0.0,-1.0,[]
50.0,cluster_123281084_3663662939_3664674395_3664674397_#1more_0_D0.4,0,0.0,-1.0,[]
50.0,cluster_123281084_3663662939_3664674395_3664674397_#1more_0_D1.0,0,0.0,-1.0,[]
50.0,cluster_123281084_3663662939_3664674395_3664674397_#1more_0_D1.1,0,0.0,-1.0,[]
50.0,cluster_123281084_3663662939_3664674395_3664674397_#1more_0_D2.0,0,0.0,-1.0,[]
50.0,cluster_123281084_3663662939_3664674395_3664674397_#1more_0_D2.1,0,0.0,-1.0,[]
50.0,cluster_123281085_12840608127_12840608130_12840608135_#1more_0_D0.0,0,0.0,-1.0,[]
50.0,cluster_123281085_12840608127_12840608130_12840608135_#1more_0_D1.0,0,0.0,-1.0,[]
50.0,cluster_123292026_3663224279_3663224280_3663662945_#1more_0_D0.0,0,0.0,-1.0,[]
50.0,cluster_123292026_3663224279_3663224280_3663662945_#1more_0_D0.1,0,0.0,-1.0,[]
50.0,cluster_123292026_3663224279_3663224280_3663662945_#1more_0_D1.0,0,0.0,-1.0,[]
50.0,cluster_123292026_3663224279_3663224280_3663662945_#1more_0_D1.1,0,0.0,-1.0,[]
50.0,cluster_123292026_3663224279_3663224280_3663662945_#1more_0_D1.2,0,0.0,-1.0,[]
50.0,cluster_123292026_3663224279_3663224280_3663662945_#1more_0_D1.3,0,0.0,-1.0,[]
50.0,cluster_123292026_3663224279_3663224280_3663662945_#1more_0_D2.0,0,0.0,-1.0,[]
50.0,cluster_123292026_3663224279_3663224280_3663662945_#1more_0_D2.1,0,0.0,-1.0,[]
50.0,cluster_123292029_3663224277_3663224278_5344542569_#1more_0_D0.0,0,0.0,-1.0,[]
50.0,cluster_123292029_3663224277_3663224278_5344542569_#1more_0_D0.1,0,0.0,-1.0,[]
50.0,cluster_123292029_3663224277_3663224278_5344542569_#1more_0_D0.2,0,0.0,-1.0,[]
50.0,cluster_123292029_3663224277_3663224278_5344542569_#1more_0_D1.0,0,0.0,-1.0,[]
50.0,cluster_123292029_3663224277_3663224278_5344542569_#1more_0_D1.1,1,0.0,-1.0,['veh6']
50.0,cluster_123292029_3663224277_3663224278_5344542569_#1more_0_D2.0,0,0.0,-1.0,[]
50.0,cluster_123292029_3663224277_3663224278_5344542569_#1more_0_D2.1,0,0.0,-1.0,[]
50.0,cluster_123292029_3663224277_3663224278_5344542569_#1more_0_D2.2,0,0.0,-1.0,[]
50.0,cluster_123292029_3663224277_3663224278_5344542569_#1more_0_D3.0,0,0.0,-1.0,[]
50.0,cluster_123292029_3663224277_3663224278_5344542569_#1more_0_D3.1,0,0.0,-1.0,[]
50.0,cluster_123292031_3663224275_3663224276_3663662936_#1more_0_D0.0,0,0.0,-1.0,[]
50.0,cluster_123292031_3663224275_3663224276_3663662936_#1more_0_D0.1,0,0.0,-1.0,[]
50.0,cluster_123292031_3663224275_3663224276_3663662936_#1more_0_D1.0,1,0.0,-1.0,['bus1']
50.0,cluster_123292031_3663224275_3663224276_3663662936_#1more_0_D2.0,0,0.0,-1.0,[]
50.0,cluster_123292031_3663224275_3663224276_3663662936_#1more_0_D2.1,0,0.0,-1.0,[]
50.0,cluster_123308403_3663827018_3663827019_3664674393_#1more_0_D0.0,0,0.0,-1.0,[]
50.0,cluster_123308403_3663827018_3663827019_3664674393_#1more_0_D0.1,0,0.0,-1.0,[]
50.0,cluster_123308403_3663827018_3663827019_3664674393_#1more_0_D1.0,0,0.0,-1.0,[]
50.0,cluster_123308403_3663827018_3663827019_3664674393_#1more_0_D1.1,0,0.0,-1.0,[]
50.0,cluster_123308403_3663827018_3663827019_3664674393_#1more_0_D1.2,0,0.0,-1.0,[]
50.0,cluster_123308403_3663827018_3663827019_3664674393_#1more_0_D1.3,0,0.0,-1.0,[]
50.0,cluster_123308403_3663827018_3663827019_3664674393_#1more_0_D2.0,0,0.0,-1.0,[]
50.0,cluster_123308403_3663827018_3663827019_3664674393_#1more_0_D2.1,0,0.0,-1.0,[]
50.0,cluster_123308403_3663827018_3663827019_3664674393_#1more_0_D2.2,0,0.0,-1.0,[]
50.0,cluster_3664723686_3698084157_3698084158_3698084159_#1more_0_D0.0,0,0.0,-1.0,[]
50.0,cluster_3664723686_3698084157_3698084158_3698084159_#1more_0_D0.1,0,0.0,-1.0,[]
50.0,cluster_3664723686_3698084157_3698084158_3698084159_#1more_0_D0.2,0,0.0,-1.0,[]
50.0,cluster_3664723686_3698084157_3698084158_3698084159_#1more_0_D1.0,0,0.0,-1.0,[]
50.0,cluster_3664723686_3698084157_3698084158_3698084159_#1more_0_D1.1,0,0.0,-1.0,[]
50.0,cluster_3664723686_3698084157_3698084158_3698084159_#1more_0_D1.2,0,0.0,-1.0,[]
50.0,joinedS_3663662947_3663662948_3698084160_3698084161_#1more_0_D0.0,0,0.0,-1.0,[]
50.0,joinedS_3663662947_3663662948_3698084160_3698084161_#1more_0_D0.1,0,0.0,-1.0,[]
50.0,joinedS_3663662947_3663662948_3698084160_3698084161_#1more_0_D0.2,0,0.0,-1.0,[]
50.0,joinedS_3663662947_3663662948_3698084160_3698084161_#1more_0_D0.3,0,0.0,-1.0,[]
50.0,joinedS_3663662947_3663662948_3698084160_3698084161_#1more_0_D1.0,1,0.0,-1.0,['bus2']
50.0,joinedS_3663662947_3663662948_3698084160_3698084161_#1more_0_D1.1,0,0.0,-1.0,[]
50.0,joinedS_3663662947_3663662948_3698084160_3698084161_#1more_0_D1.2,0,0.0,-1.0,[]
50.0,joinedS_3663662947_3663662948_3698084160_3698084161_#1more_0_D1.3,0,0.0,-1.0,[]
50.0,joinedS_3663662947_3663662948_3698084160_3698084161_#1more_0_D2.0,0,0.0,-1.0,[]
50.0,joinedS_3663662947_3663662948_3698084160_3698084161_#1more_0_D2.1,1,100.0,-1.0,['veh21']
50.0,joinedS_3663662947_3663662948_3698084160_3698084161_#1more_0_D2.2,0,0.0,-1.0,[]
50.0,joinedS_3663662947_3663662948_3698084160_3698084161_#1more_0_D2.3,1,100.0,-1.0,['veh20']
50.0,joinedS_3663662947_3663662948_3698084160_3698084161_#1more_0_D3.0,0,0.0,-1.0,[]
50.0,joinedS_3663662947_3663662948_3698084160_3698084161_#1more_0_D3.1,0,0.0,-1.0,[]
50.0,joinedS_3663662947_3663662948_3698084160_3698084161_#1more_0_D3.2,0,0.0,-1.0,[]
50.0,joinedS_3663662947_3663662948_3698084160_3698084161_#1more_0_D3.3,0,0.0,-1.0,[]
50.0,joinedS_3663662947_3663662948_3698084160_3698084161_#1more_0_D3.4,0,0.0,-1.0,[]
55.0,cluster_122855839_3663662942_3663662943_3663662944_#1more_0_D0.0,0,0.0,-1.0,[]
55.0,cluster_122855839_3663662942_3663662943_3663662944_#1more_0_D0.1,0,0.0,-1.0,[]
55.0,cluster_122855839_3663662942_3663662943_3663662944_#1more_0_D0.2,0,0.0,-1.0,[]
55.0,cluster_122855839_3663662942_3663662943_3663662944_#1more_0_D0.3,0,0.0,-1.0,[]
55.0,cluster_122855839_3663662942_3663662943_3663662944_#1more_0_D0.4,1,25.705348908065417,10.630034698453635,['veh14']
55.0,cluster_122855839_3663662942_3663662943_3663662944_#1more_0_D1.0,0,0.0,-1.0,[]
55.0,cluster_122855839_3663662942_3663662943_3663662944_#1more_0_D1.1,0,0.0,-1.0,[]
55.0,cluster_122855839_3663662942_3663662943_3663662944_#1more_0_D1.2,0,0.0,-1.0,[]
55.0,cluster_122855839_3663662942_3663662943_3663662944_#1more_0_D2.0,0,0.0,-1.0,[]
55.0,cluster_122855839_3663662942_3663662943_3663662944_#1more_0_D2.1,0,0.0,-1.0,[]
55.0,cluster_123241924_382443557_5344542568_5546892974_#3more_0_D0.0,1,9.26952872102973,15.644702820898965,['bus0']
55.0,cluster_123241924_382443557_5344542568_5546892974_#3more_0_D0.1,0,0.0,-1.0,[]
55.0,cluster_123241924_382443557_5344542568_5546892974_#3more_0_D0.2,0,0.0,-1.0,[]
55.0,cluster_123241924_382443557_5344542568_5546892974_#3more_0_D0.3,0,0.0,-1.0,[]
55.0,cluster_123241924_382443557_5344542568_5546892974_#3more_0_D0.4,0,0.0,-1.0,[]
55.0,cluster_123241924_382443557_5344542568_5546892974_#3more_0_D1.0,0,0.0,-1.0,[]
55.0,cluster_123241924_382443557_5344542568_5546892974_#3more_0_D2.0,0,0.0,-1.0,[]
55.0,cluster_123241924_382443557_5344542568_5546892974_#3more_0_D2.1,0,0.0,-1.0,[]
55.0,cluster_123241924_382443557_5344542568_5546892974_#3more_0_D2.2,0,0.0,-1.0,[]
55.0,cluster_123241924_382443557_5344542568_5546892974_#3more_0_D2.3,0,0.0,-1.0,[]
55.0,cluster_123241924_382443557_5344542568_5546892974_#3more_0_D2.4,0,0.0,-1.0,[]
55.0,cluster_123241924_382443557_5344542568_5546892974_#3more_0_D2.5,0,0.0,-1.0,[]
55.0,cluster_123241924_382443557_5344542568_5546892974_#3more_0_D3.0,0,0.0,-1.0,[]
55.0,cluster_123241924_382443557_5344542568_5546892974_#3more_0_D3.1,0,0.0,-1.0,[]
55.0,cluster_123241924_382443557_5344542568_5546892974_#3more_0_D3.2,0,0.0,-1.0,[]
55.0,cluster_123241924_382443557_5344542568_5546892974_#3more_0_D3.3,0,0.0,-1.0,[]
55.0,cluster_123241924_382443557_5344542568_5546892974_#3more_0_D3.4,0,0.0,-1.0,[]
55.0,cluster_123281084_3663662939_3664674395_3664674397_#1more_0_D0.0,1,10.093555976349933,14.403937030553147,['veh25']
55.0,cluster_123281084_3663662939_3664674395_3664674397_#1more_0_D0.1,0,0.0,-1.0,[]
55.0,cluster_123281084_3663662939_3664674395_3664674397_#1more_0_D0.2,0,0.0,-1.0,[]
55.0,cluster_123281084_3663662939_3664674395_3664674397_#1more_0_D0.3,0,0.0,-1.0,[]
55.0,cluster_123281084_3663662939_3664674395_3664674397_#1more_0_D0.4,0,0.0,-1.0,[]
55.0,cluster_123281084_3663662939_3664674395_3664674397_#1more_0_D1.0,0,0.0,-1.0,[]
55.0,cluster_123281084_3663662939_3664674395_3664674397_#1more_0_D1.1,0,0.0,-1.0,[]
55.0,cluster_123281084_3663662939_3664674395_3664674397_#1more_0_D2.0,0,0.0,-1.0,[]
55.0,cluster_123281084_3663662939_3664674395_3664674397_#1more_0_D2.1,0,0.0,-1.0,[]
55.0,cluster_123281085_12840608127_12840608130_12840608135_#1more_0_D0.0,0,0.0,-1.0,[]
55.0,cluster_123281085_12840608127_12840608130_12840608135_#1more_0_D1.0,0,0.0,-1.0,[]
55.0,cluster_123292026_3663224279_3663224280_3663662945_#1more_0_D0.0,0,0.0,-1.0,[]
55.0,cluster_123292026_3663224279_3663224280_3663662945_#1more_0_D0.1,0,0.0,-1.0,[]
55.0,cluster_123292026_3663224279_3663224280_3663662945_#1more_0_D1.0,0,0.0,-1.0,[]
55.0,cluster_123292026_3663224279_3663224280_3663662945_#1more_0_D1.1,0,0.0,-1.0,[]
55.0,cluster_123292026_3663224279_3663224280_3663662945_#1more_0_D1.2,0,0.0,-1.0,[]
55.0,cluster_123292026_3663224279_3663224280_3663662945_#1more_0_D1.3,0,0.0,-1.0,[]
55.0,cluster_123292026_3663224279_3663224280_3663662945_#1more_0_D2.0,0,0.0,-1.0,[]
55.0,cluster_123292026_3663224279_3663224280_3663662945_#1more_0_D2.1,0,0.0,-1.0,[]
55.0,cluster_123292029_3663224277_3663224278_5344542569_#1more_0_D0.0,0,0.0,-1.0,[]
55.0,cluster_123292029_3663224277_3663224278_5344542569_#1more_0_D0.1,0,0.0,-1.0,[]
55.0,cluster_123292029_3663224277_3663224278_5344542569_#1more_0_D0.2,0,0.0,-1.0,[]
55.0,cluster_123292029_3663224277_3663224278_5344542569_#1more_0_D1.0,0,0.0,-1.0,[]
55.0,cluster_123292029_3663224277_3663224278_5344542569_#1more_0_D1.1,0,0.0,-1.0,[]
55.0,cluster_123292029_3663224277_3663224278_5344542569_#1more_0_D2.0,0,0.0,-1.0,[]
55.0,cluster_123292029_3663224277_3663224278_5344542569_#1more_0_D2.1,0,0.0,-1.0,[]
55.0,cluster_123292029_3663224277_3663224278_5344542569_#1more_0_D2.2,0,0.0,-1.0,[]
55.0,cluster_123292029_3663224277_3663224278_5344542569_#1more_0_D3.0,0,0.0,-1.0,[]
55.0,cluster_123292029_3663224277_3663224278_5344542569_#1more_0_D3.1,0,0.0,-1.0,[]
55.0,cluster_123292031_3663224275_3663224276_3663662936_#1more_0_D0.0,0,0.0,-1.0,[]
55.0,cluster_123292031_3663224275_3663224276_3663662936_#1more_0_D0.1,0,0.0,-1.0,[]
55.0,cluster_123292031_3663224275_3663224276_3663662936_#1more_0_D1.0,0,0.0,-1.0,[]
55.0,cluster_123292031_3663224275_3663224276_3663662936_#1more_0_D2.0,0,0.0,-1.0,[]
55.0,cluster_123292031_3663224275_3663224276_3663662936_#1more_0_D2.1,0,0.0,-1.0,[]
55.0,cluster_123308403_3663827018_3663827019_3664674393_#1more_0_D0.0,0,0.0,-1.0,[]
55.0,cluster_123308403_3663827018_3663827019_3664674393_#1more_0_D0.1,0,0.0,-1.0,[]
55.0,cluster_123308403_3663827018_3663827019_3664674393_#1more_0_D1.0,0,0.0,-1.0,[]
55.0,cluster_123308403_3663827018_3663827019_3664674393_#1more_0_D1.1,0,0.0,-1.0,[]
55.0,cluster_123308403_3663827018_3663827019_3664674393_#1more_0_D1.2,0,0.0,-1.0,[]
55.0,cluster_123308403_3663827018_3663827019_3664674393_#1more_0_D1.3,0,0.0,-1.0,[]
55.0,cluster_123308403_3663827018_3663827019_3664674393_#1more_0_D2.0,0,0.0,-1.0,[]
55.0,cluster_123308403_3663827018_3663827019_3664674393_#1more_0_D2.1,0,0.0,-1.0,[]
55.0,cluster_123308403_3663827018_3663827019_3664674393_#1more_0_D2.2,0,0.0,-1.0,[]
55.0,cluster_3664723686_3698084157_3698084158_3698084159_#1more_0_D0.0,0,0.0,-1.0,[]
55.0,cluster_3664723686_3698084157_3698084158_3698084159_#1more_0_D0.1,0,0.0,-1.0,[]
55.0,cluster_3664723686_3698084157_3698084158_3698084159_#1more_0_D0.2,0,0.0,-1.0,[]
55.0,cluster_3664723686_3698084157_3698084158_3698084159_#1more_0_D1.0,0,0.0,-1.0,[]
55.0,cluster_3664723686_3698084157_3698084158_3698084159_#1more_0_D1.1,0,0.0,-1.0,[]
55.0,cluster_3664723686_3698084157_3698084158_3698084159_#1more_0_D1.2,0,0.0,-1.0,[]
55.0,joinedS_3663662947_3663662948_3698084160_3698084161_#1more_0_D0.0,0,0.0,-1.0,[]
55.0,joinedS_3663662947_3663662948_3698084160_3698084161_#1more_0_D0.1,0,0.0,-1.0,[]
55.0,joinedS_3663662947_3663662948_3698084160_3698084161_#1more_0_D0.2,0,0.0,-1.0,[]
55.0,joinedS_3663662947_3663662948_3698084160_3698084161_#1more_0_D0.3,0,0.0,-1.0,[]
55.0,joinedS_3663662947_3663662948_3698084160_3698084161_#1more_0_D1.0,0,0.0,-1.0,[]
55.0,joinedS_3663662947_3663662948_3698084160_3698084161_#1more_0_D1.1,0,0.0,-1.0,[]
55.0,joinedS_3663662947_3663662948_3698084160_3698084161_#1more_0_D1.2,0,0.0,-1.0,[]
55.0,joinedS_3663662947_3663662948_3698084160_3698084161_#1more_0_D1.3,0,0.0,-1.0,[]
55.0,joinedS_3663662947_3663662948_3698084160_3698084161_#1more_0_D2.0,0,0.0,-1.0,[]
55.0,joinedS_3663662947_3663662948_3698084160_3698084161_#1more_0_D2.1,1,100.0,-1.0,['veh21']
55.0,joinedS_3663662947_3663662948_3698084160_3698084161_#1more_0_D2.2,0,0.0,-1.0,[]
55.0,joinedS_3663662947_3663662948_3698084160_3698084161_#1more_0_D2.3,1,100.0,-1.0,['veh20']
55.0,joinedS_3663662947_3663662948_3698084160_3698084161_#1more_0_D3.0,0,0.0,-1.0,[]
55.0,joinedS_3663662947_3663662948_3698084160_3698084161_#1more_0_D3.1,0,0.0,-1.0,[]
55.0,joinedS_3663662947_3663662948_3698084160_3698084161_#1more_0_D3.2,0,0.0,-1.0,[]
55.0,joinedS_3663662947_3663662948_3698084160_3698084161_#1more_0_D3.3,0,0.0,-1.0,[]
55.0,joinedS_3663662947_3663662948_3698084160_3698084161_#1more_0_D3.4,0,0.0,-1.0,[]
60.0,cluster_122855839_3663662942_3663662943_3663662944_#1more_0_D0.0,0,0.0,-1.0,[]
60.0,cluster_122855839_3663662942_3663662943_3663662944_#1more_0_D0.1,0,0.0,-1.0,[]
60.0,cluster_122855839_3663662942_3663662943_3663662944_#1more_0_D0.2,0,0.0,-1.0,[]
60.0,cluster_122855839_3663662942_3663662943_3663662944_#1more_0_D0.3,0,0.0,-1.0,[]
60.0,cluster_122855839_3663662942_3663662943_3663662944_#1more_0_D0.4,0,0.0,-1.0,[]
60.0,cluster_122855839_3663662942_3663662943_3663662944_#1more_0_D1.0,0,0.0,-1.0,[]
60.0,cluster_122855839_3663662942_3663662943_3663662944_#1more_0_D1.1,0,0.0,-1.0,[]
60.0,cluster_122855839_3663662942_3663662943_3663662944_#1more_0_D1.2,0,0.0,-1.0,[]
60.0,cluster_122855839_3663662942_3663662943_3663662944_#1more_0_D2.0,0,0.0,-1.0,[]
60.0,cluster_122855839_3663662942_3663662943_3663662944_#1more_0_D2.1,0,0.0,-1.0,[]
60.0,cluster_123241924_382443557_5344542568_5546892974_#3more_0_D0.0,0,0.0,-1.0,[]
60.0,cluster_123241924_382443557_5344542568_5546892974_#3more_0_D0.1,0,0.0,-1.0,[]
60.0,cluster_123241924_382443557_5344542568_5546892974_#3more_0_D0.2,0,0.0,-1.0,[]
60.0,cluster_123241924_382443557_5344542568_5546892974_#3more_0_D0.3,0,0.0,-1.0,[]
60.0,cluster_123241924_382443557_5344542568_5546892974_#3more_0_D0.4,0,0.0,-1.0,[]
60.0,cluster_123241924_382443557_5344542568_5546892974_#3more_0_D1.0,0,0.0,-1.0,[]
60.0,cluster_123241924_382443557_5344542568_5546892974_#3more_0_D2.0,0,0.0,-1.0,[]
60.0,cluster_123241924_382443557_5344542568_5546892974_#3more_0_D2.1,0,0.0,-1.0,[]
60.0,cluster_123241924_382443557_5344542568_5546892974_#3more_0_D2.2,0,0.0,-1.0,[]
60.0,cluster_123241924_382443557_5344542568_5546892974_#3more_0_D2.3,0,0.0,-1.0,[]
60.0,cluster_123241924_382443557_5344542568_5546892974_#3more_0_D2.4,0,0.0,-1.0,[]
60.0,cluster_123241924_382443557_5344542568_5546892974_#3more_0_D2.5,0,0.0,-1.0,[]
60.0,cluster_123241924_382443557_5344542568_5546892974_#3more_0_D3.0,0,0.0,-1.0,[]
60.0,cluster_123241924_382443557_5344542568_5546892974_#3more_0_D3.1,0,0.0,-1.0,[]
60.0,cluster_123241924_382443557_5344542568_5546892974_#3more_0_D3.2,0,0.0,-1.0,[]
60.0,cluster_123241924_382443557_5344542568_5546892974_#3more_0_D3.3,0,0.0,-1.0,[]
60.0,cluster_123241924_382443557_5344542568_5546892974_#3more_0_D3.4,0,0.0,-1.0,[]
60.0,cluster_123281084_3663662939_3664674395_3664674397_#1more_0_D0.0,0,0.0,-1.0,[]
60.0,cluster_123281084_3663662939_3664674395_3664674397_#1more_0_D0.1,0,0.0,-1.0,[]
60.0,cluster_123281084_3663662939_3664674395_3664674397_#1more_0_D0.2,0,0.0,-1.0,[]
60.0,cluster_123281084_3663662939_3664674395_3664674397_#1more_0_D0.3,0,0.0,-1.0,[]
60.0,cluster_123281084_3663662939_3664674395_3664674397_#1more_0_D0.4,0,0.0,-1.0,[]
60.0,cluster_123281084_3663662939_3664674395_3664674397_#1more_0_D1.0,0,0.0,-1.0,[]
60.0,cluster_123281084_3663662939_3664674395_3664674397_#1more_0_D1.1,0,0.0,-1.0,[]
60.0,cluster_123281084_3663662939_3664674395_3664674397_#1more_0_D2.0,0,0.0,-1.0,[]
60.0,cluster_123281084_3663662939_3664674395_3664674397_#1more_0_D2.1,0,0.0,-1.0,[]
60.0,cluster_123281085_12840608127_12840608130_12840608135_#1more_0_D0.0,1,44.451392130014256,8.111897590885325,['veh30']
60.0,cluster_123281085_12840608127_12840608130_12840608135_#1more_0_D1.0,0,0.0,-1.0,[]
60.0,cluster_123292026_3663224279_3663224280_3663662945_#1more_0_D0.0,0,0.0,-1.0,[]
60.0,cluster_123292026_3663224279_3663224280_3663662945_#1more_0_D0.1,0,0.0,-1.0,[]
60.0,cluster_123292026_3663224279_3663224280_3663662945_#1more_0_D1.0,0,0.0,-1.0,[]
60.0,cluster_123292026_3663224279_3663224280_3663662945_#1more_0_D1.1,0,0.0,-1.0,[]
60.0,cluster_123292026_3663224279_3663224280_3663662945_#1more_0_D1.2,0,0.0,-1.0,[]
60.0,cluster_123292026_3663224279_3663224280_3663662945_#1more_0_D1.3,0,0.0,-1.0,[]
60.0,cluster_123292026_3663224279_3663224280_3663662945_#1more_0_D2.0,0,0.0,-1.0,[]
60.0,cluster_123292026_3663224279_3663224280_3663662945_#1more_0_D2.1,0,0.0,-1.0,[]
60.0,cluster_123292029_3663224277_3663224278_5344542569_#1more_0_D0.0,0,0.0,-1.0,[]
60.0,cluster_123292029_3663224277_3663224278_5344542569_#1more_0_D0.1,0,0.0,-1.0,[]
60.0,cluster_123292029_3663224277_3663224278_5344542569_#1more_0_D0.2,0,0.0,-1.0,[]
60.0,cluster_123292029_3663224277_3663224278_5344542569_#1more_0_D1.0,0,0.0,-1.0,[]
60.0,cluster_123292029_3663224277_3663224278_5344542569_#1more_0_D1.1,0,0.0,-1.0,[]
60.0,cluster_123292029_3663224277_3663224278_5344542569_#1more_0_D2.0,0,0.0,-1.0,[]
60.0,cluster_123292029_3663224277_3663224278_5344542569_#1more_0_D2.1,0,0.0,-1.0,[]
60.0,cluster_123292029_3663224277_3663224278_5344542569_#1more_0_D2.2,0,0.0,-1.0,[]
60.0,cluster_123292029_3663224277_3663224278_5344542569_#1more_0_D3.0,0,0.0,-1.0,[]
60.0,cluster_123292029_3663224277_3663224278_5344542569_#1more_0_D3.1,0,0.0,-1.0,[]
60.0,cluster_123292031_3663224275_3663224276_3663662936_#1more_0_D0.0,0,0.0,-1.0,[]
60.0,cluster_123292031_3663224275_3663224276_3663662936_#1more_0_D0.1,0,0.0,-1.0,[]
60.0,cluster_123292031_3663224275_3663224276_3663662936_#1more_0_D1.0,0,0.0,-1.0,[]
60.0,cluster_123292031_3663224275_3663224276_3663662936_#1more_0_D2.0,0,0.0,-1.0,[]
60.0,cluster_123292031_3663224275_3663224276_3663662936_#1more_0_D2.1,0,0.0,-1.0,[]
60.0,cluster_123308403_3663827018_3663827019_3664674393_#1more_0_D0.0,0,0.0,-1.0,[]
60.0,cluster_123308403_3663827018_3663827019_3664674393_#1more_0_D0.1,0,0.0,-1.0,[]
60.0,cluster_123308403_3663827018_3663827019_3664674393_#1more_0_D1.0,0,0.0,-1.0,[]
60.0,cluster_123308403_3663827018_3663827019_3664674393_#1more_0_D1.1,0,0.0,-1.0,[]
60.0,cluster_123308403_3663827018_3663827019_3664674393_#1more_0_D1.2,0,0.0,-1.0,[]
60.0,cluster_123308403_3663827018_3663827019_3664674393_#1more_0_D1.3,0,0.0,-1.0,[]
60.0,cluster_123308403_3663827018_3663827019_3664674393_#1more_0_D2.0,0,0.0,-1.0,[]
60.0,cluster_123308403_3663827018_3663827019_3664674393_#1more_0_D2.1,0,0.0,-1.0,[]
60.0,cluster_123308403_3663827018_3663827019_3664674393_#1more_0_D2.2,0,0.0,-1.0,[]
60.0,cluster_3664723686_3698084157_3698084158_3698084159_#1more_0_D0.0,0,0.0,-1.0,[]
60.0,cluster_3664723686_3698084157_3698084158_3698084159_#1more_0_D0.1,1,21.88556066599645,11.585753583481209,['veh11']
60.0,cluster_3664723686_3698084157_3698084158_3698084159_#1more_0_D0.2,0,0.0,-1.0,[]
60.0,cluster_3664723686_3698084157_3698084158_3698084159_#1more_0_D1.0,0,0.0,-1.0,[]
60.0,cluster_3664723686_3698084157_3698084158_3698084159_#1more_0_D1.1,0,0.0,-1.0,[]
60.0,cluster_3664723686_3698084157_3698084158_3698084159_#1more_0_D1.2,0,0.0,-1.0,[]
60.0,joinedS_3663662947_3663662948_3698084160_3698084161_#1more_0_D0.0,0,0.0,-1.0,[]
60.0,joinedS_3663662947_3663662948_3698084160_3698084161_#1more_0_D0.1,0,0.0,-1.0,[]
60.0,joinedS_3663662947_3663662948_3698084160_3698084161_#1more_0_D0.2,0,0.0,-1.0,[]
60.0,joinedS_3663662947_3663662948_3698084160_3698084161_#1more_0_D0.3,0,0.0,-1.0,[]
60.0,joinedS_3663662947_3663662948_3698084160_3698084161_#1more_0_D1.0,0,0.0,-1.0,[]
60.0,joinedS_3663662947_3663662948_3698084160_3698084161_#1more_0_D1.1,1,4.2075381922082045,8.401098005264066,['veh21']
60.0,joinedS_3663662947_3663662948_3698084160_3698084161_#1more_0_D1.2,0,0.0,-1.0,[]
60.0,joinedS_3663662947_3663662948_3698084160_3698084161_#1more_0_D1.3,0,0.0,-1.0,[]
60.0,joinedS_3663662947_3663662948_3698084160_3698084161_#1more_0_D2.0,0,0.0,-1.0,[]
60.0,joinedS_3663662947_3663662948_3698084160_3698084161_#1more_0_D2.1,0,0.0,-1.0,[]
60.0,joinedS_3663662947_3663662948_3698084160_3698084161_#1more_0_D2.2,0,0.0,-1.0,[]
60.0,joinedS_3663662947_3663662948_3698084160_3698084161_#1more_0_D2.3,0,0.0,-1.0,[]
60.0,joinedS_3663662947_3663662948_3698084160_3698084161_#1more_0_D3.0,0,0.0,-1.0,[]
60.0,joinedS_3663662947_3663662948_3698084160_3698084161_#1more_0_D3.1,0,0.0,-1.0,[]
60.0,joinedS_3663662947_3663662948_3698084160_3698084161_#1more_0_D3.2,0,0.0,-1.0,[]
60.0,joinedS_3663662947_3663662948_3698084160_3698084161_#1more_0_D3.3,0,0.0,-1.0,[]
60.0,joinedS_3663662947_3663662948_3698084160_3698084161_#1more_0_D3.4,0,0.0,-1.0,[]
65.0,cluster_122855839_3663662942_3663662943_3663662944_#1more_0_D0.0,0,0.0,-1.0,[]
65.0,cluster_122855839_3663662942_3663662943_3663662944_#1more_0_D0.1,0,0.0,-1.0,[]
65.0,cluster_122855839_3663662942_3663662943_3663662944_#1more_0_D0.2,0,0.0,-1.0,[]
65.0,cluster_122855839_3663662942_3663662943_3663662944_#1more_0_D0.3,0,0.0,-1.0,[]
65.0,cluster_122855839_3663662942_3663662943_3663662944_#1more_0_D0.4,0,0.0,-1.0,[]
65.0,cluster_122855839_3663662942_3663662943_3663662944_#1more_0_D1.0,0,0.0,-1.0,[]
65.0,cluster_122855839_3663662942_3663662943_3663662944_#1more_0_D1.1,0,0.0,-1.0,[]
65.0,cluster_122855839_3663662942_3663662943_3663662944_#1more_0_D1.2,0,0.0,-1.0,[]
65.0,cluster_122855839_3663662942_3663662943_3663662944_#1more_0_D2.0,0,0.0,-1.0,[]
65.0,cluster_122855839_3663662942_3663662943_3663662944_#1more_0_D2.1,0,0.0,-1.0,[]
65.0,cluster_123241924_382443557_5344542568_5546892974_#3more_0_D0.0,0,0.0,-1.0,[]
65.0,cluster_123241924_382443557_5344542568_5546892974_#3more_0_D0.1,0,0.0,-1.0,[]
65.0,cluster_123241924_382443557_5344542568_5546892974_#3more_0_D0.2,0,0.0,-1.0,[]
65.0,cluster_123241924_382443557_5344542568_5546892974_#3more_0_D0.3,0,0.0,-1.0,[]
65.0,cluster_123241924_382443557_5344542568_5546892974_#3more_0_D0.4,0,0.0,-1.0,[]
65.0,cluster_123241924_382443557_5344542568_5546892974_#3more_0_D1.0,0,0.0,-1.0,[]
65.0,cluster_123241924_382443557_5344542568_5546892974_#3more_0_D2.0,0,0.0,-1.0,[]
65.0,cluster_123241924_382443557_5344542568_5546892974_#3more_0_D2.1,0,0.0,-1.0,[]
65.0,cluster_123241924_382443557_5344542568_5546892974_#3more_0_D2.2,0,0.0,-1.0,[]
65.0,cluster_123241924_382443557_5344542568_5546892974_#3more_0_D2.3,0,0.0,-1.0,[]
65.0,cluster_123241924_382443557_5344542568_5546892974_#3more_0_D2.4,0,0.0,-1.0,[]
65.0,cluster_123241924_382443557_5344542568_5546892974_#3more_0_D2.5,0,0.0,-1.0,[]
65.0,cluster_123241924_382443557_5344542568_5546892974_#3more_0_D3.0,0,0.0,-1.0,[]
65.0,cluster_123241924_382443557_5344542568_5546892974_#3more_0_D3.1,0,0.0,-1.0,[]
65.0,cluster_123241924_382443557_5344542568_5546892974_#3more_0_D3.2,0,0.0,-1.0,[]
65.0,cluster_123241924_382443557_5344542568_5546892974_#3more_0_D3.3,0,0.0,-1.0,[]
65.0,cluster_123241924_382443557_5344542568_5546892974_#3more_0_D3.4,0,0.0,-1.0,[]
65.0,cluster_123281084_3663662939_3664674395_3664674397_#1more_0_D0.0,0,0.0,-1.0,[]
65.0,cluster_123281084_3663662939_3664674395_3664674397_#1more_0_D0.1,0,0.0,-1.0,[]
65.0,cluster_123281084_3663662939_3664674395_3664674397_#1more_0_D0.2,0,0.0,-1.0,[]
65.0,cluster_123281084_3663662939_3664674395_3664674397_#1more_0_D0.3,0,0.0,-1.0,[]
65.0,cluster_123281084_3663662939_3664674395_3664674397_#1more_0_D0.4,0,0.0,-1.0,[]
65.0,cluster_123281084_3663662939_3664674395_3664674397_#1more_0_D1.0,0,0.0,-1.0,[]
65.0,cluster_123281084_3663662939_3664674395_3664674397_#1more_0_D1.1,0,0.0,-1.0,[]
65.0,cluster_123281084_3663662939_3664674395_3664674397_#1more_0_D2.0,0,0.0,-1.0,[]
65.0,cluster_123281084_3663662939_3664674395_3664674397_#1more_0_D2.1,0,0.0,-1.0,[]
65.0,cluster_123281085_12840608127_12840608130_12840608135_#1more_0_D0.0,0,0.0,-1.0,[]
65.0,cluster_123281085_12840608127_12840608130_12840608135_#1more_0_D1.0,0,0.0,-1.0,[]
65.0,cluster_123292026_3663224279_3663224280_3663662945_#1more_0_D0.0,0,0.0,-1.0,[]
65.0,cluster_123292026_3663224279_3663224280_3663662945_#1more_0_D0.1,0,0.0,-1.0,[]
65.0,cluster_123292026_3663224279_3663224280_3663662945_#1more_0_D1.0,0,0.0,-1.0,[]
65.0,cluster_123292026_3663224279_3663224280_3663662945_#1more_0_D1.1,0,0.0,-1.0,[]
65.0,cluster_123292026_3663224279_3663224280_3663662945_#1more_0_D1.2,0,0.0,-1.0,[]
65.0,cluster_123292026_3663224279_3663224280_3663662945_#1more_0_D1.3,0,0.0,-1.0,[]
65.0,cluster_123292026_3663224279_3663224280_3663662945_#1more_0_D2.0,1,0.0,-1.0,['veh35']
65.0,cluster_123292026_3663224279_3663224280_3663662945_#1more_0_D2.1,0,0.0,-1.0,[]
65.0,cluster_123292029_3663224277_3663224278_5344542569_#1more_0_D0.0,0,0.0,-1.0,[]
65.0,cluster_123292029_3663224277_3663224278_5344542569_#1more_0_D0.1,0,0.0,-1.0,[]
65.0,cluster_123292029_3663224277_3663224278_5344542569_#1more_0_D0.2,0,0.0,-1.0,[]
65.0,cluster_123292029_3663224277_3663224278_5344542569_#1more_0_D1.0,0,0.0,-1.0,[]
65.0,cluster_123292029_3663224277_3663224278_5344542569_#1more_0_D1.1,1,96.91636397005823,0.5579792614738877,['veh8']
65.0,cluster_123292029_3663224277_3663224278_5344542569_#1more_0_D2.0,0,0.0,-1.0,[]
65.0,cluster_123292029_3663224277_3663224278_5344542569_#1more_0_D2.1,0,0.0,-1.0,[]
65.0,cluster_123292029_3663224277_3663224278_5344542569_#1more_0_D2.2,0,0.0,-1.0,[]
65.0,cluster_123292029_3663224277_3663224278_5344542569_#1more_0_D3.0,0,0.0,-1.0,[]
65.0,cluster_123292029_3663224277_3663224278_5344542569_#1more_0_D3.1,0,0.0,-1.0,[]
65.0,cluster_123292031_3663224275_3663224276_3663662936_#1more_0_D0.0,0,0.0,-1.0,[]
65.0,cluster_123292031_3663224275_3663224276_3663662936_#1more_0_D0.1,0,0.0,-1.0,[]
65.0,cluster_123292031_3663224275_3663224276_3663662936_#1more_0_D1.0,0,0.0,-1.0,[]
65.0,cluster_123292031_3663224275_3663224276_3663662936_#1more_0_D2.0,0,0.0,-1.0,[]
65.0,cluster_123292031_3663224275_3663224276_3663662936_#1more_0_D2.1,0,0.0,-1.0,[]
65.0,cluster_123308403_3663827018_3663827019_3664674393_#1more_0_D0.0,0,0.0,-1.0,[]
65.0,cluster_123308403_3663827018_3663827019_3664674393_#1more_0_D0.1,0,0.0,-1.0,[]
65.0,cluster_123308403_3663827018_3663827019_3664674393_#1more_0_D1.0,0,0.0,-1.0,[]
65.0,cluster_123308403_3663827018_3663827019_3664674393_#1more_0_D1.1,0,0.0,-1.0,[]
65.0,cluster_123308403_3663827018_3663827019_3664674393_#1more_0_D1.2,0,0.0,-1.0,[]
65.0,cluster_123308403_3663827018_3663827019_3664674393_#1more_0_D1.3,0,0.0,-1.0,[]
65.0,cluster_123308403_3663827018_3663827019_3664674393_#1more_0_D2.0,0,0.0,-1.0,[]
65.0,cluster_123308403_3663827018_3663827019_3664674393_#1more_0_D2.1,0,0.0,-1.0,[]
65.0,cluster_123308403_3663827018_3663827019_3664674393_#1more_0_D2.2,0,0.0,-1.0,[]
65.0,cluster_3664723686_3698084157_3698084158_3698084159_#1more_0_D0.0,0,0.0,-1.0,[]
65.0,cluster_3664723686_3698084157_3698084158_3698084159_#1more_0_D0.1,0,0.0,-1.0,[]
65.0,cluster_3664723686_3698084157_3698084158_3698084159_#1more_0_D0.2,0,0.0,-1.0,[]
65.0,cluster_3664723686_3698084157_3698084158_3698084159_#1more_0_D1.0,0,0.0,-1.0,[]
65.0,cluster_3664723686_3698084157_3698084158_3698084159_#1more_0_D1.1,0,0.0,-1.0,[]
65.0,cluster_3664723686_3698084157_3698084158_3698084159_#1more_0_D1.2,0,0.0,-1.0,[]
65.0,joinedS_3663662947_3663662948_3698084160_3698084161_#1more_0_D0.0,0,0.0,-1.0,[]
65.0,joinedS_3663662947_3663662948_3698084160_3698084161_#1more_0_D0.1,0,0.0,-1.0,[]
65.0,joinedS_3663662947_3663662948_3698084160_3698084161_#1more_0_D0.2,0,0.0,-1.0,[]
65.0,joinedS_3663662947_3663662948_3698084160_3698084161_#1more_0_D0.3,0,0.0,-1.0,[]
65.0,joinedS_3663662947_3663662948_3698084160_3698084161_#1more_0_D1.0,0,0.0,-1.0,[]
65.0,joinedS_3663662947_3663662948_3698084160_3698084161_#1more_0_D1.1,0,0.0,-1.0,[]
65.0,joinedS_3663662947_3663662948_3698084160_3698084161_#1more_0_D1.2,0,0.0,-1.0,[]
65.0,joinedS_3663662947_3663662948_3698084160_3698084161_#1more_0_D1.3,0,0.0,-1.0,[]
65.0,joinedS_3663662947_3663662948_3698084160_3698084161_#1more_0_D2.0,0,0.0,-1.0,[]
65.0,joinedS_3663662947_3663662948_3698084160_3698084161_#1more_0_D2.1,0,0.0,-1.0,[]
65.0,joinedS_3663662947_3663662948_3698084160_3698084161_#1more_0_D2.2,0,0.0,-1.0,[]
65.0,joinedS_3663662947_3663662948_3698084160_3698084161_#1more_0_D2.3,0,0.0,-1.0,[]
65.0,joinedS_3663662947_3663662948_3698084160_3698084161_#1more_0_D3.0,0,0.0,-1.0,[]
65.0,joinedS_3663662947_3663662948_3698084160_3698084161_#1more_0_D3.1,0,0.0,-1.0,[]
65.0,joinedS_3663662947_3663662948_3698084160_3698084161_#1more_0_D3.2,0,0.0,-1.0,[]
65.0,joinedS_3663662947_3663662948_3698084160_3698084161_#1more_0_D3.3,0,0.0,-1.0,[]
65.0,joinedS_3663662947_3663662948_3698084160_3698084161_#1more_0_D3.4,0,0.0,-1.0,[]
70.0,cluster_122855839_3663662942_3663662943_3663662944_#1more_0_D0.0,0,0.0,-1.0,[]
70.0,cluster_122855839_3663662942_3663662943_3663662944_#1more_0_D0.1,0,0.0,-1.0,[]
70.0,cluster_122855839_3663662942_3663662943_3663662944_#1more_0_D0.2,0,0.0,-1.0,[]
70.0,cluster_122855839_3663662942_3663662943_3663662944_#1more_0_D0.3,0,0.0,-1.0,[]
70.0,cluster_122855839_3663662942_3663662943_3663662944_#1more_0_D0.4,0,0.0,-1.0,[]
70.0,cluster_122855839_3663662942_3663662943_3663662944_#1more_0_D1.0,0,0.0,-1.0,[]
70.0,cluster_122855839_3663662942_3663662943_3663662944_#1more_0_D1.1,0,0.0,-1.0,[]
70.0,cluster_122855839_3663662942_3663662943_3663662944_#1more_0_D1.2,0,0.0,-1.0,[]
70.0,cluster_122855839_3663662942_3663662943_3663662944_#1more_0_D2.0,0,0.0,-1.0,[]
70.0,cluster_122855839_3663662942_3663662943_3663662944_#1more_0_D2.1,0,0.0,-1.0,[]
70.0,cluster_123241924_382443557_5344542568_5546892974_#3more_0_D0.0,0,0.0,-1.0,[]
70.0,cluster_123241924_382443557_5344542568_5546892974_#3more_0_D0.1,0,0.0,-1.0,[]
70.0,cluster_123241924_382443557_5344542568_5546892974_#3more_0_D0.2,0,0.0,-1.0,[]
70.0,cluster_123241924_382443557_5344542568_5546892974_#3more_0_D0.3,0,0.0,-1.0,[]
70.0,cluster_123241924_382443557_5344542568_5546892974_#3more_0_D0.4,0,0.0,-1.0,[]
70.0,cluster_123241924_382443557_5344542568_5546892974_#3more_0_D1.0,0,0.0,-1.0,[]
70.0,cluster_123241924_382443557_5344542568_5546892974_#3more_0_D2.0,0,0.0,-1.0,[]
70.0,cluster_123241924_382443557_5344542568_5546892974_#3more_0_D2.1,0,0.0,-1.0,[]
70.0,cluster_123241924_382443557_5344542568_5546892974_#3more_0_D2.2,0,0.0,-1.0,[]
70.0,cluster_123241924_382443557_5344542568_5546892974_#3more_0_D2.3,0,0.0,-1.0,[]
70.0,cluster_123241924_382443557_5344542568_5546892974_#3more_0_D2.4,0,0.0,-1.0,[]
70.0,cluster_123241924_382443557_5344542568_5546892974_#3more_0_D2.5,0,0.0,-1.0,[]
70.0,cluster_123241924_382443557_5344542568_5546892974_#3more_0_D3.0,0,0.0,-1.0,[]
70.0,cluster_123241924_382443557_5344542568_5546892974_#3more_0_D3.1,0,0.0,-1.0,[]
70.0,cluster_123241924_382443557_5344542568_5546892974_#3more_0_D3.2,0,0.0,-1.0,[]
70.0,cluster_123241924_382443557_5344542568_5546892974_#3more_0_D3.3,0,0.0,-1.0,[]
70.0,cluster_123241924_382443557_5344542568_5546892974_#3more_0_D3.4,0,0.0,-1.0,[]
70.0,cluster_123281084_3663662939_3664674395_3664674397_#1more_0_D0.0,0,0.0,-1.0,[]
70.0,cluster_123281084_3663662939_3664674395_3664674397_#1more_0_D0.1,0,0.0,-1.0,[]
70.0,cluster_123281084_3663662939_3664674395_3664674397_#1more_0_D0.2,0,0.0,-1.0,[]
70.0,cluster_123281084_3663662939_3664674395_3664674397_#1more_0_D0.3,0,0.0,-1.0,[]
70.0,cluster_123281084_3663662939_3664674395_3664674397_#1more_0_D0.4,0,0.0,-1.0,[]
70.0,cluster_123281084_3663662939_3664674395_3664674397_#1more_0_D1.0,0,0.0,-1.0,[]
70.0,cluster_123281084_3663662939_3664674395_3664674397_#1more_0_D1.1,0,0.0,-1.0,[]
70.0,cluster_123281084_3663662939_3664674395_3664674397_#1more_0_D2.0,0,0.0,-1.0,[]
70.0,cluster_123281084_3663662939_3664674395_3664674397_#1more_0_D2.1,0,0.0,-1.0,[]
70.0,cluster_123281085_12840608127_12840608130_12840608135_#1more_0_D0.0,0,0.0,-1.0,[]
70.0,cluster_123281085_12840608127_12840608130_12840608135_#1more_0_D1.0,0,0.0,-1.0,[]
70.0,cluster_123292026_3663224279_3663224280_3663662945_#1more_0_D0.0,0,0.0,-1.0,[]
70.0,cluster_123292026_3663224279_3663224280_3663662945_#1more_0_D0.1,0,0.0,-1.0,[]
70.0,cluster_123292026_3663224279_3663224280_3663662945_#1more_0_D1.0,0,0.0,-1.0,[]
70.0,cluster_123292026_3663224279_3663224280_3663662945_#1more_0_D1.1,0,0.0,-1.0,[]
70.0,cluster_123292026_3663224279_3663224280_3663662945_#1more_0_D1.2,0,0.0,-1.0,[]
70.0,cluster_123292026_3663224279_3663224280_3663662945_#1more_0_D1.3,0,0.0,-1.0,[]
70.0,cluster_123292026_3663224279_3663224280_3663662945_#1more_0_D2.0,0,0.0,-1.0,[]
70.0,cluster_123292026_3663224279_3663224280_3663662945_#1more_0_D2.1,0,0.0,-1.0,[]
70.0,cluster_123292029_3663224277_3663224278_5344542569_#1more_0_D0.0,0,0.0,-1.0,[]
70.0,cluster_123292029_3663224277_3663224278_5344542569_#1more_0_D0.1,0,0.0,-1.0,[]
70.0,cluster_123292029_3663224277_3663224278_5344542569_#1more_0_D0.2,0,0.0,-1.0,[]
70.0,cluster_123292029_3663224277_3663224278_5344542569_#1more_0_D1.0,0,0.0,-1.0,[]
70.0,cluster_123292029_3663224277_3663224278_5344542569_#1more_0_D1.1,1,80.32017499472772,4.349516284651299,['truck0']
70.0,cluster_123292029_3663224277_3663224278_5344542569_#1more_0_D2.0,0,0.0,-1.0,[]
70.0,cluster_123292029_3663224277_3663224278_5344542569_#1more_0_D2.1,0,0.0,-1.0,[]
70.0,cluster_123292029_3663224277_3663224278_5344542569_#1more_0_D2.2,0,0.0,-1.0,[]
70.0,cluster_123292029_3663224277_3663224278_5344542569_#1more_0_D3.0,0,0.0,-1.0,[]
70.0,cluster_123292029_3663224277_3663224278_5344542569_#1more_0_D3.1,0,0.0,-1.0,[]
70.0,cluster_123292031_3663224275_3663224276_3663662936_#1more_0_D0.0,0,0.0,-1.0,[]
70.0,cluster_123292031_3663224275_3663224276_3663662936_#1more_0_D0.1,0,0.0,-1.0,[]
70.0,cluster_123292031_3663224275_3663224276_3663662936_#1more_0_D1.0,0,0.0,-1.0,[]
70.0,cluster_123292031_3663224275_3663224276_3663662936_#1more_0_D2.0,0,0.0,-1.0,[]
70.0,cluster_123292031_3663224275_3663224276_3663662936_#1more_0_D2.1,0,0.0,-1.0,[]
70.0,cluster_123308403_3663827018_3663827019_3664674393_#1more_0_D0.0,0,0.0,-1.0,[]
70.0,cluster_123308403_3663827018_3663827019_3664674393_#1more_0_D0.1,0,0.0,-1.0,[]
70.0,cluster_123308403_3663827018_3663827019_3664674393_#1more_0_D1.0,0,0.0,-1.0,[]
70.0,cluster_123308403_3663827018_3663827019_3664674393_#1more_0_D1.1,0,0.0,-1.0,[]
70.0,cluster_123308403_3663827018_3663827019_3664674393_#1more_0_D1.2,0,0.0,-1.0,[]
70.0,cluster_123308403_3663827018_3663827019_3664674393_#1more_0_D1.3,0,0.0,-1.0,[]
70.0,cluster_123308403_3663827018_3663827019_3664674393_#1more_0_D2.0,0,0.0,-1.0,[]
70.0,cluster_123308403_3663827018_3663827019_3664674393_#1more_0_D2.1,0,0.0,-1.0,[]
70.0,cluster_123308403_3663827018_3663827019_3664674393_#1more_0_D2.2,0,0.0,-1.0,[]
70.0,cluster_3664723686_3698084157_3698084158_3698084159_#1more_0_D0.0,0,0.0,-1.0,[]
70.0,cluster_3664723686_3698084157_3698084158_3698084159_#1more_0_D0.1,0,0.0,-1.0,[]
70.0,cluster_3664723686_3698084157_3698084158_3698084159_#1more_0_D0.2,0,0.0,-1.0,[]
70.0,cluster_3664723686_3698084157_3698084158_3698084159_#1more_0_D1.0,0,0.0,-1.0,[]
70.0,cluster_3664723686_3698084157_3698084158_3698084159_#1more_0_D1.1,0,0.0,-1.0,[]
70.0,cluster_3664723686_3698084157_3698084158_3698084159_#1more_0_D1.2,0,0.0,-1.0,[]
70.0,joinedS_3663662947_3663662948_3698084160_3698084161_#1more_0_D0.0,0,0.0,-1.0,[]
70.0,joinedS_3663662947_3663662948_3698084160_3698084161_#1more_0_D0.1,0,0.0,-1.0,[]
70.0,joinedS_3663662947_3663662948_3698084160_3698084161_#1more_0_D0.2,0,0.0,-1.0,[]
70.0,joinedS_3663662947_3663662948_3698084160_3698084161_#1more_0_D0.3,0,0.0,-1.0,[]
70.0,joinedS_3663662947_3663662948_3698084160_3698084161_#1more_0_D1.0,0,0.0,-1.0,[]
70.0,joinedS_3663662947_3663662948_3698084160_3698084161_#1more_0_D1.1,0,0.0,-1.0,[]
70.0,joinedS_3663662947_3663662948_3698084160_3698084161_#1more_0_D1.2,0,0.0,-1.0,[]
70.0,joinedS_3663662947_3663662948_3698084160_3698084161_#1more_0_D1.3,0,0.0,-1.0,[]
70.0,joinedS_3663662947_3663662948_3698084160_3698084161_#1more_0_D2.0,0,0.0,-1.0,[]
70.0,joinedS_3663662947_3663662948_3698084160_3698084161_#1more_0_D2.1,0,0.0,-1.0,[]
70.0,joinedS_3663662947_3663662948_3698084160_3698084161_#1more_0_D2.2,0,0.0,-1.0,[]
70.0,joinedS_3663662947_3663662948_3698084160_3698084161_#1more_0_D2.3,0,0.0,-1.0,[]
70.0,joinedS_3663662947_3663662948_3698084160_3698084161_#1more_0_D3.0,1,100.0,-1.0,['veh40']
70.0,joinedS_3663662947_3663662948_3698084160_3698084161_#1more_0_D3.1,0,0.0,-1.0,[]
70.0,joinedS_3663662947_3663662948_3698084160_3698084161_#1more_0_D3.2,0,0.0,-1.0,[]
70.0,joinedS_3663662947_3663662948_3698084160_3698084161_#1more_0_D3.3,0,0.0,-1.0,[]
70.0,joinedS_3663662947_3663662948_3698084160_3698084161_#1more_0_D3.4,0,0.0,-1.0,[]
75.0,cluster_122855839_3663662942_3663662943_3663662944_#1more_0_D0.0,0,0.0,-1.0,[]
75.0,cluster_122855839_3663662942_3663662943_3663662944_#1more_0_D0.1,0,0.0,-1.0,[]
75.0,cluster_122855839_3663662942_3663662943_3663662944_#1more_0_D0.2,0,0.0,-1.0,[]
75.0,cluster_122855839_3663662942_3663662943_3663662944_#1more_0_D0.3,0,0.0,-1.0,[]
75.0,cluster_122855839_3663662942_3663662943_3663662944_#1more_0_D0.4,0,0.0,-1.0,[]
75.0,cluster_122855839_3663662942_3663662943_3663662944_#1more_0_D1.0,1,100.0,15.141692330236658,['veh17']
75.0,cluster_122855839_3663662942_3663662943_3663662944_#1more_0_D1.1,1,0.0,-1.0,['veh17']
75.0,cluster_122855839_3663662942_3663662943_3663662944_#1more_0_D1.2,0,0.0,-1.0,[]
75.0,cluster_122855839_3663662942_3663662943_3663662944_#1more_0_D2.0,0,0.0,-1.0,[]
75.0,cluster_122855839_3663662942_3663662943_3663662944_#1more_0_D2.1,0,0.0,-1.0,[]
75.0,cluster_123241924_382443557_5344542568_5546892974_#3more_0_D0.0,0,0.0,-1.0,[]
75.0,cluster_123241924_382443557_5344542568_5546892974_#3more_0_D0.1,0,0.0,-1.0,[]
75.0,cluster_123241924_382443557_5344542568_5546892974_#3more_0_D0.2,0,0.0,-1.0,[]
75.0,cluster_123241924_382443557_5344542568_5546892974_#3more_0_D0.3,0,0.0,-1.0,[]
75.0,cluster_123241924_382443557_5344542568_5546892974_#3more_0_D0.4,0,0.0,-1.0,[]
75.0,cluster_123241924_382443557_5344542568_5546892974_#3more_0_D1.0,0,0.0,-1.0,[]
75.0,cluster_123241924_382443557_5344542568_5546892974_#3more_0_D2.0,0,0.0,-1.0,[]
75.0,cluster_123241924_382443557_5344542568_5546892974_#3more_0_D2.1,0,0.0,-1.0,[]
75.0,cluster_123241924_382443557_5344542568_5546892974_#3more_0_D2.2,0,0.0,-1.0,[]
75.0,cluster_123241924_382443557_5344542568_5546892974_#3more_0_D2.3,0,0.0,-1.0,[]
75.0,cluster_123241924_382443557_5344542568_5546892974_#3more_0_D2.4,0,0.0,-1.0,[]
75.0,cluster_123241924_382443557_5344542568_5546892974_#3more_0_D2.5,0,0.0,-1.0,[]
75.0,cluster_123241924_382443557_5344542568_5546892974_#3more_0_D3.0,0,0.0,-1.0,[]
75.0,cluster_123241924_382443557_5344542568_5546892974_#3more_0_D3.1,0,0.0,-1.0,[]
75.0,cluster_123241924_382443557_5344542568_5546892974_#3more_0_D3.2,0,0.0,-1.0,[]
75.0,cluster_123241924_382443557_5344542568_5546892974_#3more_0_D3.3,0,0.0,-1.0,[]
75.0,cluster_123241924_382443557_5344542568_5546892974_#3more_0_D3.4,0,0.0,-1.0,[]
75.0,cluster_123281084_3663662939_3664674395_3664674397_#1more_0_D0.0,1,0.0,-1.0,['veh37']
75.0,cluster_123281084_3663662939_3664674395_3664674397_#1more_0_D0.1,0,0.0,-1.0,[]
75.0,cluster_123281084_3663662939_3664674395_3664674397_#1more_0_D0.2,0,0.0,-1.0,[]
75.0,cluster_123281084_3663662939_3664674395_3664674397_#1more_0_D0.3,0,0.0,-1.0,[]
75.0,cluster_123281084_3663662939_3664674395_3664674397_#1more_0_D0.4,0,0.0,-1.0,[]
75.0,cluster_123281084_3663662939_3664674395_3664674397_#1more_0_D1.0,0,0.0,-1.0,[]
75.0,cluster_123281084_3663662939_3664674395_3664674397_#1more_0_D1.1,0,0.0,-1.0,[]
75.0,cluster_123281084_3663662939_3664674395_3664674397_#1more_0_D2.0,0,0.0,-1.0,[]
75.0,cluster_123281084_3663662939_3664674395_3664674397_#1more_0_D2.1,0,0.0,-1.0,[]
75.0,cluster_123281085_12840608127_12840608130_12840608135_#1more_0_D0.0,0,0.0,-1.0,[]
75.0,cluster_123281085_12840608127_12840608130_12840608135_#1more_0_D1.0,0,0.0,-1.0,[]
75.0,cluster_123292026_3663224279_3663224280_3663662945_#1more_0_D0.0,0,0.0,-1.0,[]
75.0,cluster_123292026_3663224279_3663224280_3663662945_#1more_0_D0.1,0,0.0,-1.0,[]
75.0,cluster_123292026_3663224279_3663224280_3663662945_#1more_0_D1.0,0,0.0,-1.0,[]
75.0,cluster_123292026_3663224279_3663224280_3663662945_#1more_0_D1.1,0,0.0,-1.0,[]
75.0,cluster_123292026_3663224279_3663224280_3663662945_#1more_0_D1.2,0,0.0,-1.0,[]
75.0,cluster_123292026_3663224279_3663224280_3663662945_#1more_0_D1.3,0,0.0,-1.0,[]
75.0,cluster_123292026_3663224279_3663224280_3663662945_#1more_0_D2.0,0,0.0,-1.0,[]
75.0,cluster_123292026_3663224279_3663224280_3663662945_#1more_0_D2.1,0,0.0,-1.0,[]
75.0,cluster_123292029_3663224277_3663224278_5344542569_#1more_0_D0.0,0,0.0,-1.0,[]
75.0,cluster_123292029_3663224277_3663224278_5344542569_#1more_0_D0.1,0,0.0,-1.0,[]
75.0,cluster_123292029_3663224277_3663224278_5344542569_#1more_0_D0.2,0,0.0,-1.0,[]
75.0,cluster_123292029_3663224277_3663224278_5344542569_#1more_0_D1.0,0,0.0,-1.0,[]
75.0,cluster_123292029_3663224277_3663224278_5344542569_#1more_0_D1.1,1,37.24884220780069,7.653964297429651,['veh29']
75.0,cluster_123292029_3663224277_3663224278_5344542569_#1more_0_D2.0,0,0.0,-1.0,[]
75.0,cluster_123292029_3663224277_3663224278_5344542569_#1more_0_D2.1,0,0.0,-1.0,[]
75.0,cluster_123292029_3663224277_3663224278_5344542569_#1more_0_D2.2,0,0.0,-1.0,[]
75.0,cluster_123292029_3663224277_3663224278_5344542569_#1more_0_D3.0,0,0.0,-1.0,[]
75.0,cluster_123292029_3663224277_3663224278_5344542569_#1more_0_D3.1,0,0.0,-1.0,[]
75.0,cluster_123292031_3663224275_3663224276_3663662936_#1more_0_D0.0,0,0.0,-1.0,[]
75.0,cluster_123292031_3663224275_3663224276_3663662936_#1more_0_D0.1,0,0.0,-1.0,[]
75.0,cluster_123292031_3663224275_3663224276_3663662936_#1more_0_D1.0,0,0.0,-1.0,[]
75.0,cluster_123292031_3663224275_3663224276_3663662936_#1more_0_D2.0,0,0.0,-1.0,[]
75.0,cluster_123292031_3663224275_3663224276_3663662936_#1more_0_D2.1,0,0.0,-1.0,[]
75.0,cluster_123308403_3663827018_3663827019_3664674393_#1more_0_D0.0,0,0.0,-1.0,[]
75.0,cluster_123308403_3663827018_3663827019_3664674393_#1more_0_D0.1,0,0.0,-1.0,[]
75.0,cluster_123308403_3663827018_3663827019_3664674393_#1more_0_D1.0,0,0.0,-1.0,[]
75.0,cluster_123308403_3663827018_3663827019_3664674393_#1more_0_D1.1,0,0.0,-1.0,[]
75.0,cluster_123308403_3663827018_3663827019_3664674393_#1more_0_D1.2,0,0.0,-1.0,[]
75.0,cluster_123308403_3663827018_3663827019_3664674393_#1more_0_D1.3,0,0.0,-1.0,[]
75.0,cluster_123308403_3663827018_3663827019_3664674393_#1more_0_D2.0,0,0.0,-1.0,[]
75.0,cluster_123308403_3663827018_3663827019_3664674393_#1more_0_D2.1,0,0.0,-1.0,[]
75.0,cluster_123308403_3663827018_3663827019_3664674393_#1more_0_D2.2,0,0.0,-1.0,[]
75.0,cluster_3664723686_3698084157_3698084158_3698084159_#1more_0_D0.0,0,0.0,-1.0,[]
75.0,cluster_3664723686_3698084157_3698084158_3698084159_#1more_0_D0.1,0,0.0,-1.0,[]
75.0,cluster_3664723686_3698084157_3698084158_3698084159_#1more_0_D0.2,0,0.0,-1.0,[]
75.0,cluster_3664723686_3698084157_3698084158_3698084159_#1more_0_D1.0,0,0.0,-1.0,[]
75.0,cluster_3664723686_3698084157_3698084158_3698084159_#1more_0_D1.1,0,0.0,-1.0,[]
75.0,cluster_3664723686_3698084157_3698084158_3698084159_#1more_0_D1.2,0,0.0,-1.0,[]
75.0,joinedS_3663662947_3663662948_3698084160_3698084161_#1more_0_D0.0,0,0.0,-1.0,[]
75.0,joinedS_3663662947_3663662948_3698084160_3698084161_#1more_0_D0.1,0,0.0,-1.0,[]
75.0,joinedS_3663662947_3663662948_3698084160_3698084161_#1more_0_D0.2,0,0.0,-1.0,[]
75.0,joinedS_3663662947_3663662948_3698084160_3698084161_#1more_0_D0.3,0,0.0,-1.0,[]
75.0,joinedS_3663662947_3663662948_3698084160_3698084161_#1more_0_D1.0,0,0.0,-1.0,[]
75.0,joinedS_3663662947_3663662948_3698084160_3698084161_#1more_0_D1.1,0,0.0,-1.0,[]
75.0,joinedS_3663662947_3663662948_3698084160_3698084161_#1more_0_D1.2,0,0.0,-1.0,[]
75.0,joinedS_3663662947_3663662948_3698084160_3698084161_#1more_0_D1.3,0,0.0,-1.0,[]
75.0,joinedS_3663662947_3663662948_3698084160_3698084161_#1more_0_D2.0,1,100.0,-1.0,['veh45']
75.0,joinedS_3663662947_3663662948_3698084160_3698084161_#1more_0_D2.1,1,100.0,-1.0,['veh43']
75.0,joinedS_3663662947_3663662948_3698084160_3698084161_#1more_0_D2.2,0,0.0,-1.0,[]
75.0,joinedS_3663662947_3663662948_3698084160_3698084161_#1more_0_D2.3,0,0.0,-1.0,[]
75.0,joinedS_3663662947_3663662948_3698084160_3698084161_#1more_0_D3.0,1,100.0,-1.0,['veh40']
75.0,joinedS_3663662947_3663662948_3698084160_3698084161_#1more_0_D3.1,0,0.0,-1.0,[]
75.0,joinedS_3663662947_3663662948_3698084160_3698084161_#1more_0_D3.2,0,0.0,-1.0,[]
75.0,joinedS_3663662947_3663662948_3698084160_3698084161_#1more_0_D3.3,0,0.0,-1.0,[]
75.0,joinedS_3663662947_3663662948_3698084160_3698084161_#1more_0_D3.4,0,0.0,-1.0,[]
80.0,cluster_122855839_3663662942_3663662943_3663662944_#1more_0_D0.0,0,0.0,-1.0,[]
80.0,cluster_122855839_3663662942_3663662943_3663662944_#1more_0_D0.1,0,0.0,-1.0,[]
80.0,cluster_122855839_3663662942_3663662943_3663662944_#1more_0_D0.2,0,0.0,-1.0,[]
80.0,cluster_122855839_3663662942_3663662943_3663662944_#1more_0_D0.3,0,0.0,-1.0,[]
80.0,cluster_122855839_3663662942_3663662943_3663662944_#1more_0_D0.4,0,0.0,-1.0,[]
80.0,cluster_122855839_3663662942_3663662943_3663662944_#1more_0_D1.0,0,0.0,-1.0,[]
80.0,cluster_122855839_3663662942_3663662943_3663662944_#1more_0_D1.1,0,0.0,-1.0,[]
80.0,cluster_122855839_3663662942_3663662943_3663662944_#1more_0_D1.2,0,0.0,-1.0,[]
80.0,cluster_122855839_3663662942_3663662943_3663662944_#1more_0_D2.0,0,0.0,-1.0,[]
80.0,cluster_122855839_3663662942_3663662943_3663662944_#1more_0_D2.1,0,0.0,-1.0,[]
80.0,cluster_123241924_382443557_5344542568_5546892974_#3more_0_D0.0,0,0.0,-1.0,[]
80.0,cluster_123241924_382443557_5344542568_5546892974_#3more_0_D0.1,0,0.0,-1.0,[]
80.0,cluster_123241924_382443557_5344542568_5546892974_#3more_0_D0.2,0,0.0,-1.0,[]
80.0,cluster_123241924_382443557_5344542568_5546892974_#3more_0_D0.3,0,0.0,-1.0,[]
80.0,cluster_123241924_382443557_5344542568_5546892974_#3more_0_D0.4,0,0.0,-1.0,[]
80.0,cluster_123241924_382443557_5344542568_5546892974_#3more_0_D1.0,0,0.0,-1.0,[]
80.0,cluster_123241924_382443557_5344542568_5546892974_#3more_0_D2.0,0,0.0,-1.0,[]
80.0,cluster_123241924_382443557_5344542568_5546892974_#3more_0_D2.1,0,0.0,-1.0,[]
80.0,cluster_123241924_382443557_5344542568_5546892974_#3more_0_D2.2,0,0.0,-1.0,[]
80.0,cluster_123241924_382443557_5344542568_5546892974_#3more_0_D2.3,0,0.0,-1.0,[]
80.0,cluster_123241924_382443557_5344542568_5546892974_#3more_0_D2.4,0,0.0,-1.0,[]
80.0,cluster_123241924_382443557_5344542568_5546892974_#3more_0_D2.5,0,0.0,-1.0,[]
80.0,cluster_123241924_382443557_5344542568_5546892974_#3more_0_D3.0,0,0.0,-1.0,[]
80.0,cluster_123241924_382443557_5344542568_5546892974_#3more_0_D3.1,0,0.0,-1.0,[]
80.0,cluster_123241924_382443557_5344542568_5546892974_#3more_0_D3.2,0,0.0,-1.0,[]
80.0,cluster_123241924_382443557_5344542568_5546892974_#3more_0_D3.3,0,0.0,-1.0,[]
80.0,cluster_123241924_382443557_5344542568_5546892974_#3more_0_D3.4,0,0.0,-1.0,[]
80.0,cluster_123281084_3663662939_3664674395_3664674397_#1more_0_D0.0,0,0.0,-1.0,[]
80.0,cluster_123281084_3663662939_3664674395_3664674397_#1more_0_D0.1,0,0.0,-1.0,[]
80.0,cluster_123281084_3663662939_3664674395_3664674397_#1more_0_D0.2,0,0.0,-1.0,[]
80.0,cluster_123281084_3663662939_3664674395_3664674397_#1more_0_D0.3,0,0.0,-1.0,[]
80.0,cluster_123281084_3663662939_3664674395_3664674397_#1more_0_D0.4,0,0.0,-1.0,[]
80.0,cluster_123281084_3663662939_3664674395_3664674397_#1more_0_D1.0,0,0.0,-1.0,[]
80.0,cluster_123281084_3663662939_3664674395_3664674397_#1more_0_D1.1,0,0.0,-1.0,[]
80.0,cluster_123281084_3663662939_3664674395_3664674397_#1more_0_D2.0,0,0.0,-1.0,[]
80.0,cluster_123281084_3663662939_3664674395_3664674397_#1more_0_D2.1,0,0.0,-1.0,[]
80.0,cluster_123281085_12840608127_12840608130_12840608135_#1more_0_D0.0,0,0.0,-1.0,[]
80.0,cluster_123281085_12840608127_12840608130_12840608135_#1more_0_D1.0,0,0.0,-1.0,[]
80.0,cluster_123292026_3663224279_3663224280_3663662945_#1more_0_D0.0,0,0.0,-1.0,[]
80.0,cluster_123292026_3663224279_3663224280_3663662945_#1more_0_D0.1,1,41.99654186987374,11.90574218108838,['veh10']
80.0,cluster_123292026_3663224279_3663224280_3663662945_#1more_0_D1.0,0,0.0,-1.0,[]
80.0,cluster_123292026_3663224279_3663224280_3663662945_#1more_0_D1.1,0,0.0,-1.0,[]
80.0,cluster_123292026_3663224279_3663224280_3663662945_#1more_0_D1.2,0,0.0,-1.0,[]
80.0,cluster_123292026_3663224279_3663224280_3663662945_#1more_0_D1.3,0,0.0,-1.0,[]
80.0,cluster_123292026_3663224279_3663224280_3663662945_#1more_0_D2.0,0,0.0,-1.0,[]
80.0,cluster_123292026_3663224279_3663224280_3663662945_#1more_0_D2.1,0,0.0,-1.0,[]
80.0,cluster_123292029_3663224277_3663224278_5344542569_#1more_0_D0.0,1,100.0,-1.0,['veh46']
80.0,cluster_123292029_3663224277_3663224278_5344542569_#1more_0_D0.1,0,0.0,-1.0,[]
80.0,cluster_123292029_3663224277_3663224278_5344542569_#1more_0_D0.2,0,0.0,-1.0,[]
80.0,cluster_123292029_3663224277_3663224278_5344542569_#1more_0_D1.0,0,0.0,-1.0,[]
80.0,cluster_123292029_3663224277_3663224278_5344542569_#1more_0_D1.1,0,0.0,-1.0,[]
80.0,cluster_123292029_3663224277_3663224278_5344542569_#1more_0_D2.0,0,0.0,-1.0,[]
80.0,cluster_123292029_3663224277_3663224278_5344542569_#1more_0_D2.1,0,0.0,-1.0,[]
80.0,cluster_123292029_3663224277_3663224278_5344542569_#1more_0_D2.2,0,0.0,-1.0,[]
80.0,cluster_123292029_3663224277_3663224278_5344542569_#1more_0_D3.0,0,0.0,-1.0,[]
80.0,cluster_123292029_3663224277_3663224278_5344542569_#1more_0_D3.1,0,0.0,-1.0,[]
80.0,cluster_123292031_3663224275_3663224276_3663662936_#1more_0_D0.0,0,0.0,-1.0,[]
80.0,cluster_123292031_3663224275_3663224276_3663662936_#1more_0_D0.1,0,0.0,-1.0,[]
80.0,cluster_123292031_3663224275_3663224276_3663662936_#1more_0_D1.0,0,0.0,-1.0,[]
80.0,cluster_123292031_3663224275_3663224276_3663662936_#1more_0_D2.0,0,0.0,-1.0,[]
80.0,cluster_123292031_3663224275_3663224276_3663662936_#1more_0_D2.1,0,0.0,-1.0,[]
80.0,cluster_123308403_3663827018_3663827019_3664674393_#1more_0_D0.0,0,0.0,-1.0,[]
80.0,cluster_123308403_3663827018_3663827019_3664674393_#1more_0_D0.1,0,0.0,-1.0,[]
80.0,cluster_123308403_3663827018_3663827019_3664674393_#1more_0_D1.0,0,0.0,-1.0,[]
80.0,cluster_123308403_3663827018_3663827019_3664674393_#1more_0_D1.1,0,0.0,-1.0,[]
80.0,cluster_123308403_3663827018_3663827019_3664674393_#1more_0_D1.2,0,0.0,-1.0,[]
80.0,cluster_123308403_3663827018_3663827019_3664674393_#1more_0_D1.3,0,0.0,-1.0,[]
80.0,cluster_123308403_3663827018_3663827019_3664674393_#1more_0_D2.0,0,0.0,-1.0,[]
80.0,cluster_123308403_3663827018_3663827019_3664674393_#1more_0_D2.1,0,0.0,-1.0,[]
80.0,cluster_123308403_3663827018_3663827019_3664674393_#1more_0_D2.2,0,0.0,-1.0,[]
80.0,cluster_3664723686_3698084157_3698084158_3698084159_#1more_0_D0.0,0,0.0,-1.0,[]
80.0,cluster_3664723686_3698084157_3698084158_3698084159_#1more_0_D0.1,0,0.0,-1.0,[]
80.0,cluster_3664723686_3698084157_3698084158_3698084159_#1more_0_D0.2,0,0.0,-1.0,[]
80.0,cluster_3664723686_3698084157_3698084158_3698084159_#1more_0_D1.0,0,0.0,-1.0,[]
80.0,cluster_3664723686_3698084157_3698084158_3698084159_#1more_0_D1.1,0,0.0,-1.0,[]
80.0,cluster_3664723686_3698084157_3698084158_3698084159_#1more_0_D1.2,0,0.0,-1.0,[]
80.0,joinedS_3663662947_3663662948_3698084160_3698084161_#1more_0_D0.0,0,0.0,-1.0,[]
80.0,joinedS_3663662947_3663662948_3698084160_3698084161_#1more_0_D0.1,0,0.0,-1.0,[]
80.0,joinedS_3663662947_3663662948_3698084160_3698084161_#1more_0_D0.2,0,0.0,-1.0,[]
80.0,joinedS_3663662947_3663662948_3698084160_3698084161_#1more_0_D0.3,0,0.0,-1.0,[]
80.0,joinedS_3663662947_3663662948_3698084160_3698084161_#1more_0_D1.0,0,0.0,-1.0,[]
80.0,joinedS_3663662947_3663662948_3698084160_3698084161_#1more_0_D1.1,1,0.0,-1.0,['veh40']
80.0,joinedS_3663662947_3663662948_3698084160_3698084161_#1more_0_D1.2,0,0.0,-1.0,[]
80.0,joinedS_3663662947_3663662948_3698084160_3698084161_#1more_0_D1.3,0,0.0,-1.0,[]
80.0,joinedS_3663662947_3663662948_3698084160_3698084161_#1more_0_D2.0,1,100.0,-1.0,['veh45']
80.0,joinedS_3663662947_3663662948_3698084160_3698084161_#1more_0_D2.1,1,100.0,-1.0,['veh43']
80.0,joinedS_3663662947_3663662948_3698084160_3698084161_#1more_0_D2.2,0,0.0,-1.0,[]
80.0,joinedS_3663662947_3663662948_3698084160_3698084161_#1more_0_D2.3,0,0.0,-1.0,[]
80.0,joinedS_3663662947_3663662948_3698084160_3698084161_#1more_0_D3.0,1,100.0,-1.0,['truck2']
80.0,joinedS_3663662947_3663662948_3698084160_3698084161_#1more_0_D3.1,0,0.0,-1.0,[]
80.0,joinedS_3663662947_3663662948_3698084160_3698084161_#1more_0_D3.2,0,0.0,-1.0,[]
80.0,joinedS_3663662947_3663662948_3698084160_3698084161_#1more_0_D3.3,0,0.0,-1.0,[]
80.0,joinedS_3663662947_3663662948_3698084160_3698084161_#1more_0_D3.4,0,0.0,-1.0,[]
85.0,cluster_122855839_3663662942_3663662943_3663662944_#1more_0_D0.0,0,0.0,-1.0,[]
85.0,cluster_122855839_3663662942_3663662943_3663662944_#1more_0_D0.1,0,0.0,-1.0,[]
85.0,cluster_122855839_3663662942_3663662943_3663662944_#1more_0_D0.2,0,0.0,-1.0,[]
85.0,cluster_122855839_3663662942_3663662943_3663662944_#1more_0_D0.3,0,0.0,-1.0,[]
85.0,cluster_122855839_3663662942_3663662943_3663662944_#1more_0_D0.4,0,0.0,-1.0,[]
85.0,cluster_122855839_3663662942_3663662943_3663662944_#1more_0_D1.0,0,0.0,-1.0,[]
85.0,cluster_122855839_3663662942_3663662943_3663662944_#1more_0_D1.1,1,52.17383620125133,11.828286507127316,['truck0']
85.0,cluster_122855839_3663662942_3663662943_3663662944_#1more_0_D1.2,0,0.0,-1.0,[]
85.0,cluster_122855839_3663662942_3663662943_3663662944_#1more_0_D2.0,0,0.0,-1.0,[]
85.0,cluster_122855839_3663662942_3663662943_3663662944_#1more_0_D2.1,0,0.0,-1.0,[]
85.0,cluster_123241924_382443557_5344542568_5546892974_#3more_0_D0.0,1,0.0,-1.0,['veh17']
85.0,cluster_123241924_382443557_5344542568_5546892974_#3more_0_D0.1,0,0.0,-1.0,[]
85.0,cluster_123241924_382443557_5344542568_5546892974_#3more_0_D0.2,0,0.0,-1.0,[]
85.0,cluster_123241924_382443557_5344542568_5546892974_#3more_0_D0.3,0,0.0,-1.0,[]
85.0,cluster_123241924_382443557_5344542568_5546892974_#3more_0_D0.4,0,0.0,-1.0,[]
85.0,cluster_123241924_382443557_5344542568_5546892974_#3more_0_D1.0,0,0.0,-1.0,[]
85.0,cluster_123241924_382443557_5344542568_5546892974_#3more_0_D2.0,0,0.0,-1.0,[]
85.0,cluster_123241924_382443557_5344542568_5546892974_#3more_0_D2.1,0,0.0,-1.0,[]
85.0,cluster_123241924_382443557_5344542568_5546892974_#3more_0_D2.2,0,0.0,-1.0,[]
85.0,cluster_123241924_382443557_5344542568_5546892974_#3more_0_D2.3,0,0.0,-1.0,[]
85.0,cluster_123241924_382443557_5344542568_5546892974_#3more_0_D2.4,0,0.0,-1.0,[]
85.0,cluster_123241924_382443557_5344542568_5546892974_#3more_0_D2.5,0,0.0,-1.0,[]
85.0,cluster_123241924_382443557_5344542568_5546892974_#3more_0_D3.0,0,0.0,-1.0,[]
85.0,cluster_123241924_382443557_5344542568_5546892974_#3more_0_D3.1,0,0.0,-1.0,[]
85.0,cluster_123241924_382443557_5344542568_5546892974_#3more_0_D3.2,0,0.0,-1.0,[]
85.0,cluster_123241924_382443557_5344542568_5546892974_#3more_0_D3.3,0,0.0,-1.0,[]
85.0,cluster_123241924_382443557_5344542568_5546892974_#3more_0_D3.4,0,0.0,-1.0,[]
85.0,cluster_123281084_3663662939_3664674395_3664674397_#1more_0_D0.0,1,100.0,-1.0,['veh38']
85.0,cluster_123281084_3663662939_3664674395_3664674397_#1more_0_D0.1,0,0.0,-1.0,[]
85.0,cluster_123281084_3663662939_3664674395_3664674397_#1more_0_D0.2,0,0.0,-1.0,[]
85.0,cluster_123281084_3663662939_3664674395_3664674397_#1more_0_D0.3,0,0.0,-1.0,[]
85.0,cluster_123281084_3663662939_3664674395_3664674397_#1more_0_D0.4,0,0.0,-1.0,[]
85.0,cluster_123281084_3663662939_3664674395_3664674397_#1more_0_D1.0,0,0.0,-1.0,[]
85.0,cluster_123281084_3663662939_3664674395_3664674397_#1more_0_D1.1,0,0.0,-1.0,[]
85.0,cluster_123281084_3663662939_3664674395_3664674397_#1more_0_D2.0,0,0.0,-1.0,[]
85.0,cluster_123281084_3663662939_3664674395_3664674397_#1more_0_D2.1,0,0.0,-1.0,[]
85.0,cluster_123281085_12840608127_12840608130_12840608135_#1more_0_D0.0,1,0.0,-1.0,['veh36']
85.0,cluster_123281085_12840608127_12840608130_12840608135_#1more_0_D1.0,0,0.0,-1.0,[]
85.0,cluster_123292026_3663224279_3663224280_3663662945_#1more_0_D0.0,0,0.0,-1.0,[]
85.0,cluster_123292026_3663224279_3663224280_3663662945_#1more_0_D0.1,0,0.0,-1.0,[]
85.0,cluster_123292026_3663224279_3663224280_3663662945_#1more_0_D1.0,0,0.0,-1.0,[]
85.0,cluster_123292026_3663224279_3663224280_3663662945_#1more_0_D1.1,0,0.0,-1.0,[]
85.0,cluster_123292026_3663224279_3663224280_3663662945_#1more_0_D1.2,0,0.0,-1.0,[]
85.0,cluster_123292026_3663224279_3663224280_3663662945_#1more_0_D1.3,0,0.0,-1.0,[]
85.0,cluster_123292026_3663224279_3663224280_3663662945_#1more_0_D2.0,0,0.0,-1.0,[]
85.0,cluster_123292026_3663224279_3663224280_3663662945_#1more_0_D2.1,0,0.0,-1.0,[]
85.0,cluster_123292029_3663224277_3663224278_5344542569_#1more_0_D0.0,1,100.0,-1.0,['veh46']
85.0,cluster_123292029_3663224277_3663224278_5344542569_#1more_0_D0.1,0,0.0,-1.0,[]
85.0,cluster_123292029_3663224277_3663224278_5344542569_#1more_0_D0.2,0,0.0,-1.0,[]
85.0,cluster_123292029_3663224277_3663224278_5344542569_#1more_0_D1.0,0,0.0,-1.0,[]
85.0,cluster_123292029_3663224277_3663224278_5344542569_#1more_0_D1.1,0,0.0,-1.0,[]
85.0,cluster_123292029_3663224277_3663224278_5344542569_#1more_0_D2.0,0,0.0,-1.0,[]
85.0,cluster_123292029_3663224277_3663224278_5344542569_#1more_0_D2.1,0,0.0,-1.0,[]
85.0,cluster_123292029_3663224277_3663224278_5344542569_#1more_0_D2.2,0,0.0,-1.0,[]
85.0,cluster_123292029_3663224277_3663224278_5344542569_#1more_0_D3.0,0,0.0,-1.0,[]
85.0,cluster_123292029_3663224277_3663224278_5344542569_#1more_0_D3.1,0,0.0,-1.0,[]
85.0,cluster_123292031_3663224275_3663224276_3663662936_#1more_0_D0.0,0,0.0,-1.0,[]
85.0,cluster_123292031_3663224275_3663224276_3663662936_#1more_0_D0.1,0,0.0,-1.0,[]
85.0,cluster_123292031_3663224275_3663224276_3663662936_#1more_0_D1.0,0,0.0,-1.0,[]
85.0,cluster_123292031_3663224275_3663224276_3663662936_#1more_0_D2.0,0,0.0,-1.0,[]
85.0,cluster_123292031_3663224275_3663224276_3663662936_#1more_0_D2.1,0,0.0,-1.0,[]
85.0,cluster_123308403_3663827018_3663827019_3664674393_#1more_0_D0.0,0,0.0,-1.0,[]
85.0,cluster_123308403_3663827018_3663827019_3664674393_#1more_0_D0.1,0,0.0,-1.0,[]
85.0,cluster_123308403_3663827018_3663827019_3664674393_#1more_0_D1.0,0,0.0,-1.0,[]
85.0,cluster_123308403_3663827018_3663827019_3664674393_#1more_0_D1.1,0,0.0,-1.0,[]
85.0,cluster_123308403_3663827018_3663827019_3664674393_#1more_0_D1.2,1,83.50666656198484,11.810068617441226,['bus5']
85.0,cluster_123308403_3663827018_3663827019_3664674393_#1more_0_D1.3,0,0.0,-1.0,[]
85.0,cluster_123308403_3663827018_3663827019_3664674393_#1more_0_D2.0,0,0.0,-1.0,[]
85.0,cluster_123308403_3663827018_3663827019_3664674393_#1more_0_D2.1,0,0.0,-1.0,[]
85.0,cluster_123308403_3663827018_3663827019_3664674393_#1more_0_D2.2,0,0.0,-1.0,[]
85.0,cluster_3664723686_3698084157_3698084158_3698084159_#1more_0_D0.0,0,0.0,-1.0,[]
85.0,cluster_3664723686_3698084157_3698084158_3698084159_#1more_0_D0.1,0,0.0,-1.0,[]
85.0,cluster_3664723686_3698084157_3698084158_3698084159_#1more_0_D0.2,0,0.0,-1.0,[]
85.0,cluster_3664723686_3698084157_3698084158_3698084159_#1more_0_D1.0,0,0.0,-1.0,[]
85.0,cluster_3664723686_3698084157_3698084158_3698084159_#1more_0_D1.1,0,0.0,-1.0,[]
85.0,cluster_3664723686_3698084157_3698084158_3698084159_#1more_0_D1.2,0,0.0,-1.0,[]
85.0,joinedS_3663662947_3663662948_3698084160_3698084161_#1more_0_D0.0,0,0.0,-1.0,[]
85.0,joinedS_3663662947_3663662948_3698084160_3698084161_#1more_0_D0.1,0,0.0,-1.0,[]
85.0,joinedS_3663662947_3663662948_3698084160_3698084161_#1more_0_D0.2,0,0.0,-1.0,[]
85.0,joinedS_3663662947_3663662948_3698084160_3698084161_#1more_0_D0.3,0,0.0,-1.0,[]
85.0,joinedS_3663662947_3663662948_3698084160_3698084161_#1more_0_D1.0,1,0.0,-1.0,['truck2']
85.0,joinedS_3663662947_3663662948_3698084160_3698084161_#1more_0_D1.1,0,0.0,-1.0,[]
85.0,joinedS_3663662947_3663662948_3698084160_3698084161_#1more_0_D1.2,0,0.0,-1.0,[]
85.0,joinedS_3663662947_3663662948_3698084160_3698084161_#1more_0_D1.3,0,0.0,-1.0,[]
85.0,joinedS_3663662947_3663662948_3698084160_3698084161_#1more_0_D2.0,1,100.0,-1.0,['veh45']
85.0,joinedS_3663662947_3663662948_3698084160_3698084161_#1more_0_D2.1,1,100.0,-1.0,['veh43']
85.0,joinedS_3663662947_3663662948_3698084160_3698084161_#1more_0_D2.2,0,0.0,-1.0,[]
85.0,joinedS_3663662947_3663662948_3698084160_3698084161_#1more_0_D2.3,0,0.0,-1.0,[]
85.0,joinedS_3663662947_3663662948_3698084160_3698084161_#1more_0_D3.0,1,100.0,-1.0,['veh50']
85.0,joinedS_3663662947_3663662948_3698084160_3698084161_#1more_0_D3.1,0,0.0,-1.0,[]
85.0,joinedS_3663662947_3663662948_3698084160_3698084161_#1more_0_D3.2,0,0.0,-1.0,[]
85.0,joinedS_3663662947_3663662948_3698084160_3698084161_#1more_0_D3.3,0,0.0,-1.0,[]
85.0,joinedS_3663662947_3663662948_3698084160_3698084161_#1more_0_D3.4,0,0.0,-1.0,[]
90.0,cluster_122855839_3663662942_3663662943_3663662944_#1more_0_D0.0,0,0.0,-1.0,[]
90.0,cluster_122855839_3663662942_3663662943_3663662944_#1more_0_D0.1,0,0.0,-1.0,[]
90.0,cluster_122855839_3663662942_3663662943_3663662944_#1more_0_D0.2,0,0.0,-1.0,[]
90.0,cluster_122855839_3663662942_3663662943_3663662944_#1more_0_D0.3,0,0.0,-1.0,[]
90.0,cluster_122855839_3663662942_3663662943_3663662944_#1more_0_D0.4,1,0.0,-1.0,['veh20']
90.0,cluster_122855839_3663662942_3663662943_3663662944_#1more_0_D1.0,0,0.0,-1.0,[]
90.0,cluster_122855839_3663662942_3663662943_3663662944_#1more_0_D1.1,0,0.0,-1.0,[]
90.0,cluster_122855839_3663662942_3663662943_3663662944_#1more_0_D1.2,0,0.0,-1.0,[]
90.0,cluster_122855839_3663662942_3663662943_3663662944_#1more_0_D2.0,0,0.0,-1.0,[]
90.0,cluster_122855839_3663662942_3663662943_3663662944_#1more_0_D2.1,0,0.0,-1.0,[]
90.0,cluster_123241924_382443557_5344542568_5546892974_#3more_0_D0.0,0,0.0,-1.0,[]
90.0,cluster_123241924_382443557_5344542568_5546892974_#3more_0_D0.1,0,0.0,-1.0,[]
90.0,cluster_123241924_382443557_5344542568_5546892974_#3more_0_D0.2,0,0.0,-1.0,[]
90.0,cluster_123241924_382443557_5344542568_5546892974_#3more_0_D0.3,0,0.0,-1.0,[]
90.0,cluster_123241924_382443557_5344542568_5546892974_#3more_0_D0.4,0,0.0,-1.0,[]
90.0,cluster_123241924_382443557_5344542568_5546892974_#3more_0_D1.0,0,0.0,-1.0,[]
90.0,cluster_123241924_382443557_5344542568_5546892974_#3more_0_D2.0,0,0.0,-1.0,[]
90.0,cluster_123241924_382443557_5344542568_5546892974_#3more_0_D2.1,0,0.0,-1.0,[]
90.0,cluster_123241924_382443557_5344542568_5546892974_#3more_0_D2.2,0,0.0,-1.0,[]
90.0,cluster_123241924_382443557_5344542568_5546892974_#3more_0_D2.3,0,0.0,-1.0,[]
90.0,cluster_123241924_382443557_5344542568_5546892974_#3more_0_D2.4,0,0.0,-1.0,[]
90.0,cluster_123241924_382443557_5344542568_5546892974_#3more_0_D2.5,0,0.0,-1.0,[]
90.0,cluster_123241924_382443557_5344542568_5546892974_#3more_0_D3.0,0,0.0,-1.0,[]
90.0,cluster_123241924_382443557_5344542568_5546892974_#3more_0_D3.1,0,0.0,-1.0,[]
90.0,cluster_123241924_382443557_5344542568_5546892974_#3more_0_D3.2,0,0.0,-1.0,[]
90.0,cluster_123241924_382443557_5344542568_5546892974_#3more_0_D3.3,0,0.0,-1.0,[]
90.0,cluster_123241924_382443557_5344542568_5546892974_#3more_0_D3.4,0,0.0,-1.0,[]
90.0,cluster_123281084_3663662939_3664674395_3664674397_#1more_0_D0.0,1,100.0,-1.0,['veh38']
90.0,cluster_123281084_3663662939_3664674395_3664674397_#1more_0_D0.1,0,0.0,-1.0,[]
90.0,cluster_123281084_3663662939_3664674395_3664674397_#1more_0_D0.2,0,0.0,-1.0,[]
90.0,cluster_123281084_3663662939_3664674395_3664674397_#1more_0_D0.3,0,0.0,-1.0,[]
90.0,cluster_123281084_3663662939_3664674395_3664674397_#1more_0_D0.4,0,0.0,-1.0,[]
90.0,cluster_123281084_3663662939_3664674395_3664674397_#1more_0_D1.0,0,0.0,-1.0,[]
90.0,cluster_123281084_3663662939_3664674395_3664674397_#1more_0_D1.1,0,0.0,-1.0,[]
90.0,cluster_123281084_3663662939_3664674395_3664674397_#1more_0_D2.0,0,0.0,-1.0,[]
90.0,cluster_123281084_3663662939_3664674395_3664674397_#1more_0_D2.1,0,0.0,-1.0,[]
90.0,cluster_123281085_12840608127_12840608130_12840608135_#1more_0_D0.0,0,0.0,-1.0,[]
90.0,cluster_123281085_12840608127_12840608130_12840608135_#1more_0_D1.0,0,0.0,-1.0,[]
90.0,cluster_123292026_3663224279_3663224280_3663662945_#1more_0_D0.0,0,0.0,-1.0,[]
90.0,cluster_123292026_3663224279_3663224280_3663662945_#1more_0_D0.1,0,0.0,-1.0,[]
90.0,cluster_123292026_3663224279_3663224280_3663662945_#1more_0_D1.0,0,0.0,-1.0,[]
90.0,cluster_123292026_3663224279_3663224280_3663662945_#1more_0_D1.1,0,0.0,-1.0,[]
90.0,cluster_123292026_3663224279_3663224280_3663662945_#1more_0_D1.2,0,0.0,-1.0,[]
90.0,cluster_123292026_3663224279_3663224280_3663662945_#1more_0_D1.3,0,0.0,-1.0,[]
90.0,cluster_123292026_3663224279_3663224280_3663662945_#1more_0_D2.0,0,0.0,-1.0,[]
90.0,cluster_123292026_3663224279_3663224280_3663662945_#1more_0_D2.1,0,0.0,-1.0,[]
90.0,cluster_123292029_3663224277_3663224278_5344542569_#1more_0_D0.0,1,100.0,-1.0,['veh46']
90.0,cluster_123292029_3663224277_3663224278_5344542569_#1more_0_D0.1,0,0.0,-1.0,[]
90.0,cluster_123292029_3663224277_3663224278_5344542569_#1more_0_D0.2,0,0.0,-1.0,[]
90.0,cluster_123292029_3663224277_3663224278_5344542569_#1more_0_D1.0,0,0.0,-1.0,[]
90.0,cluster_123292029_3663224277_3663224278_5344542569_#1more_0_D1.1,1,0.0,-1.0,['veh24']
90.0,cluster_123292029_3663224277_3663224278_5344542569_#1more_0_D2.0,0,0.0,-1.0,[]
90.0,cluster_123292029_3663224277_3663224278_5344542569_#1more_0_D2.1,0,0.0,-1.0,[]
90.0,cluster_123292029_3663224277_3663224278_5344542569_#1more_0_D2.2,0,0.0,-1.0,[]
90.0,cluster_123292029_3663224277_3663224278_5344542569_#1more_0_D3.0,0,0.0,-1.0,[]
90.0,cluster_123292029_3663224277_3663224278_5344542569_#1more_0_D3.1,0,0.0,-1.0,[]
90.0,cluster_123292031_3663224275_3663224276_3663662936_#1more_0_D0.0,0,0.0,-1.0,[]
90.0,cluster_123292031_3663224275_3663224276_3663662936_#1more_0_D0.1,0,0.0,-1.0,[]
90.0,cluster_123292031_3663224275_3663224276_3663662936_#1more_0_D1.0,0,0.0,-1.0,[]
90.0,cluster_123292031_3663224275_3663224276_3663662936_#1more_0_D2.0,0,0.0,-1.0,[]
90.0,cluster_123292031_3663224275_3663224276_3663662936_#1more_0_D2.1,0,0.0,-1.0,[]
90.0,cluster_123308403_3663827018_3663827019_3664674393_#1more_0_D0.0,0,0.0,-1.0,[]
90.0,cluster_123308403_3663827018_3663827019_3664674393_#1more_0_D0.1,0,0.0,-1.0,[]
90.0,cluster_123308403_3663827018_3663827019_3664674393_#1more_0_D1.0,0,0.0,-1.0,[]
90.0,cluster_123308403_3663827018_3663827019_3664674393_#1more_0_D1.1,0,0.0,-1.0,[]
90.0,cluster_123308403_3663827018_3663827019_3664674393_#1more_0_D1.2,1,27.55043926188705,9.251934400740499,['veh53']
90.0,cluster_123308403_3663827018_3663827019_3664674393_#1more_0_D1.3,0,0.0,-1.0,[]
90.0,cluster_123308403_3663827018_3663827019_3664674393_#1more_0_D2.0,0,0.0,-1.0,[]
90.0,cluster_123308403_3663827018_3663827019_3664674393_#1more_0_D2.1,0,0.0,-1.0,[]
90.0,cluster_123308403_3663827018_3663827019_3664674393_#1more_0_D2.2,0,0.0,-1.0,[]
90.0,cluster_3664723686_3698084157_3698084158_3698084159_#1more_0_D0.0,0,0.0,-1.0,[]
90.0,cluster_3664723686_3698084157_3698084158_3698084159_#1more_0_D0.1,0,0.0,-1.0,[]
90.0,cluster_3664723686_3698084157_3698084158_3698084159_#1more_0_D0.2,0,0.0,-1.0,[]
90.0,cluster_3664723686_3698084157_3698084158_3698084159_#1more_0_D1.0,0,0.0,-1.0,[]
90.0,cluster_3664723686_3698084157_3698084158_3698084159_#1more_0_D1.1,0,0.0,-1.0,[]
90.0,cluster_3664723686_3698084157_3698084158_3698084159_#1more_0_D1.2,0,0.0,-1.0,[]
90.0,joinedS_3663662947_3663662948_3698084160_3698084161_#1more_0_D0.0,0,0.0,-1.0,[]
90.0,joinedS_3663662947_3663662948_3698084160_3698084161_#1more_0_D0.1,0,0.0,-1.0,[]
90.0,joinedS_3663662947_3663662948_3698084160_3698084161_#1more_0_D0.2,0,0.0,-1.0,[]
90.0,joinedS_3663662947_3663662948_3698084160_3698084161_#1more_0_D0.3,0,0.0,-1.0,[]
90.0,joinedS_3663662947_3663662948_3698084160_3698084161_#1more_0_D1.0,0,0.0,-1.0,[]
90.0,joinedS_3663662947_3663662948_3698084160_3698084161_#1more_0_D1.1,0,0.0,-1.0,[]
90.0,joinedS_3663662947_3663662948_3698084160_3698084161_#1more_0_D1.2,0,0.0,-1.0,[]
90.0,joinedS_3663662947_3663662948_3698084160_3698084161_#1more_0_D1.3,0,0.0,-1.0,[]
90.0,joinedS_3663662947_3663662948_3698084160_3698084161_#1more_0_D2.0,1,100.0,-1.0,['veh45']
90.0,joinedS_3663662947_3663662948_3698084160_3698084161_#1more_0_D2.1,1,100.0,-1.0,['veh43']
90.0,joinedS_3663662947_3663662948_3698084160_3698084161_#1more_0_D2.2,0,0.0,-1.0,[]
90.0,joinedS_3663662947_3663662948_3698084160_3698084161_#1more_0_D2.3,0,0.0,-1.0,[]
90.0,joinedS_3663662947_3663662948_3698084160_3698084161_#1more_0_D3.0,1,0.0,-1.0,['veh51']
90.0,joinedS_3663662947_3663662948_3698084160_3698084161_#1more_0_D3.1,0,0.0,-1.0,[]
90.0,joinedS_3663662947_3663662948_3698084160_3698084161_#1more_0_D3.2,0,0.0,-1.0,[]
90.0,joinedS_3663662947_3663662948_3698084160_3698084161_#1more_0_D3.3,0,0.0,-1.0,[]
90.0,joinedS_3663662947_3663662948_3698084160_3698084161_#1more_0_D3.4,0,0.0,-1.0,[]
95.0,cluster_122855839_3663662942_3663662943_3663662944_#1more_0_D0.0,0,0.0,-1.0,[]
95.0,cluster_122855839_3663662942_3663662943_3663662944_#1more_0_D0.1,0,0.0,-1.0,[]
95.0,cluster_122855839_3663662942_3663662943_3663662944_#1more_0_D0.2,0,0.0,-1.0,[]
95.0,cluster_122855839_3663662942_3663662943_3663662944_#1more_0_D0.3,0,0.0,-1.0,[]
95.0,cluster_122855839_3663662942_3663662943_3663662944_#1more_0_D0.4,1,0.0,-1.0,['veh40']
95.0,cluster_122855839_3663662942_3663662943_3663662944_#1more_0_D1.0,0,0.0,-1.0,[]
95.0,cluster_122855839_3663662942_3663662943_3663662944_#1more_0_D1.1,0,0.0,-1.0,[]
95.0,cluster_122855839_3663662942_3663662943_3663662944_#1more_0_D1.2,0,0.0,-1.0,[]
95.0,cluster_122855839_3663662942_3663662943_3663662944_#1more_0_D2.0,0,0.0,-1.0,[]
95.0,cluster_122855839_3663662942_3663662943_3663662944_#1more_0_D2.1,0,0.0,-1.0,[]
95.0,cluster_123241924_382443557_5344542568_5546892974_#3more_0_D0.0,1,37.51186398252031,5.693229247344006,['bus2']
95.0,cluster_123241924_382443557_5344542568_5546892974_#3more_0_D0.1,0,0.0,-1.0,[]
95.0,cluster_123241924_382443557_5344542568_5546892974_#3more_0_D0.2,0,0.0,-1.0,[]
95.0,cluster_123241924_382443557_5344542568_5546892974_#3more_0_D0.3,0,0.0,-1.0,[]
95.0,cluster_123241924_382443557_5344542568_5546892974_#3more_0_D0.4,0,0.0,-1.0,[]
95.0,cluster_123241924_382443557_5344542568_5546892974_#3more_0_D1.0,0,0.0,-1.0,[]
95.0,cluster_123241924_382443557_5344542568_5546892974_#3more_0_D2.0,0,0.0,-1.0,[]
95.0,cluster_123241924_382443557_5344542568_5546892974_#3more_0_D2.1,0,0.0,-1.0,[]
95.0,cluster_123241924_382443557_5344542568_5546892974_#3more_0_D2.2,0,0.0,-1.0,[]
95.0,cluster_123241924_382443557_5344542568_5546892974_#3more_0_D2.3,0,0.0,-1.0,[]
95.0,cluster_123241924_382443557_5344542568_5546892974_#3more_0_D2.4,0,0.0,-1.0,[]
95.0,cluster_123241924_382443557_5344542568_5546892974_#3more_0_D2.5,0,0.0,-1.0,[]
95.0,cluster_123241924_382443557_5344542568_5546892974_#3more_0_D3.0,0,0.0,-1.0,[]
95.0,cluster_123241924_382443557_5344542568_5546892974_#3more_0_D3.1,0,0.0,-1.0,[]
95.0,cluster_123241924_382443557_5344542568_5546892974_#3more_0_D3.2,0,0.0,-1.0,[]
95.0,cluster_123241924_382443557_5344542568_5546892974_#3more_0_D3.3,0,0.0,-1.0,[]
95.0,cluster_123241924_382443557_5344542568_5546892974_#3more_0_D3.4,0,0.0,-1.0,[]
95.0,cluster_123281084_3663662939_3664674395_3664674397_#1more_0_D0.0,1,100.0,-1.0,['veh38']
95.0,cluster_123281084_3663662939_3664674395_3664674397_#1more_0_D0.1,0,0.0,-1.0,[]
95.0,cluster_123281084_3663662939_3664674395_3664674397_#1more_0_D0.2,0,0.0,-1.0,[]
95.0,cluster_123281084_3663662939_3664674395_3664674397_#1more_0_D0.3,0,0.0,-1.0,[]
95.0,cluster_123281084_3663662939_3664674395_3664674397_#1more_0_D0.4,0,0.0,-1.0,[]
95.0,cluster_123281084_3663662939_3664674395_3664674397_#1more_0_D1.0,0,0.0,-1.0,[]
95.0,cluster_123281084_3663662939_3664674395_3664674397_#1more_0_D1.1,0,0.0,-1.0,[]
95.0,cluster_123281084_3663662939_3664674395_3664674397_#1more_0_D2.0,0,0.0,-1.0,[]
95.0,cluster_123281084_3663662939_3664674395_3664674397_#1more_0_D2.1,0,0.0,-1.0,[]
95.0,cluster_123281085_12840608127_12840608130_12840608135_#1more_0_D0.0,0,0.0,-1.0,[]
95.0,cluster_123281085_12840608127_12840608130_12840608135_#1more_0_D1.0,0,0.0,-1.0,[]
95.0,cluster_123292026_3663224279_3663224280_3663662945_#1more_0_D0.0,0,0.0,-1.0,[]
95.0,cluster_123292026_3663224279_3663224280_3663662945_#1more_0_D0.1,0,0.0,-1.0,[]
95.0,cluster_123292026_3663224279_3663224280_3663662945_#1more_0_D1.0,0,0.0,-1.0,[]
95.0,cluster_123292026_3663224279_3663224280_3663662945_#1more_0_D1.1,0,0.0,-1.0,[]
95.0,cluster_123292026_3663224279_3663224280_3663662945_#1more_0_D1.2,0,0.0,-1.0,[]
95.0,cluster_123292026_3663224279_3663224280_3663662945_#1more_0_D1.3,0,0.0,-1.0,[]
95.0,cluster_123292026_3663224279_3663224280_3663662945_#1more_0_D2.0,0,0.0,-1.0,[]
95.0,cluster_123292026_3663224279_3663224280_3663662945_#1more_0_D2.1,0,0.0,-1.0,[]
95.0,cluster_123292029_3663224277_3663224278_5344542569_#1more_0_D0.0,0,0.0,-1.0,[]
95.0,cluster_123292029_3663224277_3663224278_5344542569_#1more_0_D0.1,0,0.0,-1.0,[]
95.0,cluster_123292029_3663224277_3663224278_5344542569_#1more_0_D0.2,0,0.0,-1.0,[]
95.0,cluster_123292029_3663224277_3663224278_5344542569_#1more_0_D1.0,0,0.0,-1.0,[]
95.0,cluster_123292029_3663224277_3663224278_5344542569_#1more_0_D1.1,1,100.0,-1.0,['veh44']
95.0,cluster_123292029_3663224277_3663224278_5344542569_#1more_0_D2.0,1,37.20592219036973,13.438720788633441,['veh7']
95.0,cluster_123292029_3663224277_3663224278_5344542569_#1more_0_D2.1,0,0.0,-1.0,[]
95.0,cluster_123292029_3663224277_3663224278_5344542569_#1more_0_D2.2,0,0.0,-1.0,[]
95.0,cluster_123292029_3663224277_3663224278_5344542569_#1more_0_D3.0,0,0.0,-1.0,[]
95.0,cluster_123292029_3663224277_3663224278_5344542569_#1more_0_D3.1,0,0.0,-1.0,[]
95.0,cluster_123292031_3663224275_3663224276_3663662936_#1more_0_D0.0,0,0.0,-1.0,[]
95.0,cluster_123292031_3663224275_3663224276_3663662936_#1more_0_D0.1,0,0.0,-1.0,[]
95.0,cluster_123292031_3663224275_3663224276_3663662936_#1more_0_D1.0,1,16.671325292172412,12.300600390740078,['veh36']
95.0,cluster_123292031_3663224275_3663224276_3663662936_#1more_0_D2.0,0,0.0,-1.0,[]
95.0,cluster_123292031_3663224275_3663224276_3663662936_#1more_0_D2.1,0,0.0,-1.0,[]
95.0,cluster_123308403_3663827018_3663827019_3664674393_#1more_0_D0.0,0,0.0,-1.0,[]
95.0,cluster_123308403_3663827018_3663827019_3664674393_#1more_0_D0.1,0,0.0,-1.0,[]
95.0,cluster_123308403_3663827018_3663827019_3664674393_#1more_0_D1.0,0,0.0,-1.0,[]
95.0,cluster_123308403_3663827018_3663827019_3664674393_#1more_0_D1.1,0,0.0,-1.0,[]
95.0,cluster_123308403_3663827018_3663827019_3664674393_#1more_0_D1.2,1,100.0,-1.0,['veh54']
95.0,cluster_123308403_3663827018_3663827019_3664674393_#1more_0_D1.3,0,0.0,-1.0,[]
95.0,cluster_123308403_3663827018_3663827019_3664674393_#1more_0_D2.0,0,0.0,-1.0,[]
95.0,cluster_123308403_3663827018_3663827019_3664674393_#1more_0_D2.1,0,0.0,-1.0,[]
95.0,cluster_123308403_3663827018_3663827019_3664674393_#1more_0_D2.2,0,0.0,-1.0,[]
95.0,cluster_3664723686_3698084157_3698084158_3698084159_#1more_0_D0.0,0,0.0,-1.0,[]
95.0,cluster_3664723686_3698084157_3698084158_3698084159_#1more_0_D0.1,0,0.0,-1.0,[]
95.0,cluster_3664723686_3698084157_3698084158_3698084159_#1more_0_D0.2,0,0.0,-1.0,[]
95.0,cluster_3664723686_3698084157_3698084158_3698084159_#1more_0_D1.0,0,0.0,-1.0,[]
95.0,cluster_3664723686_3698084157_3698084158_3698084159_#1more_0_D1.1,0,0.0,-1.0,[]
95.0,cluster_3664723686_3698084157_3698084158_3698084159_#1more_0_D1.2,0,0.0,-1.0,[]
95.0,joinedS_3663662947_3663662948_3698084160_3698084161_#1more_0_D0.0,0,0.0,-1.0,[]
95.0,joinedS_3663662947_3663662948_3698084160_3698084161_#1more_0_D0.1,0,0.0,-1.0,[]
95.0,joinedS_3663662947_3663662948_3698084160_3698084161_#1more_0_D0.2,0,0.0,-1.0,[]
95.0,joinedS_3663662947_3663662948_3698084160_3698084161_#1more_0_D0.3,0,0.0,-1.0,[]
95.0,joinedS_3663662947_3663662948_3698084160_3698084161_#1more_0_D1.0,0,0.0,-1.0,[]
95.0,joinedS_3663662947_3663662948_3698084160_3698084161_#1more_0_D1.1,0,0.0,-1.0,[]
95.0,joinedS_3663662947_3663662948_3698084160_3698084161_#1more_0_D1.2,0,0.0,-1.0,[]
95.0,joinedS_3663662947_3663662948_3698084160_3698084161_#1more_0_D1.3,0,0.0,-1.0,[]
95.0,joinedS_3663662947_3663662948_3698084160_3698084161_#1more_0_D2.0,1,100.0,-1.0,['veh45']
95.0,joinedS_3663662947_3663662948_3698084160_3698084161_#1more_0_D2.1,1,100.0,-1.0,['veh43']
95.0,joinedS_3663662947_3663662948_3698084160_3698084161_#1more_0_D2.2,0,0.0,-1.0,[]
95.0,joinedS_3663662947_3663662948_3698084160_3698084161_#1more_0_D2.3,0,0.0,-1.0,[]
95.0,joinedS_3663662947_3663662948_3698084160_3698084161_#1more_0_D3.0,0,0.0,-1.0,[]
95.0,joinedS_3663662947_3663662948_3698084160_3698084161_#1more_0_D3.1,0,0.0,-1.0,[]
95.0,joinedS_3663662947_3663662948_3698084160_3698084161_#1more_0_D3.2,0,0.0,-1.0,[]
95.0,joinedS_3663662947_3663662948_3698084160_3698084161_#1more_0_D3.3,0,0.0,-1.0,[]
95.0,joinedS_3663662947_3663662948_3698084160_3698084161_#1more_0_D3.4,0,0.0,-1.0,[]
100.0,cluster_122855839_3663662942_3663662943_3663662944_#1more_0_D0.0,0,0.0,-1.0,[]
100.0,cluster_122855839_3663662942_3663662943_3663662944_#1more_0_D0.1,0,0.0,-1.0,[]
100.0,cluster_122855839_3663662942_3663662943_3663662944_#1more_0_D0.2,0,0.0,-1.0,[]
100.0,cluster_122855839_3663662942_3663662943_3663662944_#1more_0_D0.3,0,0.0,-1.0,[]
100.0,cluster_122855839_3663662942_3663662943_3663662944_#1more_0_D0.4,1,0.0,-1.0,['veh50']
100.0,cluster_122855839_3663662942_3663662943_3663662944_#1more_0_D1.0,0,0.0,-1.0,[]
100.0,cluster_122855839_3663662942_3663662943_3663662944_#1more_0_D1.1,1,48.05880829457578,3.6299960917358756,['veh23']
100.0,cluster_122855839_3663662942_3663662943_3663662944_#1more_0_D1.2,0,0.0,-1.0,[]
100.0,cluster_122855839_3663662942_3663662943_3663662944_#1more_0_D2.0,1,42.06767799464899,11.8856096612606,['veh56']
100.0,cluster_122855839_3663662942_3663662943_3663662944_#1more_0_D2.1,0,0.0,-1.0,[]
100.0,cluster_123241924_382443557_5344542568_5546892974_#3more_0_D0.0,1,100.0,-1.0,['bus2']
100.0,cluster_123241924_382443557_5344542568_5546892974_#3more_0_D0.1,0,0.0,-1.0,[]
100.0,cluster_123241924_382443557_5344542568_5546892974_#3more_0_D0.2,0,0.0,-1.0,[]
100.0,cluster_123241924_382443557_5344542568_5546892974_#3more_0_D0.3,0,0.0,-1.0,[]
100.0,cluster_123241924_382443557_5344542568_5546892974_#3more_0_D0.4,0,0.0,-1.0,[]
100.0,cluster_123241924_382443557_5344542568_5546892974_#3more_0_D1.0,0,0.0,-1.0,[]
100.0,cluster_123241924_382443557_5344542568_5546892974_#3more_0_D2.0,0,0.0,-1.0,[]
100.0,cluster_123241924_382443557_5344542568_5546892974_#3more_0_D2.1,0,0.0,-1.0,[]
100.0,cluster_123241924_382443557_5344542568_5546892974_#3more_0_D2.2,0,0.0,-1.0,[]
100.0,cluster_123241924_382443557_5344542568_5546892974_#3more_0_D2.3,0,0.0,-1.0,[]
100.0,cluster_123241924_382443557_5344542568_5546892974_#3more_0_D2.4,0,0.0,-1.0,[]
100.0,cluster_123241924_382443557_5344542568_5546892974_#3more_0_D2.5,0,0.0,-1.0,[]
100.0,cluster_123241924_382443557_5344542568_5546892974_#3more_0_D3.0,0,0.0,-1.0,[]
100.0,cluster_123241924_382443557_5344542568_5546892974_#3more_0_D3.1,0,0.0,-1.0,[]
100.0,cluster_123241924_382443557_5344542568_5546892974_#3more_0_D3.2,0,0.0,-1.0,[]
100.0,cluster_123241924_382443557_5344542568_5546892974_#3more_0_D3.3,0,0.0,-1.0,[]
100.0,cluster_123241924_382443557_5344542568_5546892974_#3more_0_D3.4,0,0.0,-1.0,[]
100.0,cluster_123281084_3663662939_3664674395_3664674397_#1more_0_D0.0,1,100.0,-1.0,['veh38']
100.0,cluster_123281084_3663662939_3664674395_3664674397_#1more_0_D0.1,0,0.0,-1.0,[]
100.0,cluster_123281084_3663662939_3664674395_3664674397_#1more_0_D0.2,0,0.0,-1.0,[]
100.0,cluster_123281084_3663662939_3664674395_3664674397_#1more_0_D0.3,0,0.0,-1.0,[]
100.0,cluster_123281084_3663662939_3664674395_3664674397_#1more_0_D0.4,0,0.0,-1.0,[]
100.0,cluster_123281084_3663662939_3664674395_3664674397_#1more_0_D1.0,1,72.83936916466445,6.864419691357762,['veh58']
100.0,cluster_123281084_3663662939_3664674395_3664674397_#1more_0_D1.1,1,20.013109475976876,13.85630957695175,['veh52']
100.0,cluster_123281084_3663662939_3664674395_3664674397_#1more_0_D2.0,0,0.0,-1.0,[]
100.0,cluster_123281084_3663662939_3664674395_3664674397_#1more_0_D2.1,0,0.0,-1.0,[]
100.0,cluster_123281085_12840608127_12840608130_12840608135_#1more_0_D0.0,0,0.0,-1.0,[]
100.0,cluster_123281085_12840608127_12840608130_12840608135_#1more_0_D1.0,0,0.0,-1.0,[]
100.0,cluster_123292026_3663224279_3663224280_3663662945_#1more_0_D0.0,0,0.0,-1.0,[]
100.0,cluster_123292026_3663224279_3663224280_3663662945_#1more_0_D0.1,0,0.0,-1.0,[]
100.0,cluster_123292026_3663224279_3663224280_3663662945_#1more_0_D1.0,0,0.0,-1.0,[]
100.0,cluster_123292026_3663224279_3663224280_3663662945_#1more_0_D1.1,0,0.0,-1.0,[]
100.0,cluster_123292026_3663224279_3663224280_3663662945_#1more_0_D1.2,0,0.0,-1.0,[]
100.0,cluster_123292026_3663224279_3663224280_3663662945_#1more_0_D1.3,0,0.0,-1.0,[]
100.0,cluster_123292026_3663224279_3663224280_3663662945_#1more_0_D2.0,0,0.0,-1.0,[]
100.0,cluster_123292026_3663224279_3663224280_3663662945_#1more_0_D2.1,0,0.0,-1.0,[]
100.0,cluster_123292029_3663224277_3663224278_5344542569_#1more_0_D0.0,0,0.0,-1.0,[]
100.0,cluster_123292029_3663224277_3663224278_5344542569_#1more_0_D0.1,0,0.0,-1.0,[]
100.0,cluster_123292029_3663224277_3663224278_5344542569_#1more_0_D0.2,0,0.0,-1.0,[]
100.0,cluster_123292029_3663224277_3663224278_5344542569_#1more_0_D1.0,0,0.0,-1.0,[]
100.0,cluster_123292029_3663224277_3663224278_5344542569_#1more_0_D1.1,1,100.0,-1.0,['veh44']
100.0,cluster_123292029_3663224277_3663224278_5344542569_#1more_0_D2.0,0,0.0,-1.0,[]
100.0,cluster_123292029_3663224277_3663224278_5344542569_#1more_0_D2.1,0,0.0,-1.0,[]
100.0,cluster_123292029_3663224277_3663224278_5344542569_#1more_0_D2.2,1,18.983523974539196,17.7707146016128,['veh26']
100.0,cluster_123292029_3663224277_3663224278_5344542569_#1more_0_D3.0,0,0.0,-1.0,[]
100.0,cluster_123292029_3663224277_3663224278_5344542569_#1more_0_D3.1,0,0.0,-1.0,[]
100.0,cluster_123292031_3663224275_3663224276_3663662936_#1more_0_D0.0,0,0.0,-1.0,[]
100.0,cluster_123292031_3663224275_3663224276_3663662936_#1more_0_D0.1,0,0.0,-1.0,[]
100.0,cluster_123292031_3663224275_3663224276_3663662936_#1more_0_D1.0,0,0.0,-1.0,[]
100.0,cluster_123292031_3663224275_3663224276_3663662936_#1more_0_D2.0,0,0.0,-1.0,[]
100.0,cluster_123292031_3663224275_3663224276_3663662936_#1more_0_D2.1,0,0.0,-1.0,[]
100.0,cluster_123308403_3663827018_3663827019_3664674393_#1more_0_D0.0,0,0.0,-1.0,[]
100.0,cluster_123308403_3663827018_3663827019_3664674393_#1more_0_D0.1,0,0.0,-1.0,[]
100.0,cluster_123308403_3663827018_3663827019_3664674393_#1more_0_D1.0,0,0.0,-1.0,[]
100.0,cluster_123308403_3663827018_3663827019_3664674393_#1more_0_D1.1,0,0.0,-1.0,[]
100.0,cluster_123308403_3663827018_3663827019_3664674393_#1more_0_D1.2,0,0.0,-1.0,[]
100.0,cluster_123308403_3663827018_3663827019_3664674393_#1more_0_D1.3,0,0.0,-1.0,[]
100.0,cluster_123308403_3663827018_3663827019_3664674393_#1more_0_D2.0,0,0.0,-1.0,[]
100.0,cluster_123308403_3663827018_3663827019_3664674393_#1more_0_D2.1,0,0.0,-1.0,[]
100.0,cluster_123308403_3663827018_3663827019_3664674393_#1more_0_D2.2,0,0.0,-1.0,[]
100.0,cluster_3664723686_3698084157_3698084158_3698084159_#1more_0_D0.0,1,0.0,-1.0,['veh0']
100.0,cluster_3664723686_3698084157_3698084158_3698084159_#1more_0_D0.1,0,0.0,-1.0,[]
100.0,cluster_3664723686_3698084157_3698084158_3698084159_#1more_0_D0.2,0,0.0,-1.0,[]
100.0,cluster_3664723686_3698084157_3698084158_3698084159_#1more_0_D1.0,0,0.0,-1.0,[]
100.0,cluster_3664723686_3698084157_3698084158_3698084159_#1more_0_D1.1,0,0.0,-1.0,[]
100.0,cluster_3664723686_3698084157_3698084158_3698084159_#1more_0_D1.2,0,0.0,-1.0,[]
100.0,joinedS_3663662947_3663662948_3698084160_3698084161_#1more_0_D0.0,0,0.0,-1.0,[]
100.0,joinedS_3663662947_3663662948_3698084160_3698084161_#1more_0_D0.1,0,0.0,-1.0,[]
100.0,joinedS_3663662947_3663662948_3698084160_3698084161_#1more_0_D0.2,0,0.0,-1.0,[]
100.0,joinedS_3663662947_3663662948_3698084160_3698084161_#1more_0_D0.3,0,0.0,-1.0,[]
100.0,joinedS_3663662947_3663662948_3698084160_3698084161_#1more_0_D1.0,0,0.0,-1.0,[]
100.0,joinedS_3663662947_3663662948_3698084160_3698084161_#1more_0_D1.1,0,0.0,-1.0,[]
100.0,joinedS_3663662947_3663662948_3698084160_3698084161_#1more_0_D1.2,0,0.0,-1.0,[]
100.0,joinedS_3663662947_3663662948_3698084160_3698084161_#1more_0_D1.3,1,0.0,-1.0,['veh60']
100.0,joinedS_3663662947_3663662948_3698084160_3698084161_#1more_0_D2.0,0,0.0,-1.0,[]
100.0,joinedS_3663662947_3663662948_3698084160_3698084161_#1more_0_D2.1,0,0.0,-1.0,[]
100.0,joinedS_3663662947_3663662948_3698084160_3698084161_#1more_0_D2.2,0,0.0,-1.0,[]
100.0,joinedS_3663662947_3663662948_3698084160_3698084161_#1more_0_D2.3,0,0.0,-1.0,[]
100.0,joinedS_3663662947_3663662948_3698084160_3698084161_#1more_0_D3.0,0,0.0,-1.0,[]
100.0,joinedS_3663662947_3663662948_3698084160_3698084161_#1more_0_D3.1,0,0.0,-1.0,[]
100.0,joinedS_3663662947_3663662948_3698084160_3698084161_#1more_0_D3.2,0,0.0,-1.0,[]
100.0,joinedS_3663662947_3663662948_3698084160_3698084161_#1more_0_D3.3,0,0.0,-1.0,[]
100.0,joinedS_3663662947_3663662948_3698084160_3698084161_#1more_0_D3.4,0,0.0,-1.0,[]
105.0,cluster_122855839_3663662942_3663662943_3663662944_#1more_0_D0.0,0,0.0,-1.0,[]
105.0,cluster_122855839_3663662942_3663662943_3663662944_#1more_0_D0.1,0,0.0,-1.0,[]
105.0,cluster_122855839_3663662942_3663662943_3663662944_#1more_0_D0.2,0,0.0,-1.0,[]
105.0,cluster_122855839_3663662942_3663662943_3663662944_#1more_0_D0.3,0,0.0,-1.0,[]
105.0,cluster_122855839_3663662942_3663662943_3663662944_#1more_0_D0.4,0,0.0,-1.0,[]
105.0,cluster_122855839_3663662942_3663662943_3663662944_#1more_0_D1.0,0,0.0,-1.0,[]
105.0,cluster_122855839_3663662942_3663662943_3663662944_#1more_0_D1.1,1,100.0,-1.0,['veh23']
105.0,cluster_122855839_3663662942_3663662943_3663662944_#1more_0_D1.2,0,0.0,-1.0,[]
105.0,cluster_122855839_3663662942_3663662943_3663662944_#1more_0_D2.0,0,0.0,-1.0,[]
105.0,cluster_122855839_3663662942_3663662943_3663662944_#1more_0_D2.1,0,0.0,-1.0,[]
105.0,cluster_123241924_382443557_5344542568_5546892974_#3more_0_D0.0,1,100.0,-1.0,['bus2']
105.0,cluster_123241924_382443557_5344542568_5546892974_#3more_0_D0.1,0,0.0,-1.0,[]
105.0,cluster_123241924_382443557_5344542568_5546892974_#3more_0_D0.2,0,0.0,-1.0,[]
105.0,cluster_123241924_382443557_5344542568_5546892974_#3more_0_D0.3,0,0.0,-1.0,[]
105.0,cluster_123241924_382443557_5344542568_5546892974_#3more_0_D0.4,0,0.0,-1.0,[]
105.0,cluster_123241924_382443557_5344542568_5546892974_#3more_0_D1.0,0,0.0,-1.0,[]
105.0,cluster_123241924_382443557_5344542568_5546892974_#3more_0_D2.0,0,0.0,-1.0,[]
105.0,cluster_123241924_382443557_5344542568_5546892974_#3more_0_D2.1,0,0.0,-1.0,[]
105.0,cluster_123241924_382443557_5344542568_5546892974_#3more_0_D2.2,0,0.0,-1.0,[]
105.0,cluster_123241924_382443557_5344542568_5546892974_#3more_0_D2.3,0,0.0,-1.0,[]
105.0,cluster_123241924_382443557_5344542568_5546892974_#3more_0_D2.4,0,0.0,-1.0,[]
105.0,cluster_123241924_382443557_5344542568_5546892974_#3more_0_D2.5,0,0.0,-1.0,[]
105.0,cluster_123241924_382443557_5344542568_5546892974_#3more_0_D3.0,0,0.0,-1.0,[]
105.0,cluster_123241924_382443557_5344542568_5546892974_#3more_0_D3.1,0,0.0,-1.0,[]
105.0,cluster_123241924_382443557_5344542568_5546892974_#3more_0_D3.2,0,0.0,-1.0,[]
105.0,cluster_123241924_382443557_5344542568_5546892974_#3more_0_D3.3,0,0.0,-1.0,[]
105.0,cluster_123241924_382443557_5344542568_5546892974_#3more_0_D3.4,0,0.0,-1.0,[]
105.0,cluster_123281084_3663662939_3664674395_3664674397_#1more_0_D0.0,1,100.0,-1.0,['veh38']
105.0,cluster_123281084_3663662939_3664674395_3664674397_#1more_0_D0.1,0,0.0,-1.0,[]
105.0,cluster_123281084_3663662939_3664674395_3664674397_#1more_0_D0.2,0,0.0,-1.0,[]
105.0,cluster_123281084_3663662939_3664674395_3664674397_#1more_0_D0.3,0,0.0,-1.0,[]
105.0,cluster_123281084_3663662939_3664674395_3664674397_#1more_0_D0.4,0,0.0,-1.0,[]
105.0,cluster_123281084_3663662939_3664674395_3664674397_#1more_0_D1.0,0,0.0,-1.0,[]
105.0,cluster_123281084_3663662939_3664674395_3664674397_#1more_0_D1.1,0,0.0,-1.0,[]
105.0,cluster_123281084_3663662939_3664674395_3664674397_#1more_0_D2.0,0,0.0,-1.0,[]
105.0,cluster_123281084_3663662939_3664674395_3664674397_#1more_0_D2.1,0,0.0,-1.0,[]
105.0,cluster_123281085_12840608127_12840608130_12840608135_#1more_0_D0.0,0,0.0,-1.0,[]
105.0,cluster_123281085_12840608127_12840608130_12840608135_#1more_0_D1.0,0,0.0,-1.0,[]
105.0,cluster_123292026_3663224279_3663224280_3663662945_#1more_0_D0.0,0,0.0,-1.0,[]
105.0,cluster_123292026_3663224279_3663224280_3663662945_#1more_0_D0.1,0,0.0,-1.0,[]
105.0,cluster_123292026_3663224279_3663224280_3663662945_#1more_0_D1.0,0,0.0,-1.0,[]
105.0,cluster_123292026_3663224279_3663224280_3663662945_#1more_0_D1.1,0,0.0,-1.0,[]
105.0,cluster_123292026_3663224279_3663224280_3663662945_#1more_0_D1.2,0,0.0,-1.0,[]
105.0,cluster_123292026_3663224279_3663224280_3663662945_#1more_0_D1.3,0,0.0,-1.0,[]
105.0,cluster_123292026_3663224279_3663224280_3663662945_#1more_0_D2.0,0,0.0,-1.0,[]
105.0,cluster_123292026_3663224279_3663224280_3663662945_#1more_0_D2.1,0,0.0,-1.0,[]
105.0,cluster_123292029_3663224277_3663224278_5344542569_#1more_0_D0.0,0,0.0,-1.0,[]
105.0,cluster_123292029_3663224277_3663224278_5344542569_#1more_0_D0.1,0,0.0,-1.0,[]
105.0,cluster_123292029_3663224277_3663224278_5344542569_#1more_0_D0.2,0,0.0,-1.0,[]
105.0,cluster_123292029_3663224277_3663224278_5344542569_#1more_0_D1.0,0,0.0,-1.0,[]
105.0,cluster_123292029_3663224277_3663224278_5344542569_#1more_0_D1.1,1,100.0,-1.0,['veh44']
105.0,cluster_123292029_3663224277_3663224278_5344542569_#1more_0_D2.0,0,0.0,-1.0,[]
105.0,cluster_123292029_3663224277_3663224278_5344542569_#1more_0_D2.1,0,0.0,-1.0,[]
105.0,cluster_123292029_3663224277_3663224278_5344542569_#1more_0_D2.2,0,0.0,-1.0,[]
105.0,cluster_123292029_3663224277_3663224278_5344542569_#1more_0_D3.0,0,0.0,-1.0,[]
105.0,cluster_123292029_3663224277_3663224278_5344542569_#1more_0_D3.1,0,0.0,-1.0,[]
105.0,cluster_123292031_3663224275_3663224276_3663662936_#1more_0_D0.0,0,0.0,-1.0,[]
105.0,cluster_123292031_3663224275_3663224276_3663662936_#1more_0_D0.1,0,0.0,-1.0,[]
105.0,cluster_123292031_3663224275_3663224276_3663662936_#1more_0_D1.0,0,0.0,-1.0,[]
105.0,cluster_123292031_3663224275_3663224276_3663662936_#1more_0_D2.0,0,0.0,-1.0,[]
105.0,cluster_123292031_3663224275_3663224276_3663662936_#1more_0_D2.1,0,0.0,-1.0,[]
105.0,cluster_123308403_3663827018_3663827019_3664674393_#1more_0_D0.0,0,0.0,-1.0,[]
105.0,cluster_123308403_3663827018_3663827019_3664674393_#1more_0_D0.1,0,0.0,-1.0,[]
105.0,cluster_123308403_3663827018_3663827019_3664674393_#1more_0_D1.0,0,0.0,-1.0,[]
105.0,cluster_123308403_3663827018_3663827019_3664674393_#1more_0_D1.1,0,0.0,-1.0,[]
105.0,cluster_123308403_3663827018_3663827019_3664674393_#1more_0_D1.2,0,0.0,-1.0,[]
105.0,cluster_123308403_3663827018_3663827019_3664674393_#1more_0_D1.3,0,0.0,-1.0,[]
105.0,cluster_123308403_3663827018_3663827019_3664674393_#1more_0_D2.0,1,30.189127766034574,16.562253930454528,['veh41']
105.0,cluster_123308403_3663827018_3663827019_3664674393_#1more_0_D2.1,0,0.0,-1.0,[]
105.0,cluster_123308403_3663827018_3663827019_3664674393_#1more_0_D2.2,0,0.0,-1.0,[]
105.0,cluster_3664723686_3698084157_3698084158_3698084159_#1more_0_D0.0,0,0.0,-1.0,[]
105.0,cluster_3664723686_3698084157_3698084158_3698084159_#1more_0_D0.1,0,0.0,-1.0,[]
105.0,cluster_3664723686_3698084157_3698084158_3698084159_#1more_0_D0.2,0,0.0,-1.0,[]
105.0,cluster_3664723686_3698084157_3698084158_3698084159_#1more_0_D1.0,0,0.0,-1.0,[]
105.0,cluster_3664723686_3698084157_3698084158_3698084159_#1more_0_D1.1,0,0.0,-1.0,[]
105.0,cluster_3664723686_3698084157_3698084158_3698084159_#1more_0_D1.2,0,0.0,-1.0,[]
105.0,joinedS_3663662947_3663662948_3698084160_3698084161_#1more_0_D0.0,0,0.0,-1.0,[]
105.0,joinedS_3663662947_3663662948_3698084160_3698084161_#1more_0_D0.1,0,0.0,-1.0,[]
105.0,joinedS_3663662947_3663662948_3698084160_3698084161_#1more_0_D0.2,0,0.0,-1.0,[]
105.0,joinedS_3663662947_3663662948_3698084160_3698084161_#1more_0_D0.3,0,0.0,-1.0,[]
105.0,joinedS_3663662947_3663662948_3698084160_3698084161_#1more_0_D1.0,0,0.0,-1.0,[]
105.0,joinedS_3663662947_3663662948_3698084160_3698084161_#1more_0_D1.1,0,0.0,-1.0,[]
105.0,joinedS_3663662947_3663662948_3698084160_3698084161_#1more_0_D1.2,0,0.0,-1.0,[]
105.0,joinedS_3663662947_3663662948_3698084160_3698084161_#1more_0_D1.3,0,0.0,-1.0,[]
105.0,joinedS_3663662947_3663662948_3698084160_3698084161_#1more_0_D2.0,0,0.0,-1.0,[]
105.0,joinedS_3663662947_3663662948_3698084160_3698084161_#1more_0_D2.1,0,0.0,-1.0,[]
105.0,joinedS_3663662947_3663662948_3698084160_3698084161_#1more_0_D2.2,0,0.0,-1.0,[]
105.0,joinedS_3663662947_3663662948_3698084160_3698084161_#1more_0_D2.3,0,0.0,-1.0,[]
105.0,joinedS_3663662947_3663662948_3698084160_3698084161_#1more_0_D3.0,0,0.0,-1.0,[]
105.0,joinedS_3663662947_3663662948_3698084160_3698084161_#1more_0_D3.1,0,0.0,-1.0,[]
105.0,joinedS_3663662947_3663662948_3698084160_3698084161_#1more_0_D3.2,0,0.0,-1.0,[]
105.0,joinedS_3663662947_3663662948_3698084160_3698084161_#1more_0_D3.3,0,0.0,-1.0,[]
105.0,joinedS_3663662947_3663662948_3698084160_3698084161_#1more_0_D3.4,0,0.0,-1.0,[]
110.0,cluster_122855839_3663662942_3663662943_3663662944_#1more_0_D0.0,0,0.0,-1.0,[]
110.0,cluster_122855839_3663662942_3663662943_3663662944_#1more_0_D0.1,0,0.0,-1.0,[]
110.0,cluster_122855839_3663662942_3663662943_3663662944_#1more_0_D0.2,0,0.0,-1.0,[]
110.0,cluster_122855839_3663662942_3663662943_3663662944_#1more_0_D0.3,0,0.0,-1.0,[]
110.0,cluster_122855839_3663662942_3663662943_3663662944_#1more_0_D0.4,0,0.0,-1.0,[]
110.0,cluster_122855839_3663662942_3663662943_3663662944_#1more_0_D1.0,0,0.0,-1.0,[]
110.0,cluster_122855839_3663662942_3663662943_3663662944_#1more_0_D1.1,1,100.0,-1.0,['veh23']
110.0,cluster_122855839_3663662942_3663662943_3663662944_#1more_0_D1.2,0,0.0,-1.0,[]
110.0,cluster_122855839_3663662942_3663662943_3663662944_#1more_0_D2.0,0,0.0,-1.0,[]
110.0,cluster_122855839_3663662942_3663662943_3663662944_#1more_0_D2.1,0,0.0,-1.0,[]
110.0,cluster_123241924_382443557_5344542568_5546892974_#3more_0_D0.0,1,100.0,-1.0,['bus2']
110.0,cluster_123241924_382443557_5344542568_5546892974_#3more_0_D0.1,0,0.0,-1.0,[]
110.0,cluster_123241924_382443557_5344542568_5546892974_#3more_0_D0.2,0,0.0,-1.0,[]
110.0,cluster_123241924_382443557_5344542568_5546892974_#3more_0_D0.3,1,54.24353598765492,13.089117202123145,['truck2']
110.0,cluster_123241924_382443557_5344542568_5546892974_#3more_0_D0.4,0,0.0,-1.0,[]
110.0,cluster_123241924_382443557_5344542568_5546892974_#3more_0_D1.0,0,0.0,-1.0,[]
110.0,cluster_123241924_382443557_5344542568_5546892974_#3more_0_D2.0,0,0.0,-1.0,[]
110.0,cluster_123241924_382443557_5344542568_5546892974_#3more_0_D2.1,0,0.0,-1.0,[]
110.0,cluster_123241924_382443557_5344542568_5546892974_#3more_0_D2.2,0,0.0,-1.0,[]
110.0,cluster_123241924_382443557_5344542568_5546892974_#3more_0_D2.3,0,0.0,-1.0,[]
110.0,cluster_123241924_382443557_5344542568_5546892974_#3more_0_D2.4,0,0.0,-1.0,[]
110.0,cluster_123241924_382443557_5344542568_5546892974_#3more_0_D2.5,0,0.0,-1.0,[]
110.0,cluster_123241924_382443557_5344542568_5546892974_#3more_0_D3.0,0,0.0,-1.0,[]
110.0,cluster_123241924_382443557_5344542568_5546892974_#3more_0_D3.1,0,0.0,-1.0,[]
110.0,cluster_123241924_382443557_5344542568_5546892974_#3more_0_D3.2,0,0.0,-1.0,[]
110.0,cluster_123241924_382443557_5344542568_5546892974_#3more_0_D3.3,0,0.0,-1.0,[]
110.0,cluster_123241924_382443557_5344542568_5546892974_#3more_0_D3.4,0,0.0,-1.0,[]
110.0,cluster_123281084_3663662939_3664674395_3664674397_#1more_0_D0.0,1,100.0,-1.0,['veh38']
110.0,cluster_123281084_3663662939_3664674395_3664674397_#1more_0_D0.1,1,46.531876959552676,10.745321974323527,['veh48']
110.0,cluster_123281084_3663662939_3664674395_3664674397_#1more_0_D0.2,0,0.0,-1.0,[]
110.0,cluster_123281084_3663662939_3664674395_3664674397_#1more_0_D0.3,0,0.0,-1.0,[]
110.0,cluster_123281084_3663662939_3664674395_3664674397_#1more_0_D0.4,0,0.0,-1.0,[]
110.0,cluster_123281084_3663662939_3664674395_3664674397_#1more_0_D1.0,0,0.0,-1.0,[]
110.0,cluster_123281084_3663662939_3664674395_3664674397_#1more_0_D1.1,0,0.0,-1.0,[]
110.0,cluster_123281084_3663662939_3664674395_3664674397_#1more_0_D2.0,0,0.0,-1.0,[]
110.0,cluster_123281084_3663662939_3664674395_3664674397_#1more_0_D2.1,0,0.0,-1.0,[]
110.0,cluster_123281085_12840608127_12840608130_12840608135_#1more_0_D0.0,0,0.0,-1.0,[]
110.0,cluster_123281085_12840608127_12840608130_12840608135_#1more_0_D1.0,0,0.0,-1.0,[]
110.0,cluster_123292026_3663224279_3663224280_3663662945_#1more_0_D0.0,0,0.0,-1.0,[]
110.0,cluster_123292026_3663224279_3663224280_3663662945_#1more_0_D0.1,0,0.0,-1.0,[]
110.0,cluster_123292026_3663224279_3663224280_3663662945_#1more_0_D1.0,0,0.0,-1.0,[]
110.0,cluster_123292026_3663224279_3663224280_3663662945_#1more_0_D1.1,0,0.0,-1.0,[]
110.0,cluster_123292026_3663224279_3663224280_3663662945_#1more_0_D1.2,0,0.0,-1.0,[]
110.0,cluster_123292026_3663224279_3663224280_3663662945_#1more_0_D1.3,0,0.0,-1.0,[]
110.0,cluster_123292026_3663224279_3663224280_3663662945_#1more_0_D2.0,0,0.0,-1.0,[]
110.0,cluster_123292026_3663224279_3663224280_3663662945_#1more_0_D2.1,0,0.0,-1.0,[]
110.0,cluster_123292029_3663224277_3663224278_5344542569_#1more_0_D0.0,0,0.0,-1.0,[]
110.0,cluster_123292029_3663224277_3663224278_5344542569_#1more_0_D0.1,0,0.0,-1.0,[]
110.0,cluster_123292029_3663224277_3663224278_5344542569_#1more_0_D0.2,0,0.0,-1.0,[]
110.0,cluster_123292029_3663224277_3663224278_5344542569_#1more_0_D1.0,1,100.0,-1.0,['bus4']
110.0,cluster_123292029_3663224277_3663224278_5344542569_#1more_0_D1.1,1,100.0,-1.0,['veh44']
110.0,cluster_123292029_3663224277_3663224278_5344542569_#1more_0_D2.0,1,23.366427382678978,11.369880725260192,['veh40']
110.0,cluster_123292029_3663224277_3663224278_5344542569_#1more_0_D2.1,0,0.0,-1.0,[]
110.0,cluster_123292029_3663224277_3663224278_5344542569_#1more_0_D2.2,0,0.0,-1.0,[]
110.0,cluster_123292029_3663224277_3663224278_5344542569_#1more_0_D3.0,0,0.0,-1.0,[]
110.0,cluster_123292029_3663224277_3663224278_5344542569_#1more_0_D3.1,0,0.0,-1.0,[]
110.0,cluster_123292031_3663224275_3663224276_3663662936_#1more_0_D0.0,0,0.0,-1.0,[]
110.0,cluster_123292031_3663224275_3663224276_3663662936_#1more_0_D0.1,1,0.0,-1.0,['veh62']
110.0,cluster_123292031_3663224275_3663224276_3663662936_#1more_0_D1.0,0,0.0,-1.0,[]
110.0,cluster_123292031_3663224275_3663224276_3663662936_#1more_0_D2.0,0,0.0,-1.0,[]
110.0,cluster_123292031_3663224275_3663224276_3663662936_#1more_0_D2.1,0,0.0,-1.0,[]
110.0,cluster_123308403_3663827018_3663827019_3664674393_#1more_0_D0.0,0,0.0,-1.0,[]
110.0,cluster_123308403_3663827018_3663827019_3664674393_#1more_0_D0.1,0,0.0,-1.0,[]
110.0,cluster_123308403_3663827018_3663827019_3664674393_#1more_0_D1.0,0,0.0,-1.0,[]
110.0,cluster_123308403_3663827018_3663827019_3664674393_#1more_0_D1.1,0,0.0,-1.0,[]
110.0,cluster_123308403_3663827018_3663827019_3664674393_#1more_0_D1.2,0,0.0,-1.0,[]
110.0,cluster_123308403_3663827018_3663827019_3664674393_#1more_0_D1.3,0,0.0,-1.0,[]
110.0,cluster_123308403_3663827018_3663827019_3664674393_#1more_0_D2.0,0,0.0,-1.0,[]
110.0,cluster_123308403_3663827018_3663827019_3664674393_#1more_0_D2.1,0,0.0,-1.0,[]
110.0,cluster_123308403_3663827018_3663827019_3664674393_#1more_0_D2.2,0,0.0,-1.0,[]
110.0,cluster_3664723686_3698084157_3698084158_3698084159_#1more_0_D0.0,0,0.0,-1.0,[]
110.0,cluster_3664723686_3698084157_3698084158_3698084159_#1more_0_D0.1,0,0.0,-1.0,[]
110.0,cluster_3664723686_3698084157_3698084158_3698084159_#1more_0_D0.2,0,0.0,-1.0,[]
110.0,cluster_3664723686_3698084157_3698084158_3698084159_#1more_0_D1.0,0,0.0,-1.0,[]
110.0,cluster_3664723686_3698084157_3698084158_3698084159_#1more_0_D1.1,0,0.0,-1.0,[]
110.0,cluster_3664723686_3698084157_3698084158_3698084159_#1more_0_D1.2,0,0.0,-1.0,[]
110.0,joinedS_3663662947_3663662948_3698084160_3698084161_#1more_0_D0.0,0,0.0,-1.0,[]
110.0,joinedS_3663662947_3663662948_3698084160_3698084161_#1more_0_D0.1,0,0.0,-1.0,[]
110.0,joinedS_3663662947_3663662948_3698084160_3698084161_#1more_0_D0.2,0,0.0,-1.0,[]
110.0,joinedS_3663662947_3663662948_3698084160_3698084161_#1more_0_D0.3,0,0.0,-1.0,[]
110.0,joinedS_3663662947_3663662948_3698084160_3698084161_#1more_0_D1.0,0,0.0,-1.0,[]
110.0,joinedS_3663662947_3663662948_3698084160_3698084161_#1more_0_D1.1,0,0.0,-1.0,[]
110.0,joinedS_3663662947_3663662948_3698084160_3698084161_#1more_0_D1.2,0,0.0,-1.0,[]
110.0,joinedS_3663662947_3663662948_3698084160_3698084161_#1more_0_D1.3,0,0.0,-1.0,[]
110.0,joinedS_3663662947_3663662948_3698084160_3698084161_#1more_0_D2.0,0,0.0,-1.0,[]
110.0,joinedS_3663662947_3663662948_3698084160_3698084161_#1more_0_D2.1,0,0.0,-1.0,[]
110.0,joinedS_3663662947_3663662948_3698084160_3698084161_#1more_0_D2.2,0,0.0,-1.0,[]
110.0,joinedS_3663662947_3663662948_3698084160_3698084161_#1more_0_D2.3,0,0.0,-1.0,[]
110.0,joinedS_3663662947_3663662948_3698084160_3698084161_#1more_0_D3.0,0,0.0,-1.0,[]
110.0,joinedS_3663662947_3663662948_3698084160_3698084161_#1more_0_D3.1,0,0.0,-1.0,[]
110.0,joinedS_3663662947_3663662948_3698084160_3698084161_#1more_0_D3.2,0,0.0,-1.0,[]
110.0,joinedS_3663662947_3663662948_3698084160_3698084161_#1more_0_D3.3,0,0.0,-1.0,[]
110.0,joinedS_3663662947_3663662948_3698084160_3698084161_#1more_0_D3.4,0,0.0,-1.0,[]
115.0,cluster_122855839_3663662942_3663662943_3663662944_#1more_0_D0.0,1,0.0,-1.0,['veh45']
115.0,cluster_122855839_3663662942_3663662943_3663662944_#1more_0_D0.1,0,0.0,-1.0,[]
115.0,cluster_122855839_3663662942_3663662943_3663662944_#1more_0_D0.2,0,0.0,-1.0,[]
115.0,cluster_122855839_3663662942_3663662943_3663662944_#1more_0_D0.3,0,0.0,-1.0,[]
115.0,cluster_122855839_3663662942_3663662943_3663662944_#1more_0_D0.4,0,0.0,-1.0,[]
115.0,cluster_122855839_3663662942_3663662943_3663662944_#1more_0_D1.0,0,0.0,-1.0,[]
115.0,cluster_122855839_3663662942_3663662943_3663662944_#1more_0_D1.1,1,100.0,-1.0,['veh23']
115.0,cluster_122855839_3663662942_3663662943_3663662944_#1more_0_D1.2,0,0.0,-1.0,[]
115.0,cluster_122855839_3663662942_3663662943_3663662944_#1more_0_D2.0,0,0.0,-1.0,[]
115.0,cluster_122855839_3663662942_3663662943_3663662944_#1more_0_D2.1,0,0.0,-1.0,[]
115.0,cluster_123241924_382443557_5344542568_5546892974_#3more_0_D0.0,1,100.0,-1.0,['bus2']
115.0,cluster_123241924_382443557_5344542568_5546892974_#3more_0_D0.1,0,0.0,-1.0,[]
115.0,cluster_123241924_382443557_5344542568_5546892974_#3more_0_D0.2,0,0.0,-1.0,[]
115.0,cluster_123241924_382443557_5344542568_5546892974_#3more_0_D0.3,0,0.0,-1.0,[]
115.0,cluster_123241924_382443557_5344542568_5546892974_#3more_0_D0.4,0,0.0,-1.0,[]
115.0,cluster_123241924_382443557_5344542568_5546892974_#3more_0_D1.0,0,0.0,-1.0,[]
115.0,cluster_123241924_382443557_5344542568_5546892974_#3more_0_D2.0,0,0.0,-1.0,[]
115.0,cluster_123241924_382443557_5344542568_5546892974_#3more_0_D2.1,0,0.0,-1.0,[]
115.0,cluster_123241924_382443557_5344542568_5546892974_#3more_0_D2.2,0,0.0,-1.0,[]
115.0,cluster_123241924_382443557_5344542568_5546892974_#3more_0_D2.3,0,0.0,-1.0,[]
115.0,cluster_123241924_382443557_5344542568_5546892974_#3more_0_D2.4,0,0.0,-1.0,[]
115.0,cluster_123241924_382443557_5344542568_5546892974_#3more_0_D2.5,0,0.0,-1.0,[]
115.0,cluster_123241924_382443557_5344542568_5546892974_#3more_0_D3.0,0,0.0,-1.0,[]
115.0,cluster_123241924_382443557_5344542568_5546892974_#3more_0_D3.1,0,0.0,-1.0,[]
115.0,cluster_123241924_382443557_5344542568_5546892974_#3more_0_D3.2,0,0.0,-1.0,[]
115.0,cluster_123241924_382443557_5344542568_5546892974_#3more_0_D3.3,0,0.0,-1.0,[]
115.0,cluster_123241924_382443557_5344542568_5546892974_#3more_0_D3.4,0,0.0,-1.0,[]
115.0,cluster_123281084_3663662939_3664674395_3664674397_#1more_0_D0.0,1,100.0,-1.0,['veh38']
115.0,cluster_123281084_3663662939_3664674395_3664674397_#1more_0_D0.1,0,0.0,-1.0,[]
115.0,cluster_123281084_3663662939_3664674395_3664674397_#1more_0_D0.2,0,0.0,-1.0,[]
115.0,cluster_123281084_3663662939_3664674395_3664674397_#1more_0_D0.3,0,0.0,-1.0,[]
115.0,cluster_123281084_3663662939_3664674395_3664674397_#1more_0_D0.4,0,0.0,-1.0,[]
115.0,cluster_123281084_3663662939_3664674395_3664674397_#1more_0_D1.0,1,100.0,-1.0,['veh53']
115.0,cluster_123281084_3663662939_3664674395_3664674397_#1more_0_D1.1,0,0.0,-1.0,[]
115.0,cluster_123281084_3663662939_3664674395_3664674397_#1more_0_D2.0,0,0.0,-1.0,[]
115.0,cluster_123281084_3663662939_3664674395_3664674397_#1more_0_D2.1,0,0.0,-1.0,[]
115.0,cluster_123281085_12840608127_12840608130_12840608135_#1more_0_D0.0,0,0.0,-1.0,[]
115.0,cluster_123281085_12840608127_12840608130_12840608135_#1more_0_D1.0,0,0.0,-1.0,[]
115.0,cluster_123292026_3663224279_3663224280_3663662945_#1more_0_D0.0,0,0.0,-1.0,[]
115.0,cluster_123292026_3663224279_3663224280_3663662945_#1more_0_D0.1,0,0.0,-1.0,[]
115.0,cluster_123292026_3663224279_3663224280_3663662945_#1more_0_D1.0,0,0.0,-1.0,[]
115.0,cluster_123292026_3663224279_3663224280_3663662945_#1more_0_D1.1,0,0.0,-1.0,[]
115.0,cluster_123292026_3663224279_3663224280_3663662945_#1more_0_D1.2,0,0.0,-1.0,[]
115.0,cluster_123292026_3663224279_3663224280_3663662945_#1more_0_D1.3,0,0.0,-1.0,[]
115.0,cluster_123292026_3663224279_3663224280_3663662945_#1more_0_D2.0,0,0.0,-1.0,[]
115.0,cluster_123292026_3663224279_3663224280_3663662945_#1more_0_D2.1,0,0.0,-1.0,[]
115.0,cluster_123292029_3663224277_3663224278_5344542569_#1more_0_D0.0,0,0.0,-1.0,[]
115.0,cluster_123292029_3663224277_3663224278_5344542569_#1more_0_D0.1,0,0.0,-1.0,[]
115.0,cluster_123292029_3663224277_3663224278_5344542569_#1more_0_D0.2,0,0.0,-1.0,[]
115.0,cluster_123292029_3663224277_3663224278_5344542569_#1more_0_D1.0,0,0.0,-1.0,[]
115.0,cluster_123292029_3663224277_3663224278_5344542569_#1more_0_D1.1,1,100.0,-1.0,['veh44']
115.0,cluster_123292029_3663224277_3663224278_5344542569_#1more_0_D2.0,0,0.0,-1.0,[]
115.0,cluster_123292029_3663224277_3663224278_5344542569_#1more_0_D2.1,0,0.0,-1.0,[]
115.0,cluster_123292029_3663224277_3663224278_5344542569_#1more_0_D2.2,0,0.0,-1.0,[]
115.0,cluster_123292029_3663224277_3663224278_5344542569_#1more_0_D3.0,0,0.0,-1.0,[]
115.0,cluster_123292029_3663224277_3663224278_5344542569_#1more_0_D3.1,0,0.0,-1.0,[]
115.0,cluster_123292031_3663224275_3663224276_3663662936_#1more_0_D0.0,0,0.0,-1.0,[]
115.0,cluster_123292031_3663224275_3663224276_3663662936_#1more_0_D0.1,0,0.0,-1.0,[]
115.0,cluster_123292031_3663224275_3663224276_3663662936_#1more_0_D1.0,0,0.0,-1.0,[]
115.0,cluster_123292031_3663224275_3663224276_3663662936_#1more_0_D2.0,0,0.0,-1.0,[]
115.0,cluster_123292031_3663224275_3663224276_3663662936_#1more_0_D2.1,0,0.0,-1.0,[]
115.0,cluster_123308403_3663827018_3663827019_3664674393_#1more_0_D0.0,0,0.0,-1.0,[]
115.0,cluster_123308403_3663827018_3663827019_3664674393_#1more_0_D0.1,0,0.0,-1.0,[]
115.0,cluster_123308403_3663827018_3663827019_3664674393_#1more_0_D1.0,0,0.0,-1.0,[]
115.0,cluster_123308403_3663827018_3663827019_3664674393_#1more_0_D1.1,0,0.0,-1.0,[]
115.0,cluster_123308403_3663827018_3663827019_3664674393_#1more_0_D1.2,0,0.0,-1.0,[]
115.0,cluster_123308403_3663827018_3663827019_3664674393_#1more_0_D1.3,0,0.0,-1.0,[]
115.0,cluster_123308403_3663827018_3663827019_3664674393_#1more_0_D2.0,0,0.0,-1.0,[]
115.0,cluster_123308403_3663827018_3663827019_3664674393_#1more_0_D2.1,0,0.0,-1.0,[]
115.0,cluster_123308403_3663827018_3663827019_3664674393_#1more_0_D2.2,0,0.0,-1.0,[]
115.0,cluster_3664723686_3698084157_3698084158_3698084159_#1more_0_D0.0,0,0.0,-1.0,[]
115.0,cluster_3664723686_3698084157_3698084158_3698084159_#1more_0_D0.1,0,0.0,-1.0,[]
115.0,cluster_3664723686_3698084157_3698084158_3698084159_#1more_0_D0.2,0,0.0,-1.0,[]
115.0,cluster_3664723686_3698084157_3698084158_3698084159_#1more_0_D1.0,0,0.0,-1.0,[]
115.0,cluster_3664723686_3698084157_3698084158_3698084159_#1more_0_D1.1,0,0.0,-1.0,[]
115.0,cluster_3664723686_3698084157_3698084158_3698084159_#1more_0_D1.2,0,0.0,-1.0,[]
115.0,joinedS_3663662947_3663662948_3698084160_3698084161_#1more_0_D0.0,0,0.0,-1.0,[]
115.0,joinedS_3663662947_3663662948_3698084160_3698084161_#1more_0_D0.1,0,0.0,-1.0,[]
115.0,joinedS_3663662947_3663662948_3698084160_3698084161_#1more_0_D0.2,0,0.0,-1.0,[]
115.0,joinedS_3663662947_3663662948_3698084160_3698084161_#1more_0_D0.3,0,0.0,-1.0,[]
115.0,joinedS_3663662947_3663662948_3698084160_3698084161_#1more_0_D1.0,0,0.0,-1.0,[]
115.0,joinedS_3663662947_3663662948_3698084160_3698084161_#1more_0_D1.1,0,0.0,-1.0,[]
115.0,joinedS_3663662947_3663662948_3698084160_3698084161_#1more_0_D1.2,0,0.0,-1.0,[]
115.0,joinedS_3663662947_3663662948_3698084160_3698084161_#1more_0_D1.3,0,0.0,-1.0,[]
115.0,joinedS_3663662947_3663662948_3698084160_3698084161_#1more_0_D2.0,0,0.0,-1.0,[]
115.0,joinedS_3663662947_3663662948_3698084160_3698084161_#1more_0_D2.1,0,0.0,-1.0,[]
115.0,joinedS_3663662947_3663662948_3698084160_3698084161_#1more_0_D2.2,0,0.0,-1.0,[]
115.0,joinedS_3663662947_3663662948_3698084160_3698084161_#1more_0_D2.3,0,0.0,-1.0,[]
115.0,joinedS_3663662947_3663662948_3698084160_3698084161_#1more_0_D3.0,1,100.0,-1.0,['veh69']
115.0,joinedS_3663662947_3663662948_3698084160_3698084161_#1more_0_D3.1,0,0.0,-1.0,[]
115.0,joinedS_3663662947_3663662948_3698084160_3698084161_#1more_0_D3.2,0,0.0,-1.0,[]
115.0,joinedS_3663662947_3663662948_3698084160_3698084161_#1more_0_D3.3,0,0.0,-1.0,[]
115.0,joinedS_3663662947_3663662948_3698084160_3698084161_#1more_0_D3.4,0,0.0,-1.0,[]
120.0,cluster_122855839_3663662942_3663662943_3663662944_#1more_0_D0.0,0,0.0,-1.0,[]
120.0,cluster_122855839_3663662942_3663662943_3663662944_#1more_0_D0.1,0,0.0,-1.0,[]
120.0,cluster_122855839_3663662942_3663662943_3663662944_#1more_0_D0.2,0,0.0,-1.0,[]
120.0,cluster_122855839_3663662942_3663662943_3663662944_#1more_0_D0.3,0,0.0,-1.0,[]
120.0,cluster_122855839_3663662942_3663662943_3663662944_#1more_0_D0.4,0,0.0,-1.0,[]
120.0,cluster_122855839_3663662942_3663662943_3663662944_#1more_0_D1.0,0,0.0,-1.0,[]
120.0,cluster_122855839_3663662942_3663662943_3663662944_#1more_0_D1.1,1,100.0,-1.0,['veh23']
120.0,cluster_122855839_3663662942_3663662943_3663662944_#1more_0_D1.2,0,0.0,-1.0,[]
120.0,cluster_122855839_3663662942_3663662943_3663662944_#1more_0_D2.0,0,0.0,-1.0,[]
120.0,cluster_122855839_3663662942_3663662943_3663662944_#1more_0_D2.1,0,0.0,-1.0,[]
120.0,cluster_123241924_382443557_5344542568_5546892974_#3more_0_D0.0,1,100.0,-1.0,['bus2']
120.0,cluster_123241924_382443557_5344542568_5546892974_#3more_0_D0.1,0,0.0,-1.0,[]
120.0,cluster_123241924_382443557_5344542568_5546892974_#3more_0_D0.2,0,0.0,-1.0,[]
120.0,cluster_123241924_382443557_5344542568_5546892974_#3more_0_D0.3,0,0.0,-1.0,[]
120.0,cluster_123241924_382443557_5344542568_5546892974_#3more_0_D0.4,0,0.0,-1.0,[]
120.0,cluster_123241924_382443557_5344542568_5546892974_#3more_0_D1.0,0,0.0,-1.0,[]
120.0,cluster_123241924_382443557_5344542568_5546892974_#3more_0_D2.0,0,0.0,-1.0,[]
120.0,cluster_123241924_382443557_5344542568_5546892974_#3more_0_D2.1,0,0.0,-1.0,[]
120.0,cluster_123241924_382443557_5344542568_5546892974_#3more_0_D2.2,0,0.0,-1.0,[]
120.0,cluster_123241924_382443557_5344542568_5546892974_#3more_0_D2.3,0,0.0,-1.0,[]
120.0,cluster_123241924_382443557_5344542568_5546892974_#3more_0_D2.4,0,0.0,-1.0,[]
120.0,cluster_123241924_382443557_5344542568_5546892974_#3more_0_D2.5,0,0.0,-1.0,[]
120.0,cluster_123241924_382443557_5344542568_5546892974_#3more_0_D3.0,0,0.0,-1.0,[]
120.0,cluster_123241924_382443557_5344542568_5546892974_#3more_0_D3.1,0,0.0,-1.0,[]
120.0,cluster_123241924_382443557_5344542568_5546892974_#3more_0_D3.2,0,0.0,-1.0,[]
120.0,cluster_123241924_382443557_5344542568_5546892974_#3more_0_D3.3,0,0.0,-1.0,[]
120.0,cluster_123241924_382443557_5344542568_5546892974_#3more_0_D3.4,0,0.0,-1.0,[]
120.0,cluster_123281084_3663662939_3664674395_3664674397_#1more_0_D0.0,1,100.0,-1.0,['veh38']
120.0,cluster_123281084_3663662939_3664674395_3664674397_#1more_0_D0.1,0,0.0,-1.0,[]
120.0,cluster_123281084_3663662939_3664674395_3664674397_#1more_0_D0.2,0,0.0,-1.0,[]
120.0,cluster_123281084_3663662939_3664674395_3664674397_#1more_0_D0.3,0,0.0,-1.0,[]
120.0,cluster_123281084_3663662939_3664674395_3664674397_#1more_0_D0.4,0,0.0,-1.0,[]
120.0,cluster_123281084_3663662939_3664674395_3664674397_#1more_0_D1.0,1,100.0,-1.0,['veh53']
120.0,cluster_123281084_3663662939_3664674395_3664674397_#1more_0_D1.1,0,0.0,-1.0,[]
120.0,cluster_123281084_3663662939_3664674395_3664674397_#1more_0_D2.0,0,0.0,-1.0,[]
120.0,cluster_123281084_3663662939_3664674395_3664674397_#1more_0_D2.1,0,0.0,-1.0,[]
120.0,cluster_123281085_12840608127_12840608130_12840608135_#1more_0_D0.0,0,0.0,-1.0,[]
120.0,cluster_123281085_12840608127_12840608130_12840608135_#1more_0_D1.0,0,0.0,-1.0,[]
120.0,cluster_123292026_3663224279_3663224280_3663662945_#1more_0_D0.0,0,0.0,-1.0,[]
120.0,cluster_123292026_3663224279_3663224280_3663662945_#1more_0_D0.1,0,0.0,-1.0,[]
120.0,cluster_123292026_3663224279_3663224280_3663662945_#1more_0_D1.0,0,0.0,-1.0,[]
120.0,cluster_123292026_3663224279_3663224280_3663662945_#1more_0_D1.1,0,0.0,-1.0,[]
120.0,cluster_123292026_3663224279_3663224280_3663662945_#1more_0_D1.2,0,0.0,-1.0,[]
120.0,cluster_123292026_3663224279_3663224280_3663662945_#1more_0_D1.3,0,0.0,-1.0,[]
120.0,cluster_123292026_3663224279_3663224280_3663662945_#1more_0_D2.0,0,0.0,-1.0,[]
120.0,cluster_123292026_3663224279_3663224280_3663662945_#1more_0_D2.1,0,0.0,-1.0,[]
120.0,cluster_123292029_3663224277_3663224278_5344542569_#1more_0_D0.0,0,0.0,-1.0,[]
120.0,cluster_123292029_3663224277_3663224278_5344542569_#1more_0_D0.1,0,0.0,-1.0,[]
120.0,cluster_123292029_3663224277_3663224278_5344542569_#1more_0_D0.2,0,0.0,-1.0,[]
120.0,cluster_123292029_3663224277_3663224278_5344542569_#1more_0_D1.0,0,0.0,-1.0,[]
120.0,cluster_123292029_3663224277_3663224278_5344542569_#1more_0_D1.1,1,100.0,-1.0,['veh44']
120.0,cluster_123292029_3663224277_3663224278_5344542569_#1more_0_D2.0,0,0.0,-1.0,[]
120.0,cluster_123292029_3663224277_3663224278_5344542569_#1more_0_D2.1,0,0.0,-1.0,[]
120.0,cluster_123292029_3663224277_3663224278_5344542569_#1more_0_D2.2,0,0.0,-1.0,[]
120.0,cluster_123292029_3663224277_3663224278_5344542569_#1more_0_D3.0,0,0.0,-1.0,[]
120.0,cluster_123292029_3663224277_3663224278_5344542569_#1more_0_D3.1,0,0.0,-1.0,[]
120.0,cluster_123292031_3663224275_3663224276_3663662936_#1more_0_D0.0,0,0.0,-1.0,[]
120.0,cluster_123292031_3663224275_3663224276_3663662936_#1more_0_D0.1,0,0.0,-1.0,[]
120.0,cluster_123292031_3663224275_3663224276_3663662936_#1more_0_D1.0,0,0.0,-1.0,[]
120.0,cluster_123292031_3663224275_3663224276_3663662936_#1more_0_D2.0,0,0.0,-1.0,[]
120.0,cluster_123292031_3663224275_3663224276_3663662936_#1more_0_D2.1,0,0.0,-1.0,[]
120.0,cluster_123308403_3663827018_3663827019_3664674393_#1more_0_D0.0,0,0.0,-1.0,[]
120.0,cluster_123308403_3663827018_3663827019_3664674393_#1more_0_D0.1,0,0.0,-1.0,[]
120.0,cluster_123308403_3663827018_3663827019_3664674393_#1more_0_D1.0,0,0.0,-1.0,[]
120.0,cluster_123308403_3663827018_3663827019_3664674393_#1more_0_D1.1,0,0.0,-1.0,[]
120.0,cluster_123308403_3663827018_3663827019_3664674393_#1more_0_D1.2,0,0.0,-1.0,[]
120.0,cluster_123308403_3663827018_3663827019_3664674393_#1more_0_D1.3,0,0.0,-1.0,[]
120.0,cluster_123308403_3663827018_3663827019_3664674393_#1more_0_D2.0,0,0.0,-1.0,[]
120.0,cluster_123308403_3663827018_3663827019_3664674393_#1more_0_D2.1,0,0.0,-1.0,[]
120.0,cluster_123308403_3663827018_3663827019_3664674393_#1more_0_D2.2,0,0.0,-1.0,[]
120.0,cluster_3664723686_3698084157_3698084158_3698084159_#1more_0_D0.0,0,0.0,-1.0,[]
120.0,cluster_3664723686_3698084157_3698084158_3698084159_#1more_0_D0.1,0,0.0,-1.0,[]
120.0,cluster_3664723686_3698084157_3698084158_3698084159_#1more_0_D0.2,0,0.0,-1.0,[]
120.0,cluster_3664723686_3698084157_3698084158_3698084159_#1more_0_D1.0,0,0.0,-1.0,[]
120.0,cluster_3664723686_3698084157_3698084158_3698084159_#1more_0_D1.1,0,0.0,-1.0,[]
120.0,cluster_3664723686_3698084157_3698084158_3698084159_#1more_0_D1.2,0,0.0,-1.0,[]
120.0,joinedS_3663662947_3663662948_3698084160_3698084161_#1more_0_D0.0,0,0.0,-1.0,[]
120.0,joinedS_3663662947_3663662948_3698084160_3698084161_#1more_0_D0.1,0,0.0,-1.0,[]
120.0,joinedS_3663662947_3663662948_3698084160_3698084161_#1more_0_D0.2,0,0.0,-1.0,[]
120.0,joinedS_3663662947_3663662948_3698084160_3698084161_#1more_0_D0.3,0,0.0,-1.0,[]
120.0,joinedS_3663662947_3663662948_3698084160_3698084161_#1more_0_D1.0,0,0.0,-1.0,[]
120.0,joinedS_3663662947_3663662948_3698084160_3698084161_#1more_0_D1.1,0,0.0,-1.0,[]
120.0,joinedS_3663662947_3663662948_3698084160_3698084161_#1more_0_D1.2,0,0.0,-1.0,[]
120.0,joinedS_3663662947_3663662948_3698084160_3698084161_#1more_0_D1.3,0,0.0,-1.0,[]
120.0,joinedS_3663662947_3663662948_3698084160_3698084161_#1more_0_D2.0,0,0.0,-1.0,[]
120.0,joinedS_3663662947_3663662948_3698084160_3698084161_#1more_0_D2.1,0,0.0,-1.0,[]
120.0,joinedS_3663662947_3663662948_3698084160_3698084161_#1more_0_D2.2,0,0.0,-1.0,[]
120.0,joinedS_3663662947_3663662948_3698084160_3698084161_#1more_0_D2.3,0,0.0,-1.0,[]
120.0,joinedS_3663662947_3663662948_3698084160_3698084161_#1more_0_D3.0,1,0.0,-1.0,['veh69']
120.0,joinedS_3663662947_3663662948_3698084160_3698084161_#1more_0_D3.1,0,0.0,-1.0,[]
120.0,joinedS_3663662947_3663662948_3698084160_3698084161_#1more_0_D3.2,0,0.0,-1.0,[]
120.0,joinedS_3663662947_3663662948_3698084160_3698084161_#1more_0_D3.3,0,0.0,-1.0,[]
120.0,joinedS_3663662947_3663662948_3698084160_3698084161_#1more_0_D3.4,0,0.0,-1.0,[]
125.0,cluster_122855839_3663662942_3663662943_3663662944_#1more_0_D0.0,0,0.0,-1.0,[]
125.0,cluster_122855839_3663662942_3663662943_3663662944_#1more_0_D0.1,0,0.0,-1.0,[]
125.0,cluster_122855839_3663662942_3663662943_3663662944_#1more_0_D0.2,0,0.0,-1.0,[]
125.0,cluster_122855839_3663662942_3663662943_3663662944_#1more_0_D0.3,0,0.0,-1.0,[]
125.0,cluster_122855839_3663662942_3663662943_3663662944_#1more_0_D0.4,0,0.0,-1.0,[]
125.0,cluster_122855839_3663662942_3663662943_3663662944_#1more_0_D1.0,0,0.0,-1.0,[]
125.0,cluster_122855839_3663662942_3663662943_3663662944_#1more_0_D1.1,1,100.0,-1.0,['veh23']
125.0,cluster_122855839_3663662942_3663662943_3663662944_#1more_0_D1.2,0,0.0,-1.0,[]
125.0,cluster_122855839_3663662942_3663662943_3663662944_#1more_0_D2.0,0,0.0,-1.0,[]
125.0,cluster_122855839_3663662942_3663662943_3663662944_#1more_0_D2.1,0,0.0,-1.0,[]
125.0,cluster_123241924_382443557_5344542568_5546892974_#3more_0_D0.0,1,100.0,-1.0,['bus2']
125.0,cluster_123241924_382443557_5344542568_5546892974_#3more_0_D0.1,0,0.0,-1.0,[]
125.0,cluster_123241924_382443557_5344542568_5546892974_#3more_0_D0.2,0,0.0,-1.0,[]
125.0,cluster_123241924_382443557_5344542568_5546892974_#3more_0_D0.3,1,48.38985577782893,10.332744166373152,['veh45']
125.0,cluster_123241924_382443557_5344542568_5546892974_#3more_0_D0.4,0,0.0,-1.0,[]
125.0,cluster_123241924_382443557_5344542568_5546892974_#3more_0_D1.0,0,0.0,-1.0,[]
125.0,cluster_123241924_382443557_5344542568_5546892974_#3more_0_D2.0,0,0.0,-1.0,[]
125.0,cluster_123241924_382443557_5344542568_5546892974_#3more_0_D2.1,0,0.0,-1.0,[]
125.0,cluster_123241924_382443557_5344542568_5546892974_#3more_0_D2.2,0,0.0,-1.0,[]
125.0,cluster_123241924_382443557_5344542568_5546892974_#3more_0_D2.3,0,0.0,-1.0,[]
125.0,cluster_123241924_382443557_5344542568_5546892974_#3more_0_D2.4,0,0.0,-1.0,[]
125.0,cluster_123241924_382443557_5344542568_5546892974_#3more_0_D2.5,0,0.0,-1.0,[]
125.0,cluster_123241924_382443557_5344542568_5546892974_#3more_0_D3.0,0,0.0,-1.0,[]
125.0,cluster_123241924_382443557_5344542568_5546892974_#3more_0_D3.1,0,0.0,-1.0,[]
125.0,cluster_123241924_382443557_5344542568_5546892974_#3more_0_D3.2,0,0.0,-1.0,[]
125.0,cluster_123241924_382443557_5344542568_5546892974_#3more_0_D3.3,0,0.0,-1.0,[]
125.0,cluster_123241924_382443557_5344542568_5546892974_#3more_0_D3.4,0,0.0,-1.0,[]
125.0,cluster_123281084_3663662939_3664674395_3664674397_#1more_0_D0.0,1,100.0,-1.0,['veh38']
125.0,cluster_123281084_3663662939_3664674395_3664674397_#1more_0_D0.1,0,0.0,-1.0,[]
125.0,cluster_123281084_3663662939_3664674395_3664674397_#1more_0_D0.2,0,0.0,-1.0,[]
125.0,cluster_123281084_3663662939_3664674395_3664674397_#1more_0_D0.3,0,0.0,-1.0,[]
125.0,cluster_123281084_3663662939_3664674395_3664674397_#1more_0_D0.4,1,38.93921559025557,12.840525737891946,['veh57']
125.0,cluster_123281084_3663662939_3664674395_3664674397_#1more_0_D1.0,1,100.0,-1.0,['veh53']
125.0,cluster_123281084_3663662939_3664674395_3664674397_#1more_0_D1.1,0,0.0,-1.0,[]
125.0,cluster_123281084_3663662939_3664674395_3664674397_#1more_0_D2.0,0,0.0,-1.0,[]
125.0,cluster_123281084_3663662939_3664674395_3664674397_#1more_0_D2.1,0,0.0,-1.0,[]
125.0,cluster_123281085_12840608127_12840608130_12840608135_#1more_0_D0.0,0,0.0,-1.0,[]
125.0,cluster_123281085_12840608127_12840608130_12840608135_#1more_0_D1.0,0,0.0,-1.0,[]
125.0,cluster_123292026_3663224279_3663224280_3663662945_#1more_0_D0.0,0,0.0,-1.0,[]
125.0,cluster_123292026_3663224279_3663224280_3663662945_#1more_0_D0.1,0,0.0,-1.0,[]
125.0,cluster_123292026_3663224279_3663224280_3663662945_#1more_0_D1.0,0,0.0,-1.0,[]
125.0,cluster_123292026_3663224279_3663224280_3663662945_#1more_0_D1.1,0,0.0,-1.0,[]
125.0,cluster_123292026_3663224279_3663224280_3663662945_#1more_0_D1.2,0,0.0,-1.0,[]
125.0,cluster_123292026_3663224279_3663224280_3663662945_#1more_0_D1.3,0,0.0,-1.0,[]
125.0,cluster_123292026_3663224279_3663224280_3663662945_#1more_0_D2.0,0,0.0,-1.0,[]
125.0,cluster_123292026_3663224279_3663224280_3663662945_#1more_0_D2.1,1,37.35629699621512,13.384624285717056,['veh18']
125.0,cluster_123292029_3663224277_3663224278_5344542569_#1more_0_D0.0,0,0.0,-1.0,[]
125.0,cluster_123292029_3663224277_3663224278_5344542569_#1more_0_D0.1,0,0.0,-1.0,[]
125.0,cluster_123292029_3663224277_3663224278_5344542569_#1more_0_D0.2,0,0.0,-1.0,[]
125.0,cluster_123292029_3663224277_3663224278_5344542569_#1more_0_D1.0,0,0.0,-1.0,[]
125.0,cluster_123292029_3663224277_3663224278_5344542569_#1more_0_D1.1,1,100.0,-1.0,['veh44']
125.0,cluster_123292029_3663224277_3663224278_5344542569_#1more_0_D2.0,0,0.0,-1.0,[]
125.0,cluster_123292029_3663224277_3663224278_5344542569_#1more_0_D2.1,0,0.0,-1.0,[]
125.0,cluster_123292029_3663224277_3663224278_5344542569_#1more_0_D2.2,0,0.0,-1.0,[]
125.0,cluster_123292029_3663224277_3663224278_5344542569_#1more_0_D3.0,0,0.0,-1.0,[]
125.0,cluster_123292029_3663224277_3663224278_5344542569_#1more_0_D3.1,0,0.0,-1.0,[]
125.0,cluster_123292031_3663224275_3663224276_3663662936_#1more_0_D0.0,0,0.0,-1.0,[]
125.0,cluster_123292031_3663224275_3663224276_3663662936_#1more_0_D0.1,0,0.0,-1.0,[]
125.0,cluster_123292031_3663224275_3663224276_3663662936_#1more_0_D1.0,0,0.0,-1.0,[]
125.0,cluster_123292031_3663224275_3663224276_3663662936_#1more_0_D2.0,0,0.0,-1.0,[]
125.0,cluster_123292031_3663224275_3663224276_3663662936_#1more_0_D2.1,0,0.0,-1.0,[]
125.0,cluster_123308403_3663827018_3663827019_3664674393_#1more_0_D0.0,0,0.0,-1.0,[]
125.0,cluster_123308403_3663827018_3663827019_3664674393_#1more_0_D0.1,0,0.0,-1.0,[]
125.0,cluster_123308403_3663827018_3663827019_3664674393_#1more_0_D1.0,0,0.0,-1.0,[]
125.0,cluster_123308403_3663827018_3663827019_3664674393_#1more_0_D1.1,0,0.0,-1.0,[]
125.0,cluster_123308403_3663827018_3663827019_3664674393_#1more_0_D1.2,0,0.0,-1.0,[]
125.0,cluster_123308403_3663827018_3663827019_3664674393_#1more_0_D1.3,0,0.0,-1.0,[]
125.0,cluster_123308403_3663827018_3663827019_3664674393_#1more_0_D2.0,0,0.0,-1.0,[]
125.0,cluster_123308403_3663827018_3663827019_3664674393_#1more_0_D2.1,0,0.0,-1.0,[]
125.0,cluster_123308403_3663827018_3663827019_3664674393_#1more_0_D2.2,0,0.0,-1.0,[]
125.0,cluster_3664723686_3698084157_3698084158_3698084159_#1more_0_D0.0,0,0.0,-1.0,[]
125.0,cluster_3664723686_3698084157_3698084158_3698084159_#1more_0_D0.1,0,0.0,-1.0,[]
125.0,cluster_3664723686_3698084157_3698084158_3698084159_#1more_0_D0.2,0,0.0,-1.0,[]
125.0,cluster_3664723686_3698084157_3698084158_3698084159_#1more_0_D1.0,0,0.0,-1.0,[]
125.0,cluster_3664723686_3698084157_3698084158_3698084159_#1more_0_D1.1,0,0.0,-1.0,[]
125.0,cluster_3664723686_3698084157_3698084158_3698084159_#1more_0_D1.2,0,0.0,-1.0,[]
125.0,joinedS_3663662947_3663662948_3698084160_3698084161_#1more_0_D0.0,0,0.0,-1.0,[]
125.0,joinedS_3663662947_3663662948_3698084160_3698084161_#1more_0_D0.1,0,0.0,-1.0,[]
125.0,joinedS_3663662947_3663662948_3698084160_3698084161_#1more_0_D0.2,0,0.0,-1.0,[]
125.0,joinedS_3663662947_3663662948_3698084160_3698084161_#1more_0_D0.3,0,0.0,-1.0,[]
125.0,joinedS_3663662947_3663662948_3698084160_3698084161_#1more_0_D1.0,0,0.0,-1.0,[]
125.0,joinedS_3663662947_3663662948_3698084160_3698084161_#1more_0_D1.1,1,0.0,-1.0,['veh73']
125.0,joinedS_3663662947_3663662948_3698084160_3698084161_#1more_0_D1.2,0,0.0,-1.0,[]
125.0,joinedS_3663662947_3663662948_3698084160_3698084161_#1more_0_D1.3,0,0.0,-1.0,[]
125.0,joinedS_3663662947_3663662948_3698084160_3698084161_#1more_0_D2.0,0,0.0,-1.0,[]
125.0,joinedS_3663662947_3663662948_3698084160_3698084161_#1more_0_D2.1,0,0.0,-1.0,[]
125.0,joinedS_3663662947_3663662948_3698084160_3698084161_#1more_0_D2.2,0,0.0,-1.0,[]
125.0,joinedS_3663662947_3663662948_3698084160_3698084161_#1more_0_D2.3,0,0.0,-1.0,[]
125.0,joinedS_3663662947_3663662948_3698084160_3698084161_#1more_0_D3.0,0,0.0,-1.0,[]
125.0,joinedS_3663662947_3663662948_3698084160_3698084161_#1more_0_D3.1,0,0.0,-1.0,[]
125.0,joinedS_3663662947_3663662948_3698084160_3698084161_#1more_0_D3.2,0,0.0,-1.0,[]
125.0,joinedS_3663662947_3663662948_3698084160_3698084161_#1more_0_D3.3,0,0.0,-1.0,[]
125.0,joinedS_3663662947_3663662948_3698084160_3698084161_#1more_0_D3.4,0,0.0,-1.0,[]
130.0,cluster_122855839_3663662942_3663662943_3663662944_#1more_0_D0.0,0,0.0,-1.0,[]
130.0,cluster_122855839_3663662942_3663662943_3663662944_#1more_0_D0.1,0,0.0,-1.0,[]
130.0,cluster_122855839_3663662942_3663662943_3663662944_#1more_0_D0.2,0,0.0,-1.0,[]
130.0,cluster_122855839_3663662942_3663662943_3663662944_#1more_0_D0.3,0,0.0,-1.0,[]
130.0,cluster_122855839_3663662942_3663662943_3663662944_#1more_0_D0.4,0,0.0,-1.0,[]
130.0,cluster_122855839_3663662942_3663662943_3663662944_#1more_0_D1.0,0,0.0,-1.0,[]
130.0,cluster_122855839_3663662942_3663662943_3663662944_#1more_0_D1.1,1,100.0,-1.0,['veh23']
130.0,cluster_122855839_3663662942_3663662943_3663662944_#1more_0_D1.2,0,0.0,-1.0,[]
130.0,cluster_122855839_3663662942_3663662943_3663662944_#1more_0_D2.0,0,0.0,-1.0,[]
130.0,cluster_122855839_3663662942_3663662943_3663662944_#1more_0_D2.1,0,0.0,-1.0,[]
130.0,cluster_123241924_382443557_5344542568_5546892974_#3more_0_D0.0,1,100.0,-1.0,['bus2']
130.0,cluster_123241924_382443557_5344542568_5546892974_#3more_0_D0.1,0,0.0,-1.0,[]
130.0,cluster_123241924_382443557_5344542568_5546892974_#3more_0_D0.2,0,0.0,-1.0,[]
130.0,cluster_123241924_382443557_5344542568_5546892974_#3more_0_D0.3,0,0.0,-1.0,[]
130.0,cluster_123241924_382443557_5344542568_5546892974_#3more_0_D0.4,0,0.0,-1.0,[]
130.0,cluster_123241924_382443557_5344542568_5546892974_#3more_0_D1.0,0,0.0,-1.0,[]
130.0,cluster_123241924_382443557_5344542568_5546892974_#3more_0_D2.0,0,0.0,-1.0,[]
130.0,cluster_123241924_382443557_5344542568_5546892974_#3more_0_D2.1,0,0.0,-1.0,[]
130.0,cluster_123241924_382443557_5344542568_5546892974_#3more_0_D2.2,0,0.0,-1.0,[]
130.0,cluster_123241924_382443557_5344542568_5546892974_#3more_0_D2.3,0,0.0,-1.0,[]
130.0,cluster_123241924_382443557_5344542568_5546892974_#3more_0_D2.4,0,0.0,-1.0,[]
130.0,cluster_123241924_382443557_5344542568_5546892974_#3more_0_D2.5,0,0.0,-1.0,[]
130.0,cluster_123241924_382443557_5344542568_5546892974_#3more_0_D3.0,0,0.0,-1.0,[]
130.0,cluster_123241924_382443557_5344542568_5546892974_#3more_0_D3.1,0,0.0,-1.0,[]
130.0,cluster_123241924_382443557_5344542568_5546892974_#3more_0_D3.2,0,0.0,-1.0,[]
130.0,cluster_123241924_382443557_5344542568_5546892974_#3more_0_D3.3,0,0.0,-1.0,[]
130.0,cluster_123241924_382443557_5344542568_5546892974_#3more_0_D3.4,0,0.0,-1.0,[]
130.0,cluster_123281084_3663662939_3664674395_3664674397_#1more_0_D0.0,1,100.0,-1.0,['veh38']
130.0,cluster_123281084_3663662939_3664674395_3664674397_#1more_0_D0.1,0,0.0,-1.0,[]
130.0,cluster_123281084_3663662939_3664674395_3664674397_#1more_0_D0.2,0,0.0,-1.0,[]
130.0,cluster_123281084_3663662939_3664674395_3664674397_#1more_0_D0.3,0,0.0,-1.0,[]
130.0,cluster_123281084_3663662939_3664674395_3664674397_#1more_0_D0.4,0,0.0,-1.0,[]
130.0,cluster_123281084_3663662939_3664674395_3664674397_#1more_0_D1.0,1,100.0,-1.0,['veh53']
130.0,cluster_123281084_3663662939_3664674395_3664674397_#1more_0_D1.1,0,0.0,-1.0,[]
130.0,cluster_123281084_3663662939_3664674395_3664674397_#1more_0_D2.0,0,0.0,-1.0,[]
130.0,cluster_123281084_3663662939_3664674395_3664674397_#1more_0_D2.1,0,0.0,-1.0,[]
130.0,cluster_123281085_12840608127_12840608130_12840608135_#1more_0_D0.0,0,0.0,-1.0,[]
130.0,cluster_123281085_12840608127_12840608130_12840608135_#1more_0_D1.0,0,0.0,-1.0,[]
130.0,cluster_123292026_3663224279_3663224280_3663662945_#1more_0_D0.0,0,0.0,-1.0,[]
130.0,cluster_123292026_3663224279_3663224280_3663662945_#1more_0_D0.1,0,0.0,-1.0,[]
130.0,cluster_123292026_3663224279_3663224280_3663662945_#1more_0_D1.0,0,0.0,-1.0,[]
130.0,cluster_123292026_3663224279_3663224280_3663662945_#1more_0_D1.1,0,0.0,-1.0,[]
130.0,cluster_123292026_3663224279_3663224280_3663662945_#1more_0_D1.2,0,0.0,-1.0,[]
130.0,cluster_123292026_3663224279_3663224280_3663662945_#1more_0_D1.3,0,0.0,-1.0,[]
130.0,cluster_123292026_3663224279_3663224280_3663662945_#1more_0_D2.0,0,0.0,-1.0,[]
130.0,cluster_123292026_3663224279_3663224280_3663662945_#1more_0_D2.1,0,0.0,-1.0,[]
130.0,cluster_123292029_3663224277_3663224278_5344542569_#1more_0_D0.0,0,0.0,-1.0,[]
130.0,cluster_123292029_3663224277_3663224278_5344542569_#1more_0_D0.1,0,0.0,-1.0,[]
130.0,cluster_123292029_3663224277_3663224278_5344542569_#1more_0_D0.2,0,0.0,-1.0,[]
130.0,cluster_123292029_3663224277_3663224278_5344542569_#1more_0_D1.0,1,100.0,-1.0,['veh59']
130.0,cluster_123292029_3663224277_3663224278_5344542569_#1more_0_D1.1,1,100.0,-1.0,['veh44']
130.0,cluster_123292029_3663224277_3663224278_5344542569_#1more_0_D2.0,0,0.0,-1.0,[]
130.0,cluster_123292029_3663224277_3663224278_5344542569_#1more_0_D2.1,0,0.0,-1.0,[]
130.0,cluster_123292029_3663224277_3663224278_5344542569_#1more_0_D2.2,0,0.0,-1.0,[]
130.0,cluster_123292029_3663224277_3663224278_5344542569_#1more_0_D3.0,0,0.0,-1.0,[]
130.0,cluster_123292029_3663224277_3663224278_5344542569_#1more_0_D3.1,0,0.0,-1.0,[]
130.0,cluster_123292031_3663224275_3663224276_3663662936_#1more_0_D0.0,0,0.0,-1.0,[]
130.0,cluster_123292031_3663224275_3663224276_3663662936_#1more_0_D0.1,0,0.0,-1.0,[]
130.0,cluster_123292031_3663224275_3663224276_3663662936_#1more_0_D1.0,0,0.0,-1.0,[]
130.0,cluster_123292031_3663224275_3663224276_3663662936_#1more_0_D2.0,0,0.0,-1.0,[]
130.0,cluster_123292031_3663224275_3663224276_3663662936_#1more_0_D2.1,0,0.0,-1.0,[]
130.0,cluster_123308403_3663827018_3663827019_3664674393_#1more_0_D0.0,0,0.0,-1.0,[]
130.0,cluster_123308403_3663827018_3663827019_3664674393_#1more_0_D0.1,1,0.0,-1.0,['veh72']
130.0,cluster_123308403_3663827018_3663827019_3664674393_#1more_0_D1.0,0,0.0,-1.0,[]
130.0,cluster_123308403_3663827018_3663827019_3664674393_#1more_0_D1.1,0,0.0,-1.0,[]
130.0,cluster_123308403_3663827018_3663827019_3664674393_#1more_0_D1.2,0,0.0,-1.0,[]
130.0,cluster_123308403_3663827018_3663827019_3664674393_#1more_0_D1.3,0,0.0,-1.0,[]
130.0,cluster_123308403_3663827018_3663827019_3664674393_#1more_0_D2.0,0,0.0,-1.0,[]
130.0,cluster_123308403_3663827018_3663827019_3664674393_#1more_0_D2.1,0,0.0,-1.0,[]
130.0,cluster_123308403_3663827018_3663827019_3664674393_#1more_0_D2.2,0,0.0,-1.0,[]
130.0,cluster_3664723686_3698084157_3698084158_3698084159_#1more_0_D0.0,0,0.0,-1.0,[]
130.0,cluster_3664723686_3698084157_3698084158_3698084159_#1more_0_D0.1,0,0.0,-1.0,[]
130.0,cluster_3664723686_3698084157_3698084158_3698084159_#1more_0_D0.2,0,0.0,-1.0,[]
130.0,cluster_3664723686_3698084157_3698084158_3698084159_#1more_0_D1.0,0,0.0,-1.0,[]
130.0,cluster_3664723686_3698084157_3698084158_3698084159_#1more_0_D1.1,0,0.0,-1.0,[]
130.0,cluster_3664723686_3698084157_3698084158_3698084159_#1more_0_D1.2,0,0.0,-1.0,[]
130.0,joinedS_3663662947_3663662948_3698084160_3698084161_#1more_0_D0.0,0,0.0,-1.0,[]
130.0,joinedS_3663662947_3663662948_3698084160_3698084161_#1more_0_D0.1,0,0.0,-1.0,[]
130.0,joinedS_3663662947_3663662948_3698084160_3698084161_#1more_0_D0.2,0,0.0,-1.0,[]
130.0,joinedS_3663662947_3663662948_3698084160_3698084161_#1more_0_D0.3,0,0.0,-1.0,[]
130.0,joinedS_3663662947_3663662948_3698084160_3698084161_#1more_0_D1.0,0,0.0,-1.0,[]
130.0,joinedS_3663662947_3663662948_3698084160_3698084161_#1more_0_D1.1,0,0.0,-1.0,[]
130.0,joinedS_3663662947_3663662948_3698084160_3698084161_#1more_0_D1.2,0,0.0,-1.0,[]
130.0,joinedS_3663662947_3663662948_3698084160_3698084161_#1more_0_D1.3,0,0.0,-1.0,[]
130.0,joinedS_3663662947_3663662948_3698084160_3698084161_#1more_0_D2.0,0,0.0,-1.0,[]
130.0,joinedS_3663662947_3663662948_3698084160_3698084161_#1more_0_D2.1,0,0.0,-1.0,[]
130.0,joinedS_3663662947_3663662948_3698084160_3698084161_#1more_0_D2.2,0,0.0,-1.0,[]
130.0,joinedS_3663662947_3663662948_3698084160_3698084161_#1more_0_D2.3,0,0.0,-1.0,[]
130.0,joinedS_3663662947_3663662948_3698084160_3698084161_#1more_0_D3.0,1,100.0,0.0,['truck4']
130.0,joinedS_3663662947_3663662948_3698084160_3698084161_#1more_0_D3.1,0,0.0,-1.0,[]
130.0,joinedS_3663662947_3663662948_3698084160_3698084161_#1more_0_D3.2,0,0.0,-1.0,[]
130.0,joinedS_3663662947_3663662948_3698084160_3698084161_#1more_0_D3.3,0,0.0,-1.0,[]
130.0,joinedS_3663662947_3663662948_3698084160_3698084161_#1more_0_D3.4,0,0.0,-1.0,[]
135.0,cluster_122855839_3663662942_3663662943_3663662944_#1more_0_D0.0,0,0.0,-1.0,[]
135.0,cluster_122855839_3663662942_3663662943_3663662944_#1more_0_D0.1,0,0.0,-1.0,[]
135.0,cluster_122855839_3663662942_3663662943_3663662944_#1more_0_D0.2,0,0.0,-1.0,[]
135.0,cluster_122855839_3663662942_3663662943_3663662944_#1more_0_D0.3,0,0.0,-1.0,[]
135.0,cluster_122855839_3663662942_3663662943_3663662944_#1more_0_D0.4,0,0.0,-1.0,[]
135.0,cluster_122855839_3663662942_3663662943_3663662944_#1more_0_D1.0,0,0.0,-1.0,[]
135.0,cluster_122855839_3663662942_3663662943_3663662944_#1more_0_D1.1,1,100.0,-1.0,['veh23']
135.0,cluster_122855839_3663662942_3663662943_3663662944_#1more_0_D1.2,0,0.0,-1.0,[]
135.0,cluster_122855839_3663662942_3663662943_3663662944_#1more_0_D2.0,0,0.0,-1.0,[]
135.0,cluster_122855839_3663662942_3663662943_3663662944_#1more_0_D2.1,0,0.0,-1.0,[]
135.0,cluster_123241924_382443557_5344542568_5546892974_#3more_0_D0.0,1,100.0,-1.0,['bus2']
135.0,cluster_123241924_382443557_5344542568_5546892974_#3more_0_D0.1,0,0.0,-1.0,[]
135.0,cluster_123241924_382443557_5344542568_5546892974_#3more_0_D0.2,0,0.0,-1.0,[]
135.0,cluster_123241924_382443557_5344542568_5546892974_#3more_0_D0.3,0,0.0,-1.0,[]
135.0,cluster_123241924_382443557_5344542568_5546892974_#3more_0_D0.4,0,0.0,-1.0,[]
135.0,cluster_123241924_382443557_5344542568_5546892974_#3more_0_D1.0,0,0.0,-1.0,[]
135.0,cluster_123241924_382443557_5344542568_5546892974_#3more_0_D2.0,0,0.0,-1.0,[]
135.0,cluster_123241924_382443557_5344542568_5546892974_#3more_0_D2.1,0,0.0,-1.0,[]
135.0,cluster_123241924_382443557_5344542568_5546892974_#3more_0_D2.2,0,0.0,-1.0,[]
135.0,cluster_123241924_382443557_5344542568_5546892974_#3more_0_D2.3,0,0.0,-1.0,[]
135.0,cluster_123241924_382443557_5344542568_5546892974_#3more_0_D2.4,0,0.0,-1.0,[]
135.0,cluster_123241924_382443557_5344542568_5546892974_#3more_0_D2.5,0,0.0,-1.0,[]
135.0,cluster_123241924_382443557_5344542568_5546892974_#3more_0_D3.0,0,0.0,-1.0,[]
135.0,cluster_123241924_382443557_5344542568_5546892974_#3more_0_D3.1,0,0.0,-1.0,[]
135.0,cluster_123241924_382443557_5344542568_5546892974_#3more_0_D3.2,0,0.0,-1.0,[]
135.0,cluster_123241924_382443557_5344542568_5546892974_#3more_0_D3.3,0,0.0,-1.0,[]
135.0,cluster_123241924_382443557_5344542568_5546892974_#3more_0_D3.4,0,0.0,-1.0,[]
135.0,cluster_123281084_3663662939_3664674395_3664674397_#1more_0_D0.0,0,0.0,-1.0,[]
135.0,cluster_123281084_3663662939_3664674395_3664674397_#1more_0_D0.1,0,0.0,-1.0,[]
135.0,cluster_123281084_3663662939_3664674395_3664674397_#1more_0_D0.2,0,0.0,-1.0,[]
135.0,cluster_123281084_3663662939_3664674395_3664674397_#1more_0_D0.3,0,0.0,-1.0,[]
135.0,cluster_123281084_3663662939_3664674395_3664674397_#1more_0_D0.4,0,0.0,-1.0,[]
135.0,cluster_123281084_3663662939_3664674395_3664674397_#1more_0_D1.0,1,100.0,-1.0,['bus5']
135.0,cluster_123281084_3663662939_3664674395_3664674397_#1more_0_D1.1,1,100.0,-1.0,['veh53']
135.0,cluster_123281084_3663662939_3664674395_3664674397_#1more_0_D2.0,0,0.0,-1.0,[]
135.0,cluster_123281084_3663662939_3664674395_3664674397_#1more_0_D2.1,0,0.0,-1.0,[]
135.0,cluster_123281085_12840608127_12840608130_12840608135_#1more_0_D0.0,0,0.0,-1.0,[]
135.0,cluster_123281085_12840608127_12840608130_12840608135_#1more_0_D1.0,0,0.0,-1.0,[]
135.0,cluster_123292026_3663224279_3663224280_3663662945_#1more_0_D0.0,0,0.0,-1.0,[]
135.0,cluster_123292026_3663224279_3663224280_3663662945_#1more_0_D0.1,0,0.0,-1.0,[]
135.0,cluster_123292026_3663224279_3663224280_3663662945_#1more_0_D1.0,0,0.0,-1.0,[]
135.0,cluster_123292026_3663224279_3663224280_3663662945_#1more_0_D1.1,0,0.0,-1.0,[]
135.0,cluster_123292026_3663224279_3663224280_3663662945_#1more_0_D1.2,0,0.0,-1.0,[]
135.0,cluster_123292026_3663224279_3663224280_3663662945_#1more_0_D1.3,0,0.0,-1.0,[]
135.0,cluster_123292026_3663224279_3663224280_3663662945_#1more_0_D2.0,1,0.0,-1.0,['veh79']
135.0,cluster_123292026_3663224279_3663224280_3663662945_#1more_0_D2.1,1,0.0,-1.0,['veh68']
135.0,cluster_123292029_3663224277_3663224278_5344542569_#1more_0_D0.0,0,0.0,-1.0,[]
135.0,cluster_123292029_3663224277_3663224278_5344542569_#1more_0_D0.1,0,0.0,-1.0,[]
135.0,cluster_123292029_3663224277_3663224278_5344542569_#1more_0_D0.2,0,0.0,-1.0,[]
135.0,cluster_123292029_3663224277_3663224278_5344542569_#1more_0_D1.0,1,100.0,-1.0,['veh59']
135.0,cluster_123292029_3663224277_3663224278_5344542569_#1more_0_D1.1,1,100.0,-1.0,['veh44']
135.0,cluster_123292029_3663224277_3663224278_5344542569_#1more_0_D2.0,0,0.0,-1.0,[]
135.0,cluster_123292029_3663224277_3663224278_5344542569_#1more_0_D2.1,0,0.0,-1.0,[]
135.0,cluster_123292029_3663224277_3663224278_5344542569_#1more_0_D2.2,0,0.0,-1.0,[]
135.0,cluster_123292029_3663224277_3663224278_5344542569_#1more_0_D3.0,0,0.0,-1.0,[]
135.0,cluster_123292029_3663224277_3663224278_5344542569_#1more_0_D3.1,0,0.0,-1.0,[]
135.0,cluster_123292031_3663224275_3663224276_3663662936_#1more_0_D0.0,0,0.0,-1.0,[]
135.0,cluster_123292031_3663224275_3663224276_3663662936_#1more_0_D0.1,0,0.0,-1.0,[]
135.0,cluster_123292031_3663224275_3663224276_3663662936_#1more_0_D1.0,0,0.0,-1.0,[]
135.0,cluster_123292031_3663224275_3663224276_3663662936_#1more_0_D2.0,0,0.0,-1.0,[]
135.0,cluster_123292031_3663224275_3663224276_3663662936_#1more_0_D2.1,0,0.0,-1.0,[]
135.0,cluster_123308403_3663827018_3663827019_3664674393_#1more_0_D0.0,0,0.0,-1.0,[]
135.0,cluster_123308403_3663827018_3663827019_3664674393_#1more_0_D0.1,0,0.0,-1.0,[]
135.0,cluster_123308403_3663827018_3663827019_3664674393_#1more_0_D1.0,0,0.0,-1.0,[]
135.0,cluster_123308403_3663827018_3663827019_3664674393_#1more_0_D1.1,0,0.0,-1.0,[]
135.0,cluster_123308403_3663827018_3663827019_3664674393_#1more_0_D1.2,0,0.0,-1.0,[]
135.0,cluster_123308403_3663827018_3663827019_3664674393_#1more_0_D1.3,0,0.0,-1.0,[]
135.0,cluster_123308403_3663827018_3663827019_3664674393_#1more_0_D2.0,0,0.0,-1.0,[]
135.0,cluster_123308403_3663827018_3663827019_3664674393_#1more_0_D2.1,0,0.0,-1.0,[]
135.0,cluster_123308403_3663827018_3663827019_3664674393_#1more_0_D2.2,0,0.0,-1.0,[]
135.0,cluster_3664723686_3698084157_3698084158_3698084159_#1more_0_D0.0,0,0.0,-1.0,[]
135.0,cluster_3664723686_3698084157_3698084158_3698084159_#1more_0_D0.1,0,0.0,-1.0,[]
135.0,cluster_3664723686_3698084157_3698084158_3698084159_#1more_0_D0.2,0,0.0,-1.0,[]
135.0,cluster_3664723686_3698084157_3698084158_3698084159_#1more_0_D1.0,0,0.0,-1.0,[]
135.0,cluster_3664723686_3698084157_3698084158_3698084159_#1more_0_D1.1,0,0.0,-1.0,[]
135.0,cluster_3664723686_3698084157_3698084158_3698084159_#1more_0_D1.2,0,0.0,-1.0,[]
135.0,joinedS_3663662947_3663662948_3698084160_3698084161_#1more_0_D0.0,0,0.0,-1.0,[]
135.0,joinedS_3663662947_3663662948_3698084160_3698084161_#1more_0_D0.1,0,0.0,-1.0,[]
135.0,joinedS_3663662947_3663662948_3698084160_3698084161_#1more_0_D0.2,0,0.0,-1.0,[]
135.0,joinedS_3663662947_3663662948_3698084160_3698084161_#1more_0_D0.3,0,0.0,-1.0,[]
135.0,joinedS_3663662947_3663662948_3698084160_3698084161_#1more_0_D1.0,0,0.0,-1.0,[]
135.0,joinedS_3663662947_3663662948_3698084160_3698084161_#1more_0_D1.1,0,0.0,-1.0,[]
135.0,joinedS_3663662947_3663662948_3698084160_3698084161_#1more_0_D1.2,0,0.0,-1.0,[]
135.0,joinedS_3663662947_3663662948_3698084160_3698084161_#1more_0_D1.3,0,0.0,-1.0,[]
135.0,joinedS_3663662947_3663662948_3698084160_3698084161_#1more_0_D2.0,0,0.0,-1.0,[]
135.0,joinedS_3663662947_3663662948_3698084160_3698084161_#1more_0_D2.1,0,0.0,-1.0,[]
135.0,joinedS_3663662947_3663662948_3698084160_3698084161_#1more_0_D2.2,0,0.0,-1.0,[]
135.0,joinedS_3663662947_3663662948_3698084160_3698084161_#1more_0_D2.3,0,0.0,-1.0,[]
135.0,joinedS_3663662947_3663662948_3698084160_3698084161_#1more_0_D3.0,1,100.0,-1.0,['truck4']
135.0,joinedS_3663662947_3663662948_3698084160_3698084161_#1more_0_D3.1,0,0.0,-1.0,[]
135.0,joinedS_3663662947_3663662948_3698084160_3698084161_#1more_0_D3.2,0,0.0,-1.0,[]
135.0,joinedS_3663662947_3663662948_3698084160_3698084161_#1more_0_D3.3,0,0.0,-1.0,[]
135.0,joinedS_3663662947_3663662948_3698084160_3698084161_#1more_0_D3.4,0,0.0,-1.0,[]
140.0,cluster_122855839_3663662942_3663662943_3663662944_#1more_0_D0.0,0,0.0,-1.0,[]
140.0,cluster_122855839_3663662942_3663662943_3663662944_#1more_0_D0.1,0,0.0,-1.0,[]
140.0,cluster_122855839_3663662942_3663662943_3663662944_#1more_0_D0.2,0,0.0,-1.0,[]
140.0,cluster_122855839_3663662942_3663662943_3663662944_#1more_0_D0.3,0,0.0,-1.0,[]
140.0,cluster_122855839_3663662942_3663662943_3663662944_#1more_0_D0.4,0,0.0,-1.0,[]
140.0,cluster_122855839_3663662942_3663662943_3663662944_#1more_0_D1.0,1,0.0,-1.0,['truck1']
140.0,cluster_122855839_3663662942_3663662943_3663662944_#1more_0_D1.1,1,0.0,-1.0,['truck1']
140.0,cluster_122855839_3663662942_3663662943_3663662944_#1more_0_D1.2,0,0.0,-1.0,[]
140.0,cluster_122855839_3663662942_3663662943_3663662944_#1more_0_D2.0,0,0.0,-1.0,[]
140.0,cluster_122855839_3663662942_3663662943_3663662944_#1more_0_D2.1,0,0.0,-1.0,[]
140.0,cluster_123241924_382443557_5344542568_5546892974_#3more_0_D0.0,1,100.0,-1.0,['bus2']
140.0,cluster_123241924_382443557_5344542568_5546892974_#3more_0_D0.1,0,0.0,-1.0,[]
140.0,cluster_123241924_382443557_5344542568_5546892974_#3more_0_D0.2,0,0.0,-1.0,[]
140.0,cluster_123241924_382443557_5344542568_5546892974_#3more_0_D0.3,0,0.0,-1.0,[]
140.0,cluster_123241924_382443557_5344542568_5546892974_#3more_0_D0.4,0,0.0,-1.0,[]
140.0,cluster_123241924_382443557_5344542568_5546892974_#3more_0_D1.0,0,0.0,-1.0,[]
140.0,cluster_123241924_382443557_5344542568_5546892974_#3more_0_D2.0,0,0.0,-1.0,[]
140.0,cluster_123241924_382443557_5344542568_5546892974_#3more_0_D2.1,0,0.0,-1.0,[]
140.0,cluster_123241924_382443557_5344542568_5546892974_#3more_0_D2.2,0,0.0,-1.0,[]
140.0,cluster_123241924_382443557_5344542568_5546892974_#3more_0_D2.3,0,0.0,-1.0,[]
140.0,cluster_123241924_382443557_5344542568_5546892974_#3more_0_D2.4,0,0.0,-1.0,[]
140.0,cluster_123241924_382443557_5344542568_5546892974_#3more_0_D2.5,0,0.0,-1.0,[]
140.0,cluster_123241924_382443557_5344542568_5546892974_#3more_0_D3.0,0,0.0,-1.0,[]
140.0,cluster_123241924_382443557_5344542568_5546892974_#3more_0_D3.1,0,0.0,-1.0,[]
140.0,cluster_123241924_382443557_5344542568_5546892974_#3more_0_D3.2,0,0.0,-1.0,[]
140.0,cluster_123241924_382443557_5344542568_5546892974_#3more_0_D3.3,0,0.0,-1.0,[]
140.0,cluster_123241924_382443557_5344542568_5546892974_#3more_0_D3.4,0,0.0,-1.0,[]
140.0,cluster_123281084_3663662939_3664674395_3664674397_#1more_0_D0.0,1,72.08691298509109,5.032918684470323,['veh61']
140.0,cluster_123281084_3663662939_3664674395_3664674397_#1more_0_D0.1,0,0.0,-1.0,[]
140.0,cluster_123281084_3663662939_3664674395_3664674397_#1more_0_D0.2,0,0.0,-1.0,[]
140.0,cluster_123281084_3663662939_3664674395_3664674397_#1more_0_D0.3,0,0.0,-1.0,[]
140.0,cluster_123281084_3663662939_3664674395_3664674397_#1more_0_D0.4,0,0.0,-1.0,[]
140.0,cluster_123281084_3663662939_3664674395_3664674397_#1more_0_D1.0,1,100.0,-1.0,['bus5']
140.0,cluster_123281084_3663662939_3664674395_3664674397_#1more_0_D1.1,1,100.0,-1.0,['veh53']
140.0,cluster_123281084_3663662939_3664674395_3664674397_#1more_0_D2.0,0,0.0,-1.0,[]
140.0,cluster_123281084_3663662939_3664674395_3664674397_#1more_0_D2.1,0,0.0,-1.0,[]
140.0,cluster_123281085_12840608127_12840608130_12840608135_#1more_0_D0.0,0,0.0,-1.0,[]
140.0,cluster_123281085_12840608127_12840608130_12840608135_#1more_0_D1.0,0,0.0,-1.0,[]
140.0,cluster_123292026_3663224279_3663224280_3663662945_#1more_0_D0.0,0,0.0,-1.0,[]
140.0,cluster_123292026_3663224279_3663224280_3663662945_#1more_0_D0.1,0,0.0,-1.0,[]
140.0,cluster_123292026_3663224279_3663224280_3663662945_#1more_0_D1.0,0,0.0,-1.0,[]
140.0,cluster_123292026_3663224279_3663224280_3663662945_#1more_0_D1.1,0,0.0,-1.0,[]
140.0,cluster_123292026_3663224279_3663224280_3663662945_#1more_0_D1.2,0,0.0,-1.0,[]
140.0,cluster_123292026_3663224279_3663224280_3663662945_#1more_0_D1.3,0,0.0,-1.0,[]
140.0,cluster_123292026_3663224279_3663224280_3663662945_#1more_0_D2.0,0,0.0,-1.0,[]
140.0,cluster_123292026_3663224279_3663224280_3663662945_#1more_0_D2.1,0,0.0,-1.0,[]
140.0,cluster_123292029_3663224277_3663224278_5344542569_#1more_0_D0.0,0,0.0,-1.0,[]
140.0,cluster_123292029_3663224277_3663224278_5344542569_#1more_0_D0.1,0,0.0,-1.0,[]
140.0,cluster_123292029_3663224277_3663224278_5344542569_#1more_0_D0.2,0,0.0,-1.0,[]
140.0,cluster_123292029_3663224277_3663224278_5344542569_#1more_0_D1.0,1,100.0,-1.0,['veh59']
140.0,cluster_123292029_3663224277_3663224278_5344542569_#1more_0_D1.1,1,100.0,-1.0,['veh44']
140.0,cluster_123292029_3663224277_3663224278_5344542569_#1more_0_D2.0,0,0.0,-1.0,[]
140.0,cluster_123292029_3663224277_3663224278_5344542569_#1more_0_D2.1,0,0.0,-1.0,[]
140.0,cluster_123292029_3663224277_3663224278_5344542569_#1more_0_D2.2,0,0.0,-1.0,[]
140.0,cluster_123292029_3663224277_3663224278_5344542569_#1more_0_D3.0,0,0.0,-1.0,[]
140.0,cluster_123292029_3663224277_3663224278_5344542569_#1more_0_D3.1,0,0.0,-1.0,[]
140.0,cluster_123292031_3663224275_3663224276_3663662936_#1more_0_D0.0,0,0.0,-1.0,[]
140.0,cluster_123292031_3663224275_3663224276_3663662936_#1more_0_D0.1,0,0.0,-1.0,[]
140.0,cluster_123292031_3663224275_3663224276_3663662936_#1more_0_D1.0,0,0.0,-1.0,[]
140.0,cluster_123292031_3663224275_3663224276_3663662936_#1more_0_D2.0,0,0.0,-1.0,[]
140.0,cluster_123292031_3663224275_3663224276_3663662936_#1more_0_D2.1,0,0.0,-1.0,[]
140.0,cluster_123308403_3663827018_3663827019_3664674393_#1more_0_D0.0,0,0.0,-1.0,[]
140.0,cluster_123308403_3663827018_3663827019_3664674393_#1more_0_D0.1,0,0.0,-1.0,[]
140.0,cluster_123308403_3663827018_3663827019_3664674393_#1more_0_D1.0,0,0.0,-1.0,[]
140.0,cluster_123308403_3663827018_3663827019_3664674393_#1more_0_D1.1,0,0.0,-1.0,[]
140.0,cluster_123308403_3663827018_3663827019_3664674393_#1more_0_D1.2,0,0.0,-1.0,[]
140.0,cluster_123308403_3663827018_3663827019_3664674393_#1more_0_D1.3,0,0.0,-1.0,[]
140.0,cluster_123308403_3663827018_3663827019_3664674393_#1more_0_D2.0,0,0.0,-1.0,[]
140.0,cluster_123308403_3663827018_3663827019_3664674393_#1more_0_D2.1,0,0.0,-1.0,[]
140.0,cluster_123308403_3663827018_3663827019_3664674393_#1more_0_D2.2,0,0.0,-1.0,[]
140.0,cluster_3664723686_3698084157_3698084158_3698084159_#1more_0_D0.0,0,0.0,-1.0,[]
140.0,cluster_3664723686_3698084157_3698084158_3698084159_#1more_0_D0.1,0,0.0,-1.0,[]
140.0,cluster_3664723686_3698084157_3698084158_3698084159_#1more_0_D0.2,0,0.0,-1.0,[]
140.0,cluster_3664723686_3698084157_3698084158_3698084159_#1more_0_D1.0,0,0.0,-1.0,[]
140.0,cluster_3664723686_3698084157_3698084158_3698084159_#1more_0_D1.1,0,0.0,-1.0,[]
140.0,cluster_3664723686_3698084157_3698084158_3698084159_#1more_0_D1.2,0,0.0,-1.0,[]
140.0,joinedS_3663662947_3663662948_3698084160_3698084161_#1more_0_D0.0,0,0.0,-1.0,[]
140.0,joinedS_3663662947_3663662948_3698084160_3698084161_#1more_0_D0.1,0,0.0,-1.0,[]
140.0,joinedS_3663662947_3663662948_3698084160_3698084161_#1more_0_D0.2,0,0.0,-1.0,[]
140.0,joinedS_3663662947_3663662948_3698084160_3698084161_#1more_0_D0.3,0,0.0,-1.0,[]
140.0,joinedS_3663662947_3663662948_3698084160_3698084161_#1more_0_D1.0,0,0.0,-1.0,[]
140.0,joinedS_3663662947_3663662948_3698084160_3698084161_#1more_0_D1.1,0,0.0,-1.0,[]
140.0,joinedS_3663662947_3663662948_3698084160_3698084161_#1more_0_D1.2,0,0.0,-1.0,[]
140.0,joinedS_3663662947_3663662948_3698084160_3698084161_#1more_0_D1.3,0,0.0,-1.0,[]
140.0,joinedS_3663662947_3663662948_3698084160_3698084161_#1more_0_D2.0,0,0.0,-1.0,[]
140.0,joinedS_3663662947_3663662948_3698084160_3698084161_#1more_0_D2.1,0,0.0,-1.0,[]
140.0,joinedS_3663662947_3663662948_3698084160_3698084161_#1more_0_D2.2,0,0.0,-1.0,[]
140.0,joinedS_3663662947_3663662948_3698084160_3698084161_#1more_0_D2.3,0,0.0,-1.0,[]
140.0,joinedS_3663662947_3663662948_3698084160_3698084161_#1more_0_D3.0,1,100.0,-1.0,['truck4']
140.0,joinedS_3663662947_3663662948_3698084160_3698084161_#1more_0_D3.1,0,0.0,-1.0,[]
140.0,joinedS_3663662947_3663662948_3698084160_3698084161_#1more_0_D3.2,0,0.0,-1.0,[]
140.0,joinedS_3663662947_3663662948_3698084160_3698084161_#1more_0_D3.3,0,0.0,-1.0,[]
140.0,joinedS_3663662947_3663662948_3698084160_3698084161_#1more_0_D3.4,0,0.0,-1.0,[]
145.0,cluster_122855839_3663662942_3663662943_3663662944_#1more_0_D0.0,0,0.0,-1.0,[]
145.0,cluster_122855839_3663662942_3663662943_3663662944_#1more_0_D0.1,0,0.0,-1.0,[]
145.0,cluster_122855839_3663662942_3663662943_3663662944_#1more_0_D0.2,0,0.0,-1.0,[]
145.0,cluster_122855839_3663662942_3663662943_3663662944_#1more_0_D0.3,0,0.0,-1.0,[]
145.0,cluster_122855839_3663662942_3663662943_3663662944_#1more_0_D0.4,0,0.0,-1.0,[]
145.0,cluster_122855839_3663662942_3663662943_3663662944_#1more_0_D1.0,0,0.0,-1.0,[]
145.0,cluster_122855839_3663662942_3663662943_3663662944_#1more_0_D1.1,0,0.0,-1.0,[]
145.0,cluster_122855839_3663662942_3663662943_3663662944_#1more_0_D1.2,0,0.0,-1.0,[]
145.0,cluster_122855839_3663662942_3663662943_3663662944_#1more_0_D2.0,0,0.0,-1.0,[]
145.0,cluster_122855839_3663662942_3663662943_3663662944_#1more_0_D2.1,0,0.0,-1.0,[]
145.0,cluster_123241924_382443557_5344542568_5546892974_#3more_0_D0.0,1,100.0,-1.0,['bus2']
145.0,cluster_123241924_382443557_5344542568_5546892974_#3more_0_D0.1,0,0.0,-1.0,[]
145.0,cluster_123241924_382443557_5344542568_5546892974_#3more_0_D0.2,0,0.0,-1.0,[]
145.0,cluster_123241924_382443557_5344542568_5546892974_#3more_0_D0.3,0,0.0,-1.0,[]
145.0,cluster_123241924_382443557_5344542568_5546892974_#3more_0_D0.4,0,0.0,-1.0,[]
145.0,cluster_123241924_382443557_5344542568_5546892974_#3more_0_D1.0,0,0.0,-1.0,[]
145.0,cluster_123241924_382443557_5344542568_5546892974_#3more_0_D2.0,0,0.0,-1.0,[]
145.0,cluster_123241924_382443557_5344542568_5546892974_#3more_0_D2.1,0,0.0,-1.0,[]
145.0,cluster_123241924_382443557_5344542568_5546892974_#3more_0_D2.2,0,0.0,-1.0,[]
145.0,cluster_123241924_382443557_5344542568_5546892974_#3more_0_D2.3,0,0.0,-1.0,[]
145.0,cluster_123241924_382443557_5344542568_5546892974_#3more_0_D2.4,0,0.0,-1.0,[]
145.0,cluster_123241924_382443557_5344542568_5546892974_#3more_0_D2.5,0,0.0,-1.0,[]
145.0,cluster_123241924_382443557_5344542568_5546892974_#3more_0_D3.0,0,0.0,-1.0,[]
145.0,cluster_123241924_382443557_5344542568_5546892974_#3more_0_D3.1,0,0.0,-1.0,[]
145.0,cluster_123241924_382443557_5344542568_5546892974_#3more_0_D3.2,0,0.0,-1.0,[]
145.0,cluster_123241924_382443557_5344542568_5546892974_#3more_0_D3.3,0,0.0,-1.0,[]
145.0,cluster_123241924_382443557_5344542568_5546892974_#3more_0_D3.4,0,0.0,-1.0,[]
145.0,cluster_123281084_3663662939_3664674395_3664674397_#1more_0_D0.0,0,0.0,-1.0,[]
145.0,cluster_123281084_3663662939_3664674395_3664674397_#1more_0_D0.1,0,0.0,-1.0,[]
145.0,cluster_123281084_3663662939_3664674395_3664674397_#1more_0_D0.2,0,0.0,-1.0,[]
145.0,cluster_123281084_3663662939_3664674395_3664674397_#1more_0_D0.3,0,0.0,-1.0,[]
145.0,cluster_123281084_3663662939_3664674395_3664674397_#1more_0_D0.4,0,0.0,-1.0,[]
145.0,cluster_123281084_3663662939_3664674395_3664674397_#1more_0_D1.0,1,100.0,-1.0,['bus5']
145.0,cluster_123281084_3663662939_3664674395_3664674397_#1more_0_D1.1,1,100.0,-1.0,['veh53']
145.0,cluster_123281084_3663662939_3664674395_3664674397_#1more_0_D2.0,0,0.0,-1.0,[]
145.0,cluster_123281084_3663662939_3664674395_3664674397_#1more_0_D2.1,0,0.0,-1.0,[]
145.0,cluster_123281085_12840608127_12840608130_12840608135_#1more_0_D0.0,0,0.0,-1.0,[]
145.0,cluster_123281085_12840608127_12840608130_12840608135_#1more_0_D1.0,0,0.0,-1.0,[]
145.0,cluster_123292026_3663224279_3663224280_3663662945_#1more_0_D0.0,0,0.0,-1.0,[]
145.0,cluster_123292026_3663224279_3663224280_3663662945_#1more_0_D0.1,0,0.0,-1.0,[]
145.0,cluster_123292026_3663224279_3663224280_3663662945_#1more_0_D1.0,0,0.0,-1.0,[]
145.0,cluster_123292026_3663224279_3663224280_3663662945_#1more_0_D1.1,0,0.0,-1.0,[]
145.0,cluster_123292026_3663224279_3663224280_3663662945_#1more_0_D1.2,0,0.0,-1.0,[]
145.0,cluster_123292026_3663224279_3663224280_3663662945_#1more_0_D1.3,0,0.0,-1.0,[]
145.0,cluster_123292026_3663224279_3663224280_3663662945_#1more_0_D2.0,0,0.0,-1.0,[]
145.0,cluster_123292026_3663224279_3663224280_3663662945_#1more_0_D2.1,0,0.0,-1.0,[]
145.0,cluster_123292029_3663224277_3663224278_5344542569_#1more_0_D0.0,0,0.0,-1.0,[]
145.0,cluster_123292029_3663224277_3663224278_5344542569_#1more_0_D0.1,0,0.0,-1.0,[]
145.0,cluster_123292029_3663224277_3663224278_5344542569_#1more_0_D0.2,0,0.0,-1.0,[]
145.0,cluster_123292029_3663224277_3663224278_5344542569_#1more_0_D1.0,0,0.0,-1.0,[]
145.0,cluster_123292029_3663224277_3663224278_5344542569_#1more_0_D1.1,0,0.0,-1.0,[]
145.0,cluster_123292029_3663224277_3663224278_5344542569_#1more_0_D2.0,0,0.0,-1.0,[]
145.0,cluster_123292029_3663224277_3663224278_5344542569_#1more_0_D2.1,0,0.0,-1.0,[]
145.0,cluster_123292029_3663224277_3663224278_5344542569_#1more_0_D2.2,0,0.0,-1.0,[]
145.0,cluster_123292029_3663224277_3663224278_5344542569_#1more_0_D3.0,0,0.0,-1.0,[]
145.0,cluster_123292029_3663224277_3663224278_5344542569_#1more_0_D3.1,0,0.0,-1.0,[]
145.0,cluster_123292031_3663224275_3663224276_3663662936_#1more_0_D0.0,0,0.0,-1.0,[]
145.0,cluster_123292031_3663224275_3663224276_3663662936_#1more_0_D0.1,0,0.0,-1.0,[]
145.0,cluster_123292031_3663224275_3663224276_3663662936_#1more_0_D1.0,0,0.0,-1.0,[]
145.0,cluster_123292031_3663224275_3663224276_3663662936_#1more_0_D2.0,0,0.0,-1.0,[]
145.0,cluster_123292031_3663224275_3663224276_3663662936_#1more_0_D2.1,0,0.0,-1.0,[]
145.0,cluster_123308403_3663827018_3663827019_3664674393_#1more_0_D0.0,0,0.0,-1.0,[]
145.0,cluster_123308403_3663827018_3663827019_3664674393_#1more_0_D0.1,0,0.0,-1.0,[]
145.0,cluster_123308403_3663827018_3663827019_3664674393_#1more_0_D1.0,0,0.0,-1.0,[]
145.0,cluster_123308403_3663827018_3663827019_3664674393_#1more_0_D1.1,0,0.0,-1.0,[]
145.0,cluster_123308403_3663827018_3663827019_3664674393_#1more_0_D1.2,0,0.0,-1.0,[]
145.0,cluster_123308403_3663827018_3663827019_3664674393_#1more_0_D1.3,0,0.0,-1.0,[]
145.0,cluster_123308403_3663827018_3663827019_3664674393_#1more_0_D2.0,0,0.0,-1.0,[]
145.0,cluster_123308403_3663827018_3663827019_3664674393_#1more_0_D2.1,1,19.3812652786022,16.17395033919427,['veh9']
145.0,cluster_123308403_3663827018_3663827019_3664674393_#1more_0_D2.2,0,0.0,-1.0,[]
145.0,cluster_3664723686_3698084157_3698084158_3698084159_#1more_0_D0.0,0,0.0,-1.0,[]
145.0,cluster_3664723686_3698084157_3698084158_3698084159_#1more_0_D0.1,0,0.0,-1.0,[]
145.0,cluster_3664723686_3698084157_3698084158_3698084159_#1more_0_D0.2,0,0.0,-1.0,[]
145.0,cluster_3664723686_3698084157_3698084158_3698084159_#1more_0_D1.0,0,0.0,-1.0,[]
145.0,cluster_3664723686_3698084157_3698084158_3698084159_#1more_0_D1.1,0,0.0,-1.0,[]
145.0,cluster_3664723686_3698084157_3698084158_3698084159_#1more_0_D1.2,0,0.0,-1.0,[]
145.0,joinedS_3663662947_3663662948_3698084160_3698084161_#1more_0_D0.0,1,100.0,-1.0,['veh87']
145.0,joinedS_3663662947_3663662948_3698084160_3698084161_#1more_0_D0.1,0,0.0,-1.0,[]
145.0,joinedS_3663662947_3663662948_3698084160_3698084161_#1more_0_D0.2,0,0.0,-1.0,[]
145.0,joinedS_3663662947_3663662948_3698084160_3698084161_#1more_0_D0.3,0,0.0,-1.0,[]
145.0,joinedS_3663662947_3663662948_3698084160_3698084161_#1more_0_D1.0,0,0.0,-1.0,[]
145.0,joinedS_3663662947_3663662948_3698084160_3698084161_#1more_0_D1.1,0,0.0,-1.0,[]
145.0,joinedS_3663662947_3663662948_3698084160_3698084161_#1more_0_D1.2,0,0.0,-1.0,[]
145.0,joinedS_3663662947_3663662948_3698084160_3698084161_#1more_0_D1.3,0,0.0,-1.0,[]
145.0,joinedS_3663662947_3663662948_3698084160_3698084161_#1more_0_D2.0,0,0.0,-1.0,[]
145.0,joinedS_3663662947_3663662948_3698084160_3698084161_#1more_0_D2.1,0,0.0,-1.0,[]
145.0,joinedS_3663662947_3663662948_3698084160_3698084161_#1more_0_D2.2,0,0.0,-1.0,[]
145.0,joinedS_3663662947_3663662948_3698084160_3698084161_#1more_0_D2.3,0,0.0,-1.0,[]
145.0,joinedS_3663662947_3663662948_3698084160_3698084161_#1more_0_D3.0,1,100.0,-1.0,['truck4']
145.0,joinedS_3663662947_3663662948_3698084160_3698084161_#1more_0_D3.1,0,0.0,-1.0,[]
145.0,joinedS_3663662947_3663662948_3698084160_3698084161_#1more_0_D3.2,0,0.0,-1.0,[]
145.0,joinedS_3663662947_3663662948_3698084160_3698084161_#1more_0_D3.3,0,0.0,-1.0,[]
145.0,joinedS_3663662947_3663662948_3698084160_3698084161_#1more_0_D3.4,0,0.0,-1.0,[]
150.0,cluster_122855839_3663662942_3663662943_3663662944_#1more_0_D0.0,0,0.0,-1.0,[]
150.0,cluster_122855839_3663662942_3663662943_3663662944_#1more_0_D0.1,0,0.0,-1.0,[]
150.0,cluster_122855839_3663662942_3663662943_3663662944_#1more_0_D0.2,0,0.0,-1.0,[]
150.0,cluster_122855839_3663662942_3663662943_3663662944_#1more_0_D0.3,0,0.0,-1.0,[]
150.0,cluster_122855839_3663662942_3663662943_3663662944_#1more_0_D0.4,0,0.0,-1.0,[]
150.0,cluster_122855839_3663662942_3663662943_3663662944_#1more_0_D1.0,0,0.0,-1.0,[]
150.0,cluster_122855839_3663662942_3663662943_3663662944_#1more_0_D1.1,0,0.0,-1.0,[]
150.0,cluster_122855839_3663662942_3663662943_3663662944_#1more_0_D1.2,0,0.0,-1.0,[]
150.0,cluster_122855839_3663662942_3663662943_3663662944_#1more_0_D2.0,0,0.0,-1.0,[]
150.0,cluster_122855839_3663662942_3663662943_3663662944_#1more_0_D2.1,0,0.0,-1.0,[]
150.0,cluster_123241924_382443557_5344542568_5546892974_#3more_0_D0.0,1,100.0,-1.0,['bus2']
150.0,cluster_123241924_382443557_5344542568_5546892974_#3more_0_D0.1,0,0.0,-1.0,[]
150.0,cluster_123241924_382443557_5344542568_5546892974_#3more_0_D0.2,0,0.0,-1.0,[]
150.0,cluster_123241924_382443557_5344542568_5546892974_#3more_0_D0.3,0,0.0,-1.0,[]
150.0,cluster_123241924_382443557_5344542568_5546892974_#3more_0_D0.4,0,0.0,-1.0,[]
150.0,cluster_123241924_382443557_5344542568_5546892974_#3more_0_D1.0,0,0.0,-1.0,[]
150.0,cluster_123241924_382443557_5344542568_5546892974_#3more_0_D2.0,0,0.0,-1.0,[]
150.0,cluster_123241924_382443557_5344542568_5546892974_#3more_0_D2.1,0,0.0,-1.0,[]
150.0,cluster_123241924_382443557_5344542568_5546892974_#3more_0_D2.2,0,0.0,-1.0,[]
150.0,cluster_123241924_382443557_5344542568_5546892974_#3more_0_D2.3,0,0.0,-1.0,[]
150.0,cluster_123241924_382443557_5344542568_5546892974_#3more_0_D2.4,0,0.0,-1.0,[]
150.0,cluster_123241924_382443557_5344542568_5546892974_#3more_0_D2.5,0,0.0,-1.0,[]
150.0,cluster_123241924_382443557_5344542568_5546892974_#3more_0_D3.0,0,0.0,-1.0,[]
150.0,cluster_123241924_382443557_5344542568_5546892974_#3more_0_D3.1,0,0.0,-1.0,[]
150.0,cluster_123241924_382443557_5344542568_5546892974_#3more_0_D3.2,0,0.0,-1.0,[]
150.0,cluster_123241924_382443557_5344542568_5546892974_#3more_0_D3.3,0,0.0,-1.0,[]
150.0,cluster_123241924_382443557_5344542568_5546892974_#3more_0_D3.4,0,0.0,-1.0,[]
150.0,cluster_123281084_3663662939_3664674395_3664674397_#1more_0_D0.0,0,0.0,-1.0,[]
150.0,cluster_123281084_3663662939_3664674395_3664674397_#1more_0_D0.1,0,0.0,-1.0,[]
150.0,cluster_123281084_3663662939_3664674395_3664674397_#1more_0_D0.2,0,0.0,-1.0,[]
150.0,cluster_123281084_3663662939_3664674395_3664674397_#1more_0_D0.3,0,0.0,-1.0,[]
150.0,cluster_123281084_3663662939_3664674395_3664674397_#1more_0_D0.4,0,0.0,-1.0,[]
150.0,cluster_123281084_3663662939_3664674395_3664674397_#1more_0_D1.0,1,100.0,-1.0,['bus5']
150.0,cluster_123281084_3663662939_3664674395_3664674397_#1more_0_D1.1,1,100.0,-1.0,['veh53']
150.0,cluster_123281084_3663662939_3664674395_3664674397_#1more_0_D2.0,0,0.0,-1.0,[]
150.0,cluster_123281084_3663662939_3664674395_3664674397_#1more_0_D2.1,0,0.0,-1.0,[]
150.0,cluster_123281085_12840608127_12840608130_12840608135_#1more_0_D0.0,0,0.0,-1.0,[]
150.0,cluster_123281085_12840608127_12840608130_12840608135_#1more_0_D1.0,0,0.0,-1.0,[]
150.0,cluster_123292026_3663224279_3663224280_3663662945_#1more_0_D0.0,0,0.0,-1.0,[]
150.0,cluster_123292026_3663224279_3663224280_3663662945_#1more_0_D0.1,0,0.0,-1.0,[]
150.0,cluster_123292026_3663224279_3663224280_3663662945_#1more_0_D1.0,0,0.0,-1.0,[]
150.0,cluster_123292026_3663224279_3663224280_3663662945_#1more_0_D1.1,0,0.0,-1.0,[]
150.0,cluster_123292026_3663224279_3663224280_3663662945_#1more_0_D1.2,0,0.0,-1.0,[]
150.0,cluster_123292026_3663224279_3663224280_3663662945_#1more_0_D1.3,0,0.0,-1.0,[]
150.0,cluster_123292026_3663224279_3663224280_3663662945_#1more_0_D2.0,0,0.0,-1.0,[]
150.0,cluster_123292026_3663224279_3663224280_3663662945_#1more_0_D2.1,0,0.0,-1.0,[]
150.0,cluster_123292029_3663224277_3663224278_5344542569_#1more_0_D0.0,1,0.0,-1.0,['veh38']
150.0,cluster_123292029_3663224277_3663224278_5344542569_#1more_0_D0.1,0,0.0,-1.0,[]
150.0,cluster_123292029_3663224277_3663224278_5344542569_#1more_0_D0.2,0,0.0,-1.0,[]
150.0,cluster_123292029_3663224277_3663224278_5344542569_#1more_0_D1.0,0,0.0,-1.0,[]
150.0,cluster_123292029_3663224277_3663224278_5344542569_#1more_0_D1.1,1,0.0,-1.0,['veh31']
150.0,cluster_123292029_3663224277_3663224278_5344542569_#1more_0_D2.0,0,0.0,-1.0,[]
150.0,cluster_123292029_3663224277_3663224278_5344542569_#1more_0_D2.1,0,0.0,-1.0,[]
150.0,cluster_123292029_3663224277_3663224278_5344542569_#1more_0_D2.2,0,0.0,-1.0,[]
150.0,cluster_123292029_3663224277_3663224278_5344542569_#1more_0_D3.0,0,0.0,-1.0,[]
150.0,cluster_123292029_3663224277_3663224278_5344542569_#1more_0_D3.1,0,0.0,-1.0,[]
150.0,cluster_123292031_3663224275_3663224276_3663662936_#1more_0_D0.0,0,0.0,-1.0,[]
150.0,cluster_123292031_3663224275_3663224276_3663662936_#1more_0_D0.1,0,0.0,-1.0,[]
150.0,cluster_123292031_3663224275_3663224276_3663662936_#1more_0_D1.0,0,0.0,-1.0,[]
150.0,cluster_123292031_3663224275_3663224276_3663662936_#1more_0_D2.0,0,0.0,-1.0,[]
150.0,cluster_123292031_3663224275_3663224276_3663662936_#1more_0_D2.1,0,0.0,-1.0,[]
150.0,cluster_123308403_3663827018_3663827019_3664674393_#1more_0_D0.0,0,0.0,-1.0,[]
150.0,cluster_123308403_3663827018_3663827019_3664674393_#1more_0_D0.1,0,0.0,-1.0,[]
150.0,cluster_123308403_3663827018_3663827019_3664674393_#1more_0_D1.0,0,0.0,-1.0,[]
150.0,cluster_123308403_3663827018_3663827019_3664674393_#1more_0_D1.1,0,0.0,-1.0,[]
150.0,cluster_123308403_3663827018_3663827019_3664674393_#1more_0_D1.2,0,0.0,-1.0,[]
150.0,cluster_123308403_3663827018_3663827019_3664674393_#1more_0_D1.3,0,0.0,-1.0,[]
150.0,cluster_123308403_3663827018_3663827019_3664674393_#1more_0_D2.0,0,0.0,-1.0,[]
150.0,cluster_123308403_3663827018_3663827019_3664674393_#1more_0_D2.1,0,0.0,-1.0,[]
150.0,cluster_123308403_3663827018_3663827019_3664674393_#1more_0_D2.2,0,0.0,-1.0,[]
150.0,cluster_3664723686_3698084157_3698084158_3698084159_#1more_0_D0.0,0,0.0,-1.0,[]
150.0,cluster_3664723686_3698084157_3698084158_3698084159_#1more_0_D0.1,0,0.0,-1.0,[]
150.0,cluster_3664723686_3698084157_3698084158_3698084159_#1more_0_D0.2,1,19.290695754537523,12.759622073266762,['veh82']
150.0,cluster_3664723686_3698084157_3698084158_3698084159_#1more_0_D1.0,0,0.0,-1.0,[]
150.0,cluster_3664723686_3698084157_3698084158_3698084159_#1more_0_D1.1,0,0.0,-1.0,[]
150.0,cluster_3664723686_3698084157_3698084158_3698084159_#1more_0_D1.2,0,0.0,-1.0,[]
150.0,joinedS_3663662947_3663662948_3698084160_3698084161_#1more_0_D0.0,1,100.0,-1.0,['veh87']
150.0,joinedS_3663662947_3663662948_3698084160_3698084161_#1more_0_D0.1,0,0.0,-1.0,[]
150.0,joinedS_3663662947_3663662948_3698084160_3698084161_#1more_0_D0.2,0,0.0,-1.0,[]
150.0,joinedS_3663662947_3663662948_3698084160_3698084161_#1more_0_D0.3,0,0.0,-1.0,[]
150.0,joinedS_3663662947_3663662948_3698084160_3698084161_#1more_0_D1.0,0,0.0,-1.0,[]
150.0,joinedS_3663662947_3663662948_3698084160_3698084161_#1more_0_D1.1,0,0.0,-1.0,[]
150.0,joinedS_3663662947_3663662948_3698084160_3698084161_#1more_0_D1.2,0,0.0,-1.0,[]
150.0,joinedS_3663662947_3663662948_3698084160_3698084161_#1more_0_D1.3,0,0.0,-1.0,[]
150.0,joinedS_3663662947_3663662948_3698084160_3698084161_#1more_0_D2.0,1,100.0,-1.0,['bus9']
150.0,joinedS_3663662947_3663662948_3698084160_3698084161_#1more_0_D2.1,0,0.0,-1.0,[]
150.0,joinedS_3663662947_3663662948_3698084160_3698084161_#1more_0_D2.2,0,0.0,-1.0,[]
150.0,joinedS_3663662947_3663662948_3698084160_3698084161_#1more_0_D2.3,0,0.0,-1.0,[]
150.0,joinedS_3663662947_3663662948_3698084160_3698084161_#1more_0_D3.0,1,100.0,-1.0,['truck4']
150.0,joinedS_3663662947_3663662948_3698084160_3698084161_#1more_0_D3.1,0,0.0,-1.0,[]
150.0,joinedS_3663662947_3663662948_3698084160_3698084161_#1more_0_D3.2,1,100.0,-1.0,['veh92']
150.0,joinedS_3663662947_3663662948_3698084160_3698084161_#1more_0_D3.3,0,0.0,-1.0,[]
150.0,joinedS_3663662947_3663662948_3698084160_3698084161_#1more_0_D3.4,0,0.0,-1.0,[]
155.0,cluster_122855839_3663662942_3663662943_3663662944_#1more_0_D0.0,0,0.0,-1.0,[]
155.0,cluster_122855839_3663662942_3663662943_3663662944_#1more_0_D0.1,0,0.0,-1.0,[]
155.0,cluster_122855839_3663662942_3663662943_3663662944_#1more_0_D0.2,0,0.0,-1.0,[]
155.0,cluster_122855839_3663662942_3663662943_3663662944_#1more_0_D0.3,0,0.0,-1.0,[]
155.0,cluster_122855839_3663662942_3663662943_3663662944_#1more_0_D0.4,0,0.0,-1.0,[]
155.0,cluster_122855839_3663662942_3663662943_3663662944_#1more_0_D1.0,0,0.0,-1.0,[]
155.0,cluster_122855839_3663662942_3663662943_3663662944_#1more_0_D1.1,0,0.0,-1.0,[]
155.0,cluster_122855839_3663662942_3663662943_3663662944_#1more_0_D1.2,0,0.0,-1.0,[]
155.0,cluster_122855839_3663662942_3663662943_3663662944_#1more_0_D2.0,0,0.0,-1.0,[]
155.0,cluster_122855839_3663662942_3663662943_3663662944_#1more_0_D2.1,0,0.0,-1.0,[]
155.0,cluster_123241924_382443557_5344542568_5546892974_#3more_0_D0.0,1,100.0,-1.0,['bus2']
155.0,cluster_123241924_382443557_5344542568_5546892974_#3more_0_D0.1,0,0.0,-1.0,[]
155.0,cluster_123241924_382443557_5344542568_5546892974_#3more_0_D0.2,0,0.0,-1.0,[]
155.0,cluster_123241924_382443557_5344542568_5546892974_#3more_0_D0.3,0,0.0,-1.0,[]
155.0,cluster_123241924_382443557_5344542568_5546892974_#3more_0_D0.4,0,0.0,-1.0,[]
155.0,cluster_123241924_382443557_5344542568_5546892974_#3more_0_D1.0,0,0.0,-1.0,[]
155.0,cluster_123241924_382443557_5344542568_5546892974_#3more_0_D2.0,0,0.0,-1.0,[]
155.0,cluster_123241924_382443557_5344542568_5546892974_#3more_0_D2.1,0,0.0,-1.0,[]
155.0,cluster_123241924_382443557_5344542568_5546892974_#3more_0_D2.2,0,0.0,-1.0,[]
155.0,cluster_123241924_382443557_5344542568_5546892974_#3more_0_D2.3,0,0.0,-1.0,[]
155.0,cluster_123241924_382443557_5344542568_5546892974_#3more_0_D2.4,0,0.0,-1.0,[]
155.0,cluster_123241924_382443557_5344542568_5546892974_#3more_0_D2.5,0,0.0,-1.0,[]
155.0,cluster_123241924_382443557_5344542568_5546892974_#3more_0_D3.0,0,0.0,-1.0,[]
155.0,cluster_123241924_382443557_5344542568_5546892974_#3more_0_D3.1,0,0.0,-1.0,[]
155.0,cluster_123241924_382443557_5344542568_5546892974_#3more_0_D3.2,0,0.0,-1.0,[]
155.0,cluster_123241924_382443557_5344542568_5546892974_#3more_0_D3.3,0,0.0,-1.0,[]
155.0,cluster_123241924_382443557_5344542568_5546892974_#3more_0_D3.4,0,0.0,-1.0,[]
155.0,cluster_123281084_3663662939_3664674395_3664674397_#1more_0_D0.0,0,0.0,-1.0,[]
155.0,cluster_123281084_3663662939_3664674395_3664674397_#1more_0_D0.1,0,0.0,-1.0,[]
155.0,cluster_123281084_3663662939_3664674395_3664674397_#1more_0_D0.2,0,0.0,-1.0,[]
155.0,cluster_123281084_3663662939_3664674395_3664674397_#1more_0_D0.3,0,0.0,-1.0,[]
155.0,cluster_123281084_3663662939_3664674395_3664674397_#1more_0_D0.4,0,0.0,-1.0,[]
155.0,cluster_123281084_3663662939_3664674395_3664674397_#1more_0_D1.0,1,100.0,-1.0,['bus5']
155.0,cluster_123281084_3663662939_3664674395_3664674397_#1more_0_D1.1,1,100.0,-1.0,['veh53']
155.0,cluster_123281084_3663662939_3664674395_3664674397_#1more_0_D2.0,1,36.75440543817956,13.603811408158775,['veh59']
155.0,cluster_123281084_3663662939_3664674395_3664674397_#1more_0_D2.1,0,0.0,-1.0,[]
155.0,cluster_123281085_12840608127_12840608130_12840608135_#1more_0_D0.0,0,0.0,-1.0,[]
155.0,cluster_123281085_12840608127_12840608130_12840608135_#1more_0_D1.0,0,0.0,-1.0,[]
155.0,cluster_123292026_3663224279_3663224280_3663662945_#1more_0_D0.0,0,0.0,-1.0,[]
155.0,cluster_123292026_3663224279_3663224280_3663662945_#1more_0_D0.1,0,0.0,-1.0,[]
155.0,cluster_123292026_3663224279_3663224280_3663662945_#1more_0_D1.0,0,0.0,-1.0,[]
155.0,cluster_123292026_3663224279_3663224280_3663662945_#1more_0_D1.1,0,0.0,-1.0,[]
155.0,cluster_123292026_3663224279_3663224280_3663662945_#1more_0_D1.2,0,0.0,-1.0,[]
155.0,cluster_123292026_3663224279_3663224280_3663662945_#1more_0_D1.3,0,0.0,-1.0,[]
155.0,cluster_123292026_3663224279_3663224280_3663662945_#1more_0_D2.0,0,0.0,-1.0,[]
155.0,cluster_123292026_3663224279_3663224280_3663662945_#1more_0_D2.1,0,0.0,-1.0,[]
155.0,cluster_123292029_3663224277_3663224278_5344542569_#1more_0_D0.0,1,100.0,-1.0,['veh71']
155.0,cluster_123292029_3663224277_3663224278_5344542569_#1more_0_D0.1,0,0.0,-1.0,[]
155.0,cluster_123292029_3663224277_3663224278_5344542569_#1more_0_D0.2,0,0.0,-1.0,[]
155.0,cluster_123292029_3663224277_3663224278_5344542569_#1more_0_D1.0,0,0.0,-1.0,[]
155.0,cluster_123292029_3663224277_3663224278_5344542569_#1more_0_D1.1,0,0.0,-1.0,[]
155.0,cluster_123292029_3663224277_3663224278_5344542569_#1more_0_D2.0,0,0.0,-1.0,[]
155.0,cluster_123292029_3663224277_3663224278_5344542569_#1more_0_D2.1,0,0.0,-1.0,[]
155.0,cluster_123292029_3663224277_3663224278_5344542569_#1more_0_D2.2,0,0.0,-1.0,[]
155.0,cluster_123292029_3663224277_3663224278_5344542569_#1more_0_D3.0,0,0.0,-1.0,[]
155.0,cluster_123292029_3663224277_3663224278_5344542569_#1more_0_D3.1,0,0.0,-1.0,[]
155.0,cluster_123292031_3663224275_3663224276_3663662936_#1more_0_D0.0,1,43.85944685948289,11.400052572525652,['veh35']
155.0,cluster_123292031_3663224275_3663224276_3663662936_#1more_0_D0.1,0,0.0,-1.0,[]
155.0,cluster_123292031_3663224275_3663224276_3663662936_#1more_0_D1.0,0,0.0,-1.0,[]
155.0,cluster_123292031_3663224275_3663224276_3663662936_#1more_0_D2.0,0,0.0,-1.0,[]
155.0,cluster_123292031_3663224275_3663224276_3663662936_#1more_0_D2.1,0,0.0,-1.0,[]
155.0,cluster_123308403_3663827018_3663827019_3664674393_#1more_0_D0.0,0,0.0,-1.0,[]
155.0,cluster_123308403_3663827018_3663827019_3664674393_#1more_0_D0.1,0,0.0,-1.0,[]
155.0,cluster_123308403_3663827018_3663827019_3664674393_#1more_0_D1.0,0,0.0,-1.0,[]
155.0,cluster_123308403_3663827018_3663827019_3664674393_#1more_0_D1.1,0,0.0,-1.0,[]
155.0,cluster_123308403_3663827018_3663827019_3664674393_#1more_0_D1.2,0,0.0,-1.0,[]
155.0,cluster_123308403_3663827018_3663827019_3664674393_#1more_0_D1.3,0,0.0,-1.0,[]
155.0,cluster_123308403_3663827018_3663827019_3664674393_#1more_0_D2.0,0,0.0,-1.0,[]
155.0,cluster_123308403_3663827018_3663827019_3664674393_#1more_0_D2.1,0,0.0,-1.0,[]
155.0,cluster_123308403_3663827018_3663827019_3664674393_#1more_0_D2.2,0,0.0,-1.0,[]
155.0,cluster_3664723686_3698084157_3698084158_3698084159_#1more_0_D0.0,0,0.0,-1.0,[]
155.0,cluster_3664723686_3698084157_3698084158_3698084159_#1more_0_D0.1,0,0.0,-1.0,[]
155.0,cluster_3664723686_3698084157_3698084158_3698084159_#1more_0_D0.2,0,0.0,-1.0,[]
155.0,cluster_3664723686_3698084157_3698084158_3698084159_#1more_0_D1.0,0,0.0,-1.0,[]
155.0,cluster_3664723686_3698084157_3698084158_3698084159_#1more_0_D1.1,0,0.0,-1.0,[]
155.0,cluster_3664723686_3698084157_3698084158_3698084159_#1more_0_D1.2,0,0.0,-1.0,[]
155.0,joinedS_3663662947_3663662948_3698084160_3698084161_#1more_0_D0.0,0,0.0,-1.0,[]
155.0,joinedS_3663662947_3663662948_3698084160_3698084161_#1more_0_D0.1,1,0.0,-1.0,['veh92']
155.0,joinedS_3663662947_3663662948_3698084160_3698084161_#1more_0_D0.2,0,0.0,-1.0,[]
155.0,joinedS_3663662947_3663662948_3698084160_3698084161_#1more_0_D0.3,0,0.0,-1.0,[]
155.0,joinedS_3663662947_3663662948_3698084160_3698084161_#1more_0_D1.0,0,0.0,-1.0,[]
155.0,joinedS_3663662947_3663662948_3698084160_3698084161_#1more_0_D1.1,1,0.0,-1.0,['truck4']
155.0,joinedS_3663662947_3663662948_3698084160_3698084161_#1more_0_D1.2,0,0.0,-1.0,[]
155.0,joinedS_3663662947_3663662948_3698084160_3698084161_#1more_0_D1.3,0,0.0,-1.0,[]
155.0,joinedS_3663662947_3663662948_3698084160_3698084161_#1more_0_D2.0,1,100.0,-1.0,['bus9']
155.0,joinedS_3663662947_3663662948_3698084160_3698084161_#1more_0_D2.1,0,0.0,-1.0,[]
155.0,joinedS_3663662947_3663662948_3698084160_3698084161_#1more_0_D2.2,0,0.0,-1.0,[]
155.0,joinedS_3663662947_3663662948_3698084160_3698084161_#1more_0_D2.3,0,0.0,-1.0,[]
155.0,joinedS_3663662947_3663662948_3698084160_3698084161_#1more_0_D3.0,1,100.0,-1.0,['veh94']
155.0,joinedS_3663662947_3663662948_3698084160_3698084161_#1more_0_D3.1,0,0.0,-1.0,[]
155.0,joinedS_3663662947_3663662948_3698084160_3698084161_#1more_0_D3.2,0,0.0,-1.0,[]
155.0,joinedS_3663662947_3663662948_3698084160_3698084161_#1more_0_D3.3,0,0.0,-1.0,[]
155.0,joinedS_3663662947_3663662948_3698084160_3698084161_#1more_0_D3.4,0,0.0,-1.0,[]
160.0,cluster_122855839_3663662942_3663662943_3663662944_#1more_0_D0.0,0,0.0,-1.0,[]
160.0,cluster_122855839_3663662942_3663662943_3663662944_#1more_0_D0.1,0,0.0,-1.0,[]
160.0,cluster_122855839_3663662942_3663662943_3663662944_#1more_0_D0.2,0,0.0,-1.0,[]
160.0,cluster_122855839_3663662942_3663662943_3663662944_#1more_0_D0.3,0,0.0,-1.0,[]
160.0,cluster_122855839_3663662942_3663662943_3663662944_#1more_0_D0.4,0,0.0,-1.0,[]
160.0,cluster_122855839_3663662942_3663662943_3663662944_#1more_0_D1.0,0,0.0,-1.0,[]
160.0,cluster_122855839_3663662942_3663662943_3663662944_#1more_0_D1.1,0,0.0,-1.0,[]
160.0,cluster_122855839_3663662942_3663662943_3663662944_#1more_0_D1.2,0,0.0,-1.0,[]
160.0,cluster_122855839_3663662942_3663662943_3663662944_#1more_0_D2.0,0,0.0,-1.0,[]
160.0,cluster_122855839_3663662942_3663662943_3663662944_#1more_0_D2.1,0,0.0,-1.0,[]
160.0,cluster_123241924_382443557_5344542568_5546892974_#3more_0_D0.0,1,100.0,-1.0,['bus2']
160.0,cluster_123241924_382443557_5344542568_5546892974_#3more_0_D0.1,0,0.0,-1.0,[]
160.0,cluster_123241924_382443557_5344542568_5546892974_#3more_0_D0.2,0,0.0,-1.0,[]
160.0,cluster_123241924_382443557_5344542568_5546892974_#3more_0_D0.3,0,0.0,-1.0,[]
160.0,cluster_123241924_382443557_5344542568_5546892974_#3more_0_D0.4,0,0.0,-1.0,[]
160.0,cluster_123241924_382443557_5344542568_5546892974_#3more_0_D1.0,0,0.0,-1.0,[]
160.0,cluster_123241924_382443557_5344542568_5546892974_#3more_0_D2.0,0,0.0,-1.0,[]
160.0,cluster_123241924_382443557_5344542568_5546892974_#3more_0_D2.1,0,0.0,-1.0,[]
160.0,cluster_123241924_382443557_5344542568_5546892974_#3more_0_D2.2,0,0.0,-1.0,[]
160.0,cluster_123241924_382443557_5344542568_5546892974_#3more_0_D2.3,0,0.0,-1.0,[]
160.0,cluster_123241924_382443557_5344542568_5546892974_#3more_0_D2.4,0,0.0,-1.0,[]
160.0,cluster_123241924_382443557_5344542568_5546892974_#3more_0_D2.5,0,0.0,-1.0,[]
160.0,cluster_123241924_382443557_5344542568_5546892974_#3more_0_D3.0,0,0.0,-1.0,[]
160.0,cluster_123241924_382443557_5344542568_5546892974_#3more_0_D3.1,0,0.0,-1.0,[]
160.0,cluster_123241924_382443557_5344542568_5546892974_#3more_0_D3.2,0,0.0,-1.0,[]
160.0,cluster_123241924_382443557_5344542568_5546892974_#3more_0_D3.3,0,0.0,-1.0,[]
160.0,cluster_123241924_382443557_5344542568_5546892974_#3more_0_D3.4,0,0.0,-1.0,[]
160.0,cluster_123281084_3663662939_3664674395_3664674397_#1more_0_D0.0,0,0.0,-1.0,[]
160.0,cluster_123281084_3663662939_3664674395_3664674397_#1more_0_D0.1,0,0.0,-1.0,[]
160.0,cluster_123281084_3663662939_3664674395_3664674397_#1more_0_D0.2,0,0.0,-1.0,[]
160.0,cluster_123281084_3663662939_3664674395_3664674397_#1more_0_D0.3,0,0.0,-1.0,[]
160.0,cluster_123281084_3663662939_3664674395_3664674397_#1more_0_D0.4,0,0.0,-1.0,[]
160.0,cluster_123281084_3663662939_3664674395_3664674397_#1more_0_D1.0,1,100.0,-1.0,['bus5']
160.0,cluster_123281084_3663662939_3664674395_3664674397_#1more_0_D1.1,1,100.0,-1.0,['veh53']
160.0,cluster_123281084_3663662939_3664674395_3664674397_#1more_0_D2.0,0,0.0,-1.0,[]
160.0,cluster_123281084_3663662939_3664674395_3664674397_#1more_0_D2.1,0,0.0,-1.0,[]
160.0,cluster_123281085_12840608127_12840608130_12840608135_#1more_0_D0.0,0,0.0,-1.0,[]
160.0,cluster_123281085_12840608127_12840608130_12840608135_#1more_0_D1.0,0,0.0,-1.0,[]
160.0,cluster_123292026_3663224279_3663224280_3663662945_#1more_0_D0.0,0,0.0,-1.0,[]
160.0,cluster_123292026_3663224279_3663224280_3663662945_#1more_0_D0.1,1,0.0,-1.0,['bus4']
160.0,cluster_123292026_3663224279_3663224280_3663662945_#1more_0_D1.0,1,0.0,-1.0,['veh87']
160.0,cluster_123292026_3663224279_3663224280_3663662945_#1more_0_D1.1,1,33.87610350593491,14.75966679321318,['veh92']
160.0,cluster_123292026_3663224279_3663224280_3663662945_#1more_0_D1.2,0,0.0,-1.0,[]
160.0,cluster_123292026_3663224279_3663224280_3663662945_#1more_0_D1.3,0,0.0,-1.0,[]
160.0,cluster_123292026_3663224279_3663224280_3663662945_#1more_0_D2.0,0,0.0,-1.0,[]
160.0,cluster_123292026_3663224279_3663224280_3663662945_#1more_0_D2.1,0,0.0,-1.0,[]
160.0,cluster_123292029_3663224277_3663224278_5344542569_#1more_0_D0.0,1,95.57776203511992,5.23134241013381,['veh61']
160.0,cluster_123292029_3663224277_3663224278_5344542569_#1more_0_D0.1,0,0.0,-1.0,[]
160.0,cluster_123292029_3663224277_3663224278_5344542569_#1more_0_D0.2,0,0.0,-1.0,[]
160.0,cluster_123292029_3663224277_3663224278_5344542569_#1more_0_D1.0,0,0.0,-1.0,[]
160.0,cluster_123292029_3663224277_3663224278_5344542569_#1more_0_D1.1,0,0.0,-1.0,[]
160.0,cluster_123292029_3663224277_3663224278_5344542569_#1more_0_D2.0,0,0.0,-1.0,[]
160.0,cluster_123292029_3663224277_3663224278_5344542569_#1more_0_D2.1,0,0.0,-1.0,[]
160.0,cluster_123292029_3663224277_3663224278_5344542569_#1more_0_D2.2,0,0.0,-1.0,[]
160.0,cluster_123292029_3663224277_3663224278_5344542569_#1more_0_D3.0,0,0.0,-1.0,[]
160.0,cluster_123292029_3663224277_3663224278_5344542569_#1more_0_D3.1,0,0.0,-1.0,[]
160.0,cluster_123292031_3663224275_3663224276_3663662936_#1more_0_D0.0,0,0.0,-1.0,[]
160.0,cluster_123292031_3663224275_3663224276_3663662936_#1more_0_D0.1,0,0.0,-1.0,[]
160.0,cluster_123292031_3663224275_3663224276_3663662936_#1more_0_D1.0,1,100.0,-1.0,['bus8']
160.0,cluster_123292031_3663224275_3663224276_3663662936_#1more_0_D2.0,0,0.0,-1.0,[]
160.0,cluster_123292031_3663224275_3663224276_3663662936_#1more_0_D2.1,0,0.0,-1.0,[]
160.0,cluster_123308403_3663827018_3663827019_3664674393_#1more_0_D0.0,0,0.0,-1.0,[]
160.0,cluster_123308403_3663827018_3663827019_3664674393_#1more_0_D0.1,0,0.0,-1.0,[]
160.0,cluster_123308403_3663827018_3663827019_3664674393_#1more_0_D1.0,0,0.0,-1.0,[]
160.0,cluster_123308403_3663827018_3663827019_3664674393_#1more_0_D1.1,0,0.0,-1.0,[]
160.0,cluster_123308403_3663827018_3663827019_3664674393_#1more_0_D1.2,0,0.0,-1.0,[]
160.0,cluster_123308403_3663827018_3663827019_3664674393_#1more_0_D1.3,0,0.0,-1.0,[]
160.0,cluster_123308403_3663827018_3663827019_3664674393_#1more_0_D2.0,0,0.0,-1.0,[]
160.0,cluster_123308403_3663827018_3663827019_3664674393_#1more_0_D2.1,0,0.0,-1.0,[]
160.0,cluster_123308403_3663827018_3663827019_3664674393_#1more_0_D2.2,0,0.0,-1.0,[]
160.0,cluster_3664723686_3698084157_3698084158_3698084159_#1more_0_D0.0,0,0.0,-1.0,[]
160.0,cluster_3664723686_3698084157_3698084158_3698084159_#1more_0_D0.1,0,0.0,-1.0,[]
160.0,cluster_3664723686_3698084157_3698084158_3698084159_#1more_0_D0.2,0,0.0,-1.0,[]
160.0,cluster_3664723686_3698084157_3698084158_3698084159_#1more_0_D1.0,0,0.0,-1.0,[]
160.0,cluster_3664723686_3698084157_3698084158_3698084159_#1more_0_D1.1,0,0.0,-1.0,[]
160.0,cluster_3664723686_3698084157_3698084158_3698084159_#1more_0_D1.2,0,0.0,-1.0,[]
160.0,joinedS_3663662947_3663662948_3698084160_3698084161_#1more_0_D0.0,0,0.0,-1.0,[]
160.0,joinedS_3663662947_3663662948_3698084160_3698084161_#1more_0_D0.1,0,0.0,-1.0,[]
160.0,joinedS_3663662947_3663662948_3698084160_3698084161_#1more_0_D0.2,0,0.0,-1.0,[]
160.0,joinedS_3663662947_3663662948_3698084160_3698084161_#1more_0_D0.3,0,0.0,-1.0,[]
160.0,joinedS_3663662947_3663662948_3698084160_3698084161_#1more_0_D1.0,0,0.0,-1.0,[]
160.0,joinedS_3663662947_3663662948_3698084160_3698084161_#1more_0_D1.1,1,0.0,-1.0,['veh95']
160.0,joinedS_3663662947_3663662948_3698084160_3698084161_#1more_0_D1.2,0,0.0,-1.0,[]
160.0,joinedS_3663662947_3663662948_3698084160_3698084161_#1more_0_D1.3,0,0.0,-1.0,[]
160.0,joinedS_3663662947_3663662948_3698084160_3698084161_#1more_0_D2.0,1,100.0,-1.0,['bus9']
160.0,joinedS_3663662947_3663662948_3698084160_3698084161_#1more_0_D2.1,0,0.0,-1.0,[]
160.0,joinedS_3663662947_3663662948_3698084160_3698084161_#1more_0_D2.2,0,0.0,-1.0,[]
160.0,joinedS_3663662947_3663662948_3698084160_3698084161_#1more_0_D2.3,0,0.0,-1.0,[]
160.0,joinedS_3663662947_3663662948_3698084160_3698084161_#1more_0_D3.0,0,0.0,-1.0,[]
160.0,joinedS_3663662947_3663662948_3698084160_3698084161_#1more_0_D3.1,0,0.0,-1.0,[]
160.0,joinedS_3663662947_3663662948_3698084160_3698084161_#1more_0_D3.2,0,0.0,-1.0,[]
160.0,joinedS_3663662947_3663662948_3698084160_3698084161_#1more_0_D3.3,0,0.0,-1.0,[]
160.0,joinedS_3663662947_3663662948_3698084160_3698084161_#1more_0_D3.4,0,0.0,-1.0,[]
165.0,cluster_122855839_3663662942_3663662943_3663662944_#1more_0_D0.0,0,0.0,-1.0,[]
165.0,cluster_122855839_3663662942_3663662943_3663662944_#1more_0_D0.1,0,0.0,-1.0,[]
165.0,cluster_122855839_3663662942_3663662943_3663662944_#1more_0_D0.2,0,0.0,-1.0,[]
165.0,cluster_122855839_3663662942_3663662943_3663662944_#1more_0_D0.3,0,0.0,-1.0,[]
165.0,cluster_122855839_3663662942_3663662943_3663662944_#1more_0_D0.4,1,46.22910035236032,10.81569825475679,['veh93']
165.0,cluster_122855839_3663662942_3663662943_3663662944_#1more_0_D1.0,1,100.0,14.147318117762426,['veh37']
165.0,cluster_122855839_3663662942_3663662943_3663662944_#1more_0_D1.1,1,0.0,-1.0,['veh37']
165.0,cluster_122855839_3663662942_3663662943_3663662944_#1more_0_D1.2,0,0.0,-1.0,[]
165.0,cluster_122855839_3663662942_3663662943_3663662944_#1more_0_D2.0,0,0.0,-1.0,[]
165.0,cluster_122855839_3663662942_3663662943_3663662944_#1more_0_D2.1,0,0.0,-1.0,[]
165.0,cluster_123241924_382443557_5344542568_5546892974_#3more_0_D0.0,1,100.0,-1.0,['bus2']
165.0,cluster_123241924_382443557_5344542568_5546892974_#3more_0_D0.1,0,0.0,-1.0,[]
165.0,cluster_123241924_382443557_5344542568_5546892974_#3more_0_D0.2,0,0.0,-1.0,[]
165.0,cluster_123241924_382443557_5344542568_5546892974_#3more_0_D0.3,0,0.0,-1.0,[]
165.0,cluster_123241924_382443557_5344542568_5546892974_#3more_0_D0.4,0,0.0,-1.0,[]
165.0,cluster_123241924_382443557_5344542568_5546892974_#3more_0_D1.0,0,0.0,-1.0,[]
165.0,cluster_123241924_382443557_5344542568_5546892974_#3more_0_D2.0,0,0.0,-1.0,[]
165.0,cluster_123241924_382443557_5344542568_5546892974_#3more_0_D2.1,0,0.0,-1.0,[]
165.0,cluster_123241924_382443557_5344542568_5546892974_#3more_0_D2.2,0,0.0,-1.0,[]
165.0,cluster_123241924_382443557_5344542568_5546892974_#3more_0_D2.3,0,0.0,-1.0,[]
165.0,cluster_123241924_382443557_5344542568_5546892974_#3more_0_D2.4,0,0.0,-1.0,[]
165.0,cluster_123241924_382443557_5344542568_5546892974_#3more_0_D2.5,0,0.0,-1.0,[]
165.0,cluster_123241924_382443557_5344542568_5546892974_#3more_0_D3.0,0,0.0,-1.0,[]
165.0,cluster_123241924_382443557_5344542568_5546892974_#3more_0_D3.1,0,0.0,-1.0,[]
165.0,cluster_123241924_382443557_5344542568_5546892974_#3more_0_D3.2,0,0.0,-1.0,[]
165.0,cluster_123241924_382443557_5344542568_5546892974_#3more_0_D3.3,0,0.0,-1.0,[]
165.0,cluster_123241924_382443557_5344542568_5546892974_#3more_0_D3.4,0,0.0,-1.0,[]
165.0,cluster_123281084_3663662939_3664674395_3664674397_#1more_0_D0.0,0,0.0,-1.0,[]
165.0,cluster_123281084_3663662939_3664674395_3664674397_#1more_0_D0.1,0,0.0,-1.0,[]
165.0,cluster_123281084_3663662939_3664674395_3664674397_#1more_0_D0.2,0,0.0,-1.0,[]
165.0,cluster_123281084_3663662939_3664674395_3664674397_#1more_0_D0.3,0,0.0,-1.0,[]
165.0,cluster_123281084_3663662939_3664674395_3664674397_#1more_0_D0.4,0,0.0,-1.0,[]
165.0,cluster_123281084_3663662939_3664674395_3664674397_#1more_0_D1.0,1,100.0,-1.0,['bus5']
165.0,cluster_123281084_3663662939_3664674395_3664674397_#1more_0_D1.1,1,100.0,-1.0,['veh53']
165.0,cluster_123281084_3663662939_3664674395_3664674397_#1more_0_D2.0,0,0.0,-1.0,[]
165.0,cluster_123281084_3663662939_3664674395_3664674397_#1more_0_D2.1,0,0.0,-1.0,[]
165.0,cluster_123281085_12840608127_12840608130_12840608135_#1more_0_D0.0,0,0.0,-1.0,[]
165.0,cluster_123281085_12840608127_12840608130_12840608135_#1more_0_D1.0,0,0.0,-1.0,[]
165.0,cluster_123292026_3663224279_3663224280_3663662945_#1more_0_D0.0,0,0.0,-1.0,[]
165.0,cluster_123292026_3663224279_3663224280_3663662945_#1more_0_D0.1,0,0.0,-1.0,[]
165.0,cluster_123292026_3663224279_3663224280_3663662945_#1more_0_D1.0,0,0.0,-1.0,[]
165.0,cluster_123292026_3663224279_3663224280_3663662945_#1more_0_D1.1,0,0.0,-1.0,[]
165.0,cluster_123292026_3663224279_3663224280_3663662945_#1more_0_D1.2,0,0.0,-1.0,[]
165.0,cluster_123292026_3663224279_3663224280_3663662945_#1more_0_D1.3,0,0.0,-1.0,[]
165.0,cluster_123292026_3663224279_3663224280_3663662945_#1more_0_D2.0,0,0.0,-1.0,[]
165.0,cluster_123292026_3663224279_3663224280_3663662945_#1more_0_D2.1,0,0.0,-1.0,[]
165.0,cluster_123292029_3663224277_3663224278_5344542569_#1more_0_D0.0,0,0.0,-1.0,[]
165.0,cluster_123292029_3663224277_3663224278_5344542569_#1more_0_D0.1,0,0.0,-1.0,[]
165.0,cluster_123292029_3663224277_3663224278_5344542569_#1more_0_D0.2,0,0.0,-1.0,[]
165.0,cluster_123292029_3663224277_3663224278_5344542569_#1more_0_D1.0,0,0.0,-1.0,[]
165.0,cluster_123292029_3663224277_3663224278_5344542569_#1more_0_D1.1,0,0.0,-1.0,[]
165.0,cluster_123292029_3663224277_3663224278_5344542569_#1more_0_D2.0,0,0.0,-1.0,[]
165.0,cluster_123292029_3663224277_3663224278_5344542569_#1more_0_D2.1,0,0.0,-1.0,[]
165.0,cluster_123292029_3663224277_3663224278_5344542569_#1more_0_D2.2,0,0.0,-1.0,[]
165.0,cluster_123292029_3663224277_3663224278_5344542569_#1more_0_D3.0,0,0.0,-1.0,[]
165.0,cluster_123292029_3663224277_3663224278_5344542569_#1more_0_D3.1,0,0.0,-1.0,[]
165.0,cluster_123292031_3663224275_3663224276_3663662936_#1more_0_D0.0,0,0.0,-1.0,[]
165.0,cluster_123292031_3663224275_3663224276_3663662936_#1more_0_D0.1,0,0.0,-1.0,[]
165.0,cluster_123292031_3663224275_3663224276_3663662936_#1more_0_D1.0,1,100.0,-1.0,['bus8']
165.0,cluster_123292031_3663224275_3663224276_3663662936_#1more_0_D2.0,0,0.0,-1.0,[]
165.0,cluster_123292031_3663224275_3663224276_3663662936_#1more_0_D2.1,0,0.0,-1.0,[]
165.0,cluster_123308403_3663827018_3663827019_3664674393_#1more_0_D0.0,0,0.0,-1.0,[]
165.0,cluster_123308403_3663827018_3663827019_3664674393_#1more_0_D0.1,0,0.0,-1.0,[]
165.0,cluster_123308403_3663827018_3663827019_3664674393_#1more_0_D1.0,0,0.0,-1.0,[]
165.0,cluster_123308403_3663827018_3663827019_3664674393_#1more_0_D1.1,0,0.0,-1.0,[]
165.0,cluster_123308403_3663827018_3663827019_3664674393_#1more_0_D1.2,0,0.0,-1.0,[]
165.0,cluster_123308403_3663827018_3663827019_3664674393_#1more_0_D1.3,0,0.0,-1.0,[]
165.0,cluster_123308403_3663827018_3663827019_3664674393_#1more_0_D2.0,0,0.0,-1.0,[]
165.0,cluster_123308403_3663827018_3663827019_3664674393_#1more_0_D2.1,0,0.0,-1.0,[]
165.0,cluster_123308403_3663827018_3663827019_3664674393_#1more_0_D2.2,0,0.0,-1.0,[]
165.0,cluster_3664723686_3698084157_3698084158_3698084159_#1more_0_D0.0,0,0.0,-1.0,[]
165.0,cluster_3664723686_3698084157_3698084158_3698084159_#1more_0_D0.1,0,0.0,-1.0,[]
165.0,cluster_3664723686_3698084157_3698084158_3698084159_#1more_0_D0.2,0,0.0,-1.0,[]
165.0,cluster_3664723686_3698084157_3698084158_3698084159_#1more_0_D1.0,0,0.0,-1.0,[]
165.0,cluster_3664723686_3698084157_3698084158_3698084159_#1more_0_D1.1,0,0.0,-1.0,[]
165.0,cluster_3664723686_3698084157_3698084158_3698084159_#1more_0_D1.2,0,0.0,-1.0,[]
165.0,joinedS_3663662947_3663662948_3698084160_3698084161_#1more_0_D0.0,0,0.0,-1.0,[]
165.0,joinedS_3663662947_3663662948_3698084160_3698084161_#1more_0_D0.1,0,0.0,-1.0,[]
165.0,joinedS_3663662947_3663662948_3698084160_3698084161_#1more_0_D0.2,0,0.0,-1.0,[]
165.0,joinedS_3663662947_3663662948_3698084160_3698084161_#1more_0_D0.3,0,0.0,-1.0,[]
165.0,joinedS_3663662947_3663662948_3698084160_3698084161_#1more_0_D1.0,0,0.0,-1.0,[]
165.0,joinedS_3663662947_3663662948_3698084160_3698084161_#1more_0_D1.1,1,88.06479218112884,5.4492205194856,['veh100']
165.0,joinedS_3663662947_3663662948_3698084160_3698084161_#1more_0_D1.2,0,0.0,-1.0,[]
165.0,joinedS_3663662947_3663662948_3698084160_3698084161_#1more_0_D1.3,0,0.0,-1.0,[]
165.0,joinedS_3663662947_3663662948_3698084160_3698084161_#1more_0_D2.0,1,100.0,-1.0,['bus9']
165.0,joinedS_3663662947_3663662948_3698084160_3698084161_#1more_0_D2.1,0,0.0,-1.0,[]
165.0,joinedS_3663662947_3663662948_3698084160_3698084161_#1more_0_D2.2,0,0.0,-1.0,[]
165.0,joinedS_3663662947_3663662948_3698084160_3698084161_#1more_0_D2.3,0,0.0,-1.0,[]
165.0,joinedS_3663662947_3663662948_3698084160_3698084161_#1more_0_D3.0,0,0.0,-1.0,[]
165.0,joinedS_3663662947_3663662948_3698084160_3698084161_#1more_0_D3.1,0,0.0,-1.0,[]
165.0,joinedS_3663662947_3663662948_3698084160_3698084161_#1more_0_D3.2,0,0.0,-1.0,[]
165.0,joinedS_3663662947_3663662948_3698084160_3698084161_#1more_0_D3.3,0,0.0,-1.0,[]
165.0,joinedS_3663662947_3663662948_3698084160_3698084161_#1more_0_D3.4,0,0.0,-1.0,[]
170.0,cluster_122855839_3663662942_3663662943_3663662944_#1more_0_D0.0,0,0.0,-1.0,[]
170.0,cluster_122855839_3663662942_3663662943_3663662944_#1more_0_D0.1,0,0.0,-1.0,[]
170.0,cluster_122855839_3663662942_3663662943_3663662944_#1more_0_D0.2,0,0.0,-1.0,[]
170.0,cluster_122855839_3663662942_3663662943_3663662944_#1more_0_D0.3,0,0.0,-1.0,[]
170.0,cluster_122855839_3663662942_3663662943_3663662944_#1more_0_D0.4,0,0.0,-1.0,[]
170.0,cluster_122855839_3663662942_3663662943_3663662944_#1more_0_D1.0,0,0.0,-1.0,[]
170.0,cluster_122855839_3663662942_3663662943_3663662944_#1more_0_D1.1,0,0.0,-1.0,[]
170.0,cluster_122855839_3663662942_3663662943_3663662944_#1more_0_D1.2,0,0.0,-1.0,[]
170.0,cluster_122855839_3663662942_3663662943_3663662944_#1more_0_D2.0,0,0.0,-1.0,[]
170.0,cluster_122855839_3663662942_3663662943_3663662944_#1more_0_D2.1,0,0.0,-1.0,[]
170.0,cluster_123241924_382443557_5344542568_5546892974_#3more_0_D0.0,1,100.0,-1.0,['bus2']
170.0,cluster_123241924_382443557_5344542568_5546892974_#3more_0_D0.1,0,0.0,-1.0,[]
170.0,cluster_123241924_382443557_5344542568_5546892974_#3more_0_D0.2,0,0.0,-1.0,[]
170.0,cluster_123241924_382443557_5344542568_5546892974_#3more_0_D0.3,0,0.0,-1.0,[]
170.0,cluster_123241924_382443557_5344542568_5546892974_#3more_0_D0.4,0,0.0,-1.0,[]
170.0,cluster_123241924_382443557_5344542568_5546892974_#3more_0_D1.0,0,0.0,-1.0,[]
170.0,cluster_123241924_382443557_5344542568_5546892974_#3more_0_D2.0,0,0.0,-1.0,[]
170.0,cluster_123241924_382443557_5344542568_5546892974_#3more_0_D2.1,0,0.0,-1.0,[]
170.0,cluster_123241924_382443557_5344542568_5546892974_#3more_0_D2.2,0,0.0,-1.0,[]
170.0,cluster_123241924_382443557_5344542568_5546892974_#3more_0_D2.3,0,0.0,-1.0,[]
170.0,cluster_123241924_382443557_5344542568_5546892974_#3more_0_D2.4,0,0.0,-1.0,[]
170.0,cluster_123241924_382443557_5344542568_5546892974_#3more_0_D2.5,0,0.0,-1.0,[]
170.0,cluster_123241924_382443557_5344542568_5546892974_#3more_0_D3.0,0,0.0,-1.0,[]
170.0,cluster_123241924_382443557_5344542568_5546892974_#3more_0_D3.1,0,0.0,-1.0,[]
170.0,cluster_123241924_382443557_5344542568_5546892974_#3more_0_D3.2,0,0.0,-1.0,[]
170.0,cluster_123241924_382443557_5344542568_5546892974_#3more_0_D3.3,0,0.0,-1.0,[]
170.0,cluster_123241924_382443557_5344542568_5546892974_#3more_0_D3.4,0,0.0,-1.0,[]
170.0,cluster_123281084_3663662939_3664674395_3664674397_#1more_0_D0.0,0,0.0,-1.0,[]
170.0,cluster_123281084_3663662939_3664674395_3664674397_#1more_0_D0.1,0,0.0,-1.0,[]
170.0,cluster_123281084_3663662939_3664674395_3664674397_#1more_0_D0.2,0,0.0,-1.0,[]
170.0,cluster_123281084_3663662939_3664674395_3664674397_#1more_0_D0.3,0,0.0,-1.0,[]
170.0,cluster_123281084_3663662939_3664674395_3664674397_#1more_0_D0.4,0,0.0,-1.0,[]
170.0,cluster_123281084_3663662939_3664674395_3664674397_#1more_0_D1.0,1,100.0,-1.0,['bus5']
170.0,cluster_123281084_3663662939_3664674395_3664674397_#1more_0_D1.1,1,100.0,-1.0,['veh53']
170.0,cluster_123281084_3663662939_3664674395_3664674397_#1more_0_D2.0,0,0.0,-1.0,[]
170.0,cluster_123281084_3663662939_3664674395_3664674397_#1more_0_D2.1,0,0.0,-1.0,[]
170.0,cluster_123281085_12840608127_12840608130_12840608135_#1more_0_D0.0,0,0.0,-1.0,[]
170.0,cluster_123281085_12840608127_12840608130_12840608135_#1more_0_D1.0,0,0.0,-1.0,[]
170.0,cluster_123292026_3663224279_3663224280_3663662945_#1more_0_D0.0,0,0.0,-1.0,[]
170.0,cluster_123292026_3663224279_3663224280_3663662945_#1more_0_D0.1,0,0.0,-1.0,[]
170.0,cluster_123292026_3663224279_3663224280_3663662945_#1more_0_D1.0,0,0.0,-1.0,[]
170.0,cluster_123292026_3663224279_3663224280_3663662945_#1more_0_D1.1,0,0.0,-1.0,[]
170.0,cluster_123292026_3663224279_3663224280_3663662945_#1more_0_D1.2,0,0.0,-1.0,[]
170.0,cluster_123292026_3663224279_3663224280_3663662945_#1more_0_D1.3,0,0.0,-1.0,[]
170.0,cluster_123292026_3663224279_3663224280_3663662945_#1more_0_D2.0,1,39.48346831450067,7.451912651433075,['veh99']
170.0,cluster_123292026_3663224279_3663224280_3663662945_#1more_0_D2.1,0,0.0,-1.0,[]
170.0,cluster_123292029_3663224277_3663224278_5344542569_#1more_0_D0.0,0,0.0,-1.0,[]
170.0,cluster_123292029_3663224277_3663224278_5344542569_#1more_0_D0.1,0,0.0,-1.0,[]
170.0,cluster_123292029_3663224277_3663224278_5344542569_#1more_0_D0.2,0,0.0,-1.0,[]
170.0,cluster_123292029_3663224277_3663224278_5344542569_#1more_0_D1.0,0,0.0,-1.0,[]
170.0,cluster_123292029_3663224277_3663224278_5344542569_#1more_0_D1.1,0,0.0,-1.0,[]
170.0,cluster_123292029_3663224277_3663224278_5344542569_#1more_0_D2.0,0,0.0,-1.0,[]
170.0,cluster_123292029_3663224277_3663224278_5344542569_#1more_0_D2.1,0,0.0,-1.0,[]
170.0,cluster_123292029_3663224277_3663224278_5344542569_#1more_0_D2.2,0,0.0,-1.0,[]
170.0,cluster_123292029_3663224277_3663224278_5344542569_#1more_0_D3.0,0,0.0,-1.0,[]
170.0,cluster_123292029_3663224277_3663224278_5344542569_#1more_0_D3.1,0,0.0,-1.0,[]
170.0,cluster_123292031_3663224275_3663224276_3663662936_#1more_0_D0.0,0,0.0,-1.0,[]
170.0,cluster_123292031_3663224275_3663224276_3663662936_#1more_0_D0.1,0,0.0,-1.0,[]
170.0,cluster_123292031_3663224275_3663224276_3663662936_#1more_0_D1.0,0,0.0,-1.0,[]
170.0,cluster_123292031_3663224275_3663224276_3663662936_#1more_0_D2.0,0,0.0,-1.0,[]
170.0,cluster_123292031_3663224275_3663224276_3663662936_#1more_0_D2.1,0,0.0,-1.0,[]
170.0,cluster_123308403_3663827018_3663827019_3664674393_#1more_0_D0.0,0,0.0,-1.0,[]
170.0,cluster_123308403_3663827018_3663827019_3664674393_#1more_0_D0.1,0,0.0,-1.0,[]
170.0,cluster_123308403_3663827018_3663827019_3664674393_#1more_0_D1.0,0,0.0,-1.0,[]
170.0,cluster_123308403_3663827018_3663827019_3664674393_#1more_0_D1.1,0,0.0,-1.0,[]
170.0,cluster_123308403_3663827018_3663827019_3664674393_#1more_0_D1.2,0,0.0,-1.0,[]
170.0,cluster_123308403_3663827018_3663827019_3664674393_#1more_0_D1.3,0,0.0,-1.0,[]
170.0,cluster_123308403_3663827018_3663827019_3664674393_#1more_0_D2.0,0,0.0,-1.0,[]
170.0,cluster_123308403_3663827018_3663827019_3664674393_#1more_0_D2.1,0,0.0,-1.0,[]
170.0,cluster_123308403_3663827018_3663827019_3664674393_#1more_0_D2.2,0,0.0,-1.0,[]
170.0,cluster_3664723686_3698084157_3698084158_3698084159_#1more_0_D0.0,0,0.0,-1.0,[]
170.0,cluster_3664723686_3698084157_3698084158_3698084159_#1more_0_D0.1,0,0.0,-1.0,[]
170.0,cluster_3664723686_3698084157_3698084158_3698084159_#1more_0_D0.2,0,0.0,-1.0,[]
170.0,cluster_3664723686_3698084157_3698084158_3698084159_#1more_0_D1.0,0,0.0,-1.0,[]
170.0,cluster_3664723686_3698084157_3698084158_3698084159_#1more_0_D1.1,0,0.0,-1.0,[]
170.0,cluster_3664723686_3698084157_3698084158_3698084159_#1more_0_D1.2,0,0.0,-1.0,[]
170.0,joinedS_3663662947_3663662948_3698084160_3698084161_#1more_0_D0.0,0,0.0,-1.0,[]
170.0,joinedS_3663662947_3663662948_3698084160_3698084161_#1more_0_D0.1,0,0.0,-1.0,[]
170.0,joinedS_3663662947_3663662948_3698084160_3698084161_#1more_0_D0.2,0,0.0,-1.0,[]
170.0,joinedS_3663662947_3663662948_3698084160_3698084161_#1more_0_D0.3,0,0.0,-1.0,[]
170.0,joinedS_3663662947_3663662948_3698084160_3698084161_#1more_0_D1.0,0,0.0,-1.0,[]
170.0,joinedS_3663662947_3663662948_3698084160_3698084161_#1more_0_D1.1,0,0.0,-1.0,[]
170.0,joinedS_3663662947_3663662948_3698084160_3698084161_#1more_0_D1.2,0,0.0,-1.0,[]
170.0,joinedS_3663662947_3663662948_3698084160_3698084161_#1more_0_D1.3,0,0.0,-1.0,[]
170.0,joinedS_3663662947_3663662948_3698084160_3698084161_#1more_0_D2.0,1,100.0,-1.0,['bus9']
170.0,joinedS_3663662947_3663662948_3698084160_3698084161_#1more_0_D2.1,0,0.0,-1.0,[]
170.0,joinedS_3663662947_3663662948_3698084160_3698084161_#1more_0_D2.2,0,0.0,-1.0,[]
170.0,joinedS_3663662947_3663662948_3698084160_3698084161_#1more_0_D2.3,0,0.0,-1.0,[]
170.0,joinedS_3663662947_3663662948_3698084160_3698084161_#1more_0_D3.0,0,0.0,-1.0,[]
170.0,joinedS_3663662947_3663662948_3698084160_3698084161_#1more_0_D3.1,0,0.0,-1.0,[]
170.0,joinedS_3663662947_3663662948_3698084160_3698084161_#1more_0_D3.2,0,0.0,-1.0,[]
170.0,joinedS_3663662947_3663662948_3698084160_3698084161_#1more_0_D3.3,0,0.0,-1.0,[]
170.0,joinedS_3663662947_3663662948_3698084160_3698084161_#1more_0_D3.4,0,0.0,-1.0,[]
175.0,cluster_122855839_3663662942_3663662943_3663662944_#1more_0_D0.0,0,0.0,-1.0,[]
175.0,cluster_122855839_3663662942_3663662943_3663662944_#1more_0_D0.1,1,56.976864236762026,8.77549171401039,['veh98']
175.0,cluster_122855839_3663662942_3663662943_3663662944_#1more_0_D0.2,0,0.0,-1.0,[]
175.0,cluster_122855839_3663662942_3663662943_3663662944_#1more_0_D0.3,0,0.0,-1.0,[]
175.0,cluster_122855839_3663662942_3663662943_3663662944_#1more_0_D0.4,0,0.0,-1.0,[]
175.0,cluster_122855839_3663662942_3663662943_3663662944_#1more_0_D1.0,0,0.0,-1.0,[]
175.0,cluster_122855839_3663662942_3663662943_3663662944_#1more_0_D1.1,0,0.0,-1.0,[]
175.0,cluster_122855839_3663662942_3663662943_3663662944_#1more_0_D1.2,0,0.0,-1.0,[]
175.0,cluster_122855839_3663662942_3663662943_3663662944_#1more_0_D2.0,0,0.0,-1.0,[]
175.0,cluster_122855839_3663662942_3663662943_3663662944_#1more_0_D2.1,0,0.0,-1.0,[]
175.0,cluster_123241924_382443557_5344542568_5546892974_#3more_0_D0.0,1,100.0,-1.0,['bus2']
175.0,cluster_123241924_382443557_5344542568_5546892974_#3more_0_D0.1,0,0.0,-1.0,[]
175.0,cluster_123241924_382443557_5344542568_5546892974_#3more_0_D0.2,0,0.0,-1.0,[]
175.0,cluster_123241924_382443557_5344542568_5546892974_#3more_0_D0.3,0,0.0,-1.0,[]
175.0,cluster_123241924_382443557_5344542568_5546892974_#3more_0_D0.4,0,0.0,-1.0,[]
175.0,cluster_123241924_382443557_5344542568_5546892974_#3more_0_D1.0,0,0.0,-1.0,[]
175.0,cluster_123241924_382443557_5344542568_5546892974_#3more_0_D2.0,0,0.0,-1.0,[]
175.0,cluster_123241924_382443557_5344542568_5546892974_#3more_0_D2.1,0,0.0,-1.0,[]
175.0,cluster_123241924_382443557_5344542568_5546892974_#3more_0_D2.2,0,0.0,-1.0,[]
175.0,cluster_123241924_382443557_5344542568_5546892974_#3more_0_D2.3,0,0.0,-1.0,[]
175.0,cluster_123241924_382443557_5344542568_5546892974_#3more_0_D2.4,0,0.0,-1.0,[]
175.0,cluster_123241924_382443557_5344542568_5546892974_#3more_0_D2.5,0,0.0,-1.0,[]
175.0,cluster_123241924_382443557_5344542568_5546892974_#3more_0_D3.0,0,0.0,-1.0,[]
175.0,cluster_123241924_382443557_5344542568_5546892974_#3more_0_D3.1,0,0.0,-1.0,[]
175.0,cluster_123241924_382443557_5344542568_5546892974_#3more_0_D3.2,0,0.0,-1.0,[]
175.0,cluster_123241924_382443557_5344542568_5546892974_#3more_0_D3.3,0,0.0,-1.0,[]
175.0,cluster_123241924_382443557_5344542568_5546892974_#3more_0_D3.4,0,0.0,-1.0,[]
175.0,cluster_123281084_3663662939_3664674395_3664674397_#1more_0_D0.0,0,0.0,-1.0,[]
175.0,cluster_123281084_3663662939_3664674395_3664674397_#1more_0_D0.1,0,0.0,-1.0,[]
175.0,cluster_123281084_3663662939_3664674395_3664674397_#1more_0_D0.2,0,0.0,-1.0,[]
175.0,cluster_123281084_3663662939_3664674395_3664674397_#1more_0_D0.3,0,0.0,-1.0,[]
175.0,cluster_123281084_3663662939_3664674395_3664674397_#1more_0_D0.4,0,0.0,-1.0,[]
175.0,cluster_123281084_3663662939_3664674395_3664674397_#1more_0_D1.0,1,100.0,-1.0,['bus5']
175.0,cluster_123281084_3663662939_3664674395_3664674397_#1more_0_D1.1,1,100.0,-1.0,['veh53']
175.0,cluster_123281084_3663662939_3664674395_3664674397_#1more_0_D2.0,0,0.0,-1.0,[]
175.0,cluster_123281084_3663662939_3664674395_3664674397_#1more_0_D2.1,0,0.0,-1.0,[]
175.0,cluster_123281085_12840608127_12840608130_12840608135_#1more_0_D0.0,0,0.0,-1.0,[]
175.0,cluster_123281085_12840608127_12840608130_12840608135_#1more_0_D1.0,0,0.0,-1.0,[]
175.0,cluster_123292026_3663224279_3663224280_3663662945_#1more_0_D0.0,0,0.0,-1.0,[]
175.0,cluster_123292026_3663224279_3663224280_3663662945_#1more_0_D0.1,0,0.0,-1.0,[]
175.0,cluster_123292026_3663224279_3663224280_3663662945_#1more_0_D1.0,0,0.0,-1.0,[]
175.0,cluster_123292026_3663224279_3663224280_3663662945_#1more_0_D1.1,0,0.0,-1.0,[]
175.0,cluster_123292026_3663224279_3663224280_3663662945_#1more_0_D1.2,0,0.0,-1.0,[]
175.0,cluster_123292026_3663224279_3663224280_3663662945_#1more_0_D1.3,0,0.0,-1.0,[]
175.0,cluster_123292026_3663224279_3663224280_3663662945_#1more_0_D2.0,0,0.0,-1.0,[]
175.0,cluster_123292026_3663224279_3663224280_3663662945_#1more_0_D2.1,0,0.0,-1.0,[]
175.0,cluster_123292029_3663224277_3663224278_5344542569_#1more_0_D0.0,0,0.0,-1.0,[]
175.0,cluster_123292029_3663224277_3663224278_5344542569_#1more_0_D0.1,0,0.0,-1.0,[]
175.0,cluster_123292029_3663224277_3663224278_5344542569_#1more_0_D0.2,0,0.0,-1.0,[]
175.0,cluster_123292029_3663224277_3663224278_5344542569_#1more_0_D1.0,0,0.0,-1.0,[]
175.0,cluster_123292029_3663224277_3663224278_5344542569_#1more_0_D1.1,0,0.0,-1.0,[]
175.0,cluster_123292029_3663224277_3663224278_5344542569_#1more_0_D2.0,0,0.0,-1.0,[]
175.0,cluster_123292029_3663224277_3663224278_5344542569_#1more_0_D2.1,0,0.0,-1.0,[]
175.0,cluster_123292029_3663224277_3663224278_5344542569_#1more_0_D2.2,0,0.0,-1.0,[]
175.0,cluster_123292029_3663224277_3663224278_5344542569_#1more_0_D3.0,0,0.0,-1.0,[]
175.0,cluster_123292029_3663224277_3663224278_5344542569_#1more_0_D3.1,0,0.0,-1.0,[]
175.0,cluster_123292031_3663224275_3663224276_3663662936_#1more_0_D0.0,0,0.0,-1.0,[]
175.0,cluster_123292031_3663224275_3663224276_3663662936_#1more_0_D0.1,0,0.0,-1.0,[]
175.0,cluster_123292031_3663224275_3663224276_3663662936_#1more_0_D1.0,0,0.0,-1.0,[]
175.0,cluster_123292031_3663224275_3663224276_3663662936_#1more_0_D2.0,0,0.0,-1.0,[]
175.0,cluster_123292031_3663224275_3663224276_3663662936_#1more_0_D2.1,0,0.0,-1.0,[]
175.0,cluster_123308403_3663827018_3663827019_3664674393_#1more_0_D0.0,0,0.0,-1.0,[]
175.0,cluster_123308403_3663827018_3663827019_3664674393_#1more_0_D0.1,0,0.0,-1.0,[]
175.0,cluster_123308403_3663827018_3663827019_3664674393_#1more_0_D1.0,0,0.0,-1.0,[]
175.0,cluster_123308403_3663827018_3663827019_3664674393_#1more_0_D1.1,0,0.0,-1.0,[]
175.0,cluster_123308403_3663827018_3663827019_3664674393_#1more_0_D1.2,0,0.0,-1.0,[]
175.0,cluster_123308403_3663827018_3663827019_3664674393_#1more_0_D1.3,0,0.0,-1.0,[]
175.0,cluster_123308403_3663827018_3663827019_3664674393_#1more_0_D2.0,0,0.0,-1.0,[]
175.0,cluster_123308403_3663827018_3663827019_3664674393_#1more_0_D2.1,0,0.0,-1.0,[]
175.0,cluster_123308403_3663827018_3663827019_3664674393_#1more_0_D2.2,0,0.0,-1.0,[]
175.0,cluster_3664723686_3698084157_3698084158_3698084159_#1more_0_D0.0,0,0.0,-1.0,[]
175.0,cluster_3664723686_3698084157_3698084158_3698084159_#1more_0_D0.1,0,0.0,-1.0,[]
175.0,cluster_3664723686_3698084157_3698084158_3698084159_#1more_0_D0.2,0,0.0,-1.0,[]
175.0,cluster_3664723686_3698084157_3698084158_3698084159_#1more_0_D1.0,0,0.0,-1.0,[]
175.0,cluster_3664723686_3698084157_3698084158_3698084159_#1more_0_D1.1,0,0.0,-1.0,[]
175.0,cluster_3664723686_3698084157_3698084158_3698084159_#1more_0_D1.2,0,0.0,-1.0,[]
175.0,joinedS_3663662947_3663662948_3698084160_3698084161_#1more_0_D0.0,0,0.0,-1.0,[]
175.0,joinedS_3663662947_3663662948_3698084160_3698084161_#1more_0_D0.1,0,0.0,-1.0,[]
175.0,joinedS_3663662947_3663662948_3698084160_3698084161_#1more_0_D0.2,0,0.0,-1.0,[]
175.0,joinedS_3663662947_3663662948_3698084160_3698084161_#1more_0_D0.3,0,0.0,-1.0,[]
175.0,joinedS_3663662947_3663662948_3698084160_3698084161_#1more_0_D1.0,0,0.0,-1.0,[]
175.0,joinedS_3663662947_3663662948_3698084160_3698084161_#1more_0_D1.1,0,0.0,-1.0,[]
175.0,joinedS_3663662947_3663662948_3698084160_3698084161_#1more_0_D1.2,0,0.0,-1.0,[]
175.0,joinedS_3663662947_3663662948_3698084160_3698084161_#1more_0_D1.3,0,0.0,-1.0,[]
175.0,joinedS_3663662947_3663662948_3698084160_3698084161_#1more_0_D2.0,1,100.0,-1.0,['bus9']
175.0,joinedS_3663662947_3663662948_3698084160_3698084161_#1more_0_D2.1,0,0.0,-1.0,[]
175.0,joinedS_3663662947_3663662948_3698084160_3698084161_#1more_0_D2.2,0,0.0,-1.0,[]
175.0,joinedS_3663662947_3663662948_3698084160_3698084161_#1more_0_D2.3,0,0.0,-1.0,[]
175.0,joinedS_3663662947_3663662948_3698084160_3698084161_#1more_0_D3.0,0,0.0,-1.0,[]
175.0,joinedS_3663662947_3663662948_3698084160_3698084161_#1more_0_D3.1,0,0.0,-1.0,[]
175.0,joinedS_3663662947_3663662948_3698084160_3698084161_#1more_0_D3.2,0,0.0,-1.0,[]
175.0,joinedS_3663662947_3663662948_3698084160_3698084161_#1more_0_D3.3,0,0.0,-1.0,[]
175.0,joinedS_3663662947_3663662948_3698084160_3698084161_#1more_0_D3.4,0,0.0,-1.0,[]
180.0,cluster_122855839_3663662942_3663662943_3663662944_#1more_0_D0.0,0,0.0,-1.0,[]
180.0,cluster_122855839_3663662942_3663662943_3663662944_#1more_0_D0.1,0,0.0,-1.0,[]
180.0,cluster_122855839_3663662942_3663662943_3663662944_#1more_0_D0.2,0,0.0,-1.0,[]
180.0,cluster_122855839_3663662942_3663662943_3663662944_#1more_0_D0.3,0,0.0,-1.0,[]
180.0,cluster_122855839_3663662942_3663662943_3663662944_#1more_0_D0.4,0,0.0,-1.0,[]
180.0,cluster_122855839_3663662942_3663662943_3663662944_#1more_0_D1.0,0,0.0,-1.0,[]
180.0,cluster_122855839_3663662942_3663662943_3663662944_#1more_0_D1.1,0,0.0,-1.0,[]
180.0,cluster_122855839_3663662942_3663662943_3663662944_#1more_0_D1.2,0,0.0,-1.0,[]
180.0,cluster_122855839_3663662942_3663662943_3663662944_#1more_0_D2.0,0,0.0,-1.0,[]
180.0,cluster_122855839_3663662942_3663662943_3663662944_#1more_0_D2.1,0,0.0,-1.0,[]
180.0,cluster_123241924_382443557_5344542568_5546892974_#3more_0_D0.0,1,100.0,-1.0,['bus2']
180.0,cluster_123241924_382443557_5344542568_5546892974_#3more_0_D0.1,0,0.0,-1.0,[]
180.0,cluster_123241924_382443557_5344542568_5546892974_#3more_0_D0.2,0,0.0,-1.0,[]
180.0,cluster_123241924_382443557_5344542568_5546892974_#3more_0_D0.3,0,0.0,-1.0,[]
180.0,cluster_123241924_382443557_5344542568_5546892974_#3more_0_D0.4,0,0.0,-1.0,[]
180.0,cluster_123241924_382443557_5344542568_5546892974_#3more_0_D1.0,0,0.0,-1.0,[]
180.0,cluster_123241924_382443557_5344542568_5546892974_#3more_0_D2.0,0,0.0,-1.0,[]
180.0,cluster_123241924_382443557_5344542568_5546892974_#3more_0_D2.1,0,0.0,-1.0,[]
180.0,cluster_123241924_382443557_5344542568_5546892974_#3more_0_D2.2,0,0.0,-1.0,[]
180.0,cluster_123241924_382443557_5344542568_5546892974_#3more_0_D2.3,0,0.0,-1.0,[]
180.0,cluster_123241924_382443557_5344542568_5546892974_#3more_0_D2.4,0,0.0,-1.0,[]
180.0,cluster_123241924_382443557_5344542568_5546892974_#3more_0_D2.5,0,0.0,-1.0,[]
180.0,cluster_123241924_382443557_5344542568_5546892974_#3more_0_D3.0,0,0.0,-1.0,[]
180.0,cluster_123241924_382443557_5344542568_5546892974_#3more_0_D3.1,0,0.0,-1.0,[]
180.0,cluster_123241924_382443557_5344542568_5546892974_#3more_0_D3.2,0,0.0,-1.0,[]
180.0,cluster_123241924_382443557_5344542568_5546892974_#3more_0_D3.3,0,0.0,-1.0,[]
180.0,cluster_123241924_382443557_5344542568_5546892974_#3more_0_D3.4,0,0.0,-1.0,[]
180.0,cluster_123281084_3663662939_3664674395_3664674397_#1more_0_D0.0,0,0.0,-1.0,[]
180.0,cluster_123281084_3663662939_3664674395_3664674397_#1more_0_D0.1,0,0.0,-1.0,[]
180.0,cluster_123281084_3663662939_3664674395_3664674397_#1more_0_D0.2,0,0.0,-1.0,[]
180.0,cluster_123281084_3663662939_3664674395_3664674397_#1more_0_D0.3,0,0.0,-1.0,[]
180.0,cluster_123281084_3663662939_3664674395_3664674397_#1more_0_D0.4,1,0.0,-1.0,['veh82']
180.0,cluster_123281084_3663662939_3664674395_3664674397_#1more_0_D1.0,1,100.0,-1.0,['bus5']
180.0,cluster_123281084_3663662939_3664674395_3664674397_#1more_0_D1.1,1,100.0,-1.0,['veh53']
180.0,cluster_123281084_3663662939_3664674395_3664674397_#1more_0_D2.0,0,0.0,-1.0,[]
180.0,cluster_123281084_3663662939_3664674395_3664674397_#1more_0_D2.1,0,0.0,-1.0,[]
180.0,cluster_123281085_12840608127_12840608130_12840608135_#1more_0_D0.0,0,0.0,-1.0,[]
180.0,cluster_123281085_12840608127_12840608130_12840608135_#1more_0_D1.0,0,0.0,-1.0,[]
180.0,cluster_123292026_3663224279_3663224280_3663662945_#1more_0_D0.0,0,0.0,-1.0,[]
180.0,cluster_123292026_3663224279_3663224280_3663662945_#1more_0_D0.1,0,0.0,-1.0,[]
180.0,cluster_123292026_3663224279_3663224280_3663662945_#1more_0_D1.0,0,0.0,-1.0,[]
180.0,cluster_123292026_3663224279_3663224280_3663662945_#1more_0_D1.1,0,0.0,-1.0,[]
180.0,cluster_123292026_3663224279_3663224280_3663662945_#1more_0_D1.2,0,0.0,-1.0,[]
180.0,cluster_123292026_3663224279_3663224280_3663662945_#1more_0_D1.3,0,0.0,-1.0,[]
180.0,cluster_123292026_3663224279_3663224280_3663662945_#1more_0_D2.0,0,0.0,-1.0,[]
180.0,cluster_123292026_3663224279_3663224280_3663662945_#1more_0_D2.1,0,0.0,-1.0,[]
180.0,cluster_123292029_3663224277_3663224278_5344542569_#1more_0_D0.0,0,0.0,-1.0,[]
180.0,cluster_123292029_3663224277_3663224278_5344542569_#1more_0_D0.1,0,0.0,-1.0,[]
180.0,cluster_123292029_3663224277_3663224278_5344542569_#1more_0_D0.2,0,0.0,-1.0,[]
180.0,cluster_123292029_3663224277_3663224278_5344542569_#1more_0_D1.0,0,0.0,-1.0,[]
180.0,cluster_123292029_3663224277_3663224278_5344542569_#1more_0_D1.1,0,0.0,-1.0,[]
180.0,cluster_123292029_3663224277_3663224278_5344542569_#1more_0_D2.0,0,0.0,-1.0,[]
180.0,cluster_123292029_3663224277_3663224278_5344542569_#1more_0_D2.1,0,0.0,-1.0,[]
180.0,cluster_123292029_3663224277_3663224278_5344542569_#1more_0_D2.2,0,0.0,-1.0,[]
180.0,cluster_123292029_3663224277_3663224278_5344542569_#1more_0_D3.0,0,0.0,-1.0,[]
180.0,cluster_123292029_3663224277_3663224278_5344542569_#1more_0_D3.1,0,0.0,-1.0,[]
180.0,cluster_123292031_3663224275_3663224276_3663662936_#1more_0_D0.0,0,0.0,-1.0,[]
180.0,cluster_123292031_3663224275_3663224276_3663662936_#1more_0_D0.1,1,0.0,-1.0,['veh106']
180.0,cluster_123292031_3663224275_3663224276_3663662936_#1more_0_D1.0,0,0.0,-1.0,[]
180.0,cluster_123292031_3663224275_3663224276_3663662936_#1more_0_D2.0,0,0.0,-1.0,[]
180.0,cluster_123292031_3663224275_3663224276_3663662936_#1more_0_D2.1,0,0.0,-1.0,[]
180.0,cluster_123308403_3663827018_3663827019_3664674393_#1more_0_D0.0,0,0.0,-1.0,[]
180.0,cluster_123308403_3663827018_3663827019_3664674393_#1more_0_D0.1,0,0.0,-1.0,[]
180.0,cluster_123308403_3663827018_3663827019_3664674393_#1more_0_D1.0,0,0.0,-1.0,[]
180.0,cluster_123308403_3663827018_3663827019_3664674393_#1more_0_D1.1,0,0.0,-1.0,[]
180.0,cluster_123308403_3663827018_3663827019_3664674393_#1more_0_D1.2,0,0.0,-1.0,[]
180.0,cluster_123308403_3663827018_3663827019_3664674393_#1more_0_D1.3,0,0.0,-1.0,[]
180.0,cluster_123308403_3663827018_3663827019_3664674393_#1more_0_D2.0,0,0.0,-1.0,[]
180.0,cluster_123308403_3663827018_3663827019_3664674393_#1more_0_D2.1,0,0.0,-1.0,[]
180.0,cluster_123308403_3663827018_3663827019_3664674393_#1more_0_D2.2,0,0.0,-1.0,[]
180.0,cluster_3664723686_3698084157_3698084158_3698084159_#1more_0_D0.0,0,0.0,-1.0,[]
180.0,cluster_3664723686_3698084157_3698084158_3698084159_#1more_0_D0.1,0,0.0,-1.0,[]
180.0,cluster_3664723686_3698084157_3698084158_3698084159_#1more_0_D0.2,0,0.0,-1.0,[]
180.0,cluster_3664723686_3698084157_3698084158_3698084159_#1more_0_D1.0,0,0.0,-1.0,[]
180.0,cluster_3664723686_3698084157_3698084158_3698084159_#1more_0_D1.1,0,0.0,-1.0,[]
180.0,cluster_3664723686_3698084157_3698084158_3698084159_#1more_0_D1.2,0,0.0,-1.0,[]
180.0,joinedS_3663662947_3663662948_3698084160_3698084161_#1more_0_D0.0,0,0.0,-1.0,[]
180.0,joinedS_3663662947_3663662948_3698084160_3698084161_#1more_0_D0.1,0,0.0,-1.0,[]
180.0,joinedS_3663662947_3663662948_3698084160_3698084161_#1more_0_D0.2,1,0.0,-1.0,['veh110']
180.0,joinedS_3663662947_3663662948_3698084160_3698084161_#1more_0_D0.3,0,0.0,-1.0,[]
180.0,joinedS_3663662947_3663662948_3698084160_3698084161_#1more_0_D1.0,0,0.0,-1.0,[]
180.0,joinedS_3663662947_3663662948_3698084160_3698084161_#1more_0_D1.1,0,0.0,-1.0,[]
180.0,joinedS_3663662947_3663662948_3698084160_3698084161_#1more_0_D1.2,0,0.0,-1.0,[]
180.0,joinedS_3663662947_3663662948_3698084160_3698084161_#1more_0_D1.3,0,0.0,-1.0,[]
180.0,joinedS_3663662947_3663662948_3698084160_3698084161_#1more_0_D2.0,2,100.0,1.8141724254246774,"['bus9', 'bus11']"
180.0,joinedS_3663662947_3663662948_3698084160_3698084161_#1more_0_D2.1,0,0.0,-1.0,[]
180.0,joinedS_3663662947_3663662948_3698084160_3698084161_#1more_0_D2.2,0,0.0,-1.0,[]
180.0,joinedS_3663662947_3663662948_3698084160_3698084161_#1more_0_D2.3,0,0.0,-1.0,[]
180.0,joinedS_3663662947_3663662948_3698084160_3698084161_#1more_0_D3.0,0,0.0,-1.0,[]
180.0,joinedS_3663662947_3663662948_3698084160_3698084161_#1more_0_D3.1,0,0.0,-1.0,[]
180.0,joinedS_3663662947_3663662948_3698084160_3698084161_#1more_0_D3.2,0,0.0,-1.0,[]
180.0,joinedS_3663662947_3663662948_3698084160_3698084161_#1more_0_D3.3,0,0.0,-1.0,[]
180.0,joinedS_3663662947_3663662948_3698084160_3698084161_#1more_0_D3.4,0,0.0,-1.0,[]
185.0,cluster_122855839_3663662942_3663662943_3663662944_#1more_0_D0.0,0,0.0,-1.0,[]
185.0,cluster_122855839_3663662942_3663662943_3663662944_#1more_0_D0.1,0,0.0,-1.0,[]
185.0,cluster_122855839_3663662942_3663662943_3663662944_#1more_0_D0.2,0,0.0,-1.0,[]
185.0,cluster_122855839_3663662942_3663662943_3663662944_#1more_0_D0.3,0,0.0,-1.0,[]
185.0,cluster_122855839_3663662942_3663662943_3663662944_#1more_0_D0.4,0,0.0,-1.0,[]
185.0,cluster_122855839_3663662942_3663662943_3663662944_#1more_0_D1.0,0,0.0,-1.0,[]
185.0,cluster_122855839_3663662942_3663662943_3663662944_#1more_0_D1.1,0,0.0,-1.0,[]
185.0,cluster_122855839_3663662942_3663662943_3663662944_#1more_0_D1.2,0,0.0,-1.0,[]
185.0,cluster_122855839_3663662942_3663662943_3663662944_#1more_0_D2.0,0,0.0,-1.0,[]
185.0,cluster_122855839_3663662942_3663662943_3663662944_#1more_0_D2.1,0,0.0,-1.0,[]
185.0,cluster_123241924_382443557_5344542568_5546892974_#3more_0_D0.0,1,100.0,-1.0,['bus2']
185.0,cluster_123241924_382443557_5344542568_5546892974_#3more_0_D0.1,0,0.0,-1.0,[]
185.0,cluster_123241924_382443557_5344542568_5546892974_#3more_0_D0.2,0,0.0,-1.0,[]
185.0,cluster_123241924_382443557_5344542568_5546892974_#3more_0_D0.3,1,100.0,-1.0,['veh23']
185.0,cluster_123241924_382443557_5344542568_5546892974_#3more_0_D0.4,0,0.0,-1.0,[]
185.0,cluster_123241924_382443557_5344542568_5546892974_#3more_0_D1.0,0,0.0,-1.0,[]
185.0,cluster_123241924_382443557_5344542568_5546892974_#3more_0_D2.0,0,0.0,-1.0,[]
185.0,cluster_123241924_382443557_5344542568_5546892974_#3more_0_D2.1,0,0.0,-1.0,[]
185.0,cluster_123241924_382443557_5344542568_5546892974_#3more_0_D2.2,0,0.0,-1.0,[]
185.0,cluster_123241924_382443557_5344542568_5546892974_#3more_0_D2.3,0,0.0,-1.0,[]
185.0,cluster_123241924_382443557_5344542568_5546892974_#3more_0_D2.4,0,0.0,-1.0,[]
185.0,cluster_123241924_382443557_5344542568_5546892974_#3more_0_D2.5,0,0.0,-1.0,[]
185.0,cluster_123241924_382443557_5344542568_5546892974_#3more_0_D3.0,0,0.0,-1.0,[]
185.0,cluster_123241924_382443557_5344542568_5546892974_#3more_0_D3.1,0,0.0,-1.0,[]
185.0,cluster_123241924_382443557_5344542568_5546892974_#3more_0_D3.2,0,0.0,-1.0,[]
185.0,cluster_123241924_382443557_5344542568_5546892974_#3more_0_D3.3,0,0.0,-1.0,[]
185.0,cluster_123241924_382443557_5344542568_5546892974_#3more_0_D3.4,0,0.0,-1.0,[]
185.0,cluster_123281084_3663662939_3664674395_3664674397_#1more_0_D0.0,0,0.0,-1.0,[]
185.0,cluster_123281084_3663662939_3664674395_3664674397_#1more_0_D0.1,0,0.0,-1.0,[]
185.0,cluster_123281084_3663662939_3664674395_3664674397_#1more_0_D0.2,0,0.0,-1.0,[]
185.0,cluster_123281084_3663662939_3664674395_3664674397_#1more_0_D0.3,0,0.0,-1.0,[]
185.0,cluster_123281084_3663662939_3664674395_3664674397_#1more_0_D0.4,0,0.0,-1.0,[]
185.0,cluster_123281084_3663662939_3664674395_3664674397_#1more_0_D1.0,1,100.0,-1.0,['bus5']
185.0,cluster_123281084_3663662939_3664674395_3664674397_#1more_0_D1.1,0,0.0,-1.0,[]
185.0,cluster_123281084_3663662939_3664674395_3664674397_#1more_0_D2.0,0,0.0,-1.0,[]
185.0,cluster_123281084_3663662939_3664674395_3664674397_#1more_0_D2.1,0,0.0,-1.0,[]
185.0,cluster_123281085_12840608127_12840608130_12840608135_#1more_0_D0.0,0,0.0,-1.0,[]
185.0,cluster_123281085_12840608127_12840608130_12840608135_#1more_0_D1.0,0,0.0,-1.0,[]
185.0,cluster_123292026_3663224279_3663224280_3663662945_#1more_0_D0.0,0,0.0,-1.0,[]
185.0,cluster_123292026_3663224279_3663224280_3663662945_#1more_0_D0.1,0,0.0,-1.0,[]
185.0,cluster_123292026_3663224279_3663224280_3663662945_#1more_0_D1.0,0,0.0,-1.0,[]
185.0,cluster_123292026_3663224279_3663224280_3663662945_#1more_0_D1.1,0,0.0,-1.0,[]
185.0,cluster_123292026_3663224279_3663224280_3663662945_#1more_0_D1.2,0,0.0,-1.0,[]
185.0,cluster_123292026_3663224279_3663224280_3663662945_#1more_0_D1.3,0,0.0,-1.0,[]
185.0,cluster_123292026_3663224279_3663224280_3663662945_#1more_0_D2.0,1,100.0,-1.0,['veh108']
185.0,cluster_123292026_3663224279_3663224280_3663662945_#1more_0_D2.1,0,0.0,-1.0,[]
185.0,cluster_123292029_3663224277_3663224278_5344542569_#1more_0_D0.0,0,0.0,-1.0,[]
185.0,cluster_123292029_3663224277_3663224278_5344542569_#1more_0_D0.1,0,0.0,-1.0,[]
185.0,cluster_123292029_3663224277_3663224278_5344542569_#1more_0_D0.2,0,0.0,-1.0,[]
185.0,cluster_123292029_3663224277_3663224278_5344542569_#1more_0_D1.0,0,0.0,-1.0,[]
185.0,cluster_123292029_3663224277_3663224278_5344542569_#1more_0_D1.1,1,100.0,-1.0,['veh36']
185.0,cluster_123292029_3663224277_3663224278_5344542569_#1more_0_D2.0,0,0.0,-1.0,[]
185.0,cluster_123292029_3663224277_3663224278_5344542569_#1more_0_D2.1,0,0.0,-1.0,[]
185.0,cluster_123292029_3663224277_3663224278_5344542569_#1more_0_D2.2,0,0.0,-1.0,[]
185.0,cluster_123292029_3663224277_3663224278_5344542569_#1more_0_D3.0,0,0.0,-1.0,[]
185.0,cluster_123292029_3663224277_3663224278_5344542569_#1more_0_D3.1,0,0.0,-1.0,[]
185.0,cluster_123292031_3663224275_3663224276_3663662936_#1more_0_D0.0,0,0.0,-1.0,[]
185.0,cluster_123292031_3663224275_3663224276_3663662936_#1more_0_D0.1,0,0.0,-1.0,[]
185.0,cluster_123292031_3663224275_3663224276_3663662936_#1more_0_D1.0,0,0.0,-1.0,[]
185.0,cluster_123292031_3663224275_3663224276_3663662936_#1more_0_D2.0,0,0.0,-1.0,[]
185.0,cluster_123292031_3663224275_3663224276_3663662936_#1more_0_D2.1,0,0.0,-1.0,[]
185.0,cluster_123308403_3663827018_3663827019_3664674393_#1more_0_D0.0,0,0.0,-1.0,[]
185.0,cluster_123308403_3663827018_3663827019_3664674393_#1more_0_D0.1,0,0.0,-1.0,[]
185.0,cluster_123308403_3663827018_3663827019_3664674393_#1more_0_D1.0,0,0.0,-1.0,[]
185.0,cluster_123308403_3663827018_3663827019_3664674393_#1more_0_D1.1,0,0.0,-1.0,[]
185.0,cluster_123308403_3663827018_3663827019_3664674393_#1more_0_D1.2,0,0.0,-1.0,[]
185.0,cluster_123308403_3663827018_3663827019_3664674393_#1more_0_D1.3,0,0.0,-1.0,[]
185.0,cluster_123308403_3663827018_3663827019_3664674393_#1more_0_D2.0,0,0.0,-1.0,[]
185.0,cluster_123308403_3663827018_3663827019_3664674393_#1more_0_D2.1,0,0.0,-1.0,[]
185.0,cluster_123308403_3663827018_3663827019_3664674393_#1more_0_D2.2,0,0.0,-1.0,[]
185.0,cluster_3664723686_3698084157_3698084158_3698084159_#1more_0_D0.0,0,0.0,-1.0,[]
185.0,cluster_3664723686_3698084157_3698084158_3698084159_#1more_0_D0.1,0,0.0,-1.0,[]
185.0,cluster_3664723686_3698084157_3698084158_3698084159_#1more_0_D0.2,0,0.0,-1.0,[]
185.0,cluster_3664723686_3698084157_3698084158_3698084159_#1more_0_D1.0,0,0.0,-1.0,[]
185.0,cluster_3664723686_3698084157_3698084158_3698084159_#1more_0_D1.1,0,0.0,-1.0,[]
185.0,cluster_3664723686_3698084157_3698084158_3698084159_#1more_0_D1.2,0,0.0,-1.0,[]
185.0,joinedS_3663662947_3663662948_3698084160_3698084161_#1more_0_D0.0,0,0.0,-1.0,[]
185.0,joinedS_3663662947_3663662948_3698084160_3698084161_#1more_0_D0.1,0,0.0,-1.0,[]
185.0,joinedS_3663662947_3663662948_3698084160_3698084161_#1more_0_D0.2,0,0.0,-1.0,[]
185.0,joinedS_3663662947_3663662948_3698084160_3698084161_#1more_0_D0.3,0,0.0,-1.0,[]
185.0,joinedS_3663662947_3663662948_3698084160_3698084161_#1more_0_D1.0,0,0.0,-1.0,[]
185.0,joinedS_3663662947_3663662948_3698084160_3698084161_#1more_0_D1.1,0,0.0,-1.0,[]
185.0,joinedS_3663662947_3663662948_3698084160_3698084161_#1more_0_D1.2,0,0.0,-1.0,[]
185.0,joinedS_3663662947_3663662948_3698084160_3698084161_#1more_0_D1.3,0,0.0,-1.0,[]
185.0,joinedS_3663662947_3663662948_3698084160_3698084161_#1more_0_D2.0,1,0.0,-1.0,['bus11']
185.0,joinedS_3663662947_3663662948_3698084160_3698084161_#1more_0_D2.1,0,0.0,-1.0,[]
185.0,joinedS_3663662947_3663662948_3698084160_3698084161_#1more_0_D2.2,0,0.0,-1.0,[]
185.0,joinedS_3663662947_3663662948_3698084160_3698084161_#1more_0_D2.3,0,0.0,-1.0,[]
185.0,joinedS_3663662947_3663662948_3698084160_3698084161_#1more_0_D3.0,0,0.0,-1.0,[]
185.0,joinedS_3663662947_3663662948_3698084160_3698084161_#1more_0_D3.1,0,0.0,-1.0,[]
185.0,joinedS_3663662947_3663662948_3698084160_3698084161_#1more_0_D3.2,0,0.0,-1.0,[]
185.0,joinedS_3663662947_3663662948_3698084160_3698084161_#1more_0_D3.3,0,0.0,-1.0,[]
185.0,joinedS_3663662947_3663662948_3698084160_3698084161_#1more_0_D3.4,0,0.0,-1.0,[]
190.0,cluster_122855839_3663662942_3663662943_3663662944_#1more_0_D0.0,0,0.0,-1.0,[]
190.0,cluster_122855839_3663662942_3663662943_3663662944_#1more_0_D0.1,0,0.0,-1.0,[]
190.0,cluster_122855839_3663662942_3663662943_3663662944_#1more_0_D0.2,0,0.0,-1.0,[]
190.0,cluster_122855839_3663662942_3663662943_3663662944_#1more_0_D0.3,0,0.0,-1.0,[]
190.0,cluster_122855839_3663662942_3663662943_3663662944_#1more_0_D0.4,0,0.0,-1.0,[]
190.0,cluster_122855839_3663662942_3663662943_3663662944_#1more_0_D1.0,0,0.0,-1.0,[]
190.0,cluster_122855839_3663662942_3663662943_3663662944_#1more_0_D1.1,0,0.0,-1.0,[]
190.0,cluster_122855839_3663662942_3663662943_3663662944_#1more_0_D1.2,0,0.0,-1.0,[]
190.0,cluster_122855839_3663662942_3663662943_3663662944_#1more_0_D2.0,1,0.0,-1.0,['veh55']
190.0,cluster_122855839_3663662942_3663662943_3663662944_#1more_0_D2.1,0,0.0,-1.0,[]
190.0,cluster_123241924_382443557_5344542568_5546892974_#3more_0_D0.0,0,0.0,-1.0,[]
190.0,cluster_123241924_382443557_5344542568_5546892974_#3more_0_D0.1,0,0.0,-1.0,[]
190.0,cluster_123241924_382443557_5344542568_5546892974_#3more_0_D0.2,0,0.0,-1.0,[]
190.0,cluster_123241924_382443557_5344542568_5546892974_#3more_0_D0.3,1,100.0,-1.0,['bus1']
190.0,cluster_123241924_382443557_5344542568_5546892974_#3more_0_D0.4,0,0.0,-1.0,[]
190.0,cluster_123241924_382443557_5344542568_5546892974_#3more_0_D1.0,0,0.0,-1.0,[]
190.0,cluster_123241924_382443557_5344542568_5546892974_#3more_0_D2.0,0,0.0,-1.0,[]
190.0,cluster_123241924_382443557_5344542568_5546892974_#3more_0_D2.1,0,0.0,-1.0,[]
190.0,cluster_123241924_382443557_5344542568_5546892974_#3more_0_D2.2,0,0.0,-1.0,[]
190.0,cluster_123241924_382443557_5344542568_5546892974_#3more_0_D2.3,0,0.0,-1.0,[]
190.0,cluster_123241924_382443557_5344542568_5546892974_#3more_0_D2.4,0,0.0,-1.0,[]
190.0,cluster_123241924_382443557_5344542568_5546892974_#3more_0_D2.5,0,0.0,-1.0,[]
190.0,cluster_123241924_382443557_5344542568_5546892974_#3more_0_D3.0,0,0.0,-1.0,[]
190.0,cluster_123241924_382443557_5344542568_5546892974_#3more_0_D3.1,1,0.0,-1.0,['bus3']
190.0,cluster_123241924_382443557_5344542568_5546892974_#3more_0_D3.2,0,0.0,-1.0,[]
190.0,cluster_123241924_382443557_5344542568_5546892974_#3more_0_D3.3,0,0.0,-1.0,[]
190.0,cluster_123241924_382443557_5344542568_5546892974_#3more_0_D3.4,0,0.0,-1.0,[]
190.0,cluster_123281084_3663662939_3664674395_3664674397_#1more_0_D0.0,0,0.0,-1.0,[]
190.0,cluster_123281084_3663662939_3664674395_3664674397_#1more_0_D0.1,0,0.0,-1.0,[]
190.0,cluster_123281084_3663662939_3664674395_3664674397_#1more_0_D0.2,0,0.0,-1.0,[]
190.0,cluster_123281084_3663662939_3664674395_3664674397_#1more_0_D0.3,0,0.0,-1.0,[]
190.0,cluster_123281084_3663662939_3664674395_3664674397_#1more_0_D0.4,0,0.0,-1.0,[]
190.0,cluster_123281084_3663662939_3664674395_3664674397_#1more_0_D1.0,1,100.0,-1.0,['veh63']
190.0,cluster_123281084_3663662939_3664674395_3664674397_#1more_0_D1.1,0,0.0,-1.0,[]
190.0,cluster_123281084_3663662939_3664674395_3664674397_#1more_0_D2.0,0,0.0,-1.0,[]
190.0,cluster_123281084_3663662939_3664674395_3664674397_#1more_0_D2.1,0,0.0,-1.0,[]
190.0,cluster_123281085_12840608127_12840608130_12840608135_#1more_0_D0.0,1,5.130918034126353,7.180377986124015,['veh83']
190.0,cluster_123281085_12840608127_12840608130_12840608135_#1more_0_D1.0,0,0.0,-1.0,[]
190.0,cluster_123292026_3663224279_3663224280_3663662945_#1more_0_D0.0,0,0.0,-1.0,[]
190.0,cluster_123292026_3663224279_3663224280_3663662945_#1more_0_D0.1,0,0.0,-1.0,[]
190.0,cluster_123292026_3663224279_3663224280_3663662945_#1more_0_D1.0,0,0.0,-1.0,[]
190.0,cluster_123292026_3663224279_3663224280_3663662945_#1more_0_D1.1,0,0.0,-1.0,[]
190.0,cluster_123292026_3663224279_3663224280_3663662945_#1more_0_D1.2,0,0.0,-1.0,[]
190.0,cluster_123292026_3663224279_3663224280_3663662945_#1more_0_D1.3,0,0.0,-1.0,[]
190.0,cluster_123292026_3663224279_3663224280_3663662945_#1more_0_D2.0,0,0.0,-1.0,[]
190.0,cluster_123292026_3663224279_3663224280_3663662945_#1more_0_D2.1,0,0.0,-1.0,[]
190.0,cluster_123292029_3663224277_3663224278_5344542569_#1more_0_D0.0,0,0.0,-1.0,[]
190.0,cluster_123292029_3663224277_3663224278_5344542569_#1more_0_D0.1,1,2.646149710429313,17.131638882532602,['veh34']
190.0,cluster_123292029_3663224277_3663224278_5344542569_#1more_0_D0.2,0,0.0,-1.0,[]
190.0,cluster_123292029_3663224277_3663224278_5344542569_#1more_0_D1.0,0,0.0,-1.0,[]
190.0,cluster_123292029_3663224277_3663224278_5344542569_#1more_0_D1.1,1,19.01038698125035,2.461807044904726,['veh62']
190.0,cluster_123292029_3663224277_3663224278_5344542569_#1more_0_D2.0,0,0.0,-1.0,[]
190.0,cluster_123292029_3663224277_3663224278_5344542569_#1more_0_D2.1,0,0.0,-1.0,[]
190.0,cluster_123292029_3663224277_3663224278_5344542569_#1more_0_D2.2,0,0.0,-1.0,[]
190.0,cluster_123292029_3663224277_3663224278_5344542569_#1more_0_D3.0,0,0.0,-1.0,[]
190.0,cluster_123292029_3663224277_3663224278_5344542569_#1more_0_D3.1,0,0.0,-1.0,[]
190.0,cluster_123292031_3663224275_3663224276_3663662936_#1more_0_D0.0,0,0.0,-1.0,[]
190.0,cluster_123292031_3663224275_3663224276_3663662936_#1more_0_D0.1,0,0.0,-1.0,[]
190.0,cluster_123292031_3663224275_3663224276_3663662936_#1more_0_D1.0,0,0.0,-1.0,[]
190.0,cluster_123292031_3663224275_3663224276_3663662936_#1more_0_D2.0,0,0.0,-1.0,[]
190.0,cluster_123292031_3663224275_3663224276_3663662936_#1more_0_D2.1,0,0.0,-1.0,[]
190.0,cluster_123308403_3663827018_3663827019_3664674393_#1more_0_D0.0,0,0.0,-1.0,[]
190.0,cluster_123308403_3663827018_3663827019_3664674393_#1more_0_D0.1,0,0.0,-1.0,[]
190.0,cluster_123308403_3663827018_3663827019_3664674393_#1more_0_D1.0,0,0.0,-1.0,[]
190.0,cluster_123308403_3663827018_3663827019_3664674393_#1more_0_D1.1,0,0.0,-1.0,[]
190.0,cluster_123308403_3663827018_3663827019_3664674393_#1more_0_D1.2,0,0.0,-1.0,[]
190.0,cluster_123308403_3663827018_3663827019_3664674393_#1more_0_D1.3,0,0.0,-1.0,[]
190.0,cluster_123308403_3663827018_3663827019_3664674393_#1more_0_D2.0,0,0.0,-1.0,[]
190.0,cluster_123308403_3663827018_3663827019_3664674393_#1more_0_D2.1,0,0.0,-1.0,[]
190.0,cluster_123308403_3663827018_3663827019_3664674393_#1more_0_D2.2,0,0.0,-1.0,[]
190.0,cluster_3664723686_3698084157_3698084158_3698084159_#1more_0_D0.0,0,0.0,-1.0,[]
190.0,cluster_3664723686_3698084157_3698084158_3698084159_#1more_0_D0.1,0,0.0,-1.0,[]
190.0,cluster_3664723686_3698084157_3698084158_3698084159_#1more_0_D0.2,0,0.0,-1.0,[]
190.0,cluster_3664723686_3698084157_3698084158_3698084159_#1more_0_D1.0,0,0.0,-1.0,[]
190.0,cluster_3664723686_3698084157_3698084158_3698084159_#1more_0_D1.1,0,0.0,-1.0,[]
190.0,cluster_3664723686_3698084157_3698084158_3698084159_#1more_0_D1.2,0,0.0,-1.0,[]
190.0,joinedS_3663662947_3663662948_3698084160_3698084161_#1more_0_D0.0,0,0.0,-1.0,[]
190.0,joinedS_3663662947_3663662948_3698084160_3698084161_#1more_0_D0.1,0,0.0,-1.0,[]
190.0,joinedS_3663662947_3663662948_3698084160_3698084161_#1more_0_D0.2,0,0.0,-1.0,[]
190.0,joinedS_3663662947_3663662948_3698084160_3698084161_#1more_0_D0.3,0,0.0,-1.0,[]
190.0,joinedS_3663662947_3663662948_3698084160_3698084161_#1more_0_D1.0,0,0.0,-1.0,[]
190.0,joinedS_3663662947_3663662948_3698084160_3698084161_#1more_0_D1.1,0,0.0,-1.0,[]
190.0,joinedS_3663662947_3663662948_3698084160_3698084161_#1more_0_D1.2,0,0.0,-1.0,[]
190.0,joinedS_3663662947_3663662948_3698084160_3698084161_#1more_0_D1.3,0,0.0,-1.0,[]
190.0,joinedS_3663662947_3663662948_3698084160_3698084161_#1more_0_D2.0,0,0.0,-1.0,[]
190.0,joinedS_3663662947_3663662948_3698084160_3698084161_#1more_0_D2.1,0,0.0,-1.0,[]
190.0,joinedS_3663662947_3663662948_3698084160_3698084161_#1more_0_D2.2,0,0.0,-1.0,[]
190.0,joinedS_3663662947_3663662948_3698084160_3698084161_#1more_0_D2.3,0,0.0,-1.0,[]
190.0,joinedS_3663662947_3663662948_3698084160_3698084161_#1more_0_D3.0,1,100.0,-1.0,['veh115']
190.0,joinedS_3663662947_3663662948_3698084160_3698084161_#1more_0_D3.1,0,0.0,-1.0,[]
190.0,joinedS_3663662947_3663662948_3698084160_3698084161_#1more_0_D3.2,0,0.0,-1.0,[]
190.0,joinedS_3663662947_3663662948_3698084160_3698084161_#1more_0_D3.3,0,0.0,-1.0,[]
190.0,joinedS_3663662947_3663662948_3698084160_3698084161_#1more_0_D3.4,0,0.0,-1.0,[]
195.0,cluster_122855839_3663662942_3663662943_3663662944_#1more_0_D0.0,1,88.13569256917901,9.733005058438525,['bus9']
195.0,cluster_122855839_3663662942_3663662943_3663662944_#1more_0_D0.1,0,0.0,-1.0,[]
195.0,cluster_122855839_3663662942_3663662943_3663662944_#1more_0_D0.2,0,0.0,-1.0,[]
195.0,cluster_122855839_3663662942_3663662943_3663662944_#1more_0_D0.3,0,0.0,-1.0,[]
195.0,cluster_122855839_3663662942_3663662943_3663662944_#1more_0_D0.4,0,0.0,-1.0,[]
195.0,cluster_122855839_3663662942_3663662943_3663662944_#1more_0_D1.0,1,100.0,13.225891432270073,['veh44']
195.0,cluster_122855839_3663662942_3663662943_3663662944_#1more_0_D1.1,1,0.0,-1.0,['veh44']
195.0,cluster_122855839_3663662942_3663662943_3663662944_#1more_0_D1.2,0,0.0,-1.0,[]
195.0,cluster_122855839_3663662942_3663662943_3663662944_#1more_0_D2.0,1,37.421651388905275,12.950288644784528,['veh28']
195.0,cluster_122855839_3663662942_3663662943_3663662944_#1more_0_D2.1,0,0.0,-1.0,[]
195.0,cluster_123241924_382443557_5344542568_5546892974_#3more_0_D0.0,0,0.0,-1.0,[]
195.0,cluster_123241924_382443557_5344542568_5546892974_#3more_0_D0.1,0,0.0,-1.0,[]
195.0,cluster_123241924_382443557_5344542568_5546892974_#3more_0_D0.2,0,0.0,-1.0,[]
195.0,cluster_123241924_382443557_5344542568_5546892974_#3more_0_D0.3,1,100.0,-1.0,['bus1']
195.0,cluster_123241924_382443557_5344542568_5546892974_#3more_0_D0.4,0,0.0,-1.0,[]
195.0,cluster_123241924_382443557_5344542568_5546892974_#3more_0_D1.0,0,0.0,-1.0,[]
195.0,cluster_123241924_382443557_5344542568_5546892974_#3more_0_D2.0,0,0.0,-1.0,[]
195.0,cluster_123241924_382443557_5344542568_5546892974_#3more_0_D2.1,0,0.0,-1.0,[]
195.0,cluster_123241924_382443557_5344542568_5546892974_#3more_0_D2.2,1,100.0,0.0,['bus12']
195.0,cluster_123241924_382443557_5344542568_5546892974_#3more_0_D2.3,0,0.0,-1.0,[]
195.0,cluster_123241924_382443557_5344542568_5546892974_#3more_0_D2.4,0,0.0,-1.0,[]
195.0,cluster_123241924_382443557_5344542568_5546892974_#3more_0_D2.5,0,0.0,-1.0,[]
195.0,cluster_123241924_382443557_5344542568_5546892974_#3more_0_D3.0,0,0.0,-1.0,[]
195.0,cluster_123241924_382443557_5344542568_5546892974_#3more_0_D3.1,0,0.0,-1.0,[]
195.0,cluster_123241924_382443557_5344542568_5546892974_#3more_0_D3.2,0,0.0,-1.0,[]
195.0,cluster_123241924_382443557_5344542568_5546892974_#3more_0_D3.3,0,0.0,-1.0,[]
195.0,cluster_123241924_382443557_5344542568_5546892974_#3more_0_D3.4,0,0.0,-1.0,[]
195.0,cluster_123281084_3663662939_3664674395_3664674397_#1more_0_D0.0,0,0.0,-1.0,[]
195.0,cluster_123281084_3663662939_3664674395_3664674397_#1more_0_D0.1,0,0.0,-1.0,[]
195.0,cluster_123281084_3663662939_3664674395_3664674397_#1more_0_D0.2,0,0.0,-1.0,[]
195.0,cluster_123281084_3663662939_3664674395_3664674397_#1more_0_D0.3,0,0.0,-1.0,[]
195.0,cluster_123281084_3663662939_3664674395_3664674397_#1more_0_D0.4,0,0.0,-1.0,[]
195.0,cluster_123281084_3663662939_3664674395_3664674397_#1more_0_D1.0,0,0.0,-1.0,[]
195.0,cluster_123281084_3663662939_3664674395_3664674397_#1more_0_D1.1,0,0.0,-1.0,[]
195.0,cluster_123281084_3663662939_3664674395_3664674397_#1more_0_D2.0,0,0.0,-1.0,[]
195.0,cluster_123281084_3663662939_3664674395_3664674397_#1more_0_D2.1,0,0.0,-1.0,[]
195.0,cluster_123281085_12840608127_12840608130_12840608135_#1more_0_D0.0,0,0.0,-1.0,[]
195.0,cluster_123281085_12840608127_12840608130_12840608135_#1more_0_D1.0,0,0.0,-1.0,[]
195.0,cluster_123292026_3663224279_3663224280_3663662945_#1more_0_D0.0,0,0.0,-1.0,[]
195.0,cluster_123292026_3663224279_3663224280_3663662945_#1more_0_D0.1,0,0.0,-1.0,[]
195.0,cluster_123292026_3663224279_3663224280_3663662945_#1more_0_D1.0,0,0.0,-1.0,[]
195.0,cluster_123292026_3663224279_3663224280_3663662945_#1more_0_D1.1,0,0.0,-1.0,[]
195.0,cluster_123292026_3663224279_3663224280_3663662945_#1more_0_D1.2,0,0.0,-1.0,[]
195.0,cluster_123292026_3663224279_3663224280_3663662945_#1more_0_D1.3,0,0.0,-1.0,[]
195.0,cluster_123292026_3663224279_3663224280_3663662945_#1more_0_D2.0,0,0.0,-1.0,[]
195.0,cluster_123292026_3663224279_3663224280_3663662945_#1more_0_D2.1,0,0.0,-1.0,[]
195.0,cluster_123292029_3663224277_3663224278_5344542569_#1more_0_D0.0,1,34.56046957927299,8.919518022312811,['veh54']
195.0,cluster_123292029_3663224277_3663224278_5344542569_#1more_0_D0.1,0,0.0,-1.0,[]
195.0,cluster_123292029_3663224277_3663224278_5344542569_#1more_0_D0.2,0,0.0,-1.0,[]
195.0,cluster_123292029_3663224277_3663224278_5344542569_#1more_0_D1.0,0,0.0,-1.0,[]
195.0,cluster_123292029_3663224277_3663224278_5344542569_#1more_0_D1.1,1,100.0,-1.0,['bus8']
195.0,cluster_123292029_3663224277_3663224278_5344542569_#1more_0_D2.0,0,0.0,-1.0,[]
195.0,cluster_123292029_3663224277_3663224278_5344542569_#1more_0_D2.1,0,0.0,-1.0,[]
195.0,cluster_123292029_3663224277_3663224278_5344542569_#1more_0_D2.2,0,0.0,-1.0,[]
195.0,cluster_123292029_3663224277_3663224278_5344542569_#1more_0_D3.0,0,0.0,-1.0,[]
195.0,cluster_123292029_3663224277_3663224278_5344542569_#1more_0_D3.1,0,0.0,-1.0,[]
195.0,cluster_123292031_3663224275_3663224276_3663662936_#1more_0_D0.0,0,0.0,-1.0,[]
195.0,cluster_123292031_3663224275_3663224276_3663662936_#1more_0_D0.1,0,0.0,-1.0,[]
195.0,cluster_123292031_3663224275_3663224276_3663662936_#1more_0_D1.0,1,7.9516760582123425,4.181793714390723,['veh48']
195.0,cluster_123292031_3663224275_3663224276_3663662936_#1more_0_D2.0,0,0.0,-1.0,[]
195.0,cluster_123292031_3663224275_3663224276_3663662936_#1more_0_D2.1,0,0.0,-1.0,[]
195.0,cluster_123308403_3663827018_3663827019_3664674393_#1more_0_D0.0,0,0.0,-1.0,[]
195.0,cluster_123308403_3663827018_3663827019_3664674393_#1more_0_D0.1,1,32.209587321281674,8.401774028365201,['veh113']
195.0,cluster_123308403_3663827018_3663827019_3664674393_#1more_0_D1.0,0,0.0,-1.0,[]
195.0,cluster_123308403_3663827018_3663827019_3664674393_#1more_0_D1.1,0,0.0,-1.0,[]
195.0,cluster_123308403_3663827018_3663827019_3664674393_#1more_0_D1.2,1,0.0,-1.0,['veh118']
195.0,cluster_123308403_3663827018_3663827019_3664674393_#1more_0_D1.3,0,0.0,-1.0,[]
195.0,cluster_123308403_3663827018_3663827019_3664674393_#1more_0_D2.0,0,0.0,-1.0,[]
195.0,cluster_123308403_3663827018_3663827019_3664674393_#1more_0_D2.1,0,0.0,-1.0,[]
195.0,cluster_123308403_3663827018_3663827019_3664674393_#1more_0_D2.2,0,0.0,-1.0,[]
195.0,cluster_3664723686_3698084157_3698084158_3698084159_#1more_0_D0.0,0,0.0,-1.0,[]
195.0,cluster_3664723686_3698084157_3698084158_3698084159_#1more_0_D0.1,0,0.0,-1.0,[]
195.0,cluster_3664723686_3698084157_3698084158_3698084159_#1more_0_D0.2,0,0.0,-1.0,[]
195.0,cluster_3664723686_3698084157_3698084158_3698084159_#1more_0_D1.0,0,0.0,-1.0,[]
195.0,cluster_3664723686_3698084157_3698084158_3698084159_#1more_0_D1.1,0,0.0,-1.0,[]
195.0,cluster_3664723686_3698084157_3698084158_3698084159_#1more_0_D1.2,0,0.0,-1.0,[]
195.0,joinedS_3663662947_3663662948_3698084160_3698084161_#1more_0_D0.0,0,0.0,-1.0,[]
195.0,joinedS_3663662947_3663662948_3698084160_3698084161_#1more_0_D0.1,0,0.0,-1.0,[]
195.0,joinedS_3663662947_3663662948_3698084160_3698084161_#1more_0_D0.2,0,0.0,-1.0,[]
195.0,joinedS_3663662947_3663662948_3698084160_3698084161_#1more_0_D0.3,0,0.0,-1.0,[]
195.0,joinedS_3663662947_3663662948_3698084160_3698084161_#1more_0_D1.0,0,0.0,-1.0,[]
195.0,joinedS_3663662947_3663662948_3698084160_3698084161_#1more_0_D1.1,0,0.0,-1.0,[]
195.0,joinedS_3663662947_3663662948_3698084160_3698084161_#1more_0_D1.2,0,0.0,-1.0,[]
195.0,joinedS_3663662947_3663662948_3698084160_3698084161_#1more_0_D1.3,0,0.0,-1.0,[]
195.0,joinedS_3663662947_3663662948_3698084160_3698084161_#1more_0_D2.0,0,0.0,-1.0,[]
195.0,joinedS_3663662947_3663662948_3698084160_3698084161_#1more_0_D2.1,0,0.0,-1.0,[]
195.0,joinedS_3663662947_3663662948_3698084160_3698084161_#1more_0_D2.2,0,0.0,-1.0,[]
195.0,joinedS_3663662947_3663662948_3698084160_3698084161_#1more_0_D2.3,1,100.0,-1.0,['veh112']
195.0,joinedS_3663662947_3663662948_3698084160_3698084161_#1more_0_D3.0,1,100.0,-1.0,['veh115']
195.0,joinedS_3663662947_3663662948_3698084160_3698084161_#1more_0_D3.1,0,0.0,-1.0,[]
195.0,joinedS_3663662947_3663662948_3698084160_3698084161_#1more_0_D3.2,0,0.0,-1.0,[]
195.0,joinedS_3663662947_3663662948_3698084160_3698084161_#1more_0_D3.3,0,0.0,-1.0,[]
195.0,joinedS_3663662947_3663662948_3698084160_3698084161_#1more_0_D3.4,0,0.0,-1.0,[]
200.0,cluster_122855839_3663662942_3663662943_3663662944_#1more_0_D0.0,1,1.9208328839084743,6.089812782396587,['bus11']
200.0,cluster_122855839_3663662942_3663662943_3663662944_#1more_0_D0.1,0,0.0,-1.0,[]
200.0,cluster_122855839_3663662942_3663662943_3663662944_#1more_0_D0.2,0,0.0,-1.0,[]
200.0,cluster_122855839_3663662942_3663662943_3663662944_#1more_0_D0.3,0,0.0,-1.0,[]
200.0,cluster_122855839_3663662942_3663662943_3663662944_#1more_0_D0.4,0,0.0,-1.0,[]
200.0,cluster_122855839_3663662942_3663662943_3663662944_#1more_0_D1.0,1,33.30570082723057,15.012444944296222,['veh30']
200.0,cluster_122855839_3663662942_3663662943_3663662944_#1more_0_D1.1,0,0.0,-1.0,[]
200.0,cluster_122855839_3663662942_3663662943_3663662944_#1more_0_D1.2,0,0.0,-1.0,[]
200.0,cluster_122855839_3663662942_3663662943_3663662944_#1more_0_D2.0,0,0.0,-1.0,[]
200.0,cluster_122855839_3663662942_3663662943_3663662944_#1more_0_D2.1,1,0.0,-1.0,['veh84']
200.0,cluster_123241924_382443557_5344542568_5546892974_#3more_0_D0.0,1,0.0,-1.0,['veh71']
200.0,cluster_123241924_382443557_5344542568_5546892974_#3more_0_D0.1,0,0.0,-1.0,[]
200.0,cluster_123241924_382443557_5344542568_5546892974_#3more_0_D0.2,0,0.0,-1.0,[]
200.0,cluster_123241924_382443557_5344542568_5546892974_#3more_0_D0.3,1,100.0,-1.0,['bus1']
200.0,cluster_123241924_382443557_5344542568_5546892974_#3more_0_D0.4,0,0.0,-1.0,[]
200.0,cluster_123241924_382443557_5344542568_5546892974_#3more_0_D1.0,0,0.0,-1.0,[]
200.0,cluster_123241924_382443557_5344542568_5546892974_#3more_0_D2.0,0,0.0,-1.0,[]
200.0,cluster_123241924_382443557_5344542568_5546892974_#3more_0_D2.1,0,0.0,-1.0,[]
200.0,cluster_123241924_382443557_5344542568_5546892974_#3more_0_D2.2,1,100.0,-1.0,['bus12']
200.0,cluster_123241924_382443557_5344542568_5546892974_#3more_0_D2.3,0,0.0,-1.0,[]
200.0,cluster_123241924_382443557_5344542568_5546892974_#3more_0_D2.4,0,0.0,-1.0,[]
200.0,cluster_123241924_382443557_5344542568_5546892974_#3more_0_D2.5,0,0.0,-1.0,[]
200.0,cluster_123241924_382443557_5344542568_5546892974_#3more_0_D3.0,0,0.0,-1.0,[]
200.0,cluster_123241924_382443557_5344542568_5546892974_#3more_0_D3.1,0,0.0,-1.0,[]
200.0,cluster_123241924_382443557_5344542568_5546892974_#3more_0_D3.2,0,0.0,-1.0,[]
200.0,cluster_123241924_382443557_5344542568_5546892974_#3more_0_D3.3,0,0.0,-1.0,[]
200.0,cluster_123241924_382443557_5344542568_5546892974_#3more_0_D3.4,0,0.0,-1.0,[]
200.0,cluster_123281084_3663662939_3664674395_3664674397_#1more_0_D0.0,0,0.0,-1.0,[]
200.0,cluster_123281084_3663662939_3664674395_3664674397_#1more_0_D0.1,0,0.0,-1.0,[]
200.0,cluster_123281084_3663662939_3664674395_3664674397_#1more_0_D0.2,0,0.0,-1.0,[]
200.0,cluster_123281084_3663662939_3664674395_3664674397_#1more_0_D0.3,0,0.0,-1.0,[]
200.0,cluster_123281084_3663662939_3664674395_3664674397_#1more_0_D0.4,0,0.0,-1.0,[]
200.0,cluster_123281084_3663662939_3664674395_3664674397_#1more_0_D1.0,1,0.0,-1.0,['veh81']
200.0,cluster_123281084_3663662939_3664674395_3664674397_#1more_0_D1.1,1,41.16071985990857,12.14750377791645,['veh107']
200.0,cluster_123281084_3663662939_3664674395_3664674397_#1more_0_D2.0,0,0.0,-1.0,[]
200.0,cluster_123281084_3663662939_3664674395_3664674397_#1more_0_D2.1,0,0.0,-1.0,[]
200.0,cluster_123281085_12840608127_12840608130_12840608135_#1more_0_D0.0,0,0.0,-1.0,[]
200.0,cluster_123281085_12840608127_12840608130_12840608135_#1more_0_D1.0,0,0.0,-1.0,[]
200.0,cluster_123292026_3663224279_3663224280_3663662945_#1more_0_D0.0,0,0.0,-1.0,[]
200.0,cluster_123292026_3663224279_3663224280_3663662945_#1more_0_D0.1,0,0.0,-1.0,[]
200.0,cluster_123292026_3663224279_3663224280_3663662945_#1more_0_D1.0,0,0.0,-1.0,[]
200.0,cluster_123292026_3663224279_3663224280_3663662945_#1more_0_D1.1,0,0.0,-1.0,[]
200.0,cluster_123292026_3663224279_3663224280_3663662945_#1more_0_D1.2,0,0.0,-1.0,[]
200.0,cluster_123292026_3663224279_3663224280_3663662945_#1more_0_D1.3,0,0.0,-1.0,[]
200.0,cluster_123292026_3663224279_3663224280_3663662945_#1more_0_D2.0,0,0.0,-1.0,[]
200.0,cluster_123292026_3663224279_3663224280_3663662945_#1more_0_D2.1,0,0.0,-1.0,[]
200.0,cluster_123292029_3663224277_3663224278_5344542569_#1more_0_D0.0,1,100.0,-1.0,['veh53']
200.0,cluster_123292029_3663224277_3663224278_5344542569_#1more_0_D0.1,0,0.0,-1.0,[]
200.0,cluster_123292029_3663224277_3663224278_5344542569_#1more_0_D0.2,0,0.0,-1.0,[]
200.0,cluster_123292029_3663224277_3663224278_5344542569_#1more_0_D1.0,0,0.0,-1.0,[]
200.0,cluster_123292029_3663224277_3663224278_5344542569_#1more_0_D1.1,1,0.0,-1.0,['bus10']
200.0,cluster_123292029_3663224277_3663224278_5344542569_#1more_0_D2.0,0,0.0,-1.0,[]
200.0,cluster_123292029_3663224277_3663224278_5344542569_#1more_0_D2.1,0,0.0,-1.0,[]
200.0,cluster_123292029_3663224277_3663224278_5344542569_#1more_0_D2.2,0,0.0,-1.0,[]
200.0,cluster_123292029_3663224277_3663224278_5344542569_#1more_0_D3.0,0,0.0,-1.0,[]
200.0,cluster_123292029_3663224277_3663224278_5344542569_#1more_0_D3.1,0,0.0,-1.0,[]
200.0,cluster_123292031_3663224275_3663224276_3663662936_#1more_0_D0.0,0,0.0,-1.0,[]
200.0,cluster_123292031_3663224275_3663224276_3663662936_#1more_0_D0.1,0,0.0,-1.0,[]
200.0,cluster_123292031_3663224275_3663224276_3663662936_#1more_0_D1.0,1,0.0,-1.0,['veh78']
200.0,cluster_123292031_3663224275_3663224276_3663662936_#1more_0_D2.0,0,0.0,-1.0,[]
200.0,cluster_123292031_3663224275_3663224276_3663662936_#1more_0_D2.1,0,0.0,-1.0,[]
200.0,cluster_123308403_3663827018_3663827019_3664674393_#1more_0_D0.0,0,0.0,-1.0,[]
200.0,cluster_123308403_3663827018_3663827019_3664674393_#1more_0_D0.1,0,0.0,-1.0,[]
200.0,cluster_123308403_3663827018_3663827019_3664674393_#1more_0_D1.0,0,0.0,-1.0,[]
200.0,cluster_123308403_3663827018_3663827019_3664674393_#1more_0_D1.1,0,0.0,-1.0,[]
200.0,cluster_123308403_3663827018_3663827019_3664674393_#1more_0_D1.2,0,0.0,-1.0,[]
200.0,cluster_123308403_3663827018_3663827019_3664674393_#1more_0_D1.3,0,0.0,-1.0,[]
200.0,cluster_123308403_3663827018_3663827019_3664674393_#1more_0_D2.0,0,0.0,-1.0,[]
200.0,cluster_123308403_3663827018_3663827019_3664674393_#1more_0_D2.1,0,0.0,-1.0,[]
200.0,cluster_123308403_3663827018_3663827019_3664674393_#1more_0_D2.2,0,0.0,-1.0,[]
200.0,cluster_3664723686_3698084157_3698084158_3698084159_#1more_0_D0.0,0,0.0,-1.0,[]
200.0,cluster_3664723686_3698084157_3698084158_3698084159_#1more_0_D0.1,0,0.0,-1.0,[]
200.0,cluster_3664723686_3698084157_3698084158_3698084159_#1more_0_D0.2,0,0.0,-1.0,[]
200.0,cluster_3664723686_3698084157_3698084158_3698084159_#1more_0_D1.0,0,0.0,-1.0,[]
200.0,cluster_3664723686_3698084157_3698084158_3698084159_#1more_0_D1.1,0,0.0,-1.0,[]
200.0,cluster_3664723686_3698084157_3698084158_3698084159_#1more_0_D1.2,0,0.0,-1.0,[]
200.0,joinedS_3663662947_3663662948_3698084160_3698084161_#1more_0_D0.0,0,0.0,-1.0,[]
200.0,joinedS_3663662947_3663662948_3698084160_3698084161_#1more_0_D0.1,0,0.0,-1.0,[]
200.0,joinedS_3663662947_3663662948_3698084160_3698084161_#1more_0_D0.2,0,0.0,-1.0,[]
200.0,joinedS_3663662947_3663662948_3698084160_3698084161_#1more_0_D0.3,0,0.0,-1.0,[]
200.0,joinedS_3663662947_3663662948_3698084160_3698084161_#1more_0_D1.0,0,0.0,-1.0,[]
200.0,joinedS_3663662947_3663662948_3698084160_3698084161_#1more_0_D1.1,0,0.0,-1.0,[]
200.0,joinedS_3663662947_3663662948_3698084160_3698084161_#1more_0_D1.2,0,0.0,-1.0,[]
200.0,joinedS_3663662947_3663662948_3698084160_3698084161_#1more_0_D1.3,0,0.0,-1.0,[]
200.0,joinedS_3663662947_3663662948_3698084160_3698084161_#1more_0_D2.0,0,0.0,-1.0,[]
200.0,joinedS_3663662947_3663662948_3698084160_3698084161_#1more_0_D2.1,0,0.0,-1.0,[]
200.0,joinedS_3663662947_3663662948_3698084160_3698084161_#1more_0_D2.2,0,0.0,-1.0,[]
200.0,joinedS_3663662947_3663662948_3698084160_3698084161_#1more_0_D2.3,1,100.0,-1.0,['veh112']
200.0,joinedS_3663662947_3663662948_3698084160_3698084161_#1more_0_D3.0,1,100.0,-1.0,['veh115']
200.0,joinedS_3663662947_3663662948_3698084160_3698084161_#1more_0_D3.1,0,0.0,-1.0,[]
200.0,joinedS_3663662947_3663662948_3698084160_3698084161_#1more_0_D3.2,1,100.0,-1.0,['veh121']
200.0,joinedS_3663662947_3663662948_3698084160_3698084161_#1more_0_D3.3,0,0.0,-1.0,[]
200.0,joinedS_3663662947_3663662948_3698084160_3698084161_#1more_0_D3.4,0,0.0,-1.0,[]
205.0,cluster_122855839_3663662942_3663662943_3663662944_#1more_0_D0.0,1,100.0,-1.0,['bus11']
205.0,cluster_122855839_3663662942_3663662943_3663662944_#1more_0_D0.1,0,0.0,-1.0,[]
205.0,cluster_122855839_3663662942_3663662943_3663662944_#1more_0_D0.2,0,0.0,-1.0,[]
205.0,cluster_122855839_3663662942_3663662943_3663662944_#1more_0_D0.3,0,0.0,-1.0,[]
205.0,cluster_122855839_3663662942_3663662943_3663662944_#1more_0_D0.4,0,0.0,-1.0,[]
205.0,cluster_122855839_3663662942_3663662943_3663662944_#1more_0_D1.0,0,0.0,-1.0,[]
205.0,cluster_122855839_3663662942_3663662943_3663662944_#1more_0_D1.1,1,36.56342201480811,13.674868829222303,['veh62']
205.0,cluster_122855839_3663662942_3663662943_3663662944_#1more_0_D1.2,0,0.0,-1.0,[]
205.0,cluster_122855839_3663662942_3663662943_3663662944_#1more_0_D2.0,1,100.0,-1.0,['bus3']
205.0,cluster_122855839_3663662942_3663662943_3663662944_#1more_0_D2.1,0,0.0,-1.0,[]
205.0,cluster_123241924_382443557_5344542568_5546892974_#3more_0_D0.0,1,37.97932388255276,13.165057954854586,['veh44']
205.0,cluster_123241924_382443557_5344542568_5546892974_#3more_0_D0.1,0,0.0,-1.0,[]
205.0,cluster_123241924_382443557_5344542568_5546892974_#3more_0_D0.2,0,0.0,-1.0,[]
205.0,cluster_123241924_382443557_5344542568_5546892974_#3more_0_D0.3,1,100.0,-1.0,['bus1']
205.0,cluster_123241924_382443557_5344542568_5546892974_#3more_0_D0.4,0,0.0,-1.0,[]
205.0,cluster_123241924_382443557_5344542568_5546892974_#3more_0_D1.0,0,0.0,-1.0,[]
205.0,cluster_123241924_382443557_5344542568_5546892974_#3more_0_D2.0,0,0.0,-1.0,[]
205.0,cluster_123241924_382443557_5344542568_5546892974_#3more_0_D2.1,0,0.0,-1.0,[]
205.0,cluster_123241924_382443557_5344542568_5546892974_#3more_0_D2.2,1,100.0,-1.0,['bus12']
205.0,cluster_123241924_382443557_5344542568_5546892974_#3more_0_D2.3,0,0.0,-1.0,[]
205.0,cluster_123241924_382443557_5344542568_5546892974_#3more_0_D2.4,0,0.0,-1.0,[]
205.0,cluster_123241924_382443557_5344542568_5546892974_#3more_0_D2.5,0,0.0,-1.0,[]
205.0,cluster_123241924_382443557_5344542568_5546892974_#3more_0_D3.0,0,0.0,-1.0,[]
205.0,cluster_123241924_382443557_5344542568_5546892974_#3more_0_D3.1,0,0.0,-1.0,[]
205.0,cluster_123241924_382443557_5344542568_5546892974_#3more_0_D3.2,0,0.0,-1.0,[]
205.0,cluster_123241924_382443557_5344542568_5546892974_#3more_0_D3.3,0,0.0,-1.0,[]
205.0,cluster_123241924_382443557_5344542568_5546892974_#3more_0_D3.4,0,0.0,-1.0,[]
205.0,cluster_123281084_3663662939_3664674395_3664674397_#1more_0_D0.0,0,0.0,-1.0,[]
205.0,cluster_123281084_3663662939_3664674395_3664674397_#1more_0_D0.1,0,0.0,-1.0,[]
205.0,cluster_123281084_3663662939_3664674395_3664674397_#1more_0_D0.2,0,0.0,-1.0,[]
205.0,cluster_123281084_3663662939_3664674395_3664674397_#1more_0_D0.3,0,0.0,-1.0,[]
205.0,cluster_123281084_3663662939_3664674395_3664674397_#1more_0_D0.4,0,0.0,-1.0,[]
205.0,cluster_123281084_3663662939_3664674395_3664674397_#1more_0_D1.0,0,0.0,-1.0,[]
205.0,cluster_123281084_3663662939_3664674395_3664674397_#1more_0_D1.1,0,0.0,-1.0,[]
205.0,cluster_123281084_3663662939_3664674395_3664674397_#1more_0_D2.0,0,0.0,-1.0,[]
205.0,cluster_123281084_3663662939_3664674395_3664674397_#1more_0_D2.1,0,0.0,-1.0,[]
205.0,cluster_123281085_12840608127_12840608130_12840608135_#1more_0_D0.0,0,0.0,-1.0,[]
205.0,cluster_123281085_12840608127_12840608130_12840608135_#1more_0_D1.0,0,0.0,-1.0,[]
205.0,cluster_123292026_3663224279_3663224280_3663662945_#1more_0_D0.0,0,0.0,-1.0,[]
205.0,cluster_123292026_3663224279_3663224280_3663662945_#1more_0_D0.1,0,0.0,-1.0,[]
205.0,cluster_123292026_3663224279_3663224280_3663662945_#1more_0_D1.0,0,0.0,-1.0,[]
205.0,cluster_123292026_3663224279_3663224280_3663662945_#1more_0_D1.1,0,0.0,-1.0,[]
205.0,cluster_123292026_3663224279_3663224280_3663662945_#1more_0_D1.2,0,0.0,-1.0,[]
205.0,cluster_123292026_3663224279_3663224280_3663662945_#1more_0_D1.3,0,0.0,-1.0,[]
205.0,cluster_123292026_3663224279_3663224280_3663662945_#1more_0_D2.0,0,0.0,-1.0,[]
205.0,cluster_123292026_3663224279_3663224280_3663662945_#1more_0_D2.1,0,0.0,-1.0,[]
205.0,cluster_123292029_3663224277_3663224278_5344542569_#1more_0_D0.0,1,100.0,-1.0,['veh53']
205.0,cluster_123292029_3663224277_3663224278_5344542569_#1more_0_D0.1,1,40.48694759060254,12.349659081635865,['veh72']
205.0,cluster_123292029_3663224277_3663224278_5344542569_#1more_0_D0.2,0,0.0,-1.0,[]
205.0,cluster_123292029_3663224277_3663224278_5344542569_#1more_0_D1.0,0,0.0,-1.0,[]
205.0,cluster_123292029_3663224277_3663224278_5344542569_#1more_0_D1.1,0,0.0,-1.0,[]
205.0,cluster_123292029_3663224277_3663224278_5344542569_#1more_0_D2.0,0,0.0,-1.0,[]
205.0,cluster_123292029_3663224277_3663224278_5344542569_#1more_0_D2.1,0,0.0,-1.0,[]
205.0,cluster_123292029_3663224277_3663224278_5344542569_#1more_0_D2.2,0,0.0,-1.0,[]
205.0,cluster_123292029_3663224277_3663224278_5344542569_#1more_0_D3.0,0,0.0,-1.0,[]
205.0,cluster_123292029_3663224277_3663224278_5344542569_#1more_0_D3.1,0,0.0,-1.0,[]
205.0,cluster_123292031_3663224275_3663224276_3663662936_#1more_0_D0.0,0,0.0,-1.0,[]
205.0,cluster_123292031_3663224275_3663224276_3663662936_#1more_0_D0.1,0,0.0,-1.0,[]
205.0,cluster_123292031_3663224275_3663224276_3663662936_#1more_0_D1.0,1,47.130079868796315,10.608935978719567,['veh89']
205.0,cluster_123292031_3663224275_3663224276_3663662936_#1more_0_D2.0,0,0.0,-1.0,[]
205.0,cluster_123292031_3663224275_3663224276_3663662936_#1more_0_D2.1,0,0.0,-1.0,[]
205.0,cluster_123308403_3663827018_3663827019_3664674393_#1more_0_D0.0,0,0.0,-1.0,[]
205.0,cluster_123308403_3663827018_3663827019_3664674393_#1more_0_D0.1,0,0.0,-1.0,[]
205.0,cluster_123308403_3663827018_3663827019_3664674393_#1more_0_D1.0,0,0.0,-1.0,[]
205.0,cluster_123308403_3663827018_3663827019_3664674393_#1more_0_D1.1,0,0.0,-1.0,[]
205.0,cluster_123308403_3663827018_3663827019_3664674393_#1more_0_D1.2,1,82.07198998702836,2.0256453140871598,['veh126']
205.0,cluster_123308403_3663827018_3663827019_3664674393_#1more_0_D1.3,0,0.0,-1.0,[]
205.0,cluster_123308403_3663827018_3663827019_3664674393_#1more_0_D2.0,0,0.0,-1.0,[]
205.0,cluster_123308403_3663827018_3663827019_3664674393_#1more_0_D2.1,0,0.0,-1.0,[]
205.0,cluster_123308403_3663827018_3663827019_3664674393_#1more_0_D2.2,0,0.0,-1.0,[]
205.0,cluster_3664723686_3698084157_3698084158_3698084159_#1more_0_D0.0,0,0.0,-1.0,[]
205.0,cluster_3664723686_3698084157_3698084158_3698084159_#1more_0_D0.1,0,0.0,-1.0,[]
205.0,cluster_3664723686_3698084157_3698084158_3698084159_#1more_0_D0.2,0,0.0,-1.0,[]
205.0,cluster_3664723686_3698084157_3698084158_3698084159_#1more_0_D1.0,0,0.0,-1.0,[]
205.0,cluster_3664723686_3698084157_3698084158_3698084159_#1more_0_D1.1,0,0.0,-1.0,[]
205.0,cluster_3664723686_3698084157_3698084158_3698084159_#1more_0_D1.2,0,0.0,-1.0,[]
205.0,joinedS_3663662947_3663662948_3698084160_3698084161_#1more_0_D0.0,0,0.0,-1.0,[]
205.0,joinedS_3663662947_3663662948_3698084160_3698084161_#1more_0_D0.1,0,0.0,-1.0,[]
205.0,joinedS_3663662947_3663662948_3698084160_3698084161_#1more_0_D0.2,0,0.0,-1.0,[]
205.0,joinedS_3663662947_3663662948_3698084160_3698084161_#1more_0_D0.3,0,0.0,-1.0,[]
205.0,joinedS_3663662947_3663662948_3698084160_3698084161_#1more_0_D1.0,0,0.0,-1.0,[]
205.0,joinedS_3663662947_3663662948_3698084160_3698084161_#1more_0_D1.1,0,0.0,-1.0,[]
205.0,joinedS_3663662947_3663662948_3698084160_3698084161_#1more_0_D1.2,0,0.0,-1.0,[]
205.0,joinedS_3663662947_3663662948_3698084160_3698084161_#1more_0_D1.3,0,0.0,-1.0,[]
205.0,joinedS_3663662947_3663662948_3698084160_3698084161_#1more_0_D2.0,0,0.0,-1.0,[]
205.0,joinedS_3663662947_3663662948_3698084160_3698084161_#1more_0_D2.1,0,0.0,-1.0,[]
205.0,joinedS_3663662947_3663662948_3698084160_3698084161_#1more_0_D2.2,0,0.0,-1.0,[]
205.0,joinedS_3663662947_3663662948_3698084160_3698084161_#1more_0_D2.3,1,100.0,-1.0,['veh112']
205.0,joinedS_3663662947_3663662948_3698084160_3698084161_#1more_0_D3.0,1,100.0,-1.0,['veh115']
205.0,joinedS_3663662947_3663662948_3698084160_3698084161_#1more_0_D3.1,1,100.0,-1.0,['veh121']
205.0,joinedS_3663662947_3663662948_3698084160_3698084161_#1more_0_D3.2,0,0.0,-1.0,[]
205.0,joinedS_3663662947_3663662948_3698084160_3698084161_#1more_0_D3.3,0,0.0,-1.0,[]
205.0,joinedS_3663662947_3663662948_3698084160_3698084161_#1more_0_D3.4,0,0.0,-1.0,[]
210.0,cluster_122855839_3663662942_3663662943_3663662944_#1more_0_D0.0,1,100.0,-1.0,['bus11']
210.0,cluster_122855839_3663662942_3663662943_3663662944_#1more_0_D0.1,0,0.0,-1.0,[]
210.0,cluster_122855839_3663662942_3663662943_3663662944_#1more_0_D0.2,0,0.0,-1.0,[]
210.0,cluster_122855839_3663662942_3663662943_3663662944_#1more_0_D0.3,0,0.0,-1.0,[]
210.0,cluster_122855839_3663662942_3663662943_3663662944_#1more_0_D0.4,0,0.0,-1.0,[]
210.0,cluster_122855839_3663662942_3663662943_3663662944_#1more_0_D1.0,0,0.0,-1.0,[]
210.0,cluster_122855839_3663662942_3663662943_3663662944_#1more_0_D1.1,0,0.0,-1.0,[]
210.0,cluster_122855839_3663662942_3663662943_3663662944_#1more_0_D1.2,0,0.0,-1.0,[]
210.0,cluster_122855839_3663662942_3663662943_3663662944_#1more_0_D2.0,1,100.0,-1.0,['bus3']
210.0,cluster_122855839_3663662942_3663662943_3663662944_#1more_0_D2.1,0,0.0,-1.0,[]
210.0,cluster_123241924_382443557_5344542568_5546892974_#3more_0_D0.0,1,0.0,-1.0,['veh30']
210.0,cluster_123241924_382443557_5344542568_5546892974_#3more_0_D0.1,0,0.0,-1.0,[]
210.0,cluster_123241924_382443557_5344542568_5546892974_#3more_0_D0.2,0,0.0,-1.0,[]
210.0,cluster_123241924_382443557_5344542568_5546892974_#3more_0_D0.3,1,100.0,-1.0,['bus1']
210.0,cluster_123241924_382443557_5344542568_5546892974_#3more_0_D0.4,0,0.0,-1.0,[]
210.0,cluster_123241924_382443557_5344542568_5546892974_#3more_0_D1.0,0,0.0,-1.0,[]
210.0,cluster_123241924_382443557_5344542568_5546892974_#3more_0_D2.0,0,0.0,-1.0,[]
210.0,cluster_123241924_382443557_5344542568_5546892974_#3more_0_D2.1,0,0.0,-1.0,[]
210.0,cluster_123241924_382443557_5344542568_5546892974_#3more_0_D2.2,1,100.0,-1.0,['bus12']
210.0,cluster_123241924_382443557_5344542568_5546892974_#3more_0_D2.3,0,0.0,-1.0,[]
210.0,cluster_123241924_382443557_5344542568_5546892974_#3more_0_D2.4,0,0.0,-1.0,[]
210.0,cluster_123241924_382443557_5344542568_5546892974_#3more_0_D2.5,0,0.0,-1.0,[]
210.0,cluster_123241924_382443557_5344542568_5546892974_#3more_0_D3.0,0,0.0,-1.0,[]
210.0,cluster_123241924_382443557_5344542568_5546892974_#3more_0_D3.1,0,0.0,-1.0,[]
210.0,cluster_123241924_382443557_5344542568_5546892974_#3more_0_D3.2,0,0.0,-1.0,[]
210.0,cluster_123241924_382443557_5344542568_5546892974_#3more_0_D3.3,0,0.0,-1.0,[]
210.0,cluster_123241924_382443557_5344542568_5546892974_#3more_0_D3.4,0,0.0,-1.0,[]
210.0,cluster_123281084_3663662939_3664674395_3664674397_#1more_0_D0.0,0,0.0,-1.0,[]
210.0,cluster_123281084_3663662939_3664674395_3664674397_#1more_0_D0.1,0,0.0,-1.0,[]
210.0,cluster_123281084_3663662939_3664674395_3664674397_#1more_0_D0.2,0,0.0,-1.0,[]
210.0,cluster_123281084_3663662939_3664674395_3664674397_#1more_0_D0.3,0,0.0,-1.0,[]
210.0,cluster_123281084_3663662939_3664674395_3664674397_#1more_0_D0.4,0,0.0,-1.0,[]
210.0,cluster_123281084_3663662939_3664674395_3664674397_#1more_0_D1.0,0,0.0,-1.0,[]
210.0,cluster_123281084_3663662939_3664674395_3664674397_#1more_0_D1.1,1,50.47477333370409,14.066432657477703,['truck6']
210.0,cluster_123281084_3663662939_3664674395_3664674397_#1more_0_D2.0,0,0.0,-1.0,[]
210.0,cluster_123281084_3663662939_3664674395_3664674397_#1more_0_D2.1,1,38.619392048073564,9.371874096169144,['veh90']
210.0,cluster_123281085_12840608127_12840608130_12840608135_#1more_0_D0.0,0,0.0,-1.0,[]
210.0,cluster_123281085_12840608127_12840608130_12840608135_#1more_0_D1.0,0,0.0,-1.0,[]
210.0,cluster_123292026_3663224279_3663224280_3663662945_#1more_0_D0.0,0,0.0,-1.0,[]
210.0,cluster_123292026_3663224279_3663224280_3663662945_#1more_0_D0.1,0,0.0,-1.0,[]
210.0,cluster_123292026_3663224279_3663224280_3663662945_#1more_0_D1.0,0,0.0,-1.0,[]
210.0,cluster_123292026_3663224279_3663224280_3663662945_#1more_0_D1.1,0,0.0,-1.0,[]
210.0,cluster_123292026_3663224279_3663224280_3663662945_#1more_0_D1.2,0,0.0,-1.0,[]
210.0,cluster_123292026_3663224279_3663224280_3663662945_#1more_0_D1.3,0,0.0,-1.0,[]
210.0,cluster_123292026_3663224279_3663224280_3663662945_#1more_0_D2.0,0,0.0,-1.0,[]
210.0,cluster_123292026_3663224279_3663224280_3663662945_#1more_0_D2.1,0,0.0,-1.0,[]
210.0,cluster_123292029_3663224277_3663224278_5344542569_#1more_0_D0.0,1,100.0,-1.0,['veh53']
210.0,cluster_123292029_3663224277_3663224278_5344542569_#1more_0_D0.1,0,0.0,-1.0,[]
210.0,cluster_123292029_3663224277_3663224278_5344542569_#1more_0_D0.2,0,0.0,-1.0,[]
210.0,cluster_123292029_3663224277_3663224278_5344542569_#1more_0_D1.0,0,0.0,-1.0,[]
210.0,cluster_123292029_3663224277_3663224278_5344542569_#1more_0_D1.1,0,0.0,-1.0,[]
210.0,cluster_123292029_3663224277_3663224278_5344542569_#1more_0_D2.0,0,0.0,-1.0,[]
210.0,cluster_123292029_3663224277_3663224278_5344542569_#1more_0_D2.1,0,0.0,-1.0,[]
210.0,cluster_123292029_3663224277_3663224278_5344542569_#1more_0_D2.2,0,0.0,-1.0,[]
210.0,cluster_123292029_3663224277_3663224278_5344542569_#1more_0_D3.0,0,0.0,-1.0,[]
210.0,cluster_123292029_3663224277_3663224278_5344542569_#1more_0_D3.1,0,0.0,-1.0,[]
210.0,cluster_123292031_3663224275_3663224276_3663662936_#1more_0_D0.0,0,0.0,-1.0,[]
210.0,cluster_123292031_3663224275_3663224276_3663662936_#1more_0_D0.1,0,0.0,-1.0,[]
210.0,cluster_123292031_3663224275_3663224276_3663662936_#1more_0_D1.0,0,0.0,-1.0,[]
210.0,cluster_123292031_3663224275_3663224276_3663662936_#1more_0_D2.0,0,0.0,-1.0,[]
210.0,cluster_123292031_3663224275_3663224276_3663662936_#1more_0_D2.1,0,0.0,-1.0,[]
210.0,cluster_123308403_3663827018_3663827019_3664674393_#1more_0_D0.0,0,0.0,-1.0,[]
210.0,cluster_123308403_3663827018_3663827019_3664674393_#1more_0_D0.1,0,0.0,-1.0,[]
210.0,cluster_123308403_3663827018_3663827019_3664674393_#1more_0_D1.0,0,0.0,-1.0,[]
210.0,cluster_123308403_3663827018_3663827019_3664674393_#1more_0_D1.1,0,0.0,-1.0,[]
210.0,cluster_123308403_3663827018_3663827019_3664674393_#1more_0_D1.2,0,0.0,-1.0,[]
210.0,cluster_123308403_3663827018_3663827019_3664674393_#1more_0_D1.3,0,0.0,-1.0,[]
210.0,cluster_123308403_3663827018_3663827019_3664674393_#1more_0_D2.0,0,0.0,-1.0,[]
210.0,cluster_123308403_3663827018_3663827019_3664674393_#1more_0_D2.1,0,0.0,-1.0,[]
210.0,cluster_123308403_3663827018_3663827019_3664674393_#1more_0_D2.2,0,0.0,-1.0,[]
210.0,cluster_3664723686_3698084157_3698084158_3698084159_#1more_0_D0.0,0,0.0,-1.0,[]
210.0,cluster_3664723686_3698084157_3698084158_3698084159_#1more_0_D0.1,0,0.0,-1.0,[]
210.0,cluster_3664723686_3698084157_3698084158_3698084159_#1more_0_D0.2,0,0.0,-1.0,[]
210.0,cluster_3664723686_3698084157_3698084158_3698084159_#1more_0_D1.0,0,0.0,-1.0,[]
210.0,cluster_3664723686_3698084157_3698084158_3698084159_#1more_0_D1.1,0,0.0,-1.0,[]
210.0,cluster_3664723686_3698084157_3698084158_3698084159_#1more_0_D1.2,0,0.0,-1.0,[]
210.0,joinedS_3663662947_3663662948_3698084160_3698084161_#1more_0_D0.0,0,0.0,-1.0,[]
210.0,joinedS_3663662947_3663662948_3698084160_3698084161_#1more_0_D0.1,0,0.0,-1.0,[]
210.0,joinedS_3663662947_3663662948_3698084160_3698084161_#1more_0_D0.2,0,0.0,-1.0,[]
210.0,joinedS_3663662947_3663662948_3698084160_3698084161_#1more_0_D0.3,0,0.0,-1.0,[]
210.0,joinedS_3663662947_3663662948_3698084160_3698084161_#1more_0_D1.0,0,0.0,-1.0,[]
210.0,joinedS_3663662947_3663662948_3698084160_3698084161_#1more_0_D1.1,0,0.0,-1.0,[]
210.0,joinedS_3663662947_3663662948_3698084160_3698084161_#1more_0_D1.2,0,0.0,-1.0,[]
210.0,joinedS_3663662947_3663662948_3698084160_3698084161_#1more_0_D1.3,0,0.0,-1.0,[]
210.0,joinedS_3663662947_3663662948_3698084160_3698084161_#1more_0_D2.0,0,0.0,-1.0,[]
210.0,joinedS_3663662947_3663662948_3698084160_3698084161_#1more_0_D2.1,0,0.0,-1.0,[]
210.0,joinedS_3663662947_3663662948_3698084160_3698084161_#1more_0_D2.2,0,0.0,-1.0,[]
210.0,joinedS_3663662947_3663662948_3698084160_3698084161_#1more_0_D2.3,1,100.0,-1.0,['veh112']
210.0,joinedS_3663662947_3663662948_3698084160_3698084161_#1more_0_D3.0,0,0.0,-1.0,[]
210.0,joinedS_3663662947_3663662948_3698084160_3698084161_#1more_0_D3.1,0,0.0,-1.0,[]
210.0,joinedS_3663662947_3663662948_3698084160_3698084161_#1more_0_D3.2,0,0.0,-1.0,[]
210.0,joinedS_3663662947_3663662948_3698084160_3698084161_#1more_0_D3.3,0,0.0,-1.0,[]
210.0,joinedS_3663662947_3663662948_3698084160_3698084161_#1more_0_D3.4,0,0.0,-1.0,[]
215.0,cluster_122855839_3663662942_3663662943_3663662944_#1more_0_D0.0,1,100.0,-1.0,['bus11']
215.0,cluster_122855839_3663662942_3663662943_3663662944_#1more_0_D0.1,0,0.0,-1.0,[]
215.0,cluster_122855839_3663662942_3663662943_3663662944_#1more_0_D0.2,0,0.0,-1.0,[]
215.0,cluster_122855839_3663662942_3663662943_3663662944_#1more_0_D0.3,0,0.0,-1.0,[]
215.0,cluster_122855839_3663662942_3663662943_3663662944_#1more_0_D0.4,0,0.0,-1.0,[]
215.0,cluster_122855839_3663662942_3663662943_3663662944_#1more_0_D1.0,0,0.0,-1.0,[]
215.0,cluster_122855839_3663662942_3663662943_3663662944_#1more_0_D1.1,0,0.0,-1.0,[]
215.0,cluster_122855839_3663662942_3663662943_3663662944_#1more_0_D1.2,0,0.0,-1.0,[]
215.0,cluster_122855839_3663662942_3663662943_3663662944_#1more_0_D2.0,1,100.0,-1.0,['bus3']
215.0,cluster_122855839_3663662942_3663662943_3663662944_#1more_0_D2.1,0,0.0,-1.0,[]
215.0,cluster_123241924_382443557_5344542568_5546892974_#3more_0_D0.0,1,52.07783356999869,9.60101382343299,['veh62']
215.0,cluster_123241924_382443557_5344542568_5546892974_#3more_0_D0.1,0,0.0,-1.0,[]
215.0,cluster_123241924_382443557_5344542568_5546892974_#3more_0_D0.2,0,0.0,-1.0,[]
215.0,cluster_123241924_382443557_5344542568_5546892974_#3more_0_D0.3,1,100.0,-1.0,['bus1']
215.0,cluster_123241924_382443557_5344542568_5546892974_#3more_0_D0.4,0,0.0,-1.0,[]
215.0,cluster_123241924_382443557_5344542568_5546892974_#3more_0_D1.0,0,0.0,-1.0,[]
215.0,cluster_123241924_382443557_5344542568_5546892974_#3more_0_D2.0,0,0.0,-1.0,[]
215.0,cluster_123241924_382443557_5344542568_5546892974_#3more_0_D2.1,0,0.0,-1.0,[]
215.0,cluster_123241924_382443557_5344542568_5546892974_#3more_0_D2.2,1,100.0,-1.0,['bus12']
215.0,cluster_123241924_382443557_5344542568_5546892974_#3more_0_D2.3,0,0.0,-1.0,[]
215.0,cluster_123241924_382443557_5344542568_5546892974_#3more_0_D2.4,0,0.0,-1.0,[]
215.0,cluster_123241924_382443557_5344542568_5546892974_#3more_0_D2.5,0,0.0,-1.0,[]
215.0,cluster_123241924_382443557_5344542568_5546892974_#3more_0_D3.0,0,0.0,-1.0,[]
215.0,cluster_123241924_382443557_5344542568_5546892974_#3more_0_D3.1,0,0.0,-1.0,[]
215.0,cluster_123241924_382443557_5344542568_5546892974_#3more_0_D3.2,0,0.0,-1.0,[]
215.0,cluster_123241924_382443557_5344542568_5546892974_#3more_0_D3.3,0,0.0,-1.0,[]
215.0,cluster_123241924_382443557_5344542568_5546892974_#3more_0_D3.4,0,0.0,-1.0,[]
215.0,cluster_123281084_3663662939_3664674395_3664674397_#1more_0_D0.0,0,0.0,-1.0,[]
215.0,cluster_123281084_3663662939_3664674395_3664674397_#1more_0_D0.1,0,0.0,-1.0,[]
215.0,cluster_123281084_3663662939_3664674395_3664674397_#1more_0_D0.2,0,0.0,-1.0,[]
215.0,cluster_123281084_3663662939_3664674395_3664674397_#1more_0_D0.3,0,0.0,-1.0,[]
215.0,cluster_123281084_3663662939_3664674395_3664674397_#1more_0_D0.4,0,0.0,-1.0,[]
215.0,cluster_123281084_3663662939_3664674395_3664674397_#1more_0_D1.0,0,0.0,-1.0,[]
215.0,cluster_123281084_3663662939_3664674395_3664674397_#1more_0_D1.1,0,0.0,-1.0,[]
215.0,cluster_123281084_3663662939_3664674395_3664674397_#1more_0_D2.0,0,0.0,-1.0,[]
215.0,cluster_123281084_3663662939_3664674395_3664674397_#1more_0_D2.1,0,0.0,-1.0,[]
215.0,cluster_123281085_12840608127_12840608130_12840608135_#1more_0_D0.0,0,0.0,-1.0,[]
215.0,cluster_123281085_12840608127_12840608130_12840608135_#1more_0_D1.0,0,0.0,-1.0,[]
215.0,cluster_123292026_3663224279_3663224280_3663662945_#1more_0_D0.0,0,0.0,-1.0,[]
215.0,cluster_123292026_3663224279_3663224280_3663662945_#1more_0_D0.1,0,0.0,-1.0,[]
215.0,cluster_123292026_3663224279_3663224280_3663662945_#1more_0_D1.0,0,0.0,-1.0,[]
215.0,cluster_123292026_3663224279_3663224280_3663662945_#1more_0_D1.1,0,0.0,-1.0,[]
215.0,cluster_123292026_3663224279_3663224280_3663662945_#1more_0_D1.2,0,0.0,-1.0,[]
215.0,cluster_123292026_3663224279_3663224280_3663662945_#1more_0_D1.3,0,0.0,-1.0,[]
215.0,cluster_123292026_3663224279_3663224280_3663662945_#1more_0_D2.0,0,0.0,-1.0,[]
215.0,cluster_123292026_3663224279_3663224280_3663662945_#1more_0_D2.1,0,0.0,-1.0,[]
215.0,cluster_123292029_3663224277_3663224278_5344542569_#1more_0_D0.0,1,100.0,-1.0,['veh53']
215.0,cluster_123292029_3663224277_3663224278_5344542569_#1more_0_D0.1,0,0.0,-1.0,[]
215.0,cluster_123292029_3663224277_3663224278_5344542569_#1more_0_D0.2,0,0.0,-1.0,[]
215.0,cluster_123292029_3663224277_3663224278_5344542569_#1more_0_D1.0,0,0.0,-1.0,[]
215.0,cluster_123292029_3663224277_3663224278_5344542569_#1more_0_D1.1,0,0.0,-1.0,[]
215.0,cluster_123292029_3663224277_3663224278_5344542569_#1more_0_D2.0,0,0.0,-1.0,[]
215.0,cluster_123292029_3663224277_3663224278_5344542569_#1more_0_D2.1,0,0.0,-1.0,[]
215.0,cluster_123292029_3663224277_3663224278_5344542569_#1more_0_D2.2,0,0.0,-1.0,[]
215.0,cluster_123292029_3663224277_3663224278_5344542569_#1more_0_D3.0,0,0.0,-1.0,[]
215.0,cluster_123292029_3663224277_3663224278_5344542569_#1more_0_D3.1,0,0.0,-1.0,[]
215.0,cluster_123292031_3663224275_3663224276_3663662936_#1more_0_D0.0,0,0.0,-1.0,[]
215.0,cluster_123292031_3663224275_3663224276_3663662936_#1more_0_D0.1,0,0.0,-1.0,[]
215.0,cluster_123292031_3663224275_3663224276_3663662936_#1more_0_D1.0,1,37.00639906262495,13.511176787394612,['veh125']
215.0,cluster_123292031_3663224275_3663224276_3663662936_#1more_0_D2.0,0,0.0,-1.0,[]
215.0,cluster_123292031_3663224275_3663224276_3663662936_#1more_0_D2.1,0,0.0,-1.0,[]
215.0,cluster_123308403_3663827018_3663827019_3664674393_#1more_0_D0.0,0,0.0,-1.0,[]
215.0,cluster_123308403_3663827018_3663827019_3664674393_#1more_0_D0.1,0,0.0,-1.0,[]
215.0,cluster_123308403_3663827018_3663827019_3664674393_#1more_0_D1.0,0,0.0,-1.0,[]
215.0,cluster_123308403_3663827018_3663827019_3664674393_#1more_0_D1.1,0,0.0,-1.0,[]
215.0,cluster_123308403_3663827018_3663827019_3664674393_#1more_0_D1.2,0,0.0,-1.0,[]
215.0,cluster_123308403_3663827018_3663827019_3664674393_#1more_0_D1.3,1,85.74161342797879,2.5469774781493473,['veh132']
215.0,cluster_123308403_3663827018_3663827019_3664674393_#1more_0_D2.0,0,0.0,-1.0,[]
215.0,cluster_123308403_3663827018_3663827019_3664674393_#1more_0_D2.1,0,0.0,-1.0,[]
215.0,cluster_123308403_3663827018_3663827019_3664674393_#1more_0_D2.2,0,0.0,-1.0,[]
215.0,cluster_3664723686_3698084157_3698084158_3698084159_#1more_0_D0.0,0,0.0,-1.0,[]
215.0,cluster_3664723686_3698084157_3698084158_3698084159_#1more_0_D0.1,0,0.0,-1.0,[]
215.0,cluster_3664723686_3698084157_3698084158_3698084159_#1more_0_D0.2,0,0.0,-1.0,[]
215.0,cluster_3664723686_3698084157_3698084158_3698084159_#1more_0_D1.0,0,0.0,-1.0,[]
215.0,cluster_3664723686_3698084157_3698084158_3698084159_#1more_0_D1.1,0,0.0,-1.0,[]
215.0,cluster_3664723686_3698084157_3698084158_3698084159_#1more_0_D1.2,0,0.0,-1.0,[]
215.0,joinedS_3663662947_3663662948_3698084160_3698084161_#1more_0_D0.0,0,0.0,-1.0,[]
215.0,joinedS_3663662947_3663662948_3698084160_3698084161_#1more_0_D0.1,0,0.0,-1.0,[]
215.0,joinedS_3663662947_3663662948_3698084160_3698084161_#1more_0_D0.2,0,0.0,-1.0,[]
215.0,joinedS_3663662947_3663662948_3698084160_3698084161_#1more_0_D0.3,0,0.0,-1.0,[]
215.0,joinedS_3663662947_3663662948_3698084160_3698084161_#1more_0_D1.0,0,0.0,-1.0,[]
215.0,joinedS_3663662947_3663662948_3698084160_3698084161_#1more_0_D1.1,0,0.0,-1.0,[]
215.0,joinedS_3663662947_3663662948_3698084160_3698084161_#1more_0_D1.2,0,0.0,-1.0,[]
215.0,joinedS_3663662947_3663662948_3698084160_3698084161_#1more_0_D1.3,0,0.0,-1.0,[]
215.0,joinedS_3663662947_3663662948_3698084160_3698084161_#1more_0_D2.0,0,0.0,-1.0,[]
215.0,joinedS_3663662947_3663662948_3698084160_3698084161_#1more_0_D2.1,0,0.0,-1.0,[]
215.0,joinedS_3663662947_3663662948_3698084160_3698084161_#1more_0_D2.2,0,0.0,-1.0,[]
215.0,joinedS_3663662947_3663662948_3698084160_3698084161_#1more_0_D2.3,1,100.0,-1.0,['veh112']
215.0,joinedS_3663662947_3663662948_3698084160_3698084161_#1more_0_D3.0,0,0.0,-1.0,[]
215.0,joinedS_3663662947_3663662948_3698084160_3698084161_#1more_0_D3.1,0,0.0,-1.0,[]
215.0,joinedS_3663662947_3663662948_3698084160_3698084161_#1more_0_D3.2,0,0.0,-1.0,[]
215.0,joinedS_3663662947_3663662948_3698084160_3698084161_#1more_0_D3.3,0,0.0,-1.0,[]
215.0,joinedS_3663662947_3663662948_3698084160_3698084161_#1more_0_D3.4,0,0.0,-1.0,[]
220.0,cluster_122855839_3663662942_3663662943_3663662944_#1more_0_D0.0,1,100.0,-1.0,['bus11']
220.0,cluster_122855839_3663662942_3663662943_3663662944_#1more_0_D0.1,0,0.0,-1.0,[]
220.0,cluster_122855839_3663662942_3663662943_3663662944_#1more_0_D0.2,0,0.0,-1.0,[]
220.0,cluster_122855839_3663662942_3663662943_3663662944_#1more_0_D0.3,0,0.0,-1.0,[]
220.0,cluster_122855839_3663662942_3663662943_3663662944_#1more_0_D0.4,0,0.0,-1.0,[]
220.0,cluster_122855839_3663662942_3663662943_3663662944_#1more_0_D1.0,0,0.0,-1.0,[]
220.0,cluster_122855839_3663662942_3663662943_3663662944_#1more_0_D1.1,0,0.0,-1.0,[]
220.0,cluster_122855839_3663662942_3663662943_3663662944_#1more_0_D1.2,0,0.0,-1.0,[]
220.0,cluster_122855839_3663662942_3663662943_3663662944_#1more_0_D2.0,1,100.0,-1.0,['bus3']
220.0,cluster_122855839_3663662942_3663662943_3663662944_#1more_0_D2.1,0,0.0,-1.0,[]
220.0,cluster_123241924_382443557_5344542568_5546892974_#3more_0_D0.0,0,0.0,-1.0,[]
220.0,cluster_123241924_382443557_5344542568_5546892974_#3more_0_D0.1,0,0.0,-1.0,[]
220.0,cluster_123241924_382443557_5344542568_5546892974_#3more_0_D0.2,0,0.0,-1.0,[]
220.0,cluster_123241924_382443557_5344542568_5546892974_#3more_0_D0.3,0,0.0,-1.0,[]
220.0,cluster_123241924_382443557_5344542568_5546892974_#3more_0_D0.4,0,0.0,-1.0,[]
220.0,cluster_123241924_382443557_5344542568_5546892974_#3more_0_D1.0,0,0.0,-1.0,[]
220.0,cluster_123241924_382443557_5344542568_5546892974_#3more_0_D2.0,0,0.0,-1.0,[]
220.0,cluster_123241924_382443557_5344542568_5546892974_#3more_0_D2.1,0,0.0,-1.0,[]
220.0,cluster_123241924_382443557_5344542568_5546892974_#3more_0_D2.2,1,100.0,-1.0,['bus12']
220.0,cluster_123241924_382443557_5344542568_5546892974_#3more_0_D2.3,0,0.0,-1.0,[]
220.0,cluster_123241924_382443557_5344542568_5546892974_#3more_0_D2.4,0,0.0,-1.0,[]
220.0,cluster_123241924_382443557_5344542568_5546892974_#3more_0_D2.5,0,0.0,-1.0,[]
220.0,cluster_123241924_382443557_5344542568_5546892974_#3more_0_D3.0,0,0.0,-1.0,[]
220.0,cluster_123241924_382443557_5344542568_5546892974_#3more_0_D3.1,0,0.0,-1.0,[]
220.0,cluster_123241924_382443557_5344542568_5546892974_#3more_0_D3.2,0,0.0,-1.0,[]
220.0,cluster_123241924_382443557_5344542568_5546892974_#3more_0_D3.3,0,0.0,-1.0,[]
220.0,cluster_123241924_382443557_5344542568_5546892974_#3more_0_D3.4,0,0.0,-1.0,[]
220.0,cluster_123281084_3663662939_3664674395_3664674397_#1more_0_D0.0,0,0.0,-1.0,[]
220.0,cluster_123281084_3663662939_3664674395_3664674397_#1more_0_D0.1,0,0.0,-1.0,[]
220.0,cluster_123281084_3663662939_3664674395_3664674397_#1more_0_D0.2,0,0.0,-1.0,[]
220.0,cluster_123281084_3663662939_3664674395_3664674397_#1more_0_D0.3,0,0.0,-1.0,[]
220.0,cluster_123281084_3663662939_3664674395_3664674397_#1more_0_D0.4,0,0.0,-1.0,[]
220.0,cluster_123281084_3663662939_3664674395_3664674397_#1more_0_D1.0,1,100.0,-1.0,['veh124']
220.0,cluster_123281084_3663662939_3664674395_3664674397_#1more_0_D1.1,0,0.0,-1.0,[]
220.0,cluster_123281084_3663662939_3664674395_3664674397_#1more_0_D2.0,0,0.0,-1.0,[]
220.0,cluster_123281084_3663662939_3664674395_3664674397_#1more_0_D2.1,0,0.0,-1.0,[]
220.0,cluster_123281085_12840608127_12840608130_12840608135_#1more_0_D0.0,1,62.34649779024721,8.019696658538122,['veh107']
220.0,cluster_123281085_12840608127_12840608130_12840608135_#1more_0_D1.0,0,0.0,-1.0,[]
220.0,cluster_123292026_3663224279_3663224280_3663662945_#1more_0_D0.0,0,0.0,-1.0,[]
220.0,cluster_123292026_3663224279_3663224280_3663662945_#1more_0_D0.1,0,0.0,-1.0,[]
220.0,cluster_123292026_3663224279_3663224280_3663662945_#1more_0_D1.0,0,0.0,-1.0,[]
220.0,cluster_123292026_3663224279_3663224280_3663662945_#1more_0_D1.1,0,0.0,-1.0,[]
220.0,cluster_123292026_3663224279_3663224280_3663662945_#1more_0_D1.2,0,0.0,-1.0,[]
220.0,cluster_123292026_3663224279_3663224280_3663662945_#1more_0_D1.3,0,0.0,-1.0,[]
220.0,cluster_123292026_3663224279_3663224280_3663662945_#1more_0_D2.0,1,34.67865180551257,14.418092225849426,['veh130']
220.0,cluster_123292026_3663224279_3663224280_3663662945_#1more_0_D2.1,0,0.0,-1.0,[]
220.0,cluster_123292029_3663224277_3663224278_5344542569_#1more_0_D0.0,1,100.0,-1.0,['veh53']
220.0,cluster_123292029_3663224277_3663224278_5344542569_#1more_0_D0.1,1,100.0,-1.0,['truck6']
220.0,cluster_123292029_3663224277_3663224278_5344542569_#1more_0_D0.2,0,0.0,-1.0,[]
220.0,cluster_123292029_3663224277_3663224278_5344542569_#1more_0_D1.0,0,0.0,-1.0,[]
220.0,cluster_123292029_3663224277_3663224278_5344542569_#1more_0_D1.1,1,0.0,-1.0,['veh103']
220.0,cluster_123292029_3663224277_3663224278_5344542569_#1more_0_D2.0,0,0.0,-1.0,[]
220.0,cluster_123292029_3663224277_3663224278_5344542569_#1more_0_D2.1,0,0.0,-1.0,[]
220.0,cluster_123292029_3663224277_3663224278_5344542569_#1more_0_D2.2,0,0.0,-1.0,[]
220.0,cluster_123292029_3663224277_3663224278_5344542569_#1more_0_D3.0,0,0.0,-1.0,[]
220.0,cluster_123292029_3663224277_3663224278_5344542569_#1more_0_D3.1,0,0.0,-1.0,[]
220.0,cluster_123292031_3663224275_3663224276_3663662936_#1more_0_D0.0,1,22.145868798273227,12.241940532784717,['veh86']
220.0,cluster_123292031_3663224275_3663224276_3663662936_#1more_0_D0.1,0,0.0,-1.0,[]
220.0,cluster_123292031_3663224275_3663224276_3663662936_#1more_0_D1.0,1,18.46997367432266,12.891222180819184,['veh131']
220.0,cluster_123292031_3663224275_3663224276_3663662936_#1more_0_D2.0,0,0.0,-1.0,[]
220.0,cluster_123292031_3663224275_3663224276_3663662936_#1more_0_D2.1,0,0.0,-1.0,[]
220.0,cluster_123308403_3663827018_3663827019_3664674393_#1more_0_D0.0,0,0.0,-1.0,[]
220.0,cluster_123308403_3663827018_3663827019_3664674393_#1more_0_D0.1,0,0.0,-1.0,[]
220.0,cluster_123308403_3663827018_3663827019_3664674393_#1more_0_D1.0,0,0.0,-1.0,[]
220.0,cluster_123308403_3663827018_3663827019_3664674393_#1more_0_D1.1,0,0.0,-1.0,[]
220.0,cluster_123308403_3663827018_3663827019_3664674393_#1more_0_D1.2,0,0.0,-1.0,[]
220.0,cluster_123308403_3663827018_3663827019_3664674393_#1more_0_D1.3,0,0.0,-1.0,[]
220.0,cluster_123308403_3663827018_3663827019_3664674393_#1more_0_D2.0,0,0.0,-1.0,[]
220.0,cluster_123308403_3663827018_3663827019_3664674393_#1more_0_D2.1,0,0.0,-1.0,[]
220.0,cluster_123308403_3663827018_3663827019_3664674393_#1more_0_D2.2,0,0.0,-1.0,[]
220.0,cluster_3664723686_3698084157_3698084158_3698084159_#1more_0_D0.0,0,0.0,-1.0,[]
220.0,cluster_3664723686_3698084157_3698084158_3698084159_#1more_0_D0.1,0,0.0,-1.0,[]
220.0,cluster_3664723686_3698084157_3698084158_3698084159_#1more_0_D0.2,0,0.0,-1.0,[]
220.0,cluster_3664723686_3698084157_3698084158_3698084159_#1more_0_D1.0,0,0.0,-1.0,[]
220.0,cluster_3664723686_3698084157_3698084158_3698084159_#1more_0_D1.1,0,0.0,-1.0,[]
220.0,cluster_3664723686_3698084157_3698084158_3698084159_#1more_0_D1.2,0,0.0,-1.0,[]
220.0,joinedS_3663662947_3663662948_3698084160_3698084161_#1more_0_D0.0,0,0.0,-1.0,[]
220.0,joinedS_3663662947_3663662948_3698084160_3698084161_#1more_0_D0.1,0,0.0,-1.0,[]
220.0,joinedS_3663662947_3663662948_3698084160_3698084161_#1more_0_D0.2,0,0.0,-1.0,[]
220.0,joinedS_3663662947_3663662948_3698084160_3698084161_#1more_0_D0.3,0,0.0,-1.0,[]
220.0,joinedS_3663662947_3663662948_3698084160_3698084161_#1more_0_D1.0,0,0.0,-1.0,[]
220.0,joinedS_3663662947_3663662948_3698084160_3698084161_#1more_0_D1.1,1,100.0,-1.0,['veh135']
220.0,joinedS_3663662947_3663662948_3698084160_3698084161_#1more_0_D1.2,0,0.0,-1.0,[]
220.0,joinedS_3663662947_3663662948_3698084160_3698084161_#1more_0_D1.3,1,51.71060167177757,9.669197105337265,['veh112']
220.0,joinedS_3663662947_3663662948_3698084160_3698084161_#1more_0_D2.0,0,0.0,-1.0,[]
220.0,joinedS_3663662947_3663662948_3698084160_3698084161_#1more_0_D2.1,0,0.0,-1.0,[]
220.0,joinedS_3663662947_3663662948_3698084160_3698084161_#1more_0_D2.2,0,0.0,-1.0,[]
220.0,joinedS_3663662947_3663662948_3698084160_3698084161_#1more_0_D2.3,1,0.0,-1.0,['veh120']
220.0,joinedS_3663662947_3663662948_3698084160_3698084161_#1more_0_D3.0,0,0.0,-1.0,[]
220.0,joinedS_3663662947_3663662948_3698084160_3698084161_#1more_0_D3.1,0,0.0,-1.0,[]
220.0,joinedS_3663662947_3663662948_3698084160_3698084161_#1more_0_D3.2,0,0.0,-1.0,[]
220.0,joinedS_3663662947_3663662948_3698084160_3698084161_#1more_0_D3.3,0,0.0,-1.0,[]
220.0,joinedS_3663662947_3663662948_3698084160_3698084161_#1more_0_D3.4,0,0.0,-1.0,[]
225.0,cluster_122855839_3663662942_3663662943_3663662944_#1more_0_D0.0,1,100.0,-1.0,['bus11']
225.0,cluster_122855839_3663662942_3663662943_3663662944_#1more_0_D0.1,0,0.0,-1.0,[]
225.0,cluster_122855839_3663662942_3663662943_3663662944_#1more_0_D0.2,0,0.0,-1.0,[]
225.0,cluster_122855839_3663662942_3663662943_3663662944_#1more_0_D0.3,0,0.0,-1.0,[]
225.0,cluster_122855839_3663662942_3663662943_3663662944_#1more_0_D0.4,0,0.0,-1.0,[]
225.0,cluster_122855839_3663662942_3663662943_3663662944_#1more_0_D1.0,0,0.0,-1.0,[]
225.0,cluster_122855839_3663662942_3663662943_3663662944_#1more_0_D1.1,0,0.0,-1.0,[]
225.0,cluster_122855839_3663662942_3663662943_3663662944_#1more_0_D1.2,0,0.0,-1.0,[]
225.0,cluster_122855839_3663662942_3663662943_3663662944_#1more_0_D2.0,1,100.0,-1.0,['bus3']
225.0,cluster_122855839_3663662942_3663662943_3663662944_#1more_0_D2.1,0,0.0,-1.0,[]
225.0,cluster_123241924_382443557_5344542568_5546892974_#3more_0_D0.0,1,33.72808969600385,14.8244387543609,['veh99']
225.0,cluster_123241924_382443557_5344542568_5546892974_#3more_0_D0.1,0,0.0,-1.0,[]
225.0,cluster_123241924_382443557_5344542568_5546892974_#3more_0_D0.2,0,0.0,-1.0,[]
225.0,cluster_123241924_382443557_5344542568_5546892974_#3more_0_D0.3,1,100.0,-1.0,['veh61']
225.0,cluster_123241924_382443557_5344542568_5546892974_#3more_0_D0.4,0,0.0,-1.0,[]
225.0,cluster_123241924_382443557_5344542568_5546892974_#3more_0_D1.0,0,0.0,-1.0,[]
225.0,cluster_123241924_382443557_5344542568_5546892974_#3more_0_D2.0,0,0.0,-1.0,[]
225.0,cluster_123241924_382443557_5344542568_5546892974_#3more_0_D2.1,0,0.0,-1.0,[]
225.0,cluster_123241924_382443557_5344542568_5546892974_#3more_0_D2.2,1,100.0,-1.0,['bus12']
225.0,cluster_123241924_382443557_5344542568_5546892974_#3more_0_D2.3,0,0.0,-1.0,[]
225.0,cluster_123241924_382443557_5344542568_5546892974_#3more_0_D2.4,0,0.0,-1.0,[]
225.0,cluster_123241924_382443557_5344542568_5546892974_#3more_0_D2.5,0,0.0,-1.0,[]
225.0,cluster_123241924_382443557_5344542568_5546892974_#3more_0_D3.0,0,0.0,-1.0,[]
225.0,cluster_123241924_382443557_5344542568_5546892974_#3more_0_D3.1,0,0.0,-1.0,[]
225.0,cluster_123241924_382443557_5344542568_5546892974_#3more_0_D3.2,0,0.0,-1.0,[]
225.0,cluster_123241924_382443557_5344542568_5546892974_#3more_0_D3.3,0,0.0,-1.0,[]
225.0,cluster_123241924_382443557_5344542568_5546892974_#3more_0_D3.4,0,0.0,-1.0,[]
225.0,cluster_123281084_3663662939_3664674395_3664674397_#1more_0_D0.0,0,0.0,-1.0,[]
225.0,cluster_123281084_3663662939_3664674395_3664674397_#1more_0_D0.1,0,0.0,-1.0,[]
225.0,cluster_123281084_3663662939_3664674395_3664674397_#1more_0_D0.2,0,0.0,-1.0,[]
225.0,cluster_123281084_3663662939_3664674395_3664674397_#1more_0_D0.3,0,0.0,-1.0,[]
225.0,cluster_123281084_3663662939_3664674395_3664674397_#1more_0_D0.4,0,0.0,-1.0,[]
225.0,cluster_123281084_3663662939_3664674395_3664674397_#1more_0_D1.0,1,100.0,-1.0,['veh124']
225.0,cluster_123281084_3663662939_3664674395_3664674397_#1more_0_D1.1,0,0.0,-1.0,[]
225.0,cluster_123281084_3663662939_3664674395_3664674397_#1more_0_D2.0,0,0.0,-1.0,[]
225.0,cluster_123281084_3663662939_3664674395_3664674397_#1more_0_D2.1,0,0.0,-1.0,[]
225.0,cluster_123281085_12840608127_12840608130_12840608135_#1more_0_D0.0,1,0.0,-1.0,['veh129']
225.0,cluster_123281085_12840608127_12840608130_12840608135_#1more_0_D1.0,0,0.0,-1.0,[]
225.0,cluster_123292026_3663224279_3663224280_3663662945_#1more_0_D0.0,0,0.0,-1.0,[]
225.0,cluster_123292026_3663224279_3663224280_3663662945_#1more_0_D0.1,0,0.0,-1.0,[]
225.0,cluster_123292026_3663224279_3663224280_3663662945_#1more_0_D1.0,0,0.0,-1.0,[]
225.0,cluster_123292026_3663224279_3663224280_3663662945_#1more_0_D1.1,0,0.0,-1.0,[]
225.0,cluster_123292026_3663224279_3663224280_3663662945_#1more_0_D1.2,0,0.0,-1.0,[]
225.0,cluster_123292026_3663224279_3663224280_3663662945_#1more_0_D1.3,0,0.0,-1.0,[]
225.0,cluster_123292026_3663224279_3663224280_3663662945_#1more_0_D2.0,0,0.0,-1.0,[]
225.0,cluster_123292026_3663224279_3663224280_3663662945_#1more_0_D2.1,0,0.0,-1.0,[]
225.0,cluster_123292029_3663224277_3663224278_5344542569_#1more_0_D0.0,1,100.0,-1.0,['veh53']
225.0,cluster_123292029_3663224277_3663224278_5344542569_#1more_0_D0.1,1,100.0,-1.0,['truck6']
225.0,cluster_123292029_3663224277_3663224278_5344542569_#1more_0_D0.2,0,0.0,-1.0,[]
225.0,cluster_123292029_3663224277_3663224278_5344542569_#1more_0_D1.0,0,0.0,-1.0,[]
225.0,cluster_123292029_3663224277_3663224278_5344542569_#1more_0_D1.1,0,0.0,-1.0,[]
225.0,cluster_123292029_3663224277_3663224278_5344542569_#1more_0_D2.0,0,0.0,-1.0,[]
225.0,cluster_123292029_3663224277_3663224278_5344542569_#1more_0_D2.1,0,0.0,-1.0,[]
225.0,cluster_123292029_3663224277_3663224278_5344542569_#1more_0_D2.2,0,0.0,-1.0,[]
225.0,cluster_123292029_3663224277_3663224278_5344542569_#1more_0_D3.0,0,0.0,-1.0,[]
225.0,cluster_123292029_3663224277_3663224278_5344542569_#1more_0_D3.1,0,0.0,-1.0,[]
225.0,cluster_123292031_3663224275_3663224276_3663662936_#1more_0_D0.0,0,0.0,-1.0,[]
225.0,cluster_123292031_3663224275_3663224276_3663662936_#1more_0_D0.1,0,0.0,-1.0,[]
225.0,cluster_123292031_3663224275_3663224276_3663662936_#1more_0_D1.0,0,0.0,-1.0,[]
225.0,cluster_123292031_3663224275_3663224276_3663662936_#1more_0_D2.0,0,0.0,-1.0,[]
225.0,cluster_123292031_3663224275_3663224276_3663662936_#1more_0_D2.1,0,0.0,-1.0,[]
225.0,cluster_123308403_3663827018_3663827019_3664674393_#1more_0_D0.0,0,0.0,-1.0,[]
225.0,cluster_123308403_3663827018_3663827019_3664674393_#1more_0_D0.1,0,0.0,-1.0,[]
225.0,cluster_123308403_3663827018_3663827019_3664674393_#1more_0_D1.0,0,0.0,-1.0,[]
225.0,cluster_123308403_3663827018_3663827019_3664674393_#1more_0_D1.1,0,0.0,-1.0,[]
225.0,cluster_123308403_3663827018_3663827019_3664674393_#1more_0_D1.2,0,0.0,-1.0,[]
225.0,cluster_123308403_3663827018_3663827019_3664674393_#1more_0_D1.3,0,0.0,-1.0,[]
225.0,cluster_123308403_3663827018_3663827019_3664674393_#1more_0_D2.0,0,0.0,-1.0,[]
225.0,cluster_123308403_3663827018_3663827019_3664674393_#1more_0_D2.1,0,0.0,-1.0,[]
225.0,cluster_123308403_3663827018_3663827019_3664674393_#1more_0_D2.2,0,0.0,-1.0,[]
225.0,cluster_3664723686_3698084157_3698084158_3698084159_#1more_0_D0.0,0,0.0,-1.0,[]
225.0,cluster_3664723686_3698084157_3698084158_3698084159_#1more_0_D0.1,0,0.0,-1.0,[]
225.0,cluster_3664723686_3698084157_3698084158_3698084159_#1more_0_D0.2,0,0.0,-1.0,[]
225.0,cluster_3664723686_3698084157_3698084158_3698084159_#1more_0_D1.0,0,0.0,-1.0,[]
225.0,cluster_3664723686_3698084157_3698084158_3698084159_#1more_0_D1.1,0,0.0,-1.0,[]
225.0,cluster_3664723686_3698084157_3698084158_3698084159_#1more_0_D1.2,0,0.0,-1.0,[]
225.0,joinedS_3663662947_3663662948_3698084160_3698084161_#1more_0_D0.0,0,0.0,-1.0,[]
225.0,joinedS_3663662947_3663662948_3698084160_3698084161_#1more_0_D0.1,0,0.0,-1.0,[]
225.0,joinedS_3663662947_3663662948_3698084160_3698084161_#1more_0_D0.2,0,0.0,-1.0,[]
225.0,joinedS_3663662947_3663662948_3698084160_3698084161_#1more_0_D0.3,0,0.0,-1.0,[]
225.0,joinedS_3663662947_3663662948_3698084160_3698084161_#1more_0_D1.0,0,0.0,-1.0,[]
225.0,joinedS_3663662947_3663662948_3698084160_3698084161_#1more_0_D1.1,0,0.0,-1.0,[]
225.0,joinedS_3663662947_3663662948_3698084160_3698084161_#1more_0_D1.2,0,0.0,-1.0,[]
225.0,joinedS_3663662947_3663662948_3698084160_3698084161_#1more_0_D1.3,0,0.0,-1.0,[]
225.0,joinedS_3663662947_3663662948_3698084160_3698084161_#1more_0_D2.0,0,0.0,-1.0,[]
225.0,joinedS_3663662947_3663662948_3698084160_3698084161_#1more_0_D2.1,0,0.0,-1.0,[]
225.0,joinedS_3663662947_3663662948_3698084160_3698084161_#1more_0_D2.2,0,0.0,-1.0,[]
225.0,joinedS_3663662947_3663662948_3698084160_3698084161_#1more_0_D2.3,0,0.0,-1.0,[]
225.0,joinedS_3663662947_3663662948_3698084160_3698084161_#1more_0_D3.0,0,0.0,-1.0,[]
225.0,joinedS_3663662947_3663662948_3698084160_3698084161_#1more_0_D3.1,0,0.0,-1.0,[]
225.0,joinedS_3663662947_3663662948_3698084160_3698084161_#1more_0_D3.2,0,0.0,-1.0,[]
225.0,joinedS_3663662947_3663662948_3698084160_3698084161_#1more_0_D3.3,0,0.0,-1.0,[]
225.0,joinedS_3663662947_3663662948_3698084160_3698084161_#1more_0_D3.4,0,0.0,-1.0,[]
230.0,cluster_122855839_3663662942_3663662943_3663662944_#1more_0_D0.0,1,100.0,-1.0,['bus11']
230.0,cluster_122855839_3663662942_3663662943_3663662944_#1more_0_D0.1,0,0.0,-1.0,[]
230.0,cluster_122855839_3663662942_3663662943_3663662944_#1more_0_D0.2,0,0.0,-1.0,[]
230.0,cluster_122855839_3663662942_3663662943_3663662944_#1more_0_D0.3,0,0.0,-1.0,[]
230.0,cluster_122855839_3663662942_3663662943_3663662944_#1more_0_D0.4,0,0.0,-1.0,[]
230.0,cluster_122855839_3663662942_3663662943_3663662944_#1more_0_D1.0,0,0.0,-1.0,[]
230.0,cluster_122855839_3663662942_3663662943_3663662944_#1more_0_D1.1,0,0.0,-1.0,[]
230.0,cluster_122855839_3663662942_3663662943_3663662944_#1more_0_D1.2,0,0.0,-1.0,[]
230.0,cluster_122855839_3663662942_3663662943_3663662944_#1more_0_D2.0,1,100.0,-1.0,['bus3']
230.0,cluster_122855839_3663662942_3663662943_3663662944_#1more_0_D2.1,0,0.0,-1.0,[]
230.0,cluster_123241924_382443557_5344542568_5546892974_#3more_0_D0.0,0,0.0,-1.0,[]
230.0,cluster_123241924_382443557_5344542568_5546892974_#3more_0_D0.1,0,0.0,-1.0,[]
230.0,cluster_123241924_382443557_5344542568_5546892974_#3more_0_D0.2,0,0.0,-1.0,[]
230.0,cluster_123241924_382443557_5344542568_5546892974_#3more_0_D0.3,1,100.0,-1.0,['veh61']
230.0,cluster_123241924_382443557_5344542568_5546892974_#3more_0_D0.4,0,0.0,-1.0,[]
230.0,cluster_123241924_382443557_5344542568_5546892974_#3more_0_D1.0,0,0.0,-1.0,[]
230.0,cluster_123241924_382443557_5344542568_5546892974_#3more_0_D2.0,0,0.0,-1.0,[]
230.0,cluster_123241924_382443557_5344542568_5546892974_#3more_0_D2.1,0,0.0,-1.0,[]
230.0,cluster_123241924_382443557_5344542568_5546892974_#3more_0_D2.2,1,100.0,-1.0,['bus12']
230.0,cluster_123241924_382443557_5344542568_5546892974_#3more_0_D2.3,0,0.0,-1.0,[]
230.0,cluster_123241924_382443557_5344542568_5546892974_#3more_0_D2.4,0,0.0,-1.0,[]
230.0,cluster_123241924_382443557_5344542568_5546892974_#3more_0_D2.5,0,0.0,-1.0,[]
230.0,cluster_123241924_382443557_5344542568_5546892974_#3more_0_D3.0,0,0.0,-1.0,[]
230.0,cluster_123241924_382443557_5344542568_5546892974_#3more_0_D3.1,0,0.0,-1.0,[]
230.0,cluster_123241924_382443557_5344542568_5546892974_#3more_0_D3.2,0,0.0,-1.0,[]
230.0,cluster_123241924_382443557_5344542568_5546892974_#3more_0_D3.3,0,0.0,-1.0,[]
230.0,cluster_123241924_382443557_5344542568_5546892974_#3more_0_D3.4,0,0.0,-1.0,[]
230.0,cluster_123281084_3663662939_3664674395_3664674397_#1more_0_D0.0,0,0.0,-1.0,[]
230.0,cluster_123281084_3663662939_3664674395_3664674397_#1more_0_D0.1,0,0.0,-1.0,[]
230.0,cluster_123281084_3663662939_3664674395_3664674397_#1more_0_D0.2,0,0.0,-1.0,[]
230.0,cluster_123281084_3663662939_3664674395_3664674397_#1more_0_D0.3,0,0.0,-1.0,[]
230.0,cluster_123281084_3663662939_3664674395_3664674397_#1more_0_D0.4,0,0.0,-1.0,[]
230.0,cluster_123281084_3663662939_3664674395_3664674397_#1more_0_D1.0,1,100.0,-1.0,['veh124']
230.0,cluster_123281084_3663662939_3664674395_3664674397_#1more_0_D1.1,0,0.0,-1.0,[]
230.0,cluster_123281084_3663662939_3664674395_3664674397_#1more_0_D2.0,0,0.0,-1.0,[]
230.0,cluster_123281084_3663662939_3664674395_3664674397_#1more_0_D2.1,0,0.0,-1.0,[]
230.0,cluster_123281085_12840608127_12840608130_12840608135_#1more_0_D0.0,0,0.0,-1.0,[]
230.0,cluster_123281085_12840608127_12840608130_12840608135_#1more_0_D1.0,0,0.0,-1.0,[]
230.0,cluster_123292026_3663224279_3663224280_3663662945_#1more_0_D0.0,0,0.0,-1.0,[]
230.0,cluster_123292026_3663224279_3663224280_3663662945_#1more_0_D0.1,0,0.0,-1.0,[]
230.0,cluster_123292026_3663224279_3663224280_3663662945_#1more_0_D1.0,0,0.0,-1.0,[]
230.0,cluster_123292026_3663224279_3663224280_3663662945_#1more_0_D1.1,0,0.0,-1.0,[]
230.0,cluster_123292026_3663224279_3663224280_3663662945_#1more_0_D1.2,0,0.0,-1.0,[]
230.0,cluster_123292026_3663224279_3663224280_3663662945_#1more_0_D1.3,0,0.0,-1.0,[]
230.0,cluster_123292026_3663224279_3663224280_3663662945_#1more_0_D2.0,0,0.0,-1.0,[]
230.0,cluster_123292026_3663224279_3663224280_3663662945_#1more_0_D2.1,0,0.0,-1.0,[]
230.0,cluster_123292029_3663224277_3663224278_5344542569_#1more_0_D0.0,1,100.0,-1.0,['veh53']
230.0,cluster_123292029_3663224277_3663224278_5344542569_#1more_0_D0.1,1,100.0,-1.0,['truck6']
230.0,cluster_123292029_3663224277_3663224278_5344542569_#1more_0_D0.2,0,0.0,-1.0,[]
230.0,cluster_123292029_3663224277_3663224278_5344542569_#1more_0_D1.0,0,0.0,-1.0,[]
230.0,cluster_123292029_3663224277_3663224278_5344542569_#1more_0_D1.1,1,13.257304818381499,12.562229311928578,['veh105']
230.0,cluster_123292029_3663224277_3663224278_5344542569_#1more_0_D2.0,0,0.0,-1.0,[]
230.0,cluster_123292029_3663224277_3663224278_5344542569_#1more_0_D2.1,0,0.0,-1.0,[]
230.0,cluster_123292029_3663224277_3663224278_5344542569_#1more_0_D2.2,0,0.0,-1.0,[]
230.0,cluster_123292029_3663224277_3663224278_5344542569_#1more_0_D3.0,0,0.0,-1.0,[]
230.0,cluster_123292029_3663224277_3663224278_5344542569_#1more_0_D3.1,0,0.0,-1.0,[]
230.0,cluster_123292031_3663224275_3663224276_3663662936_#1more_0_D0.0,0,0.0,-1.0,[]
230.0,cluster_123292031_3663224275_3663224276_3663662936_#1more_0_D0.1,0,0.0,-1.0,[]
230.0,cluster_123292031_3663224275_3663224276_3663662936_#1more_0_D1.0,0,0.0,-1.0,[]
230.0,cluster_123292031_3663224275_3663224276_3663662936_#1more_0_D2.0,0,0.0,-1.0,[]
230.0,cluster_123292031_3663224275_3663224276_3663662936_#1more_0_D2.1,0,0.0,-1.0,[]
230.0,cluster_123308403_3663827018_3663827019_3664674393_#1more_0_D0.0,0,0.0,-1.0,[]
230.0,cluster_123308403_3663827018_3663827019_3664674393_#1more_0_D0.1,0,0.0,-1.0,[]
230.0,cluster_123308403_3663827018_3663827019_3664674393_#1more_0_D1.0,0,0.0,-1.0,[]
230.0,cluster_123308403_3663827018_3663827019_3664674393_#1more_0_D1.1,0,0.0,-1.0,[]
230.0,cluster_123308403_3663827018_3663827019_3664674393_#1more_0_D1.2,0,0.0,-1.0,[]
230.0,cluster_123308403_3663827018_3663827019_3664674393_#1more_0_D1.3,0,0.0,-1.0,[]
230.0,cluster_123308403_3663827018_3663827019_3664674393_#1more_0_D2.0,0,0.0,-1.0,[]
230.0,cluster_123308403_3663827018_3663827019_3664674393_#1more_0_D2.1,0,0.0,-1.0,[]
230.0,cluster_123308403_3663827018_3663827019_3664674393_#1more_0_D2.2,0,0.0,-1.0,[]
230.0,cluster_3664723686_3698084157_3698084158_3698084159_#1more_0_D0.0,0,0.0,-1.0,[]
230.0,cluster_3664723686_3698084157_3698084158_3698084159_#1more_0_D0.1,0,0.0,-1.0,[]
230.0,cluster_3664723686_3698084157_3698084158_3698084159_#1more_0_D0.2,0,0.0,-1.0,[]
230.0,cluster_3664723686_3698084157_3698084158_3698084159_#1more_0_D1.0,0,0.0,-1.0,[]
230.0,cluster_3664723686_3698084157_3698084158_3698084159_#1more_0_D1.1,0,0.0,-1.0,[]
230.0,cluster_3664723686_3698084157_3698084158_3698084159_#1more_0_D1.2,0,0.0,-1.0,[]
230.0,joinedS_3663662947_3663662948_3698084160_3698084161_#1more_0_D0.0,0,0.0,-1.0,[]
230.0,joinedS_3663662947_3663662948_3698084160_3698084161_#1more_0_D0.1,0,0.0,-1.0,[]
230.0,joinedS_3663662947_3663662948_3698084160_3698084161_#1more_0_D0.2,0,0.0,-1.0,[]
230.0,joinedS_3663662947_3663662948_3698084160_3698084161_#1more_0_D0.3,0,0.0,-1.0,[]
230.0,joinedS_3663662947_3663662948_3698084160_3698084161_#1more_0_D1.0,0,0.0,-1.0,[]
230.0,joinedS_3663662947_3663662948_3698084160_3698084161_#1more_0_D1.1,0,0.0,-1.0,[]
230.0,joinedS_3663662947_3663662948_3698084160_3698084161_#1more_0_D1.2,0,0.0,-1.0,[]
230.0,joinedS_3663662947_3663662948_3698084160_3698084161_#1more_0_D1.3,0,0.0,-1.0,[]
230.0,joinedS_3663662947_3663662948_3698084160_3698084161_#1more_0_D2.0,0,0.0,-1.0,[]
230.0,joinedS_3663662947_3663662948_3698084160_3698084161_#1more_0_D2.1,0,0.0,-1.0,[]
230.0,joinedS_3663662947_3663662948_3698084160_3698084161_#1more_0_D2.2,0,0.0,-1.0,[]
230.0,joinedS_3663662947_3663662948_3698084160_3698084161_#1more_0_D2.3,1,100.0,-1.0,['veh141']
230.0,joinedS_3663662947_3663662948_3698084160_3698084161_#1more_0_D3.0,1,100.0,-1.0,['veh140']
230.0,joinedS_3663662947_3663662948_3698084160_3698084161_#1more_0_D3.1,0,0.0,-1.0,[]
230.0,joinedS_3663662947_3663662948_3698084160_3698084161_#1more_0_D3.2,0,0.0,-1.0,[]
230.0,joinedS_3663662947_3663662948_3698084160_3698084161_#1more_0_D3.3,0,0.0,-1.0,[]
230.0,joinedS_3663662947_3663662948_3698084160_3698084161_#1more_0_D3.4,0,0.0,-1.0,[]
235.0,cluster_122855839_3663662942_3663662943_3663662944_#1more_0_D0.0,1,100.0,-1.0,['bus11']
235.0,cluster_122855839_3663662942_3663662943_3663662944_#1more_0_D0.1,1,0.0,-1.0,['veh135']
235.0,cluster_122855839_3663662942_3663662943_3663662944_#1more_0_D0.2,0,0.0,-1.0,[]
235.0,cluster_122855839_3663662942_3663662943_3663662944_#1more_0_D0.3,0,0.0,-1.0,[]
235.0,cluster_122855839_3663662942_3663662943_3663662944_#1more_0_D0.4,1,58.464208805165185,2.544324723049067,['veh94']
235.0,cluster_122855839_3663662942_3663662943_3663662944_#1more_0_D1.0,0,0.0,-1.0,[]
235.0,cluster_122855839_3663662942_3663662943_3663662944_#1more_0_D1.1,1,48.95341634948238,10.21379174908774,['veh103']
235.0,cluster_122855839_3663662942_3663662943_3663662944_#1more_0_D1.2,0,0.0,-1.0,[]
235.0,cluster_122855839_3663662942_3663662943_3663662944_#1more_0_D2.0,1,100.0,-1.0,['bus3']
235.0,cluster_122855839_3663662942_3663662943_3663662944_#1more_0_D2.1,0,0.0,-1.0,[]
235.0,cluster_123241924_382443557_5344542568_5546892974_#3more_0_D0.0,1,30.15764940288932,10.301289409528653,['bus10']
235.0,cluster_123241924_382443557_5344542568_5546892974_#3more_0_D0.1,0,0.0,-1.0,[]
235.0,cluster_123241924_382443557_5344542568_5546892974_#3more_0_D0.2,0,0.0,-1.0,[]
235.0,cluster_123241924_382443557_5344542568_5546892974_#3more_0_D0.3,1,100.0,-1.0,['veh61']
235.0,cluster_123241924_382443557_5344542568_5546892974_#3more_0_D0.4,0,0.0,-1.0,[]
235.0,cluster_123241924_382443557_5344542568_5546892974_#3more_0_D1.0,0,0.0,-1.0,[]
235.0,cluster_123241924_382443557_5344542568_5546892974_#3more_0_D2.0,0,0.0,-1.0,[]
235.0,cluster_123241924_382443557_5344542568_5546892974_#3more_0_D2.1,0,0.0,-1.0,[]
235.0,cluster_123241924_382443557_5344542568_5546892974_#3more_0_D2.2,1,100.0,-1.0,['bus12']
235.0,cluster_123241924_382443557_5344542568_5546892974_#3more_0_D2.3,0,0.0,-1.0,[]
235.0,cluster_123241924_382443557_5344542568_5546892974_#3more_0_D2.4,0,0.0,-1.0,[]
235.0,cluster_123241924_382443557_5344542568_5546892974_#3more_0_D2.5,0,0.0,-1.0,[]
235.0,cluster_123241924_382443557_5344542568_5546892974_#3more_0_D3.0,0,0.0,-1.0,[]
235.0,cluster_123241924_382443557_5344542568_5546892974_#3more_0_D3.1,0,0.0,-1.0,[]
235.0,cluster_123241924_382443557_5344542568_5546892974_#3more_0_D3.2,0,0.0,-1.0,[]
235.0,cluster_123241924_382443557_5344542568_5546892974_#3more_0_D3.3,0,0.0,-1.0,[]
235.0,cluster_123241924_382443557_5344542568_5546892974_#3more_0_D3.4,0,0.0,-1.0,[]
235.0,cluster_123281084_3663662939_3664674395_3664674397_#1more_0_D0.0,0,0.0,-1.0,[]
235.0,cluster_123281084_3663662939_3664674395_3664674397_#1more_0_D0.1,0,0.0,-1.0,[]
235.0,cluster_123281084_3663662939_3664674395_3664674397_#1more_0_D0.2,0,0.0,-1.0,[]
235.0,cluster_123281084_3663662939_3664674395_3664674397_#1more_0_D0.3,0,0.0,-1.0,[]
235.0,cluster_123281084_3663662939_3664674395_3664674397_#1more_0_D0.4,0,0.0,-1.0,[]
235.0,cluster_123281084_3663662939_3664674395_3664674397_#1more_0_D1.0,1,100.0,-1.0,['veh124']
235.0,cluster_123281084_3663662939_3664674395_3664674397_#1more_0_D1.1,1,0.0,-1.0,['veh132']
235.0,cluster_123281084_3663662939_3664674395_3664674397_#1more_0_D2.0,0,0.0,-1.0,[]
235.0,cluster_123281084_3663662939_3664674395_3664674397_#1more_0_D2.1,0,0.0,-1.0,[]
235.0,cluster_123281085_12840608127_12840608130_12840608135_#1more_0_D0.0,0,0.0,-1.0,[]
235.0,cluster_123281085_12840608127_12840608130_12840608135_#1more_0_D1.0,0,0.0,-1.0,[]
235.0,cluster_123292026_3663224279_3663224280_3663662945_#1more_0_D0.0,0,0.0,-1.0,[]
235.0,cluster_123292026_3663224279_3663224280_3663662945_#1more_0_D0.1,0,0.0,-1.0,[]
235.0,cluster_123292026_3663224279_3663224280_3663662945_#1more_0_D1.0,0,0.0,-1.0,[]
235.0,cluster_123292026_3663224279_3663224280_3663662945_#1more_0_D1.1,0,0.0,-1.0,[]
235.0,cluster_123292026_3663224279_3663224280_3663662945_#1more_0_D1.2,0,0.0,-1.0,[]
235.0,cluster_123292026_3663224279_3663224280_3663662945_#1more_0_D1.3,0,0.0,-1.0,[]
235.0,cluster_123292026_3663224279_3663224280_3663662945_#1more_0_D2.0,1,81.96216535235408,8.662533462210533,['truck7']
235.0,cluster_123292026_3663224279_3663224280_3663662945_#1more_0_D2.1,0,0.0,-1.0,[]
235.0,cluster_123292029_3663224277_3663224278_5344542569_#1more_0_D0.0,1,100.0,-1.0,['veh53']
235.0,cluster_123292029_3663224277_3663224278_5344542569_#1more_0_D0.1,1,100.0,-1.0,['truck6']
235.0,cluster_123292029_3663224277_3663224278_5344542569_#1more_0_D0.2,0,0.0,-1.0,[]
235.0,cluster_123292029_3663224277_3663224278_5344542569_#1more_0_D1.0,0,0.0,-1.0,[]
235.0,cluster_123292029_3663224277_3663224278_5344542569_#1more_0_D1.1,0,0.0,-1.0,[]
235.0,cluster_123292029_3663224277_3663224278_5344542569_#1more_0_D2.0,0,0.0,-1.0,[]
235.0,cluster_123292029_3663224277_3663224278_5344542569_#1more_0_D2.1,0,0.0,-1.0,[]
235.0,cluster_123292029_3663224277_3663224278_5344542569_#1more_0_D2.2,0,0.0,-1.0,[]
235.0,cluster_123292029_3663224277_3663224278_5344542569_#1more_0_D3.0,0,0.0,-1.0,[]
235.0,cluster_123292029_3663224277_3663224278_5344542569_#1more_0_D3.1,0,0.0,-1.0,[]
235.0,cluster_123292031_3663224275_3663224276_3663662936_#1more_0_D0.0,0,0.0,-1.0,[]
235.0,cluster_123292031_3663224275_3663224276_3663662936_#1more_0_D0.1,0,0.0,-1.0,[]
235.0,cluster_123292031_3663224275_3663224276_3663662936_#1more_0_D1.0,0,0.0,-1.0,[]
235.0,cluster_123292031_3663224275_3663224276_3663662936_#1more_0_D2.0,0,0.0,-1.0,[]
235.0,cluster_123292031_3663224275_3663224276_3663662936_#1more_0_D2.1,0,0.0,-1.0,[]
235.0,cluster_123308403_3663827018_3663827019_3664674393_#1more_0_D0.0,0,0.0,-1.0,[]
235.0,cluster_123308403_3663827018_3663827019_3664674393_#1more_0_D0.1,0,0.0,-1.0,[]
235.0,cluster_123308403_3663827018_3663827019_3664674393_#1more_0_D1.0,0,0.0,-1.0,[]
235.0,cluster_123308403_3663827018_3663827019_3664674393_#1more_0_D1.1,0,0.0,-1.0,[]
235.0,cluster_123308403_3663827018_3663827019_3664674393_#1more_0_D1.2,0,0.0,-1.0,[]
235.0,cluster_123308403_3663827018_3663827019_3664674393_#1more_0_D1.3,0,0.0,-1.0,[]
235.0,cluster_123308403_3663827018_3663827019_3664674393_#1more_0_D2.0,0,0.0,-1.0,[]
235.0,cluster_123308403_3663827018_3663827019_3664674393_#1more_0_D2.1,0,0.0,-1.0,[]
235.0,cluster_123308403_3663827018_3663827019_3664674393_#1more_0_D2.2,0,0.0,-1.0,[]
235.0,cluster_3664723686_3698084157_3698084158_3698084159_#1more_0_D0.0,0,0.0,-1.0,[]
235.0,cluster_3664723686_3698084157_3698084158_3698084159_#1more_0_D0.1,0,0.0,-1.0,[]
235.0,cluster_3664723686_3698084157_3698084158_3698084159_#1more_0_D0.2,0,0.0,-1.0,[]
235.0,cluster_3664723686_3698084157_3698084158_3698084159_#1more_0_D1.0,0,0.0,-1.0,[]
235.0,cluster_3664723686_3698084157_3698084158_3698084159_#1more_0_D1.1,0,0.0,-1.0,[]
235.0,cluster_3664723686_3698084157_3698084158_3698084159_#1more_0_D1.2,0,0.0,-1.0,[]
235.0,joinedS_3663662947_3663662948_3698084160_3698084161_#1more_0_D0.0,0,0.0,-1.0,[]
235.0,joinedS_3663662947_3663662948_3698084160_3698084161_#1more_0_D0.1,0,0.0,-1.0,[]
235.0,joinedS_3663662947_3663662948_3698084160_3698084161_#1more_0_D0.2,0,0.0,-1.0,[]
235.0,joinedS_3663662947_3663662948_3698084160_3698084161_#1more_0_D0.3,0,0.0,-1.0,[]
235.0,joinedS_3663662947_3663662948_3698084160_3698084161_#1more_0_D1.0,0,0.0,-1.0,[]
235.0,joinedS_3663662947_3663662948_3698084160_3698084161_#1more_0_D1.1,0,0.0,-1.0,[]
235.0,joinedS_3663662947_3663662948_3698084160_3698084161_#1more_0_D1.2,0,0.0,-1.0,[]
235.0,joinedS_3663662947_3663662948_3698084160_3698084161_#1more_0_D1.3,0,0.0,-1.0,[]
235.0,joinedS_3663662947_3663662948_3698084160_3698084161_#1more_0_D2.0,0,0.0,-1.0,[]
235.0,joinedS_3663662947_3663662948_3698084160_3698084161_#1more_0_D2.1,0,0.0,-1.0,[]
235.0,joinedS_3663662947_3663662948_3698084160_3698084161_#1more_0_D2.2,0,0.0,-1.0,[]
235.0,joinedS_3663662947_3663662948_3698084160_3698084161_#1more_0_D2.3,1,100.0,-1.0,['veh141']
235.0,joinedS_3663662947_3663662948_3698084160_3698084161_#1more_0_D3.0,1,100.0,-1.0,['veh140']
235.0,joinedS_3663662947_3663662948_3698084160_3698084161_#1more_0_D3.1,0,0.0,-1.0,[]
235.0,joinedS_3663662947_3663662948_3698084160_3698084161_#1more_0_D3.2,0,0.0,-1.0,[]
235.0,joinedS_3663662947_3663662948_3698084160_3698084161_#1more_0_D3.3,0,0.0,-1.0,[]
235.0,joinedS_3663662947_3663662948_3698084160_3698084161_#1more_0_D3.4,0,0.0,-1.0,[]
240.0,cluster_122855839_3663662942_3663662943_3663662944_#1more_0_D0.0,0,0.0,-1.0,[]
240.0,cluster_122855839_3663662942_3663662943_3663662944_#1more_0_D0.1,0,0.0,-1.0,[]
240.0,cluster_122855839_3663662942_3663662943_3663662944_#1more_0_D0.2,0,0.0,-1.0,[]
240.0,cluster_122855839_3663662942_3663662943_3663662944_#1more_0_D0.3,0,0.0,-1.0,[]
240.0,cluster_122855839_3663662942_3663662943_3663662944_#1more_0_D0.4,1,0.0,-1.0,['veh95']
240.0,cluster_122855839_3663662942_3663662943_3663662944_#1more_0_D1.0,0,0.0,-1.0,[]
240.0,cluster_122855839_3663662942_3663662943_3663662944_#1more_0_D1.1,0,0.0,-1.0,[]
240.0,cluster_122855839_3663662942_3663662943_3663662944_#1more_0_D1.2,0,0.0,-1.0,[]
240.0,cluster_122855839_3663662942_3663662943_3663662944_#1more_0_D2.0,1,100.0,-1.0,['bus3']
240.0,cluster_122855839_3663662942_3663662943_3663662944_#1more_0_D2.1,0,0.0,-1.0,[]
240.0,cluster_123241924_382443557_5344542568_5546892974_#3more_0_D0.0,1,0.0,-1.0,['bus10']
240.0,cluster_123241924_382443557_5344542568_5546892974_#3more_0_D0.1,1,0.0,-1.0,['bus10']
240.0,cluster_123241924_382443557_5344542568_5546892974_#3more_0_D0.2,0,0.0,-1.0,[]
240.0,cluster_123241924_382443557_5344542568_5546892974_#3more_0_D0.3,0,0.0,-1.0,[]
240.0,cluster_123241924_382443557_5344542568_5546892974_#3more_0_D0.4,0,0.0,-1.0,[]
240.0,cluster_123241924_382443557_5344542568_5546892974_#3more_0_D1.0,0,0.0,-1.0,[]
240.0,cluster_123241924_382443557_5344542568_5546892974_#3more_0_D2.0,0,0.0,-1.0,[]
240.0,cluster_123241924_382443557_5344542568_5546892974_#3more_0_D2.1,0,0.0,-1.0,[]
240.0,cluster_123241924_382443557_5344542568_5546892974_#3more_0_D2.2,1,100.0,-1.0,['bus12']
240.0,cluster_123241924_382443557_5344542568_5546892974_#3more_0_D2.3,0,0.0,-1.0,[]
240.0,cluster_123241924_382443557_5344542568_5546892974_#3more_0_D2.4,0,0.0,-1.0,[]
240.0,cluster_123241924_382443557_5344542568_5546892974_#3more_0_D2.5,0,0.0,-1.0,[]
240.0,cluster_123241924_382443557_5344542568_5546892974_#3more_0_D3.0,0,0.0,-1.0,[]
240.0,cluster_123241924_382443557_5344542568_5546892974_#3more_0_D3.1,0,0.0,-1.0,[]
240.0,cluster_123241924_382443557_5344542568_5546892974_#3more_0_D3.2,0,0.0,-1.0,[]
240.0,cluster_123241924_382443557_5344542568_5546892974_#3more_0_D3.3,0,0.0,-1.0,[]
240.0,cluster_123241924_382443557_5344542568_5546892974_#3more_0_D3.4,0,0.0,-1.0,[]
240.0,cluster_123281084_3663662939_3664674395_3664674397_#1more_0_D0.0,0,0.0,-1.0,[]
240.0,cluster_123281084_3663662939_3664674395_3664674397_#1more_0_D0.1,0,0.0,-1.0,[]
240.0,cluster_123281084_3663662939_3664674395_3664674397_#1more_0_D0.2,0,0.0,-1.0,[]
240.0,cluster_123281084_3663662939_3664674395_3664674397_#1more_0_D0.3,0,0.0,-1.0,[]
240.0,cluster_123281084_3663662939_3664674395_3664674397_#1more_0_D0.4,0,0.0,-1.0,[]
240.0,cluster_123281084_3663662939_3664674395_3664674397_#1more_0_D1.0,1,100.0,-1.0,['veh124']
240.0,cluster_123281084_3663662939_3664674395_3664674397_#1more_0_D1.1,0,0.0,-1.0,[]
240.0,cluster_123281084_3663662939_3664674395_3664674397_#1more_0_D2.0,0,0.0,-1.0,[]
240.0,cluster_123281084_3663662939_3664674395_3664674397_#1more_0_D2.1,0,0.0,-1.0,[]
240.0,cluster_123281085_12840608127_12840608130_12840608135_#1more_0_D0.0,0,0.0,-1.0,[]
240.0,cluster_123281085_12840608127_12840608130_12840608135_#1more_0_D1.0,0,0.0,-1.0,[]
240.0,cluster_123292026_3663224279_3663224280_3663662945_#1more_0_D0.0,0,0.0,-1.0,[]
240.0,cluster_123292026_3663224279_3663224280_3663662945_#1more_0_D0.1,0,0.0,-1.0,[]
240.0,cluster_123292026_3663224279_3663224280_3663662945_#1more_0_D1.0,0,0.0,-1.0,[]
240.0,cluster_123292026_3663224279_3663224280_3663662945_#1more_0_D1.1,0,0.0,-1.0,[]
240.0,cluster_123292026_3663224279_3663224280_3663662945_#1more_0_D1.2,0,0.0,-1.0,[]
240.0,cluster_123292026_3663224279_3663224280_3663662945_#1more_0_D1.3,0,0.0,-1.0,[]
240.0,cluster_123292026_3663224279_3663224280_3663662945_#1more_0_D2.0,0,0.0,-1.0,[]
240.0,cluster_123292026_3663224279_3663224280_3663662945_#1more_0_D2.1,0,0.0,-1.0,[]
240.0,cluster_123292029_3663224277_3663224278_5344542569_#1more_0_D0.0,1,0.0,-1.0,['veh53']
240.0,cluster_123292029_3663224277_3663224278_5344542569_#1more_0_D0.1,0,0.0,-1.0,[]
240.0,cluster_123292029_3663224277_3663224278_5344542569_#1more_0_D0.2,0,0.0,-1.0,[]
240.0,cluster_123292029_3663224277_3663224278_5344542569_#1more_0_D1.0,0,0.0,-1.0,[]
240.0,cluster_123292029_3663224277_3663224278_5344542569_#1more_0_D1.1,0,0.0,-1.0,[]
240.0,cluster_123292029_3663224277_3663224278_5344542569_#1more_0_D2.0,0,0.0,-1.0,[]
240.0,cluster_123292029_3663224277_3663224278_5344542569_#1more_0_D2.1,0,0.0,-1.0,[]
240.0,cluster_123292029_3663224277_3663224278_5344542569_#1more_0_D2.2,0,0.0,-1.0,[]
240.0,cluster_123292029_3663224277_3663224278_5344542569_#1more_0_D3.0,0,0.0,-1.0,[]
240.0,cluster_123292029_3663224277_3663224278_5344542569_#1more_0_D3.1,0,0.0,-1.0,[]
240.0,cluster_123292031_3663224275_3663224276_3663662936_#1more_0_D0.0,0,0.0,-1.0,[]
240.0,cluster_123292031_3663224275_3663224276_3663662936_#1more_0_D0.1,0,0.0,-1.0,[]
240.0,cluster_123292031_3663224275_3663224276_3663662936_#1more_0_D1.0,1,7.832126097733294,8.468963769952465,['veh142']
240.0,cluster_123292031_3663224275_3663224276_3663662936_#1more_0_D2.0,0,0.0,-1.0,[]
240.0,cluster_123292031_3663224275_3663224276_3663662936_#1more_0_D2.1,1,13.769974697598286,11.93645645573941,['veh144']
240.0,cluster_123308403_3663827018_3663827019_3664674393_#1more_0_D0.0,0,0.0,-1.0,[]
240.0,cluster_123308403_3663827018_3663827019_3664674393_#1more_0_D0.1,0,0.0,-1.0,[]
240.0,cluster_123308403_3663827018_3663827019_3664674393_#1more_0_D1.0,0,0.0,-1.0,[]
240.0,cluster_123308403_3663827018_3663827019_3664674393_#1more_0_D1.1,0,0.0,-1.0,[]
240.0,cluster_123308403_3663827018_3663827019_3664674393_#1more_0_D1.2,0,0.0,-1.0,[]
240.0,cluster_123308403_3663827018_3663827019_3664674393_#1more_0_D1.3,0,0.0,-1.0,[]
240.0,cluster_123308403_3663827018_3663827019_3664674393_#1more_0_D2.0,0,0.0,-1.0,[]
240.0,cluster_123308403_3663827018_3663827019_3664674393_#1more_0_D2.1,0,0.0,-1.0,[]
240.0,cluster_123308403_3663827018_3663827019_3664674393_#1more_0_D2.2,0,0.0,-1.0,[]
240.0,cluster_3664723686_3698084157_3698084158_3698084159_#1more_0_D0.0,0,0.0,-1.0,[]
240.0,cluster_3664723686_3698084157_3698084158_3698084159_#1more_0_D0.1,1,36.030130048345654,13.877274362570828,['veh121']
240.0,cluster_3664723686_3698084157_3698084158_3698084159_#1more_0_D0.2,0,0.0,-1.0,[]
240.0,cluster_3664723686_3698084157_3698084158_3698084159_#1more_0_D1.0,0,0.0,-1.0,[]
240.0,cluster_3664723686_3698084157_3698084158_3698084159_#1more_0_D1.1,0,0.0,-1.0,[]
240.0,cluster_3664723686_3698084157_3698084158_3698084159_#1more_0_D1.2,0,0.0,-1.0,[]
240.0,joinedS_3663662947_3663662948_3698084160_3698084161_#1more_0_D0.0,0,0.0,-1.0,[]
240.0,joinedS_3663662947_3663662948_3698084160_3698084161_#1more_0_D0.1,0,0.0,-1.0,[]
240.0,joinedS_3663662947_3663662948_3698084160_3698084161_#1more_0_D0.2,0,0.0,-1.0,[]
240.0,joinedS_3663662947_3663662948_3698084160_3698084161_#1more_0_D0.3,0,0.0,-1.0,[]
240.0,joinedS_3663662947_3663662948_3698084160_3698084161_#1more_0_D1.0,0,0.0,-1.0,[]
240.0,joinedS_3663662947_3663662948_3698084160_3698084161_#1more_0_D1.1,0,0.0,-1.0,[]
240.0,joinedS_3663662947_3663662948_3698084160_3698084161_#1more_0_D1.2,0,0.0,-1.0,[]
240.0,joinedS_3663662947_3663662948_3698084160_3698084161_#1more_0_D1.3,0,0.0,-1.0,[]
240.0,joinedS_3663662947_3663662948_3698084160_3698084161_#1more_0_D2.0,0,0.0,-1.0,[]
240.0,joinedS_3663662947_3663662948_3698084160_3698084161_#1more_0_D2.1,1,100.0,-1.0,['veh146']
240.0,joinedS_3663662947_3663662948_3698084160_3698084161_#1more_0_D2.2,0,0.0,-1.0,[]
240.0,joinedS_3663662947_3663662948_3698084160_3698084161_#1more_0_D2.3,1,100.0,-1.0,['veh141']
240.0,joinedS_3663662947_3663662948_3698084160_3698084161_#1more_0_D3.0,1,100.0,-1.0,['veh140']
240.0,joinedS_3663662947_3663662948_3698084160_3698084161_#1more_0_D3.1,0,0.0,-1.0,[]
240.0,joinedS_3663662947_3663662948_3698084160_3698084161_#1more_0_D3.2,0,0.0,-1.0,[]
240.0,joinedS_3663662947_3663662948_3698084160_3698084161_#1more_0_D3.3,0,0.0,-1.0,[]
240.0,joinedS_3663662947_3663662948_3698084160_3698084161_#1more_0_D3.4,0,0.0,-1.0,[]
245.0,cluster_122855839_3663662942_3663662943_3663662944_#1more_0_D0.0,0,0.0,-1.0,[]
245.0,cluster_122855839_3663662942_3663662943_3663662944_#1more_0_D0.1,0,0.0,-1.0,[]
245.0,cluster_122855839_3663662942_3663662943_3663662944_#1more_0_D0.2,0,0.0,-1.0,[]
245.0,cluster_122855839_3663662942_3663662943_3663662944_#1more_0_D0.3,0,0.0,-1.0,[]
245.0,cluster_122855839_3663662942_3663662943_3663662944_#1more_0_D0.4,1,62.94767861640764,6.449828575436454,['veh123']
245.0,cluster_122855839_3663662942_3663662943_3663662944_#1more_0_D1.0,0,0.0,-1.0,[]
245.0,cluster_122855839_3663662942_3663662943_3663662944_#1more_0_D1.1,1,65.23077039022382,7.665094203378216,['veh32']
245.0,cluster_122855839_3663662942_3663662943_3663662944_#1more_0_D1.2,1,0.0,-1.0,['veh34']
245.0,cluster_122855839_3663662942_3663662943_3663662944_#1more_0_D2.0,1,100.0,-1.0,['bus3']
245.0,cluster_122855839_3663662942_3663662943_3663662944_#1more_0_D2.1,0,0.0,-1.0,[]
245.0,cluster_123241924_382443557_5344542568_5546892974_#3more_0_D0.0,1,75.70929377656341,4.541432225952221,['bus9']
245.0,cluster_123241924_382443557_5344542568_5546892974_#3more_0_D0.1,0,0.0,-1.0,[]
245.0,cluster_123241924_382443557_5344542568_5546892974_#3more_0_D0.2,0,0.0,-1.0,[]
245.0,cluster_123241924_382443557_5344542568_5546892974_#3more_0_D0.3,0,0.0,-1.0,[]
245.0,cluster_123241924_382443557_5344542568_5546892974_#3more_0_D0.4,0,0.0,-1.0,[]
245.0,cluster_123241924_382443557_5344542568_5546892974_#3more_0_D1.0,0,0.0,-1.0,[]
245.0,cluster_123241924_382443557_5344542568_5546892974_#3more_0_D2.0,0,0.0,-1.0,[]
245.0,cluster_123241924_382443557_5344542568_5546892974_#3more_0_D2.1,0,0.0,-1.0,[]
245.0,cluster_123241924_382443557_5344542568_5546892974_#3more_0_D2.2,1,100.0,-1.0,['bus12']
245.0,cluster_123241924_382443557_5344542568_5546892974_#3more_0_D2.3,0,0.0,-1.0,[]
245.0,cluster_123241924_382443557_5344542568_5546892974_#3more_0_D2.4,0,0.0,-1.0,[]
245.0,cluster_123241924_382443557_5344542568_5546892974_#3more_0_D2.5,1,0.0,-1.0,['bus1']
245.0,cluster_123241924_382443557_5344542568_5546892974_#3more_0_D3.0,0,0.0,-1.0,[]
245.0,cluster_123241924_382443557_5344542568_5546892974_#3more_0_D3.1,0,0.0,-1.0,[]
245.0,cluster_123241924_382443557_5344542568_5546892974_#3more_0_D3.2,0,0.0,-1.0,[]
245.0,cluster_123241924_382443557_5344542568_5546892974_#3more_0_D3.3,0,0.0,-1.0,[]
245.0,cluster_123241924_382443557_5344542568_5546892974_#3more_0_D3.4,0,0.0,-1.0,[]
245.0,cluster_123281084_3663662939_3664674395_3664674397_#1more_0_D0.0,0,0.0,-1.0,[]
245.0,cluster_123281084_3663662939_3664674395_3664674397_#1more_0_D0.1,0,0.0,-1.0,[]
245.0,cluster_123281084_3663662939_3664674395_3664674397_#1more_0_D0.2,0,0.0,-1.0,[]
245.0,cluster_123281084_3663662939_3664674395_3664674397_#1more_0_D0.3,0,0.0,-1.0,[]
245.0,cluster_123281084_3663662939_3664674395_3664674397_#1more_0_D0.4,0,0.0,-1.0,[]
245.0,cluster_123281084_3663662939_3664674395_3664674397_#1more_0_D1.0,1,0.0,-1.0,['veh124']
245.0,cluster_123281084_3663662939_3664674395_3664674397_#1more_0_D1.1,0,0.0,-1.0,[]
245.0,cluster_123281084_3663662939_3664674395_3664674397_#1more_0_D2.0,0,0.0,-1.0,[]
245.0,cluster_123281084_3663662939_3664674395_3664674397_#1more_0_D2.1,0,0.0,-1.0,[]
245.0,cluster_123281085_12840608127_12840608130_12840608135_#1more_0_D0.0,0,0.0,-1.0,[]
245.0,cluster_123281085_12840608127_12840608130_12840608135_#1more_0_D1.0,0,0.0,-1.0,[]
245.0,cluster_123292026_3663224279_3663224280_3663662945_#1more_0_D0.0,0,0.0,-1.0,[]
245.0,cluster_123292026_3663224279_3663224280_3663662945_#1more_0_D0.1,0,0.0,-1.0,[]
245.0,cluster_123292026_3663224279_3663224280_3663662945_#1more_0_D1.0,0,0.0,-1.0,[]
245.0,cluster_123292026_3663224279_3663224280_3663662945_#1more_0_D1.1,0,0.0,-1.0,[]
245.0,cluster_123292026_3663224279_3663224280_3663662945_#1more_0_D1.2,0,0.0,-1.0,[]
245.0,cluster_123292026_3663224279_3663224280_3663662945_#1more_0_D1.3,0,0.0,-1.0,[]
245.0,cluster_123292026_3663224279_3663224280_3663662945_#1more_0_D2.0,0,0.0,-1.0,[]
245.0,cluster_123292026_3663224279_3663224280_3663662945_#1more_0_D2.1,0,0.0,-1.0,[]
245.0,cluster_123292029_3663224277_3663224278_5344542569_#1more_0_D0.0,1,0.0,-1.0,['veh39']
245.0,cluster_123292029_3663224277_3663224278_5344542569_#1more_0_D0.1,0,0.0,-1.0,[]
245.0,cluster_123292029_3663224277_3663224278_5344542569_#1more_0_D0.2,0,0.0,-1.0,[]
245.0,cluster_123292029_3663224277_3663224278_5344542569_#1more_0_D1.0,0,0.0,-1.0,[]
245.0,cluster_123292029_3663224277_3663224278_5344542569_#1more_0_D1.1,0,0.0,-1.0,[]
245.0,cluster_123292029_3663224277_3663224278_5344542569_#1more_0_D2.0,1,42.67947259135383,11.715233803083404,['veh93']
245.0,cluster_123292029_3663224277_3663224278_5344542569_#1more_0_D2.1,0,0.0,-1.0,[]
245.0,cluster_123292029_3663224277_3663224278_5344542569_#1more_0_D2.2,0,0.0,-1.0,[]
245.0,cluster_123292029_3663224277_3663224278_5344542569_#1more_0_D3.0,0,0.0,-1.0,[]
245.0,cluster_123292029_3663224277_3663224278_5344542569_#1more_0_D3.1,0,0.0,-1.0,[]
245.0,cluster_123292031_3663224275_3663224276_3663662936_#1more_0_D0.0,0,0.0,-1.0,[]
245.0,cluster_123292031_3663224275_3663224276_3663662936_#1more_0_D0.1,0,0.0,-1.0,[]
245.0,cluster_123292031_3663224275_3663224276_3663662936_#1more_0_D1.0,1,75.8276063519105,5.9991661867243495,['veh122']
245.0,cluster_123292031_3663224275_3663224276_3663662936_#1more_0_D2.0,0,0.0,-1.0,[]
245.0,cluster_123292031_3663224275_3663224276_3663662936_#1more_0_D2.1,0,0.0,-1.0,[]
245.0,cluster_123308403_3663827018_3663827019_3664674393_#1more_0_D0.0,0,0.0,-1.0,[]
245.0,cluster_123308403_3663827018_3663827019_3664674393_#1more_0_D0.1,0,0.0,-1.0,[]
245.0,cluster_123308403_3663827018_3663827019_3664674393_#1more_0_D1.0,0,0.0,-1.0,[]
245.0,cluster_123308403_3663827018_3663827019_3664674393_#1more_0_D1.1,0,0.0,-1.0,[]
245.0,cluster_123308403_3663827018_3663827019_3664674393_#1more_0_D1.2,0,0.0,-1.0,[]
245.0,cluster_123308403_3663827018_3663827019_3664674393_#1more_0_D1.3,0,0.0,-1.0,[]
245.0,cluster_123308403_3663827018_3663827019_3664674393_#1more_0_D2.0,0,0.0,-1.0,[]
245.0,cluster_123308403_3663827018_3663827019_3664674393_#1more_0_D2.1,0,0.0,-1.0,[]
245.0,cluster_123308403_3663827018_3663827019_3664674393_#1more_0_D2.2,0,0.0,-1.0,[]
245.0,cluster_3664723686_3698084157_3698084158_3698084159_#1more_0_D0.0,0,0.0,-1.0,[]
245.0,cluster_3664723686_3698084157_3698084158_3698084159_#1more_0_D0.1,0,0.0,-1.0,[]
245.0,cluster_3664723686_3698084157_3698084158_3698084159_#1more_0_D0.2,0,0.0,-1.0,[]
245.0,cluster_3664723686_3698084157_3698084158_3698084159_#1more_0_D1.0,0,0.0,-1.0,[]
245.0,cluster_3664723686_3698084157_3698084158_3698084159_#1more_0_D1.1,0,0.0,-1.0,[]
245.0,cluster_3664723686_3698084157_3698084158_3698084159_#1more_0_D1.2,0,0.0,-1.0,[]
245.0,joinedS_3663662947_3663662948_3698084160_3698084161_#1more_0_D0.0,0,0.0,-1.0,[]
245.0,joinedS_3663662947_3663662948_3698084160_3698084161_#1more_0_D0.1,0,0.0,-1.0,[]
245.0,joinedS_3663662947_3663662948_3698084160_3698084161_#1more_0_D0.2,0,0.0,-1.0,[]
245.0,joinedS_3663662947_3663662948_3698084160_3698084161_#1more_0_D0.3,0,0.0,-1.0,[]
245.0,joinedS_3663662947_3663662948_3698084160_3698084161_#1more_0_D1.0,0,0.0,-1.0,[]
245.0,joinedS_3663662947_3663662948_3698084160_3698084161_#1more_0_D1.1,1,0.0,-1.0,['veh149']
245.0,joinedS_3663662947_3663662948_3698084160_3698084161_#1more_0_D1.2,0,0.0,-1.0,[]
245.0,joinedS_3663662947_3663662948_3698084160_3698084161_#1more_0_D1.3,0,0.0,-1.0,[]
245.0,joinedS_3663662947_3663662948_3698084160_3698084161_#1more_0_D2.0,0,0.0,-1.0,[]
245.0,joinedS_3663662947_3663662948_3698084160_3698084161_#1more_0_D2.1,1,100.0,-1.0,['veh146']
245.0,joinedS_3663662947_3663662948_3698084160_3698084161_#1more_0_D2.2,0,0.0,-1.0,[]
245.0,joinedS_3663662947_3663662948_3698084160_3698084161_#1more_0_D2.3,1,100.0,-1.0,['veh141']
245.0,joinedS_3663662947_3663662948_3698084160_3698084161_#1more_0_D3.0,0,0.0,-1.0,[]
245.0,joinedS_3663662947_3663662948_3698084160_3698084161_#1more_0_D3.1,0,0.0,-1.0,[]
245.0,joinedS_3663662947_3663662948_3698084160_3698084161_#1more_0_D3.2,0,0.0,-1.0,[]
245.0,joinedS_3663662947_3663662948_3698084160_3698084161_#1more_0_D3.3,0,0.0,-1.0,[]
245.0,joinedS_3663662947_3663662948_3698084160_3698084161_#1more_0_D3.4,0,0.0,-1.0,[]
250.0,cluster_122855839_3663662942_3663662943_3663662944_#1more_0_D0.0,0,0.0,-1.0,[]
250.0,cluster_122855839_3663662942_3663662943_3663662944_#1more_0_D0.1,0,0.0,-1.0,[]
250.0,cluster_122855839_3663662942_3663662943_3663662944_#1more_0_D0.2,0,0.0,-1.0,[]
250.0,cluster_122855839_3663662942_3663662943_3663662944_#1more_0_D0.3,0,0.0,-1.0,[]
250.0,cluster_122855839_3663662942_3663662943_3663662944_#1more_0_D0.4,1,76.1558049499115,6.11839904582422,['veh112']
250.0,cluster_122855839_3663662942_3663662943_3663662944_#1more_0_D1.0,0,0.0,-1.0,[]
250.0,cluster_122855839_3663662942_3663662943_3663662944_#1more_0_D1.1,1,100.0,-1.0,['veh72']
250.0,cluster_122855839_3663662942_3663662943_3663662944_#1more_0_D1.2,0,0.0,-1.0,[]
250.0,cluster_122855839_3663662942_3663662943_3663662944_#1more_0_D2.0,1,100.0,-1.0,['bus3']
250.0,cluster_122855839_3663662942_3663662943_3663662944_#1more_0_D2.1,0,0.0,-1.0,[]
250.0,cluster_123241924_382443557_5344542568_5546892974_#3more_0_D0.0,0,0.0,-1.0,[]
250.0,cluster_123241924_382443557_5344542568_5546892974_#3more_0_D0.1,0,0.0,-1.0,[]
250.0,cluster_123241924_382443557_5344542568_5546892974_#3more_0_D0.2,1,0.0,-1.0,['bus9']
250.0,cluster_123241924_382443557_5344542568_5546892974_#3more_0_D0.3,0,0.0,-1.0,[]
250.0,cluster_123241924_382443557_5344542568_5546892974_#3more_0_D0.4,0,0.0,-1.0,[]
250.0,cluster_123241924_382443557_5344542568_5546892974_#3more_0_D1.0,0,0.0,-1.0,[]
250.0,cluster_123241924_382443557_5344542568_5546892974_#3more_0_D2.0,0,0.0,-1.0,[]
250.0,cluster_123241924_382443557_5344542568_5546892974_#3more_0_D2.1,0,0.0,-1.0,[]
250.0,cluster_123241924_382443557_5344542568_5546892974_#3more_0_D2.2,1,100.0,-1.0,['bus12']
250.0,cluster_123241924_382443557_5344542568_5546892974_#3more_0_D2.3,0,0.0,-1.0,[]
250.0,cluster_123241924_382443557_5344542568_5546892974_#3more_0_D2.4,0,0.0,-1.0,[]
250.0,cluster_123241924_382443557_5344542568_5546892974_#3more_0_D2.5,0,0.0,-1.0,[]
250.0,cluster_123241924_382443557_5344542568_5546892974_#3more_0_D3.0,0,0.0,-1.0,[]
250.0,cluster_123241924_382443557_5344542568_5546892974_#3more_0_D3.1,0,0.0,-1.0,[]
250.0,cluster_123241924_382443557_5344542568_5546892974_#3more_0_D3.2,0,0.0,-1.0,[]
250.0,cluster_123241924_382443557_5344542568_5546892974_#3more_0_D3.3,0,0.0,-1.0,[]
250.0,cluster_123241924_382443557_5344542568_5546892974_#3more_0_D3.4,0,0.0,-1.0,[]
250.0,cluster_123281084_3663662939_3664674395_3664674397_#1more_0_D0.0,0,0.0,-1.0,[]
250.0,cluster_123281084_3663662939_3664674395_3664674397_#1more_0_D0.1,0,0.0,-1.0,[]
250.0,cluster_123281084_3663662939_3664674395_3664674397_#1more_0_D0.2,0,0.0,-1.0,[]
250.0,cluster_123281084_3663662939_3664674395_3664674397_#1more_0_D0.3,0,0.0,-1.0,[]
250.0,cluster_123281084_3663662939_3664674395_3664674397_#1more_0_D0.4,0,0.0,-1.0,[]
250.0,cluster_123281084_3663662939_3664674395_3664674397_#1more_0_D1.0,1,100.0,-1.0,['veh113']
250.0,cluster_123281084_3663662939_3664674395_3664674397_#1more_0_D1.1,0,0.0,-1.0,[]
250.0,cluster_123281084_3663662939_3664674395_3664674397_#1more_0_D2.0,0,0.0,-1.0,[]
250.0,cluster_123281084_3663662939_3664674395_3664674397_#1more_0_D2.1,0,0.0,-1.0,[]
250.0,cluster_123281085_12840608127_12840608130_12840608135_#1more_0_D0.0,0,0.0,-1.0,[]
250.0,cluster_123281085_12840608127_12840608130_12840608135_#1more_0_D1.0,0,0.0,-1.0,[]
250.0,cluster_123292026_3663224279_3663224280_3663662945_#1more_0_D0.0,0,0.0,-1.0,[]
250.0,cluster_123292026_3663224279_3663224280_3663662945_#1more_0_D0.1,0,0.0,-1.0,[]
250.0,cluster_123292026_3663224279_3663224280_3663662945_#1more_0_D1.0,0,0.0,-1.0,[]
250.0,cluster_123292026_3663224279_3663224280_3663662945_#1more_0_D1.1,0,0.0,-1.0,[]
250.0,cluster_123292026_3663224279_3663224280_3663662945_#1more_0_D1.2,0,0.0,-1.0,[]
250.0,cluster_123292026_3663224279_3663224280_3663662945_#1more_0_D1.3,0,0.0,-1.0,[]
250.0,cluster_123292026_3663224279_3663224280_3663662945_#1more_0_D2.0,0,0.0,-1.0,[]
250.0,cluster_123292026_3663224279_3663224280_3663662945_#1more_0_D2.1,0,0.0,-1.0,[]
250.0,cluster_123292029_3663224277_3663224278_5344542569_#1more_0_D0.0,1,59.086405210075554,5.944779411943602,['truck3']
250.0,cluster_123292029_3663224277_3663224278_5344542569_#1more_0_D0.1,0,0.0,-1.0,[]
250.0,cluster_123292029_3663224277_3663224278_5344542569_#1more_0_D0.2,0,0.0,-1.0,[]
250.0,cluster_123292029_3663224277_3663224278_5344542569_#1more_0_D1.0,0,0.0,-1.0,[]
250.0,cluster_123292029_3663224277_3663224278_5344542569_#1more_0_D1.1,0,0.0,-1.0,[]
250.0,cluster_123292029_3663224277_3663224278_5344542569_#1more_0_D2.0,1,0.0,-1.0,['truck4']
250.0,cluster_123292029_3663224277_3663224278_5344542569_#1more_0_D2.1,0,0.0,-1.0,[]
250.0,cluster_123292029_3663224277_3663224278_5344542569_#1more_0_D2.2,0,0.0,-1.0,[]
250.0,cluster_123292029_3663224277_3663224278_5344542569_#1more_0_D3.0,0,0.0,-1.0,[]
250.0,cluster_123292029_3663224277_3663224278_5344542569_#1more_0_D3.1,0,0.0,-1.0,[]
250.0,cluster_123292031_3663224275_3663224276_3663662936_#1more_0_D0.0,0,0.0,-1.0,[]
250.0,cluster_123292031_3663224275_3663224276_3663662936_#1more_0_D0.1,1,21.309509769244528,14.341457021292925,['veh101']
250.0,cluster_123292031_3663224275_3663224276_3663662936_#1more_0_D1.0,0,0.0,-1.0,[]
250.0,cluster_123292031_3663224275_3663224276_3663662936_#1more_0_D2.0,0,0.0,-1.0,[]
250.0,cluster_123292031_3663224275_3663224276_3663662936_#1more_0_D2.1,1,0.0,-1.0,['veh150']
250.0,cluster_123308403_3663827018_3663827019_3664674393_#1more_0_D0.0,0,0.0,-1.0,[]
250.0,cluster_123308403_3663827018_3663827019_3664674393_#1more_0_D0.1,0,0.0,-1.0,[]
250.0,cluster_123308403_3663827018_3663827019_3664674393_#1more_0_D1.0,0,0.0,-1.0,[]
250.0,cluster_123308403_3663827018_3663827019_3664674393_#1more_0_D1.1,0,0.0,-1.0,[]
250.0,cluster_123308403_3663827018_3663827019_3664674393_#1more_0_D1.2,0,0.0,-1.0,[]
250.0,cluster_123308403_3663827018_3663827019_3664674393_#1more_0_D1.3,0,0.0,-1.0,[]
250.0,cluster_123308403_3663827018_3663827019_3664674393_#1more_0_D2.0,0,0.0,-1.0,[]
250.0,cluster_123308403_3663827018_3663827019_3664674393_#1more_0_D2.1,0,0.0,-1.0,[]
250.0,cluster_123308403_3663827018_3663827019_3664674393_#1more_0_D2.2,0,0.0,-1.0,[]
250.0,cluster_3664723686_3698084157_3698084158_3698084159_#1more_0_D0.0,0,0.0,-1.0,[]
250.0,cluster_3664723686_3698084157_3698084158_3698084159_#1more_0_D0.1,0,0.0,-1.0,[]
250.0,cluster_3664723686_3698084157_3698084158_3698084159_#1more_0_D0.2,0,0.0,-1.0,[]
250.0,cluster_3664723686_3698084157_3698084158_3698084159_#1more_0_D1.0,0,0.0,-1.0,[]
250.0,cluster_3664723686_3698084157_3698084158_3698084159_#1more_0_D1.1,0,0.0,-1.0,[]
250.0,cluster_3664723686_3698084157_3698084158_3698084159_#1more_0_D1.2,0,0.0,-1.0,[]
250.0,joinedS_3663662947_3663662948_3698084160_3698084161_#1more_0_D0.0,0,0.0,-1.0,[]
250.0,joinedS_3663662947_3663662948_3698084160_3698084161_#1more_0_D0.1,0,0.0,-1.0,[]
250.0,joinedS_3663662947_3663662948_3698084160_3698084161_#1more_0_D0.2,0,0.0,-1.0,[]
250.0,joinedS_3663662947_3663662948_3698084160_3698084161_#1more_0_D0.3,0,0.0,-1.0,[]
250.0,joinedS_3663662947_3663662948_3698084160_3698084161_#1more_0_D1.0,0,0.0,-1.0,[]
250.0,joinedS_3663662947_3663662948_3698084160_3698084161_#1more_0_D1.1,0,0.0,-1.0,[]
250.0,joinedS_3663662947_3663662948_3698084160_3698084161_#1more_0_D1.2,0,0.0,-1.0,[]
250.0,joinedS_3663662947_3663662948_3698084160_3698084161_#1more_0_D1.3,0,0.0,-1.0,[]
250.0,joinedS_3663662947_3663662948_3698084160_3698084161_#1more_0_D2.0,0,0.0,-1.0,[]
250.0,joinedS_3663662947_3663662948_3698084160_3698084161_#1more_0_D2.1,1,100.0,-1.0,['veh146']
250.0,joinedS_3663662947_3663662948_3698084160_3698084161_#1more_0_D2.2,0,0.0,-1.0,[]
250.0,joinedS_3663662947_3663662948_3698084160_3698084161_#1more_0_D2.3,1,100.0,-1.0,['veh141']
250.0,joinedS_3663662947_3663662948_3698084160_3698084161_#1more_0_D3.0,0,0.0,-1.0,[]
250.0,joinedS_3663662947_3663662948_3698084160_3698084161_#1more_0_D3.1,0,0.0,-1.0,[]
250.0,joinedS_3663662947_3663662948_3698084160_3698084161_#1more_0_D3.2,0,0.0,-1.0,[]
250.0,joinedS_3663662947_3663662948_3698084160_3698084161_#1more_0_D3.3,0,0.0,-1.0,[]
250.0,joinedS_3663662947_3663662948_3698084160_3698084161_#1more_0_D3.4,0,0.0,-1.0,[]
255.0,cluster_122855839_3663662942_3663662943_3663662944_#1more_0_D0.0,0,0.0,-1.0,[]
255.0,cluster_122855839_3663662942_3663662943_3663662944_#1more_0_D0.1,0,0.0,-1.0,[]
255.0,cluster_122855839_3663662942_3663662943_3663662944_#1more_0_D0.2,0,0.0,-1.0,[]
255.0,cluster_122855839_3663662942_3663662943_3663662944_#1more_0_D0.3,0,0.0,-1.0,[]
255.0,cluster_122855839_3663662942_3663662943_3663662944_#1more_0_D0.4,1,1.407996783294152,6.628937232313186,['veh140']
255.0,cluster_122855839_3663662942_3663662943_3663662944_#1more_0_D1.0,0,0.0,-1.0,[]
255.0,cluster_122855839_3663662942_3663662943_3663662944_#1more_0_D1.1,1,100.0,-1.0,['veh72']
255.0,cluster_122855839_3663662942_3663662943_3663662944_#1more_0_D1.2,0,0.0,-1.0,[]
255.0,cluster_122855839_3663662942_3663662943_3663662944_#1more_0_D2.0,1,100.0,-1.0,['bus3']
255.0,cluster_122855839_3663662942_3663662943_3663662944_#1more_0_D2.1,0,0.0,-1.0,[]
255.0,cluster_123241924_382443557_5344542568_5546892974_#3more_0_D0.0,0,0.0,-1.0,[]
255.0,cluster_123241924_382443557_5344542568_5546892974_#3more_0_D0.1,0,0.0,-1.0,[]
255.0,cluster_123241924_382443557_5344542568_5546892974_#3more_0_D0.2,0,0.0,-1.0,[]
255.0,cluster_123241924_382443557_5344542568_5546892974_#3more_0_D0.3,0,0.0,-1.0,[]
255.0,cluster_123241924_382443557_5344542568_5546892974_#3more_0_D0.4,0,0.0,-1.0,[]
255.0,cluster_123241924_382443557_5344542568_5546892974_#3more_0_D1.0,0,0.0,-1.0,[]
255.0,cluster_123241924_382443557_5344542568_5546892974_#3more_0_D2.0,0,0.0,-1.0,[]
255.0,cluster_123241924_382443557_5344542568_5546892974_#3more_0_D2.1,0,0.0,-1.0,[]
255.0,cluster_123241924_382443557_5344542568_5546892974_#3more_0_D2.2,1,100.0,-1.0,['bus12']
255.0,cluster_123241924_382443557_5344542568_5546892974_#3more_0_D2.3,0,0.0,-1.0,[]
255.0,cluster_123241924_382443557_5344542568_5546892974_#3more_0_D2.4,0,0.0,-1.0,[]
255.0,cluster_123241924_382443557_5344542568_5546892974_#3more_0_D2.5,0,0.0,-1.0,[]
255.0,cluster_123241924_382443557_5344542568_5546892974_#3more_0_D3.0,0,0.0,-1.0,[]
255.0,cluster_123241924_382443557_5344542568_5546892974_#3more_0_D3.1,0,0.0,-1.0,[]
255.0,cluster_123241924_382443557_5344542568_5546892974_#3more_0_D3.2,0,0.0,-1.0,[]
255.0,cluster_123241924_382443557_5344542568_5546892974_#3more_0_D3.3,0,0.0,-1.0,[]
255.0,cluster_123241924_382443557_5344542568_5546892974_#3more_0_D3.4,0,0.0,-1.0,[]
255.0,cluster_123281084_3663662939_3664674395_3664674397_#1more_0_D0.0,0,0.0,-1.0,[]
255.0,cluster_123281084_3663662939_3664674395_3664674397_#1more_0_D0.1,0,0.0,-1.0,[]
255.0,cluster_123281084_3663662939_3664674395_3664674397_#1more_0_D0.2,0,0.0,-1.0,[]
255.0,cluster_123281084_3663662939_3664674395_3664674397_#1more_0_D0.3,0,0.0,-1.0,[]
255.0,cluster_123281084_3663662939_3664674395_3664674397_#1more_0_D0.4,0,0.0,-1.0,[]
255.0,cluster_123281084_3663662939_3664674395_3664674397_#1more_0_D1.0,1,100.0,-1.0,['veh113']
255.0,cluster_123281084_3663662939_3664674395_3664674397_#1more_0_D1.1,0,0.0,-1.0,[]
255.0,cluster_123281084_3663662939_3664674395_3664674397_#1more_0_D2.0,0,0.0,-1.0,[]
255.0,cluster_123281084_3663662939_3664674395_3664674397_#1more_0_D2.1,0,0.0,-1.0,[]
255.0,cluster_123281085_12840608127_12840608130_12840608135_#1more_0_D0.0,0,0.0,-1.0,[]
255.0,cluster_123281085_12840608127_12840608130_12840608135_#1more_0_D1.0,0,0.0,-1.0,[]
255.0,cluster_123292026_3663224279_3663224280_3663662945_#1more_0_D0.0,0,0.0,-1.0,[]
255.0,cluster_123292026_3663224279_3663224280_3663662945_#1more_0_D0.1,0,0.0,-1.0,[]
255.0,cluster_123292026_3663224279_3663224280_3663662945_#1more_0_D1.0,0,0.0,-1.0,[]
255.0,cluster_123292026_3663224279_3663224280_3663662945_#1more_0_D1.1,0,0.0,-1.0,[]
255.0,cluster_123292026_3663224279_3663224280_3663662945_#1more_0_D1.2,0,0.0,-1.0,[]
255.0,cluster_123292026_3663224279_3663224280_3663662945_#1more_0_D1.3,0,0.0,-1.0,[]
255.0,cluster_123292026_3663224279_3663224280_3663662945_#1more_0_D2.0,0,0.0,-1.0,[]
255.0,cluster_123292026_3663224279_3663224280_3663662945_#1more_0_D2.1,0,0.0,-1.0,[]
255.0,cluster_123292029_3663224277_3663224278_5344542569_#1more_0_D0.0,1,5.574896625398651,8.433113226452273,['veh63']
255.0,cluster_123292029_3663224277_3663224278_5344542569_#1more_0_D0.1,0,0.0,-1.0,[]
255.0,cluster_123292029_3663224277_3663224278_5344542569_#1more_0_D0.2,0,0.0,-1.0,[]
255.0,cluster_123292029_3663224277_3663224278_5344542569_#1more_0_D1.0,0,0.0,-1.0,[]
255.0,cluster_123292029_3663224277_3663224278_5344542569_#1more_0_D1.1,0,0.0,-1.0,[]
255.0,cluster_123292029_3663224277_3663224278_5344542569_#1more_0_D2.0,1,31.65121763823322,9.508733104858196,['veh95']
255.0,cluster_123292029_3663224277_3663224278_5344542569_#1more_0_D2.1,0,0.0,-1.0,[]
255.0,cluster_123292029_3663224277_3663224278_5344542569_#1more_0_D2.2,0,0.0,-1.0,[]
255.0,cluster_123292029_3663224277_3663224278_5344542569_#1more_0_D3.0,0,0.0,-1.0,[]
255.0,cluster_123292029_3663224277_3663224278_5344542569_#1more_0_D3.1,0,0.0,-1.0,[]
255.0,cluster_123292031_3663224275_3663224276_3663662936_#1more_0_D0.0,0,0.0,-1.0,[]
255.0,cluster_123292031_3663224275_3663224276_3663662936_#1more_0_D0.1,0,0.0,-1.0,[]
255.0,cluster_123292031_3663224275_3663224276_3663662936_#1more_0_D1.0,0,0.0,-1.0,[]
255.0,cluster_123292031_3663224275_3663224276_3663662936_#1more_0_D2.0,0,0.0,-1.0,[]
255.0,cluster_123292031_3663224275_3663224276_3663662936_#1more_0_D2.1,0,0.0,-1.0,[]
255.0,cluster_123308403_3663827018_3663827019_3664674393_#1more_0_D0.0,0,0.0,-1.0,[]
255.0,cluster_123308403_3663827018_3663827019_3664674393_#1more_0_D0.1,1,49.64382643510703,10.071745792069141,['veh60']
255.0,cluster_123308403_3663827018_3663827019_3664674393_#1more_0_D1.0,0,0.0,-1.0,[]
255.0,cluster_123308403_3663827018_3663827019_3664674393_#1more_0_D1.1,0,0.0,-1.0,[]
255.0,cluster_123308403_3663827018_3663827019_3664674393_#1more_0_D1.2,0,0.0,-1.0,[]
255.0,cluster_123308403_3663827018_3663827019_3664674393_#1more_0_D1.3,0,0.0,-1.0,[]
255.0,cluster_123308403_3663827018_3663827019_3664674393_#1more_0_D2.0,0,0.0,-1.0,[]
255.0,cluster_123308403_3663827018_3663827019_3664674393_#1more_0_D2.1,0,0.0,-1.0,[]
255.0,cluster_123308403_3663827018_3663827019_3664674393_#1more_0_D2.2,0,0.0,-1.0,[]
255.0,cluster_3664723686_3698084157_3698084158_3698084159_#1more_0_D0.0,0,0.0,-1.0,[]
255.0,cluster_3664723686_3698084157_3698084158_3698084159_#1more_0_D0.1,0,0.0,-1.0,[]
255.0,cluster_3664723686_3698084157_3698084158_3698084159_#1more_0_D0.2,0,0.0,-1.0,[]
255.0,cluster_3664723686_3698084157_3698084158_3698084159_#1more_0_D1.0,0,0.0,-1.0,[]
255.0,cluster_3664723686_3698084157_3698084158_3698084159_#1more_0_D1.1,0,0.0,-1.0,[]
255.0,cluster_3664723686_3698084157_3698084158_3698084159_#1more_0_D1.2,0,0.0,-1.0,[]
255.0,joinedS_3663662947_3663662948_3698084160_3698084161_#1more_0_D0.0,0,0.0,-1.0,[]
255.0,joinedS_3663662947_3663662948_3698084160_3698084161_#1more_0_D0.1,0,0.0,-1.0,[]
255.0,joinedS_3663662947_3663662948_3698084160_3698084161_#1more_0_D0.2,0,0.0,-1.0,[]
255.0,joinedS_3663662947_3663662948_3698084160_3698084161_#1more_0_D0.3,0,0.0,-1.0,[]
255.0,joinedS_3663662947_3663662948_3698084160_3698084161_#1more_0_D1.0,0,0.0,-1.0,[]
255.0,joinedS_3663662947_3663662948_3698084160_3698084161_#1more_0_D1.1,0,0.0,-1.0,[]
255.0,joinedS_3663662947_3663662948_3698084160_3698084161_#1more_0_D1.2,0,0.0,-1.0,[]
255.0,joinedS_3663662947_3663662948_3698084160_3698084161_#1more_0_D1.3,0,0.0,-1.0,[]
255.0,joinedS_3663662947_3663662948_3698084160_3698084161_#1more_0_D2.0,0,0.0,-1.0,[]
255.0,joinedS_3663662947_3663662948_3698084160_3698084161_#1more_0_D2.1,0,0.0,-1.0,[]
255.0,joinedS_3663662947_3663662948_3698084160_3698084161_#1more_0_D2.2,0,0.0,-1.0,[]
255.0,joinedS_3663662947_3663662948_3698084160_3698084161_#1more_0_D2.3,0,0.0,-1.0,[]
255.0,joinedS_3663662947_3663662948_3698084160_3698084161_#1more_0_D3.0,0,0.0,-1.0,[]
255.0,joinedS_3663662947_3663662948_3698084160_3698084161_#1more_0_D3.1,0,0.0,-1.0,[]
255.0,joinedS_3663662947_3663662948_3698084160_3698084161_#1more_0_D3.2,0,0.0,-1.0,[]
255.0,joinedS_3663662947_3663662948_3698084160_3698084161_#1more_0_D3.3,0,0.0,-1.0,[]
255.0,joinedS_3663662947_3663662948_3698084160_3698084161_#1more_0_D3.4,0,0.0,-1.0,[]
260.0,cluster_122855839_3663662942_3663662943_3663662944_#1more_0_D0.0,0,0.0,-1.0,[]
260.0,cluster_122855839_3663662942_3663662943_3663662944_#1more_0_D0.1,0,0.0,-1.0,[]
260.0,cluster_122855839_3663662942_3663662943_3663662944_#1more_0_D0.2,0,0.0,-1.0,[]
260.0,cluster_122855839_3663662942_3663662943_3663662944_#1more_0_D0.3,0,0.0,-1.0,[]
260.0,cluster_122855839_3663662942_3663662943_3663662944_#1more_0_D0.4,0,0.0,-1.0,[]
260.0,cluster_122855839_3663662942_3663662943_3663662944_#1more_0_D1.0,0,0.0,-1.0,[]
260.0,cluster_122855839_3663662942_3663662943_3663662944_#1more_0_D1.1,1,100.0,-1.0,['veh72']
260.0,cluster_122855839_3663662942_3663662943_3663662944_#1more_0_D1.2,0,0.0,-1.0,[]
260.0,cluster_122855839_3663662942_3663662943_3663662944_#1more_0_D2.0,1,100.0,-1.0,['bus3']
260.0,cluster_122855839_3663662942_3663662943_3663662944_#1more_0_D2.1,0,0.0,-1.0,[]
260.0,cluster_123241924_382443557_5344542568_5546892974_#3more_0_D0.0,0,0.0,-1.0,[]
260.0,cluster_123241924_382443557_5344542568_5546892974_#3more_0_D0.1,0,0.0,-1.0,[]
260.0,cluster_123241924_382443557_5344542568_5546892974_#3more_0_D0.2,0,0.0,-1.0,[]
260.0,cluster_123241924_382443557_5344542568_5546892974_#3more_0_D0.3,0,0.0,-1.0,[]
260.0,cluster_123241924_382443557_5344542568_5546892974_#3more_0_D0.4,0,0.0,-1.0,[]
260.0,cluster_123241924_382443557_5344542568_5546892974_#3more_0_D1.0,0,0.0,-1.0,[]
260.0,cluster_123241924_382443557_5344542568_5546892974_#3more_0_D2.0,0,0.0,-1.0,[]
260.0,cluster_123241924_382443557_5344542568_5546892974_#3more_0_D2.1,0,0.0,-1.0,[]
260.0,cluster_123241924_382443557_5344542568_5546892974_#3more_0_D2.2,1,100.0,-1.0,['bus12']
260.0,cluster_123241924_382443557_5344542568_5546892974_#3more_0_D2.3,0,0.0,-1.0,[]
260.0,cluster_123241924_382443557_5344542568_5546892974_#3more_0_D2.4,0,0.0,-1.0,[]
260.0,cluster_123241924_382443557_5344542568_5546892974_#3more_0_D2.5,1,0.0,-1.0,['bus11']
260.0,cluster_123241924_382443557_5344542568_5546892974_#3more_0_D3.0,0,0.0,-1.0,[]
260.0,cluster_123241924_382443557_5344542568_5546892974_#3more_0_D3.1,0,0.0,-1.0,[]
260.0,cluster_123241924_382443557_5344542568_5546892974_#3more_0_D3.2,0,0.0,-1.0,[]
260.0,cluster_123241924_382443557_5344542568_5546892974_#3more_0_D3.3,0,0.0,-1.0,[]
260.0,cluster_123241924_382443557_5344542568_5546892974_#3more_0_D3.4,0,0.0,-1.0,[]
260.0,cluster_123281084_3663662939_3664674395_3664674397_#1more_0_D0.0,0,0.0,-1.0,[]
260.0,cluster_123281084_3663662939_3664674395_3664674397_#1more_0_D0.1,1,46.70491782234194,10.705510753748037,['veh121']
260.0,cluster_123281084_3663662939_3664674395_3664674397_#1more_0_D0.2,0,0.0,-1.0,[]
260.0,cluster_123281084_3663662939_3664674395_3664674397_#1more_0_D0.3,0,0.0,-1.0,[]
260.0,cluster_123281084_3663662939_3664674395_3664674397_#1more_0_D0.4,0,0.0,-1.0,[]
260.0,cluster_123281084_3663662939_3664674395_3664674397_#1more_0_D1.0,1,100.0,-1.0,['veh113']
260.0,cluster_123281084_3663662939_3664674395_3664674397_#1more_0_D1.1,0,0.0,-1.0,[]
260.0,cluster_123281084_3663662939_3664674395_3664674397_#1more_0_D2.0,0,0.0,-1.0,[]
260.0,cluster_123281084_3663662939_3664674395_3664674397_#1more_0_D2.1,0,0.0,-1.0,[]
260.0,cluster_123281085_12840608127_12840608130_12840608135_#1more_0_D0.0,0,0.0,-1.0,[]
260.0,cluster_123281085_12840608127_12840608130_12840608135_#1more_0_D1.0,0,0.0,-1.0,[]
260.0,cluster_123292026_3663224279_3663224280_3663662945_#1more_0_D0.0,0,0.0,-1.0,[]
260.0,cluster_123292026_3663224279_3663224280_3663662945_#1more_0_D0.1,0,0.0,-1.0,[]
260.0,cluster_123292026_3663224279_3663224280_3663662945_#1more_0_D1.0,0,0.0,-1.0,[]
260.0,cluster_123292026_3663224279_3663224280_3663662945_#1more_0_D1.1,0,0.0,-1.0,[]
260.0,cluster_123292026_3663224279_3663224280_3663662945_#1more_0_D1.2,0,0.0,-1.0,[]
260.0,cluster_123292026_3663224279_3663224280_3663662945_#1more_0_D1.3,0,0.0,-1.0,[]
260.0,cluster_123292026_3663224279_3663224280_3663662945_#1more_0_D2.0,0,0.0,-1.0,[]
260.0,cluster_123292026_3663224279_3663224280_3663662945_#1more_0_D2.1,0,0.0,-1.0,[]
260.0,cluster_123292029_3663224277_3663224278_5344542569_#1more_0_D0.0,1,100.0,-1.0,['veh70']
260.0,cluster_123292029_3663224277_3663224278_5344542569_#1more_0_D0.1,0,0.0,-1.0,[]
260.0,cluster_123292029_3663224277_3663224278_5344542569_#1more_0_D0.2,0,0.0,-1.0,[]
260.0,cluster_123292029_3663224277_3663224278_5344542569_#1more_0_D1.0,0,0.0,-1.0,[]
260.0,cluster_123292029_3663224277_3663224278_5344542569_#1more_0_D1.1,0,0.0,-1.0,[]
260.0,cluster_123292029_3663224277_3663224278_5344542569_#1more_0_D2.0,0,0.0,-1.0,[]
260.0,cluster_123292029_3663224277_3663224278_5344542569_#1more_0_D2.1,1,24.018051699783882,12.681657487980798,['veh123']
260.0,cluster_123292029_3663224277_3663224278_5344542569_#1more_0_D2.2,0,0.0,-1.0,[]
260.0,cluster_123292029_3663224277_3663224278_5344542569_#1more_0_D3.0,0,0.0,-1.0,[]
260.0,cluster_123292029_3663224277_3663224278_5344542569_#1more_0_D3.1,0,0.0,-1.0,[]
260.0,cluster_123292031_3663224275_3663224276_3663662936_#1more_0_D0.0,1,0.0,-1.0,['veh69']
260.0,cluster_123292031_3663224275_3663224276_3663662936_#1more_0_D0.1,0,0.0,-1.0,[]
260.0,cluster_123292031_3663224275_3663224276_3663662936_#1more_0_D1.0,0,0.0,-1.0,[]
260.0,cluster_123292031_3663224275_3663224276_3663662936_#1more_0_D2.0,0,0.0,-1.0,[]
260.0,cluster_123292031_3663224275_3663224276_3663662936_#1more_0_D2.1,1,0.0,-1.0,['veh155']
260.0,cluster_123308403_3663827018_3663827019_3664674393_#1more_0_D0.0,0,0.0,-1.0,[]
260.0,cluster_123308403_3663827018_3663827019_3664674393_#1more_0_D0.1,0,0.0,-1.0,[]
260.0,cluster_123308403_3663827018_3663827019_3664674393_#1more_0_D1.0,0,0.0,-1.0,[]
260.0,cluster_123308403_3663827018_3663827019_3664674393_#1more_0_D1.1,0,0.0,-1.0,[]
260.0,cluster_123308403_3663827018_3663827019_3664674393_#1more_0_D1.2,1,0.0,-1.0,['veh158']
260.0,cluster_123308403_3663827018_3663827019_3664674393_#1more_0_D1.3,0,0.0,-1.0,[]
260.0,cluster_123308403_3663827018_3663827019_3664674393_#1more_0_D2.0,0,0.0,-1.0,[]
260.0,cluster_123308403_3663827018_3663827019_3664674393_#1more_0_D2.1,0,0.0,-1.0,[]
260.0,cluster_123308403_3663827018_3663827019_3664674393_#1more_0_D2.2,0,0.0,-1.0,[]
260.0,cluster_3664723686_3698084157_3698084158_3698084159_#1more_0_D0.0,0,0.0,-1.0,[]
260.0,cluster_3664723686_3698084157_3698084158_3698084159_#1more_0_D0.1,0,0.0,-1.0,[]
260.0,cluster_3664723686_3698084157_3698084158_3698084159_#1more_0_D0.2,0,0.0,-1.0,[]
260.0,cluster_3664723686_3698084157_3698084158_3698084159_#1more_0_D1.0,0,0.0,-1.0,[]
260.0,cluster_3664723686_3698084157_3698084158_3698084159_#1more_0_D1.1,0,0.0,-1.0,[]
260.0,cluster_3664723686_3698084157_3698084158_3698084159_#1more_0_D1.2,0,0.0,-1.0,[]
260.0,joinedS_3663662947_3663662948_3698084160_3698084161_#1more_0_D0.0,0,0.0,-1.0,[]
260.0,joinedS_3663662947_3663662948_3698084160_3698084161_#1more_0_D0.1,0,0.0,-1.0,[]
260.0,joinedS_3663662947_3663662948_3698084160_3698084161_#1more_0_D0.2,0,0.0,-1.0,[]
260.0,joinedS_3663662947_3663662948_3698084160_3698084161_#1more_0_D0.3,0,0.0,-1.0,[]
260.0,joinedS_3663662947_3663662948_3698084160_3698084161_#1more_0_D1.0,0,0.0,-1.0,[]
260.0,joinedS_3663662947_3663662948_3698084160_3698084161_#1more_0_D1.1,0,0.0,-1.0,[]
260.0,joinedS_3663662947_3663662948_3698084160_3698084161_#1more_0_D1.2,0,0.0,-1.0,[]
260.0,joinedS_3663662947_3663662948_3698084160_3698084161_#1more_0_D1.3,0,0.0,-1.0,[]
260.0,joinedS_3663662947_3663662948_3698084160_3698084161_#1more_0_D2.0,0,0.0,-1.0,[]
260.0,joinedS_3663662947_3663662948_3698084160_3698084161_#1more_0_D2.1,0,0.0,-1.0,[]
260.0,joinedS_3663662947_3663662948_3698084160_3698084161_#1more_0_D2.2,0,0.0,-1.0,[]
260.0,joinedS_3663662947_3663662948_3698084160_3698084161_#1more_0_D2.3,0,0.0,-1.0,[]
260.0,joinedS_3663662947_3663662948_3698084160_3698084161_#1more_0_D3.0,0,0.0,-1.0,[]
260.0,joinedS_3663662947_3663662948_3698084160_3698084161_#1more_0_D3.1,0,0.0,-1.0,[]
260.0,joinedS_3663662947_3663662948_3698084160_3698084161_#1more_0_D3.2,0,0.0,-1.0,[]
260.0,joinedS_3663662947_3663662948_3698084160_3698084161_#1more_0_D3.3,0,0.0,-1.0,[]
260.0,joinedS_3663662947_3663662948_3698084160_3698084161_#1more_0_D3.4,0,0.0,-1.0,[]
265.0,cluster_122855839_3663662942_3663662943_3663662944_#1more_0_D0.0,0,0.0,-1.0,[]
265.0,cluster_122855839_3663662942_3663662943_3663662944_#1more_0_D0.1,0,0.0,-1.0,[]
265.0,cluster_122855839_3663662942_3663662943_3663662944_#1more_0_D0.2,0,0.0,-1.0,[]
265.0,cluster_122855839_3663662942_3663662943_3663662944_#1more_0_D0.3,0,0.0,-1.0,[]
265.0,cluster_122855839_3663662942_3663662943_3663662944_#1more_0_D0.4,0,0.0,-1.0,[]
265.0,cluster_122855839_3663662942_3663662943_3663662944_#1more_0_D1.0,0,0.0,-1.0,[]
265.0,cluster_122855839_3663662942_3663662943_3663662944_#1more_0_D1.1,1,100.0,-1.0,['veh72']
265.0,cluster_122855839_3663662942_3663662943_3663662944_#1more_0_D1.2,0,0.0,-1.0,[]
265.0,cluster_122855839_3663662942_3663662943_3663662944_#1more_0_D2.0,1,100.0,-1.0,['bus3']
265.0,cluster_122855839_3663662942_3663662943_3663662944_#1more_0_D2.1,0,0.0,-1.0,[]
265.0,cluster_123241924_382443557_5344542568_5546892974_#3more_0_D0.0,0,0.0,-1.0,[]
265.0,cluster_123241924_382443557_5344542568_5546892974_#3more_0_D0.1,0,0.0,-1.0,[]
265.0,cluster_123241924_382443557_5344542568_5546892974_#3more_0_D0.2,0,0.0,-1.0,[]
265.0,cluster_123241924_382443557_5344542568_5546892974_#3more_0_D0.3,0,0.0,-1.0,[]
265.0,cluster_123241924_382443557_5344542568_5546892974_#3more_0_D0.4,0,0.0,-1.0,[]
265.0,cluster_123241924_382443557_5344542568_5546892974_#3more_0_D1.0,0,0.0,-1.0,[]
265.0,cluster_123241924_382443557_5344542568_5546892974_#3more_0_D2.0,0,0.0,-1.0,[]
265.0,cluster_123241924_382443557_5344542568_5546892974_#3more_0_D2.1,0,0.0,-1.0,[]
265.0,cluster_123241924_382443557_5344542568_5546892974_#3more_0_D2.2,1,100.0,-1.0,['bus12']
265.0,cluster_123241924_382443557_5344542568_5546892974_#3more_0_D2.3,0,0.0,-1.0,[]
265.0,cluster_123241924_382443557_5344542568_5546892974_#3more_0_D2.4,0,0.0,-1.0,[]
265.0,cluster_123241924_382443557_5344542568_5546892974_#3more_0_D2.5,0,0.0,-1.0,[]
265.0,cluster_123241924_382443557_5344542568_5546892974_#3more_0_D3.0,0,0.0,-1.0,[]
265.0,cluster_123241924_382443557_5344542568_5546892974_#3more_0_D3.1,0,0.0,-1.0,[]
265.0,cluster_123241924_382443557_5344542568_5546892974_#3more_0_D3.2,0,0.0,-1.0,[]
265.0,cluster_123241924_382443557_5344542568_5546892974_#3more_0_D3.3,0,0.0,-1.0,[]
265.0,cluster_123241924_382443557_5344542568_5546892974_#3more_0_D3.4,0,0.0,-1.0,[]
265.0,cluster_123281084_3663662939_3664674395_3664674397_#1more_0_D0.0,0,0.0,-1.0,[]
265.0,cluster_123281084_3663662939_3664674395_3664674397_#1more_0_D0.1,0,0.0,-1.0,[]
265.0,cluster_123281084_3663662939_3664674395_3664674397_#1more_0_D0.2,0,0.0,-1.0,[]
265.0,cluster_123281084_3663662939_3664674395_3664674397_#1more_0_D0.3,0,0.0,-1.0,[]
265.0,cluster_123281084_3663662939_3664674395_3664674397_#1more_0_D0.4,0,0.0,-1.0,[]
265.0,cluster_123281084_3663662939_3664674395_3664674397_#1more_0_D1.0,1,100.0,-1.0,['veh113']
265.0,cluster_123281084_3663662939_3664674395_3664674397_#1more_0_D1.1,0,0.0,-1.0,[]
265.0,cluster_123281084_3663662939_3664674395_3664674397_#1more_0_D2.0,0,0.0,-1.0,[]
265.0,cluster_123281084_3663662939_3664674395_3664674397_#1more_0_D2.1,1,10.224249563498233,14.001107096742391,['veh97']
265.0,cluster_123281085_12840608127_12840608130_12840608135_#1more_0_D0.0,0,0.0,-1.0,[]
265.0,cluster_123281085_12840608127_12840608130_12840608135_#1more_0_D1.0,0,0.0,-1.0,[]
265.0,cluster_123292026_3663224279_3663224280_3663662945_#1more_0_D0.0,0,0.0,-1.0,[]
265.0,cluster_123292026_3663224279_3663224280_3663662945_#1more_0_D0.1,0,0.0,-1.0,[]
265.0,cluster_123292026_3663224279_3663224280_3663662945_#1more_0_D1.0,0,0.0,-1.0,[]
265.0,cluster_123292026_3663224279_3663224280_3663662945_#1more_0_D1.1,0,0.0,-1.0,[]
265.0,cluster_123292026_3663224279_3663224280_3663662945_#1more_0_D1.2,0,0.0,-1.0,[]
265.0,cluster_123292026_3663224279_3663224280_3663662945_#1more_0_D1.3,0,0.0,-1.0,[]
265.0,cluster_123292026_3663224279_3663224280_3663662945_#1more_0_D2.0,0,0.0,-1.0,[]
265.0,cluster_123292026_3663224279_3663224280_3663662945_#1more_0_D2.1,0,0.0,-1.0,[]
265.0,cluster_123292029_3663224277_3663224278_5344542569_#1more_0_D0.0,1,100.0,-1.0,['veh70']
265.0,cluster_123292029_3663224277_3663224278_5344542569_#1more_0_D0.1,0,0.0,-1.0,[]
265.0,cluster_123292029_3663224277_3663224278_5344542569_#1more_0_D0.2,0,0.0,-1.0,[]
265.0,cluster_123292029_3663224277_3663224278_5344542569_#1more_0_D1.0,0,0.0,-1.0,[]
265.0,cluster_123292029_3663224277_3663224278_5344542569_#1more_0_D1.1,0,0.0,-1.0,[]
265.0,cluster_123292029_3663224277_3663224278_5344542569_#1more_0_D2.0,0,0.0,-1.0,[]
265.0,cluster_123292029_3663224277_3663224278_5344542569_#1more_0_D2.1,0,0.0,-1.0,[]
265.0,cluster_123292029_3663224277_3663224278_5344542569_#1more_0_D2.2,0,0.0,-1.0,[]
265.0,cluster_123292029_3663224277_3663224278_5344542569_#1more_0_D3.0,0,0.0,-1.0,[]
265.0,cluster_123292029_3663224277_3663224278_5344542569_#1more_0_D3.1,0,0.0,-1.0,[]
265.0,cluster_123292031_3663224275_3663224276_3663662936_#1more_0_D0.0,0,0.0,-1.0,[]
265.0,cluster_123292031_3663224275_3663224276_3663662936_#1more_0_D0.1,0,0.0,-1.0,[]
265.0,cluster_123292031_3663224275_3663224276_3663662936_#1more_0_D1.0,0,0.0,-1.0,[]
265.0,cluster_123292031_3663224275_3663224276_3663662936_#1more_0_D2.0,1,2.105498063917821,12.660656247934456,['truck8']
265.0,cluster_123292031_3663224275_3663224276_3663662936_#1more_0_D2.1,1,48.627285693498834,9.80379429466473,['bus16']
265.0,cluster_123308403_3663827018_3663827019_3664674393_#1more_0_D0.0,0,0.0,-1.0,[]
265.0,cluster_123308403_3663827018_3663827019_3664674393_#1more_0_D0.1,0,0.0,-1.0,[]
265.0,cluster_123308403_3663827018_3663827019_3664674393_#1more_0_D1.0,0,0.0,-1.0,[]
265.0,cluster_123308403_3663827018_3663827019_3664674393_#1more_0_D1.1,0,0.0,-1.0,[]
265.0,cluster_123308403_3663827018_3663827019_3664674393_#1more_0_D1.2,0,0.0,-1.0,[]
265.0,cluster_123308403_3663827018_3663827019_3664674393_#1more_0_D1.3,1,38.62468416255638,12.945089671042826,['veh162']
265.0,cluster_123308403_3663827018_3663827019_3664674393_#1more_0_D2.0,0,0.0,-1.0,[]
265.0,cluster_123308403_3663827018_3663827019_3664674393_#1more_0_D2.1,0,0.0,-1.0,[]
265.0,cluster_123308403_3663827018_3663827019_3664674393_#1more_0_D2.2,0,0.0,-1.0,[]
265.0,cluster_3664723686_3698084157_3698084158_3698084159_#1more_0_D0.0,0,0.0,-1.0,[]
265.0,cluster_3664723686_3698084157_3698084158_3698084159_#1more_0_D0.1,0,0.0,-1.0,[]
265.0,cluster_3664723686_3698084157_3698084158_3698084159_#1more_0_D0.2,0,0.0,-1.0,[]
265.0,cluster_3664723686_3698084157_3698084158_3698084159_#1more_0_D1.0,0,0.0,-1.0,[]
265.0,cluster_3664723686_3698084157_3698084158_3698084159_#1more_0_D1.1,0,0.0,-1.0,[]
265.0,cluster_3664723686_3698084157_3698084158_3698084159_#1more_0_D1.2,0,0.0,-1.0,[]
265.0,joinedS_3663662947_3663662948_3698084160_3698084161_#1more_0_D0.0,0,0.0,-1.0,[]
265.0,joinedS_3663662947_3663662948_3698084160_3698084161_#1more_0_D0.1,0,0.0,-1.0,[]
265.0,joinedS_3663662947_3663662948_3698084160_3698084161_#1more_0_D0.2,0,0.0,-1.0,[]
265.0,joinedS_3663662947_3663662948_3698084160_3698084161_#1more_0_D0.3,0,0.0,-1.0,[]
265.0,joinedS_3663662947_3663662948_3698084160_3698084161_#1more_0_D1.0,0,0.0,-1.0,[]
265.0,joinedS_3663662947_3663662948_3698084160_3698084161_#1more_0_D1.1,0,0.0,-1.0,[]
265.0,joinedS_3663662947_3663662948_3698084160_3698084161_#1more_0_D1.2,0,0.0,-1.0,[]
265.0,joinedS_3663662947_3663662948_3698084160_3698084161_#1more_0_D1.3,0,0.0,-1.0,[]
265.0,joinedS_3663662947_3663662948_3698084160_3698084161_#1more_0_D2.0,0,0.0,-1.0,[]
265.0,joinedS_3663662947_3663662948_3698084160_3698084161_#1more_0_D2.1,0,0.0,-1.0,[]
265.0,joinedS_3663662947_3663662948_3698084160_3698084161_#1more_0_D2.2,0,0.0,-1.0,[]
265.0,joinedS_3663662947_3663662948_3698084160_3698084161_#1more_0_D2.3,0,0.0,-1.0,[]
265.0,joinedS_3663662947_3663662948_3698084160_3698084161_#1more_0_D3.0,0,0.0,-1.0,[]
265.0,joinedS_3663662947_3663662948_3698084160_3698084161_#1more_0_D3.1,0,0.0,-1.0,[]
265.0,joinedS_3663662947_3663662948_3698084160_3698084161_#1more_0_D3.2,0,0.0,-1.0,[]
265.0,joinedS_3663662947_3663662948_3698084160_3698084161_#1more_0_D3.3,0,0.0,-1.0,[]
265.0,joinedS_3663662947_3663662948_3698084160_3698084161_#1more_0_D3.4,0,0.0,-1.0,[]
270.0,cluster_122855839_3663662942_3663662943_3663662944_#1more_0_D0.0,0,0.0,-1.0,[]
270.0,cluster_122855839_3663662942_3663662943_3663662944_#1more_0_D0.1,0,0.0,-1.0,[]
270.0,cluster_122855839_3663662942_3663662943_3663662944_#1more_0_D0.2,0,0.0,-1.0,[]
270.0,cluster_122855839_3663662942_3663662943_3663662944_#1more_0_D0.3,0,0.0,-1.0,[]
270.0,cluster_122855839_3663662942_3663662943_3663662944_#1more_0_D0.4,0,0.0,-1.0,[]
270.0,cluster_122855839_3663662942_3663662943_3663662944_#1more_0_D1.0,0,0.0,-1.0,[]
270.0,cluster_122855839_3663662942_3663662943_3663662944_#1more_0_D1.1,1,100.0,-1.0,['veh72']
270.0,cluster_122855839_3663662942_3663662943_3663662944_#1more_0_D1.2,0,0.0,-1.0,[]
270.0,cluster_122855839_3663662942_3663662943_3663662944_#1more_0_D2.0,1,100.0,-1.0,['bus3']
270.0,cluster_122855839_3663662942_3663662943_3663662944_#1more_0_D2.1,0,0.0,-1.0,[]
270.0,cluster_123241924_382443557_5344542568_5546892974_#3more_0_D0.0,0,0.0,-1.0,[]
270.0,cluster_123241924_382443557_5344542568_5546892974_#3more_0_D0.1,0,0.0,-1.0,[]
270.0,cluster_123241924_382443557_5344542568_5546892974_#3more_0_D0.2,0,0.0,-1.0,[]
270.0,cluster_123241924_382443557_5344542568_5546892974_#3more_0_D0.3,0,0.0,-1.0,[]
270.0,cluster_123241924_382443557_5344542568_5546892974_#3more_0_D0.4,0,0.0,-1.0,[]
270.0,cluster_123241924_382443557_5344542568_5546892974_#3more_0_D1.0,0,0.0,-1.0,[]
270.0,cluster_123241924_382443557_5344542568_5546892974_#3more_0_D2.0,0,0.0,-1.0,[]
270.0,cluster_123241924_382443557_5344542568_5546892974_#3more_0_D2.1,0,0.0,-1.0,[]
270.0,cluster_123241924_382443557_5344542568_5546892974_#3more_0_D2.2,1,100.0,-1.0,['bus12']
270.0,cluster_123241924_382443557_5344542568_5546892974_#3more_0_D2.3,0,0.0,-1.0,[]
270.0,cluster_123241924_382443557_5344542568_5546892974_#3more_0_D2.4,0,0.0,-1.0,[]
270.0,cluster_123241924_382443557_5344542568_5546892974_#3more_0_D2.5,0,0.0,-1.0,[]
270.0,cluster_123241924_382443557_5344542568_5546892974_#3more_0_D3.0,0,0.0,-1.0,[]
270.0,cluster_123241924_382443557_5344542568_5546892974_#3more_0_D3.1,0,0.0,-1.0,[]
270.0,cluster_123241924_382443557_5344542568_5546892974_#3more_0_D3.2,0,0.0,-1.0,[]
270.0,cluster_123241924_382443557_5344542568_5546892974_#3more_0_D3.3,0,0.0,-1.0,[]
270.0,cluster_123241924_382443557_5344542568_5546892974_#3more_0_D3.4,0,0.0,-1.0,[]
270.0,cluster_123281084_3663662939_3664674395_3664674397_#1more_0_D0.0,0,0.0,-1.0,[]
270.0,cluster_123281084_3663662939_3664674395_3664674397_#1more_0_D0.1,0,0.0,-1.0,[]
270.0,cluster_123281084_3663662939_3664674395_3664674397_#1more_0_D0.2,0,0.0,-1.0,[]
270.0,cluster_123281084_3663662939_3664674395_3664674397_#1more_0_D0.3,0,0.0,-1.0,[]
270.0,cluster_123281084_3663662939_3664674395_3664674397_#1more_0_D0.4,0,0.0,-1.0,[]
270.0,cluster_123281084_3663662939_3664674395_3664674397_#1more_0_D1.0,1,100.0,-1.0,['veh113']
270.0,cluster_123281084_3663662939_3664674395_3664674397_#1more_0_D1.1,1,100.0,-1.0,['veh151']
270.0,cluster_123281084_3663662939_3664674395_3664674397_#1more_0_D2.0,0,0.0,-1.0,[]
270.0,cluster_123281084_3663662939_3664674395_3664674397_#1more_0_D2.1,1,35.74462677353267,12.486848005990275,['veh123']
270.0,cluster_123281085_12840608127_12840608130_12840608135_#1more_0_D0.0,0,0.0,-1.0,[]
270.0,cluster_123281085_12840608127_12840608130_12840608135_#1more_0_D1.0,0,0.0,-1.0,[]
270.0,cluster_123292026_3663224279_3663224280_3663662945_#1more_0_D0.0,0,0.0,-1.0,[]
270.0,cluster_123292026_3663224279_3663224280_3663662945_#1more_0_D0.1,0,0.0,-1.0,[]
270.0,cluster_123292026_3663224279_3663224280_3663662945_#1more_0_D1.0,0,0.0,-1.0,[]
270.0,cluster_123292026_3663224279_3663224280_3663662945_#1more_0_D1.1,0,0.0,-1.0,[]
270.0,cluster_123292026_3663224279_3663224280_3663662945_#1more_0_D1.2,0,0.0,-1.0,[]
270.0,cluster_123292026_3663224279_3663224280_3663662945_#1more_0_D1.3,0,0.0,-1.0,[]
270.0,cluster_123292026_3663224279_3663224280_3663662945_#1more_0_D2.0,0,0.0,-1.0,[]
270.0,cluster_123292026_3663224279_3663224280_3663662945_#1more_0_D2.1,0,0.0,-1.0,[]
270.0,cluster_123292029_3663224277_3663224278_5344542569_#1more_0_D0.0,1,100.0,-1.0,['veh70']
270.0,cluster_123292029_3663224277_3663224278_5344542569_#1more_0_D0.1,0,0.0,-1.0,[]
270.0,cluster_123292029_3663224277_3663224278_5344542569_#1more_0_D0.2,0,0.0,-1.0,[]
270.0,cluster_123292029_3663224277_3663224278_5344542569_#1more_0_D1.0,0,0.0,-1.0,[]
270.0,cluster_123292029_3663224277_3663224278_5344542569_#1more_0_D1.1,0,0.0,-1.0,[]
270.0,cluster_123292029_3663224277_3663224278_5344542569_#1more_0_D2.0,0,0.0,-1.0,[]
270.0,cluster_123292029_3663224277_3663224278_5344542569_#1more_0_D2.1,0,0.0,-1.0,[]
270.0,cluster_123292029_3663224277_3663224278_5344542569_#1more_0_D2.2,0,0.0,-1.0,[]
270.0,cluster_123292029_3663224277_3663224278_5344542569_#1more_0_D3.0,0,0.0,-1.0,[]
270.0,cluster_123292029_3663224277_3663224278_5344542569_#1more_0_D3.1,0,0.0,-1.0,[]
270.0,cluster_123292031_3663224275_3663224276_3663662936_#1more_0_D0.0,0,0.0,-1.0,[]
270.0,cluster_123292031_3663224275_3663224276_3663662936_#1more_0_D0.1,0,0.0,-1.0,[]
270.0,cluster_123292031_3663224275_3663224276_3663662936_#1more_0_D1.0,0,0.0,-1.0,[]
270.0,cluster_123292031_3663224275_3663224276_3663662936_#1more_0_D2.0,0,0.0,-1.0,[]
270.0,cluster_123292031_3663224275_3663224276_3663662936_#1more_0_D2.1,0,0.0,-1.0,[]
270.0,cluster_123308403_3663827018_3663827019_3664674393_#1more_0_D0.0,0,0.0,-1.0,[]
270.0,cluster_123308403_3663827018_3663827019_3664674393_#1more_0_D0.1,0,0.0,-1.0,[]
270.0,cluster_123308403_3663827018_3663827019_3664674393_#1more_0_D1.0,0,0.0,-1.0,[]
270.0,cluster_123308403_3663827018_3663827019_3664674393_#1more_0_D1.1,0,0.0,-1.0,[]
270.0,cluster_123308403_3663827018_3663827019_3664674393_#1more_0_D1.2,0,0.0,-1.0,[]
270.0,cluster_123308403_3663827018_3663827019_3664674393_#1more_0_D1.3,0,0.0,-1.0,[]
270.0,cluster_123308403_3663827018_3663827019_3664674393_#1more_0_D2.0,0,0.0,-1.0,[]
270.0,cluster_123308403_3663827018_3663827019_3664674393_#1more_0_D2.1,0,0.0,-1.0,[]
270.0,cluster_123308403_3663827018_3663827019_3664674393_#1more_0_D2.2,0,0.0,-1.0,[]
270.0,cluster_3664723686_3698084157_3698084158_3698084159_#1more_0_D0.0,0,0.0,-1.0,[]
270.0,cluster_3664723686_3698084157_3698084158_3698084159_#1more_0_D0.1,0,0.0,-1.0,[]
270.0,cluster_3664723686_3698084157_3698084158_3698084159_#1more_0_D0.2,0,0.0,-1.0,[]
270.0,cluster_3664723686_3698084157_3698084158_3698084159_#1more_0_D1.0,0,0.0,-1.0,[]
270.0,cluster_3664723686_3698084157_3698084158_3698084159_#1more_0_D1.1,0,0.0,-1.0,[]
270.0,cluster_3664723686_3698084157_3698084158_3698084159_#1more_0_D1.2,0,0.0,-1.0,[]
270.0,joinedS_3663662947_3663662948_3698084160_3698084161_#1more_0_D0.0,0,0.0,-1.0,[]
270.0,joinedS_3663662947_3663662948_3698084160_3698084161_#1more_0_D0.1,0,0.0,-1.0,[]
270.0,joinedS_3663662947_3663662948_3698084160_3698084161_#1more_0_D0.2,0,0.0,-1.0,[]
270.0,joinedS_3663662947_3663662948_3698084160_3698084161_#1more_0_D0.3,0,0.0,-1.0,[]
270.0,joinedS_3663662947_3663662948_3698084160_3698084161_#1more_0_D1.0,0,0.0,-1.0,[]
270.0,joinedS_3663662947_3663662948_3698084160_3698084161_#1more_0_D1.1,0,0.0,-1.0,[]
270.0,joinedS_3663662947_3663662948_3698084160_3698084161_#1more_0_D1.2,0,0.0,-1.0,[]
270.0,joinedS_3663662947_3663662948_3698084160_3698084161_#1more_0_D1.3,0,0.0,-1.0,[]
270.0,joinedS_3663662947_3663662948_3698084160_3698084161_#1more_0_D2.0,0,0.0,-1.0,[]
270.0,joinedS_3663662947_3663662948_3698084160_3698084161_#1more_0_D2.1,0,0.0,-1.0,[]
270.0,joinedS_3663662947_3663662948_3698084160_3698084161_#1more_0_D2.2,0,0.0,-1.0,[]
270.0,joinedS_3663662947_3663662948_3698084160_3698084161_#1more_0_D2.3,0,0.0,-1.0,[]
270.0,joinedS_3663662947_3663662948_3698084160_3698084161_#1more_0_D3.0,1,100.0,-1.0,['veh165']
270.0,joinedS_3663662947_3663662948_3698084160_3698084161_#1more_0_D3.1,0,0.0,-1.0,[]
270.0,joinedS_3663662947_3663662948_3698084160_3698084161_#1more_0_D3.2,0,0.0,-1.0,[]
270.0,joinedS_3663662947_3663662948_3698084160_3698084161_#1more_0_D3.3,0,0.0,-1.0,[]
270.0,joinedS_3663662947_3663662948_3698084160_3698084161_#1more_0_D3.4,0,0.0,-1.0,[]
275.0,cluster_122855839_3663662942_3663662943_3663662944_#1more_0_D0.0,0,0.0,-1.0,[]
275.0,cluster_122855839_3663662942_3663662943_3663662944_#1more_0_D0.1,0,0.0,-1.0,[]
275.0,cluster_122855839_3663662942_3663662943_3663662944_#1more_0_D0.2,0,0.0,-1.0,[]
275.0,cluster_122855839_3663662942_3663662943_3663662944_#1more_0_D0.3,0,0.0,-1.0,[]
275.0,cluster_122855839_3663662942_3663662943_3663662944_#1more_0_D0.4,0,0.0,-1.0,[]
275.0,cluster_122855839_3663662942_3663662943_3663662944_#1more_0_D1.0,0,0.0,-1.0,[]
275.0,cluster_122855839_3663662942_3663662943_3663662944_#1more_0_D1.1,1,100.0,-1.0,['veh72']
275.0,cluster_122855839_3663662942_3663662943_3663662944_#1more_0_D1.2,0,0.0,-1.0,[]
275.0,cluster_122855839_3663662942_3663662943_3663662944_#1more_0_D2.0,1,100.0,-1.0,['bus3']
275.0,cluster_122855839_3663662942_3663662943_3663662944_#1more_0_D2.1,0,0.0,-1.0,[]
275.0,cluster_123241924_382443557_5344542568_5546892974_#3more_0_D0.0,0,0.0,-1.0,[]
275.0,cluster_123241924_382443557_5344542568_5546892974_#3more_0_D0.1,0,0.0,-1.0,[]
275.0,cluster_123241924_382443557_5344542568_5546892974_#3more_0_D0.2,0,0.0,-1.0,[]
275.0,cluster_123241924_382443557_5344542568_5546892974_#3more_0_D0.3,0,0.0,-1.0,[]
275.0,cluster_123241924_382443557_5344542568_5546892974_#3more_0_D0.4,0,0.0,-1.0,[]
275.0,cluster_123241924_382443557_5344542568_5546892974_#3more_0_D1.0,0,0.0,-1.0,[]
275.0,cluster_123241924_382443557_5344542568_5546892974_#3more_0_D2.0,0,0.0,-1.0,[]
275.0,cluster_123241924_382443557_5344542568_5546892974_#3more_0_D2.1,0,0.0,-1.0,[]
275.0,cluster_123241924_382443557_5344542568_5546892974_#3more_0_D2.2,1,100.0,-1.0,['bus12']
275.0,cluster_123241924_382443557_5344542568_5546892974_#3more_0_D2.3,0,0.0,-1.0,[]
275.0,cluster_123241924_382443557_5344542568_5546892974_#3more_0_D2.4,0,0.0,-1.0,[]
275.0,cluster_123241924_382443557_5344542568_5546892974_#3more_0_D2.5,0,0.0,-1.0,[]
275.0,cluster_123241924_382443557_5344542568_5546892974_#3more_0_D3.0,0,0.0,-1.0,[]
275.0,cluster_123241924_382443557_5344542568_5546892974_#3more_0_D3.1,0,0.0,-1.0,[]
275.0,cluster_123241924_382443557_5344542568_5546892974_#3more_0_D3.2,0,0.0,-1.0,[]
275.0,cluster_123241924_382443557_5344542568_5546892974_#3more_0_D3.3,0,0.0,-1.0,[]
275.0,cluster_123241924_382443557_5344542568_5546892974_#3more_0_D3.4,0,0.0,-1.0,[]
275.0,cluster_123281084_3663662939_3664674395_3664674397_#1more_0_D0.0,0,0.0,-1.0,[]
275.0,cluster_123281084_3663662939_3664674395_3664674397_#1more_0_D0.1,0,0.0,-1.0,[]
275.0,cluster_123281084_3663662939_3664674395_3664674397_#1more_0_D0.2,0,0.0,-1.0,[]
275.0,cluster_123281084_3663662939_3664674395_3664674397_#1more_0_D0.3,0,0.0,-1.0,[]
275.0,cluster_123281084_3663662939_3664674395_3664674397_#1more_0_D0.4,0,0.0,-1.0,[]
275.0,cluster_123281084_3663662939_3664674395_3664674397_#1more_0_D1.0,1,100.0,-1.0,['veh113']
275.0,cluster_123281084_3663662939_3664674395_3664674397_#1more_0_D1.1,1,100.0,-1.0,['veh151']
275.0,cluster_123281084_3663662939_3664674395_3664674397_#1more_0_D2.0,0,0.0,-1.0,[]
275.0,cluster_123281084_3663662939_3664674395_3664674397_#1more_0_D2.1,0,0.0,-1.0,[]
275.0,cluster_123281085_12840608127_12840608130_12840608135_#1more_0_D0.0,0,0.0,-1.0,[]
275.0,cluster_123281085_12840608127_12840608130_12840608135_#1more_0_D1.0,0,0.0,-1.0,[]
275.0,cluster_123292026_3663224279_3663224280_3663662945_#1more_0_D0.0,0,0.0,-1.0,[]
275.0,cluster_123292026_3663224279_3663224280_3663662945_#1more_0_D0.1,0,0.0,-1.0,[]
275.0,cluster_123292026_3663224279_3663224280_3663662945_#1more_0_D1.0,0,0.0,-1.0,[]
275.0,cluster_123292026_3663224279_3663224280_3663662945_#1more_0_D1.1,0,0.0,-1.0,[]
275.0,cluster_123292026_3663224279_3663224280_3663662945_#1more_0_D1.2,0,0.0,-1.0,[]
275.0,cluster_123292026_3663224279_3663224280_3663662945_#1more_0_D1.3,0,0.0,-1.0,[]
275.0,cluster_123292026_3663224279_3663224280_3663662945_#1more_0_D2.0,0,0.0,-1.0,[]
275.0,cluster_123292026_3663224279_3663224280_3663662945_#1more_0_D2.1,0,0.0,-1.0,[]
275.0,cluster_123292029_3663224277_3663224278_5344542569_#1more_0_D0.0,1,100.0,-1.0,['veh70']
275.0,cluster_123292029_3663224277_3663224278_5344542569_#1more_0_D0.1,0,0.0,-1.0,[]
275.0,cluster_123292029_3663224277_3663224278_5344542569_#1more_0_D0.2,0,0.0,-1.0,[]
275.0,cluster_123292029_3663224277_3663224278_5344542569_#1more_0_D1.0,0,0.0,-1.0,[]
275.0,cluster_123292029_3663224277_3663224278_5344542569_#1more_0_D1.1,0,0.0,-1.0,[]
275.0,cluster_123292029_3663224277_3663224278_5344542569_#1more_0_D2.0,0,0.0,-1.0,[]
275.0,cluster_123292029_3663224277_3663224278_5344542569_#1more_0_D2.1,1,31.310343402230956,15.96916372256631,['veh149']
275.0,cluster_123292029_3663224277_3663224278_5344542569_#1more_0_D2.2,0,0.0,-1.0,[]
275.0,cluster_123292029_3663224277_3663224278_5344542569_#1more_0_D3.0,0,0.0,-1.0,[]
275.0,cluster_123292029_3663224277_3663224278_5344542569_#1more_0_D3.1,0,0.0,-1.0,[]
275.0,cluster_123292031_3663224275_3663224276_3663662936_#1more_0_D0.0,0,0.0,-1.0,[]
275.0,cluster_123292031_3663224275_3663224276_3663662936_#1more_0_D0.1,0,0.0,-1.0,[]
275.0,cluster_123292031_3663224275_3663224276_3663662936_#1more_0_D1.0,0,0.0,-1.0,[]
275.0,cluster_123292031_3663224275_3663224276_3663662936_#1more_0_D2.0,0,0.0,-1.0,[]
275.0,cluster_123292031_3663224275_3663224276_3663662936_#1more_0_D2.1,0,0.0,-1.0,[]
275.0,cluster_123308403_3663827018_3663827019_3664674393_#1more_0_D0.0,0,0.0,-1.0,[]
275.0,cluster_123308403_3663827018_3663827019_3664674393_#1more_0_D0.1,0,0.0,-1.0,[]
275.0,cluster_123308403_3663827018_3663827019_3664674393_#1more_0_D1.0,0,0.0,-1.0,[]
275.0,cluster_123308403_3663827018_3663827019_3664674393_#1more_0_D1.1,0,0.0,-1.0,[]
275.0,cluster_123308403_3663827018_3663827019_3664674393_#1more_0_D1.2,0,0.0,-1.0,[]
275.0,cluster_123308403_3663827018_3663827019_3664674393_#1more_0_D1.3,0,0.0,-1.0,[]
275.0,cluster_123308403_3663827018_3663827019_3664674393_#1more_0_D2.0,0,0.0,-1.0,[]
275.0,cluster_123308403_3663827018_3663827019_3664674393_#1more_0_D2.1,1,0.0,-1.0,['veh97']
275.0,cluster_123308403_3663827018_3663827019_3664674393_#1more_0_D2.2,0,0.0,-1.0,[]
275.0,cluster_3664723686_3698084157_3698084158_3698084159_#1more_0_D0.0,0,0.0,-1.0,[]
275.0,cluster_3664723686_3698084157_3698084158_3698084159_#1more_0_D0.1,0,0.0,-1.0,[]
275.0,cluster_3664723686_3698084157_3698084158_3698084159_#1more_0_D0.2,0,0.0,-1.0,[]
275.0,cluster_3664723686_3698084157_3698084158_3698084159_#1more_0_D1.0,0,0.0,-1.0,[]
275.0,cluster_3664723686_3698084157_3698084158_3698084159_#1more_0_D1.1,0,0.0,-1.0,[]
275.0,cluster_3664723686_3698084157_3698084158_3698084159_#1more_0_D1.2,0,0.0,-1.0,[]
275.0,joinedS_3663662947_3663662948_3698084160_3698084161_#1more_0_D0.0,0,0.0,-1.0,[]
275.0,joinedS_3663662947_3663662948_3698084160_3698084161_#1more_0_D0.1,0,0.0,-1.0,[]
275.0,joinedS_3663662947_3663662948_3698084160_3698084161_#1more_0_D0.2,0,0.0,-1.0,[]
275.0,joinedS_3663662947_3663662948_3698084160_3698084161_#1more_0_D0.3,0,0.0,-1.0,[]
275.0,joinedS_3663662947_3663662948_3698084160_3698084161_#1more_0_D1.0,0,0.0,-1.0,[]
275.0,joinedS_3663662947_3663662948_3698084160_3698084161_#1more_0_D1.1,1,0.0,-1.0,['veh165']
275.0,joinedS_3663662947_3663662948_3698084160_3698084161_#1more_0_D1.2,1,100.0,5.866135771293194,['veh165']
275.0,joinedS_3663662947_3663662948_3698084160_3698084161_#1more_0_D1.3,0,0.0,-1.0,[]
275.0,joinedS_3663662947_3663662948_3698084160_3698084161_#1more_0_D2.0,0,0.0,-1.0,[]
275.0,joinedS_3663662947_3663662948_3698084160_3698084161_#1more_0_D2.1,0,0.0,-1.0,[]
275.0,joinedS_3663662947_3663662948_3698084160_3698084161_#1more_0_D2.2,0,0.0,-1.0,[]
275.0,joinedS_3663662947_3663662948_3698084160_3698084161_#1more_0_D2.3,1,100.0,-1.0,['veh168']
275.0,joinedS_3663662947_3663662948_3698084160_3698084161_#1more_0_D3.0,0,0.0,-1.0,[]
275.0,joinedS_3663662947_3663662948_3698084160_3698084161_#1more_0_D3.1,0,0.0,-1.0,[]
275.0,joinedS_3663662947_3663662948_3698084160_3698084161_#1more_0_D3.2,0,0.0,-1.0,[]
275.0,joinedS_3663662947_3663662948_3698084160_3698084161_#1more_0_D3.3,0,0.0,-1.0,[]
275.0,joinedS_3663662947_3663662948_3698084160_3698084161_#1more_0_D3.4,0,0.0,-1.0,[]
280.0,cluster_122855839_3663662942_3663662943_3663662944_#1more_0_D0.0,0,0.0,-1.0,[]
280.0,cluster_122855839_3663662942_3663662943_3663662944_#1more_0_D0.1,0,0.0,-1.0,[]
280.0,cluster_122855839_3663662942_3663662943_3663662944_#1more_0_D0.2,0,0.0,-1.0,[]
280.0,cluster_122855839_3663662942_3663662943_3663662944_#1more_0_D0.3,0,0.0,-1.0,[]
280.0,cluster_122855839_3663662942_3663662943_3663662944_#1more_0_D0.4,0,0.0,-1.0,[]
280.0,cluster_122855839_3663662942_3663662943_3663662944_#1more_0_D1.0,0,0.0,-1.0,[]
280.0,cluster_122855839_3663662942_3663662943_3663662944_#1more_0_D1.1,1,100.0,-1.0,['veh72']
280.0,cluster_122855839_3663662942_3663662943_3663662944_#1more_0_D1.2,0,0.0,-1.0,[]
280.0,cluster_122855839_3663662942_3663662943_3663662944_#1more_0_D2.0,1,100.0,-1.0,['bus3']
280.0,cluster_122855839_3663662942_3663662943_3663662944_#1more_0_D2.1,0,0.0,-1.0,[]
280.0,cluster_123241924_382443557_5344542568_5546892974_#3more_0_D0.0,0,0.0,-1.0,[]
280.0,cluster_123241924_382443557_5344542568_5546892974_#3more_0_D0.1,0,0.0,-1.0,[]
280.0,cluster_123241924_382443557_5344542568_5546892974_#3more_0_D0.2,0,0.0,-1.0,[]
280.0,cluster_123241924_382443557_5344542568_5546892974_#3more_0_D0.3,0,0.0,-1.0,[]
280.0,cluster_123241924_382443557_5344542568_5546892974_#3more_0_D0.4,0,0.0,-1.0,[]
280.0,cluster_123241924_382443557_5344542568_5546892974_#3more_0_D1.0,0,0.0,-1.0,[]
280.0,cluster_123241924_382443557_5344542568_5546892974_#3more_0_D2.0,0,0.0,-1.0,[]
280.0,cluster_123241924_382443557_5344542568_5546892974_#3more_0_D2.1,0,0.0,-1.0,[]
280.0,cluster_123241924_382443557_5344542568_5546892974_#3more_0_D2.2,1,100.0,-1.0,['bus12']
280.0,cluster_123241924_382443557_5344542568_5546892974_#3more_0_D2.3,0,0.0,-1.0,[]
280.0,cluster_123241924_382443557_5344542568_5546892974_#3more_0_D2.4,0,0.0,-1.0,[]
280.0,cluster_123241924_382443557_5344542568_5546892974_#3more_0_D2.5,0,0.0,-1.0,[]
280.0,cluster_123241924_382443557_5344542568_5546892974_#3more_0_D3.0,0,0.0,-1.0,[]
280.0,cluster_123241924_382443557_5344542568_5546892974_#3more_0_D3.1,0,0.0,-1.0,[]
280.0,cluster_123241924_382443557_5344542568_5546892974_#3more_0_D3.2,0,0.0,-1.0,[]
280.0,cluster_123241924_382443557_5344542568_5546892974_#3more_0_D3.3,0,0.0,-1.0,[]
280.0,cluster_123241924_382443557_5344542568_5546892974_#3more_0_D3.4,0,0.0,-1.0,[]
280.0,cluster_123281084_3663662939_3664674395_3664674397_#1more_0_D0.0,0,0.0,-1.0,[]
280.0,cluster_123281084_3663662939_3664674395_3664674397_#1more_0_D0.1,0,0.0,-1.0,[]
280.0,cluster_123281084_3663662939_3664674395_3664674397_#1more_0_D0.2,0,0.0,-1.0,[]
280.0,cluster_123281084_3663662939_3664674395_3664674397_#1more_0_D0.3,0,0.0,-1.0,[]
280.0,cluster_123281084_3663662939_3664674395_3664674397_#1more_0_D0.4,0,0.0,-1.0,[]
280.0,cluster_123281084_3663662939_3664674395_3664674397_#1more_0_D1.0,1,100.0,-1.0,['veh113']
280.0,cluster_123281084_3663662939_3664674395_3664674397_#1more_0_D1.1,1,100.0,-1.0,['veh151']
280.0,cluster_123281084_3663662939_3664674395_3664674397_#1more_0_D2.0,0,0.0,-1.0,[]
280.0,cluster_123281084_3663662939_3664674395_3664674397_#1more_0_D2.1,0,0.0,-1.0,[]
280.0,cluster_123281085_12840608127_12840608130_12840608135_#1more_0_D0.0,0,0.0,-1.0,[]
280.0,cluster_123281085_12840608127_12840608130_12840608135_#1more_0_D1.0,0,0.0,-1.0,[]
280.0,cluster_123292026_3663224279_3663224280_3663662945_#1more_0_D0.0,0,0.0,-1.0,[]
280.0,cluster_123292026_3663224279_3663224280_3663662945_#1more_0_D0.1,0,0.0,-1.0,[]
280.0,cluster_123292026_3663224279_3663224280_3663662945_#1more_0_D1.0,0,0.0,-1.0,[]
280.0,cluster_123292026_3663224279_3663224280_3663662945_#1more_0_D1.1,0,0.0,-1.0,[]
280.0,cluster_123292026_3663224279_3663224280_3663662945_#1more_0_D1.2,0,0.0,-1.0,[]
280.0,cluster_123292026_3663224279_3663224280_3663662945_#1more_0_D1.3,0,0.0,-1.0,[]
280.0,cluster_123292026_3663224279_3663224280_3663662945_#1more_0_D2.0,0,0.0,-1.0,[]
280.0,cluster_123292026_3663224279_3663224280_3663662945_#1more_0_D2.1,0,0.0,-1.0,[]
280.0,cluster_123292029_3663224277_3663224278_5344542569_#1more_0_D0.0,1,100.0,-1.0,['veh70']
280.0,cluster_123292029_3663224277_3663224278_5344542569_#1more_0_D0.1,0,0.0,-1.0,[]
280.0,cluster_123292029_3663224277_3663224278_5344542569_#1more_0_D0.2,0,0.0,-1.0,[]
280.0,cluster_123292029_3663224277_3663224278_5344542569_#1more_0_D1.0,0,0.0,-1.0,[]
280.0,cluster_123292029_3663224277_3663224278_5344542569_#1more_0_D1.1,0,0.0,-1.0,[]
280.0,cluster_123292029_3663224277_3663224278_5344542569_#1more_0_D2.0,0,0.0,-1.0,[]
280.0,cluster_123292029_3663224277_3663224278_5344542569_#1more_0_D2.1,0,0.0,-1.0,[]
280.0,cluster_123292029_3663224277_3663224278_5344542569_#1more_0_D2.2,0,0.0,-1.0,[]
280.0,cluster_123292029_3663224277_3663224278_5344542569_#1more_0_D3.0,0,0.0,-1.0,[]
280.0,cluster_123292029_3663224277_3663224278_5344542569_#1more_0_D3.1,0,0.0,-1.0,[]
280.0,cluster_123292031_3663224275_3663224276_3663662936_#1more_0_D0.0,0,0.0,-1.0,[]
280.0,cluster_123292031_3663224275_3663224276_3663662936_#1more_0_D0.1,0,0.0,-1.0,[]
280.0,cluster_123292031_3663224275_3663224276_3663662936_#1more_0_D1.0,0,0.0,-1.0,[]
280.0,cluster_123292031_3663224275_3663224276_3663662936_#1more_0_D2.0,0,0.0,-1.0,[]
280.0,cluster_123292031_3663224275_3663224276_3663662936_#1more_0_D2.1,0,0.0,-1.0,[]
280.0,cluster_123308403_3663827018_3663827019_3664674393_#1more_0_D0.0,0,0.0,-1.0,[]
280.0,cluster_123308403_3663827018_3663827019_3664674393_#1more_0_D0.1,0,0.0,-1.0,[]
280.0,cluster_123308403_3663827018_3663827019_3664674393_#1more_0_D1.0,0,0.0,-1.0,[]
280.0,cluster_123308403_3663827018_3663827019_3664674393_#1more_0_D1.1,0,0.0,-1.0,[]
280.0,cluster_123308403_3663827018_3663827019_3664674393_#1more_0_D1.2,0,0.0,-1.0,[]
280.0,cluster_123308403_3663827018_3663827019_3664674393_#1more_0_D1.3,0,0.0,-1.0,[]
280.0,cluster_123308403_3663827018_3663827019_3664674393_#1more_0_D2.0,0,0.0,-1.0,[]
280.0,cluster_123308403_3663827018_3663827019_3664674393_#1more_0_D2.1,0,0.0,-1.0,[]
280.0,cluster_123308403_3663827018_3663827019_3664674393_#1more_0_D2.2,0,0.0,-1.0,[]
280.0,cluster_3664723686_3698084157_3698084158_3698084159_#1more_0_D0.0,0,0.0,-1.0,[]
280.0,cluster_3664723686_3698084157_3698084158_3698084159_#1more_0_D0.1,1,0.0,-1.0,['veh172']
280.0,cluster_3664723686_3698084157_3698084158_3698084159_#1more_0_D0.2,0,0.0,-1.0,[]
280.0,cluster_3664723686_3698084157_3698084158_3698084159_#1more_0_D1.0,0,0.0,-1.0,[]
280.0,cluster_3664723686_3698084157_3698084158_3698084159_#1more_0_D1.1,0,0.0,-1.0,[]
280.0,cluster_3664723686_3698084157_3698084158_3698084159_#1more_0_D1.2,0,0.0,-1.0,[]
280.0,joinedS_3663662947_3663662948_3698084160_3698084161_#1more_0_D0.0,0,0.0,-1.0,[]
280.0,joinedS_3663662947_3663662948_3698084160_3698084161_#1more_0_D0.1,0,0.0,-1.0,[]
280.0,joinedS_3663662947_3663662948_3698084160_3698084161_#1more_0_D0.2,0,0.0,-1.0,[]
280.0,joinedS_3663662947_3663662948_3698084160_3698084161_#1more_0_D0.3,0,0.0,-1.0,[]
280.0,joinedS_3663662947_3663662948_3698084160_3698084161_#1more_0_D1.0,0,0.0,-1.0,[]
280.0,joinedS_3663662947_3663662948_3698084160_3698084161_#1more_0_D1.1,0,0.0,-1.0,[]
280.0,joinedS_3663662947_3663662948_3698084160_3698084161_#1more_0_D1.2,0,0.0,-1.0,[]
280.0,joinedS_3663662947_3663662948_3698084160_3698084161_#1more_0_D1.3,0,0.0,-1.0,[]
280.0,joinedS_3663662947_3663662948_3698084160_3698084161_#1more_0_D2.0,0,0.0,-1.0,[]
280.0,joinedS_3663662947_3663662948_3698084160_3698084161_#1more_0_D2.1,1,100.0,0.0,['veh173']
280.0,joinedS_3663662947_3663662948_3698084160_3698084161_#1more_0_D2.2,0,0.0,-1.0,[]
280.0,joinedS_3663662947_3663662948_3698084160_3698084161_#1more_0_D2.3,1,100.0,-1.0,['veh168']
280.0,joinedS_3663662947_3663662948_3698084160_3698084161_#1more_0_D3.0,0,0.0,-1.0,[]
280.0,joinedS_3663662947_3663662948_3698084160_3698084161_#1more_0_D3.1,0,0.0,-1.0,[]
280.0,joinedS_3663662947_3663662948_3698084160_3698084161_#1more_0_D3.2,0,0.0,-1.0,[]
280.0,joinedS_3663662947_3663662948_3698084160_3698084161_#1more_0_D3.3,0,0.0,-1.0,[]
280.0,joinedS_3663662947_3663662948_3698084160_3698084161_#1more_0_D3.4,0,0.0,-1.0,[]
285.0,cluster_122855839_3663662942_3663662943_3663662944_#1more_0_D0.0,0,0.0,-1.0,[]
285.0,cluster_122855839_3663662942_3663662943_3663662944_#1more_0_D0.1,0,0.0,-1.0,[]
285.0,cluster_122855839_3663662942_3663662943_3663662944_#1more_0_D0.2,0,0.0,-1.0,[]
285.0,cluster_122855839_3663662942_3663662943_3663662944_#1more_0_D0.3,0,0.0,-1.0,[]
285.0,cluster_122855839_3663662942_3663662943_3663662944_#1more_0_D0.4,0,0.0,-1.0,[]
285.0,cluster_122855839_3663662942_3663662943_3663662944_#1more_0_D1.0,0,0.0,-1.0,[]
285.0,cluster_122855839_3663662942_3663662943_3663662944_#1more_0_D1.1,0,0.0,-1.0,[]
285.0,cluster_122855839_3663662942_3663662943_3663662944_#1more_0_D1.2,0,0.0,-1.0,[]
285.0,cluster_122855839_3663662942_3663662943_3663662944_#1more_0_D2.0,0,0.0,-1.0,[]
285.0,cluster_122855839_3663662942_3663662943_3663662944_#1more_0_D2.1,0,0.0,-1.0,[]
285.0,cluster_123241924_382443557_5344542568_5546892974_#3more_0_D0.0,0,0.0,-1.0,[]
285.0,cluster_123241924_382443557_5344542568_5546892974_#3more_0_D0.1,0,0.0,-1.0,[]
285.0,cluster_123241924_382443557_5344542568_5546892974_#3more_0_D0.2,0,0.0,-1.0,[]
285.0,cluster_123241924_382443557_5344542568_5546892974_#3more_0_D0.3,0,0.0,-1.0,[]
285.0,cluster_123241924_382443557_5344542568_5546892974_#3more_0_D0.4,0,0.0,-1.0,[]
285.0,cluster_123241924_382443557_5344542568_5546892974_#3more_0_D1.0,0,0.0,-1.0,[]
285.0,cluster_123241924_382443557_5344542568_5546892974_#3more_0_D2.0,0,0.0,-1.0,[]
285.0,cluster_123241924_382443557_5344542568_5546892974_#3more_0_D2.1,0,0.0,-1.0,[]
285.0,cluster_123241924_382443557_5344542568_5546892974_#3more_0_D2.2,0,0.0,-1.0,[]
285.0,cluster_123241924_382443557_5344542568_5546892974_#3more_0_D2.3,0,0.0,-1.0,[]
285.0,cluster_123241924_382443557_5344542568_5546892974_#3more_0_D2.4,0,0.0,-1.0,[]
285.0,cluster_123241924_382443557_5344542568_5546892974_#3more_0_D2.5,0,0.0,-1.0,[]
285.0,cluster_123241924_382443557_5344542568_5546892974_#3more_0_D3.0,0,0.0,-1.0,[]
285.0,cluster_123241924_382443557_5344542568_5546892974_#3more_0_D3.1,0,0.0,-1.0,[]
285.0,cluster_123241924_382443557_5344542568_5546892974_#3more_0_D3.2,0,0.0,-1.0,[]
285.0,cluster_123241924_382443557_5344542568_5546892974_#3more_0_D3.3,0,0.0,-1.0,[]
285.0,cluster_123241924_382443557_5344542568_5546892974_#3more_0_D3.4,0,0.0,-1.0,[]
285.0,cluster_123281084_3663662939_3664674395_3664674397_#1more_0_D0.0,0,0.0,-1.0,[]
285.0,cluster_123281084_3663662939_3664674395_3664674397_#1more_0_D0.1,0,0.0,-1.0,[]
285.0,cluster_123281084_3663662939_3664674395_3664674397_#1more_0_D0.2,0,0.0,-1.0,[]
285.0,cluster_123281084_3663662939_3664674395_3664674397_#1more_0_D0.3,0,0.0,-1.0,[]
285.0,cluster_123281084_3663662939_3664674395_3664674397_#1more_0_D0.4,0,0.0,-1.0,[]
285.0,cluster_123281084_3663662939_3664674395_3664674397_#1more_0_D1.0,1,100.0,-1.0,['veh113']
285.0,cluster_123281084_3663662939_3664674395_3664674397_#1more_0_D1.1,1,100.0,-1.0,['veh151']
285.0,cluster_123281084_3663662939_3664674395_3664674397_#1more_0_D2.0,0,0.0,-1.0,[]
285.0,cluster_123281084_3663662939_3664674395_3664674397_#1more_0_D2.1,0,0.0,-1.0,[]
285.0,cluster_123281085_12840608127_12840608130_12840608135_#1more_0_D0.0,0,0.0,-1.0,[]
285.0,cluster_123281085_12840608127_12840608130_12840608135_#1more_0_D1.0,0,0.0,-1.0,[]
285.0,cluster_123292026_3663224279_3663224280_3663662945_#1more_0_D0.0,0,0.0,-1.0,[]
285.0,cluster_123292026_3663224279_3663224280_3663662945_#1more_0_D0.1,0,0.0,-1.0,[]
285.0,cluster_123292026_3663224279_3663224280_3663662945_#1more_0_D1.0,0,0.0,-1.0,[]
285.0,cluster_123292026_3663224279_3663224280_3663662945_#1more_0_D1.1,0,0.0,-1.0,[]
285.0,cluster_123292026_3663224279_3663224280_3663662945_#1more_0_D1.2,0,0.0,-1.0,[]
285.0,cluster_123292026_3663224279_3663224280_3663662945_#1more_0_D1.3,0,0.0,-1.0,[]
285.0,cluster_123292026_3663224279_3663224280_3663662945_#1more_0_D2.0,0,0.0,-1.0,[]
285.0,cluster_123292026_3663224279_3663224280_3663662945_#1more_0_D2.1,0,0.0,-1.0,[]
285.0,cluster_123292029_3663224277_3663224278_5344542569_#1more_0_D0.0,1,100.0,-1.0,['veh70']
285.0,cluster_123292029_3663224277_3663224278_5344542569_#1more_0_D0.1,0,0.0,-1.0,[]
285.0,cluster_123292029_3663224277_3663224278_5344542569_#1more_0_D0.2,0,0.0,-1.0,[]
285.0,cluster_123292029_3663224277_3663224278_5344542569_#1more_0_D1.0,0,0.0,-1.0,[]
285.0,cluster_123292029_3663224277_3663224278_5344542569_#1more_0_D1.1,0,0.0,-1.0,[]
285.0,cluster_123292029_3663224277_3663224278_5344542569_#1more_0_D2.0,0,0.0,-1.0,[]
285.0,cluster_123292029_3663224277_3663224278_5344542569_#1more_0_D2.1,0,0.0,-1.0,[]
285.0,cluster_123292029_3663224277_3663224278_5344542569_#1more_0_D2.2,0,0.0,-1.0,[]
285.0,cluster_123292029_3663224277_3663224278_5344542569_#1more_0_D3.0,0,0.0,-1.0,[]
285.0,cluster_123292029_3663224277_3663224278_5344542569_#1more_0_D3.1,0,0.0,-1.0,[]
285.0,cluster_123292031_3663224275_3663224276_3663662936_#1more_0_D0.0,0,0.0,-1.0,[]
285.0,cluster_123292031_3663224275_3663224276_3663662936_#1more_0_D0.1,0,0.0,-1.0,[]
285.0,cluster_123292031_3663224275_3663224276_3663662936_#1more_0_D1.0,1,0.0,-1.0,['bus17']
285.0,cluster_123292031_3663224275_3663224276_3663662936_#1more_0_D2.0,0,0.0,-1.0,[]
285.0,cluster_123292031_3663224275_3663224276_3663662936_#1more_0_D2.1,0,0.0,-1.0,[]
285.0,cluster_123308403_3663827018_3663827019_3664674393_#1more_0_D0.0,0,0.0,-1.0,[]
285.0,cluster_123308403_3663827018_3663827019_3664674393_#1more_0_D0.1,0,0.0,-1.0,[]
285.0,cluster_123308403_3663827018_3663827019_3664674393_#1more_0_D1.0,0,0.0,-1.0,[]
285.0,cluster_123308403_3663827018_3663827019_3664674393_#1more_0_D1.1,0,0.0,-1.0,[]
285.0,cluster_123308403_3663827018_3663827019_3664674393_#1more_0_D1.2,0,0.0,-1.0,[]
285.0,cluster_123308403_3663827018_3663827019_3664674393_#1more_0_D1.3,0,0.0,-1.0,[]
285.0,cluster_123308403_3663827018_3663827019_3664674393_#1more_0_D2.0,0,0.0,-1.0,[]
285.0,cluster_123308403_3663827018_3663827019_3664674393_#1more_0_D2.1,0,0.0,-1.0,[]
285.0,cluster_123308403_3663827018_3663827019_3664674393_#1more_0_D2.2,0,0.0,-1.0,[]
285.0,cluster_3664723686_3698084157_3698084158_3698084159_#1more_0_D0.0,0,0.0,-1.0,[]
285.0,cluster_3664723686_3698084157_3698084158_3698084159_#1more_0_D0.1,0,0.0,-1.0,[]
285.0,cluster_3664723686_3698084157_3698084158_3698084159_#1more_0_D0.2,0,0.0,-1.0,[]
285.0,cluster_3664723686_3698084157_3698084158_3698084159_#1more_0_D1.0,0,0.0,-1.0,[]
285.0,cluster_3664723686_3698084157_3698084158_3698084159_#1more_0_D1.1,0,0.0,-1.0,[]
285.0,cluster_3664723686_3698084157_3698084158_3698084159_#1more_0_D1.2,0,0.0,-1.0,[]
285.0,joinedS_3663662947_3663662948_3698084160_3698084161_#1more_0_D0.0,0,0.0,-1.0,[]
285.0,joinedS_3663662947_3663662948_3698084160_3698084161_#1more_0_D0.1,0,0.0,-1.0,[]
285.0,joinedS_3663662947_3663662948_3698084160_3698084161_#1more_0_D0.2,0,0.0,-1.0,[]
285.0,joinedS_3663662947_3663662948_3698084160_3698084161_#1more_0_D0.3,0,0.0,-1.0,[]
285.0,joinedS_3663662947_3663662948_3698084160_3698084161_#1more_0_D1.0,0,0.0,-1.0,[]
285.0,joinedS_3663662947_3663662948_3698084160_3698084161_#1more_0_D1.1,0,0.0,-1.0,[]
285.0,joinedS_3663662947_3663662948_3698084160_3698084161_#1more_0_D1.2,0,0.0,-1.0,[]
285.0,joinedS_3663662947_3663662948_3698084160_3698084161_#1more_0_D1.3,0,0.0,-1.0,[]
285.0,joinedS_3663662947_3663662948_3698084160_3698084161_#1more_0_D2.0,0,0.0,-1.0,[]
285.0,joinedS_3663662947_3663662948_3698084160_3698084161_#1more_0_D2.1,1,0.0,-1.0,['veh173']
285.0,joinedS_3663662947_3663662948_3698084160_3698084161_#1more_0_D2.2,0,0.0,-1.0,[]
285.0,joinedS_3663662947_3663662948_3698084160_3698084161_#1more_0_D2.3,1,100.0,-1.0,['veh170']
285.0,joinedS_3663662947_3663662948_3698084160_3698084161_#1more_0_D3.0,1,100.0,-1.0,['veh175']
285.0,joinedS_3663662947_3663662948_3698084160_3698084161_#1more_0_D3.1,0,0.0,-1.0,[]
285.0,joinedS_3663662947_3663662948_3698084160_3698084161_#1more_0_D3.2,0,0.0,-1.0,[]
285.0,joinedS_3663662947_3663662948_3698084160_3698084161_#1more_0_D3.3,0,0.0,-1.0,[]
285.0,joinedS_3663662947_3663662948_3698084160_3698084161_#1more_0_D3.4,0,0.0,-1.0,[]
290.0,cluster_122855839_3663662942_3663662943_3663662944_#1more_0_D0.0,0,0.0,-1.0,[]
290.0,cluster_122855839_3663662942_3663662943_3663662944_#1more_0_D0.1,0,0.0,-1.0,[]
290.0,cluster_122855839_3663662942_3663662943_3663662944_#1more_0_D0.2,0,0.0,-1.0,[]
290.0,cluster_122855839_3663662942_3663662943_3663662944_#1more_0_D0.3,0,0.0,-1.0,[]
290.0,cluster_122855839_3663662942_3663662943_3663662944_#1more_0_D0.4,0,0.0,-1.0,[]
290.0,cluster_122855839_3663662942_3663662943_3663662944_#1more_0_D1.0,0,0.0,-1.0,[]
290.0,cluster_122855839_3663662942_3663662943_3663662944_#1more_0_D1.1,1,1.8249671946819035,8.005706887435412,['veh52']
290.0,cluster_122855839_3663662942_3663662943_3663662944_#1more_0_D1.2,0,0.0,-1.0,[]
290.0,cluster_122855839_3663662942_3663662943_3663662944_#1more_0_D2.0,1,28.065933165777324,3.33817666885443,['veh49']
290.0,cluster_122855839_3663662942_3663662943_3663662944_#1more_0_D2.1,0,0.0,-1.0,[]
290.0,cluster_123241924_382443557_5344542568_5546892974_#3more_0_D0.0,0,0.0,-1.0,[]
290.0,cluster_123241924_382443557_5344542568_5546892974_#3more_0_D0.1,0,0.0,-1.0,[]
290.0,cluster_123241924_382443557_5344542568_5546892974_#3more_0_D0.2,0,0.0,-1.0,[]
290.0,cluster_123241924_382443557_5344542568_5546892974_#3more_0_D0.3,0,0.0,-1.0,[]
290.0,cluster_123241924_382443557_5344542568_5546892974_#3more_0_D0.4,0,0.0,-1.0,[]
290.0,cluster_123241924_382443557_5344542568_5546892974_#3more_0_D1.0,0,0.0,-1.0,[]
290.0,cluster_123241924_382443557_5344542568_5546892974_#3more_0_D2.0,0,0.0,-1.0,[]
290.0,cluster_123241924_382443557_5344542568_5546892974_#3more_0_D2.1,0,0.0,-1.0,[]
290.0,cluster_123241924_382443557_5344542568_5546892974_#3more_0_D2.2,0,0.0,-1.0,[]
290.0,cluster_123241924_382443557_5344542568_5546892974_#3more_0_D2.3,0,0.0,-1.0,[]
290.0,cluster_123241924_382443557_5344542568_5546892974_#3more_0_D2.4,0,0.0,-1.0,[]
290.0,cluster_123241924_382443557_5344542568_5546892974_#3more_0_D2.5,0,0.0,-1.0,[]
290.0,cluster_123241924_382443557_5344542568_5546892974_#3more_0_D3.0,0,0.0,-1.0,[]
290.0,cluster_123241924_382443557_5344542568_5546892974_#3more_0_D3.1,0,0.0,-1.0,[]
290.0,cluster_123241924_382443557_5344542568_5546892974_#3more_0_D3.2,0,0.0,-1.0,[]
290.0,cluster_123241924_382443557_5344542568_5546892974_#3more_0_D3.3,0,0.0,-1.0,[]
290.0,cluster_123241924_382443557_5344542568_5546892974_#3more_0_D3.4,0,0.0,-1.0,[]
290.0,cluster_123281084_3663662939_3664674395_3664674397_#1more_0_D0.0,1,0.0,-1.0,['veh178']
290.0,cluster_123281084_3663662939_3664674395_3664674397_#1more_0_D0.1,0,0.0,-1.0,[]
290.0,cluster_123281084_3663662939_3664674395_3664674397_#1more_0_D0.2,0,0.0,-1.0,[]
290.0,cluster_123281084_3663662939_3664674395_3664674397_#1more_0_D0.3,0,0.0,-1.0,[]
290.0,cluster_123281084_3663662939_3664674395_3664674397_#1more_0_D0.4,0,0.0,-1.0,[]
290.0,cluster_123281084_3663662939_3664674395_3664674397_#1more_0_D1.0,1,100.0,-1.0,['veh113']
290.0,cluster_123281084_3663662939_3664674395_3664674397_#1more_0_D1.1,1,100.0,-1.0,['veh151']
290.0,cluster_123281084_3663662939_3664674395_3664674397_#1more_0_D2.0,0,0.0,-1.0,[]
290.0,cluster_123281084_3663662939_3664674395_3664674397_#1more_0_D2.1,0,0.0,-1.0,[]
290.0,cluster_123281085_12840608127_12840608130_12840608135_#1more_0_D0.0,0,0.0,-1.0,[]
290.0,cluster_123281085_12840608127_12840608130_12840608135_#1more_0_D1.0,0,0.0,-1.0,[]
290.0,cluster_123292026_3663224279_3663224280_3663662945_#1more_0_D0.0,0,0.0,-1.0,[]
290.0,cluster_123292026_3663224279_3663224280_3663662945_#1more_0_D0.1,0,0.0,-1.0,[]
290.0,cluster_123292026_3663224279_3663224280_3663662945_#1more_0_D1.0,0,0.0,-1.0,[]
290.0,cluster_123292026_3663224279_3663224280_3663662945_#1more_0_D1.1,0,0.0,-1.0,[]
290.0,cluster_123292026_3663224279_3663224280_3663662945_#1more_0_D1.2,0,0.0,-1.0,[]
290.0,cluster_123292026_3663224279_3663224280_3663662945_#1more_0_D1.3,0,0.0,-1.0,[]
290.0,cluster_123292026_3663224279_3663224280_3663662945_#1more_0_D2.0,0,0.0,-1.0,[]
290.0,cluster_123292026_3663224279_3663224280_3663662945_#1more_0_D2.1,0,0.0,-1.0,[]
290.0,cluster_123292029_3663224277_3663224278_5344542569_#1more_0_D0.0,1,100.0,-1.0,['veh70']
290.0,cluster_123292029_3663224277_3663224278_5344542569_#1more_0_D0.1,0,0.0,-1.0,[]
290.0,cluster_123292029_3663224277_3663224278_5344542569_#1more_0_D0.2,0,0.0,-1.0,[]
290.0,cluster_123292029_3663224277_3663224278_5344542569_#1more_0_D1.0,0,0.0,-1.0,[]
290.0,cluster_123292029_3663224277_3663224278_5344542569_#1more_0_D1.1,0,0.0,-1.0,[]
290.0,cluster_123292029_3663224277_3663224278_5344542569_#1more_0_D2.0,0,0.0,-1.0,[]
290.0,cluster_123292029_3663224277_3663224278_5344542569_#1more_0_D2.1,0,0.0,-1.0,[]
290.0,cluster_123292029_3663224277_3663224278_5344542569_#1more_0_D2.2,0,0.0,-1.0,[]
290.0,cluster_123292029_3663224277_3663224278_5344542569_#1more_0_D3.0,0,0.0,-1.0,[]
290.0,cluster_123292029_3663224277_3663224278_5344542569_#1more_0_D3.1,0,0.0,-1.0,[]
290.0,cluster_123292031_3663224275_3663224276_3663662936_#1more_0_D0.0,1,0.0,-1.0,['veh140']
290.0,cluster_123292031_3663224275_3663224276_3663662936_#1more_0_D0.1,0,0.0,-1.0,[]
290.0,cluster_123292031_3663224275_3663224276_3663662936_#1more_0_D1.0,0,0.0,-1.0,[]
290.0,cluster_123292031_3663224275_3663224276_3663662936_#1more_0_D2.0,0,0.0,-1.0,[]
290.0,cluster_123292031_3663224275_3663224276_3663662936_#1more_0_D2.1,0,0.0,-1.0,[]
290.0,cluster_123308403_3663827018_3663827019_3664674393_#1more_0_D0.0,0,0.0,-1.0,[]
290.0,cluster_123308403_3663827018_3663827019_3664674393_#1more_0_D0.1,0,0.0,-1.0,[]
290.0,cluster_123308403_3663827018_3663827019_3664674393_#1more_0_D1.0,0,0.0,-1.0,[]
290.0,cluster_123308403_3663827018_3663827019_3664674393_#1more_0_D1.1,0,0.0,-1.0,[]
290.0,cluster_123308403_3663827018_3663827019_3664674393_#1more_0_D1.2,0,0.0,-1.0,[]
290.0,cluster_123308403_3663827018_3663827019_3664674393_#1more_0_D1.3,0,0.0,-1.0,[]
290.0,cluster_123308403_3663827018_3663827019_3664674393_#1more_0_D2.0,0,0.0,-1.0,[]
290.0,cluster_123308403_3663827018_3663827019_3664674393_#1more_0_D2.1,0,0.0,-1.0,[]
290.0,cluster_123308403_3663827018_3663827019_3664674393_#1more_0_D2.2,0,0.0,-1.0,[]
290.0,cluster_3664723686_3698084157_3698084158_3698084159_#1more_0_D0.0,0,0.0,-1.0,[]
290.0,cluster_3664723686_3698084157_3698084158_3698084159_#1more_0_D0.1,0,0.0,-1.0,[]
290.0,cluster_3664723686_3698084157_3698084158_3698084159_#1more_0_D0.2,0,0.0,-1.0,[]
290.0,cluster_3664723686_3698084157_3698084158_3698084159_#1more_0_D1.0,0,0.0,-1.0,[]
290.0,cluster_3664723686_3698084157_3698084158_3698084159_#1more_0_D1.1,0,0.0,-1.0,[]
290.0,cluster_3664723686_3698084157_3698084158_3698084159_#1more_0_D1.2,0,0.0,-1.0,[]
290.0,joinedS_3663662947_3663662948_3698084160_3698084161_#1more_0_D0.0,0,0.0,-1.0,[]
290.0,joinedS_3663662947_3663662948_3698084160_3698084161_#1more_0_D0.1,0,0.0,-1.0,[]
290.0,joinedS_3663662947_3663662948_3698084160_3698084161_#1more_0_D0.2,0,0.0,-1.0,[]
290.0,joinedS_3663662947_3663662948_3698084160_3698084161_#1more_0_D0.3,0,0.0,-1.0,[]
290.0,joinedS_3663662947_3663662948_3698084160_3698084161_#1more_0_D1.0,0,0.0,-1.0,[]
290.0,joinedS_3663662947_3663662948_3698084160_3698084161_#1more_0_D1.1,0,0.0,-1.0,[]
290.0,joinedS_3663662947_3663662948_3698084160_3698084161_#1more_0_D1.2,0,0.0,-1.0,[]
290.0,joinedS_3663662947_3663662948_3698084160_3698084161_#1more_0_D1.3,0,0.0,-1.0,[]
290.0,joinedS_3663662947_3663662948_3698084160_3698084161_#1more_0_D2.0,0,0.0,-1.0,[]
290.0,joinedS_3663662947_3663662948_3698084160_3698084161_#1more_0_D2.1,0,0.0,-1.0,[]
290.0,joinedS_3663662947_3663662948_3698084160_3698084161_#1more_0_D2.2,0,0.0,-1.0,[]
290.0,joinedS_3663662947_3663662948_3698084160_3698084161_#1more_0_D2.3,0,0.0,-1.0,[]
290.0,joinedS_3663662947_3663662948_3698084160_3698084161_#1more_0_D3.0,1,100.0,-1.0,['veh175']
290.0,joinedS_3663662947_3663662948_3698084160_3698084161_#1more_0_D3.1,0,0.0,-1.0,[]
290.0,joinedS_3663662947_3663662948_3698084160_3698084161_#1more_0_D3.2,0,0.0,-1.0,[]
290.0,joinedS_3663662947_3663662948_3698084160_3698084161_#1more_0_D3.3,0,0.0,-1.0,[]
290.0,joinedS_3663662947_3663662948_3698084160_3698084161_#1more_0_D3.4,0,0.0,-1.0,[]
295.0,cluster_122855839_3663662942_3663662943_3663662944_#1more_0_D0.0,0,0.0,-1.0,[]
295.0,cluster_122855839_3663662942_3663662943_3663662944_#1more_0_D0.1,0,0.0,-1.0,[]
295.0,cluster_122855839_3663662942_3663662943_3663662944_#1more_0_D0.2,0,0.0,-1.0,[]
295.0,cluster_122855839_3663662942_3663662943_3663662944_#1more_0_D0.3,0,0.0,-1.0,[]
295.0,cluster_122855839_3663662942_3663662943_3663662944_#1more_0_D0.4,0,0.0,-1.0,[]
295.0,cluster_122855839_3663662942_3663662943_3663662944_#1more_0_D1.0,0,0.0,-1.0,[]
295.0,cluster_122855839_3663662942_3663662943_3663662944_#1more_0_D1.1,1,0.0,-1.0,['veh53']
295.0,cluster_122855839_3663662942_3663662943_3663662944_#1more_0_D1.2,0,0.0,-1.0,[]
295.0,cluster_122855839_3663662942_3663662943_3663662944_#1more_0_D2.0,1,40.559785919884916,8.608185701374914,['veh66']
295.0,cluster_122855839_3663662942_3663662943_3663662944_#1more_0_D2.1,0,0.0,-1.0,[]
295.0,cluster_123241924_382443557_5344542568_5546892974_#3more_0_D0.0,1,100.0,-1.0,['veh106']
295.0,cluster_123241924_382443557_5344542568_5546892974_#3more_0_D0.1,0,0.0,-1.0,[]
295.0,cluster_123241924_382443557_5344542568_5546892974_#3more_0_D0.2,0,0.0,-1.0,[]
295.0,cluster_123241924_382443557_5344542568_5546892974_#3more_0_D0.3,0,0.0,-1.0,[]
295.0,cluster_123241924_382443557_5344542568_5546892974_#3more_0_D0.4,0,0.0,-1.0,[]
295.0,cluster_123241924_382443557_5344542568_5546892974_#3more_0_D1.0,0,0.0,-1.0,[]
295.0,cluster_123241924_382443557_5344542568_5546892974_#3more_0_D2.0,0,0.0,-1.0,[]
295.0,cluster_123241924_382443557_5344542568_5546892974_#3more_0_D2.1,0,0.0,-1.0,[]
295.0,cluster_123241924_382443557_5344542568_5546892974_#3more_0_D2.2,0,0.0,-1.0,[]
295.0,cluster_123241924_382443557_5344542568_5546892974_#3more_0_D2.3,0,0.0,-1.0,[]
295.0,cluster_123241924_382443557_5344542568_5546892974_#3more_0_D2.4,0,0.0,-1.0,[]
295.0,cluster_123241924_382443557_5344542568_5546892974_#3more_0_D2.5,0,0.0,-1.0,[]
295.0,cluster_123241924_382443557_5344542568_5546892974_#3more_0_D3.0,0,0.0,-1.0,[]
295.0,cluster_123241924_382443557_5344542568_5546892974_#3more_0_D3.1,0,0.0,-1.0,[]
295.0,cluster_123241924_382443557_5344542568_5546892974_#3more_0_D3.2,0,0.0,-1.0,[]
295.0,cluster_123241924_382443557_5344542568_5546892974_#3more_0_D3.3,0,0.0,-1.0,[]
295.0,cluster_123241924_382443557_5344542568_5546892974_#3more_0_D3.4,0,0.0,-1.0,[]
295.0,cluster_123281084_3663662939_3664674395_3664674397_#1more_0_D0.0,0,0.0,-1.0,[]
295.0,cluster_123281084_3663662939_3664674395_3664674397_#1more_0_D0.1,0,0.0,-1.0,[]
295.0,cluster_123281084_3663662939_3664674395_3664674397_#1more_0_D0.2,0,0.0,-1.0,[]
295.0,cluster_123281084_3663662939_3664674395_3664674397_#1more_0_D0.3,0,0.0,-1.0,[]
295.0,cluster_123281084_3663662939_3664674395_3664674397_#1more_0_D0.4,0,0.0,-1.0,[]
295.0,cluster_123281084_3663662939_3664674395_3664674397_#1more_0_D1.0,1,100.0,-1.0,['veh113']
295.0,cluster_123281084_3663662939_3664674395_3664674397_#1more_0_D1.1,1,100.0,-1.0,['veh151']
295.0,cluster_123281084_3663662939_3664674395_3664674397_#1more_0_D2.0,0,0.0,-1.0,[]
295.0,cluster_123281084_3663662939_3664674395_3664674397_#1more_0_D2.1,0,0.0,-1.0,[]
295.0,cluster_123281085_12840608127_12840608130_12840608135_#1more_0_D0.0,0,0.0,-1.0,[]
295.0,cluster_123281085_12840608127_12840608130_12840608135_#1more_0_D1.0,0,0.0,-1.0,[]
295.0,cluster_123292026_3663224279_3663224280_3663662945_#1more_0_D0.0,0,0.0,-1.0,[]
295.0,cluster_123292026_3663224279_3663224280_3663662945_#1more_0_D0.1,0,0.0,-1.0,[]
295.0,cluster_123292026_3663224279_3663224280_3663662945_#1more_0_D1.0,0,0.0,-1.0,[]
295.0,cluster_123292026_3663224279_3663224280_3663662945_#1more_0_D1.1,0,0.0,-1.0,[]
295.0,cluster_123292026_3663224279_3663224280_3663662945_#1more_0_D1.2,1,37.476062273714206,13.341849961400591,['veh170']
295.0,cluster_123292026_3663224279_3663224280_3663662945_#1more_0_D1.3,0,0.0,-1.0,[]
295.0,cluster_123292026_3663224279_3663224280_3663662945_#1more_0_D2.0,1,37.66354617782781,13.275436084516796,['veh177']
295.0,cluster_123292026_3663224279_3663224280_3663662945_#1more_0_D2.1,0,0.0,-1.0,[]
295.0,cluster_123292029_3663224277_3663224278_5344542569_#1more_0_D0.0,1,100.0,-1.0,['veh70']
295.0,cluster_123292029_3663224277_3663224278_5344542569_#1more_0_D0.1,0,0.0,-1.0,[]
295.0,cluster_123292029_3663224277_3663224278_5344542569_#1more_0_D0.2,0,0.0,-1.0,[]
295.0,cluster_123292029_3663224277_3663224278_5344542569_#1more_0_D1.0,0,0.0,-1.0,[]
295.0,cluster_123292029_3663224277_3663224278_5344542569_#1more_0_D1.1,0,0.0,-1.0,[]
295.0,cluster_123292029_3663224277_3663224278_5344542569_#1more_0_D2.0,0,0.0,-1.0,[]
295.0,cluster_123292029_3663224277_3663224278_5344542569_#1more_0_D2.1,0,0.0,-1.0,[]
295.0,cluster_123292029_3663224277_3663224278_5344542569_#1more_0_D2.2,1,36.42980845899615,13.725024125855036,['veh84']
295.0,cluster_123292029_3663224277_3663224278_5344542569_#1more_0_D3.0,0,0.0,-1.0,[]
295.0,cluster_123292029_3663224277_3663224278_5344542569_#1more_0_D3.1,0,0.0,-1.0,[]
295.0,cluster_123292031_3663224275_3663224276_3663662936_#1more_0_D0.0,0,0.0,-1.0,[]
295.0,cluster_123292031_3663224275_3663224276_3663662936_#1more_0_D0.1,0,0.0,-1.0,[]
295.0,cluster_123292031_3663224275_3663224276_3663662936_#1more_0_D1.0,0,0.0,-1.0,[]
295.0,cluster_123292031_3663224275_3663224276_3663662936_#1more_0_D2.0,0,0.0,-1.0,[]
295.0,cluster_123292031_3663224275_3663224276_3663662936_#1more_0_D2.1,0,0.0,-1.0,[]
295.0,cluster_123308403_3663827018_3663827019_3664674393_#1more_0_D0.0,1,30.41939992439211,3.2213094843551513,['bus18']
295.0,cluster_123308403_3663827018_3663827019_3664674393_#1more_0_D0.1,0,0.0,-1.0,[]
295.0,cluster_123308403_3663827018_3663827019_3664674393_#1more_0_D1.0,0,0.0,-1.0,[]
295.0,cluster_123308403_3663827018_3663827019_3664674393_#1more_0_D1.1,0,0.0,-1.0,[]
295.0,cluster_123308403_3663827018_3663827019_3664674393_#1more_0_D1.2,0,0.0,-1.0,[]
295.0,cluster_123308403_3663827018_3663827019_3664674393_#1more_0_D1.3,0,0.0,-1.0,[]
295.0,cluster_123308403_3663827018_3663827019_3664674393_#1more_0_D2.0,0,0.0,-1.0,[]
295.0,cluster_123308403_3663827018_3663827019_3664674393_#1more_0_D2.1,0,0.0,-1.0,[]
295.0,cluster_123308403_3663827018_3663827019_3664674393_#1more_0_D2.2,0,0.0,-1.0,[]
295.0,cluster_3664723686_3698084157_3698084158_3698084159_#1more_0_D0.0,0,0.0,-1.0,[]
295.0,cluster_3664723686_3698084157_3698084158_3698084159_#1more_0_D0.1,0,0.0,-1.0,[]
295.0,cluster_3664723686_3698084157_3698084158_3698084159_#1more_0_D0.2,0,0.0,-1.0,[]
295.0,cluster_3664723686_3698084157_3698084158_3698084159_#1more_0_D1.0,0,0.0,-1.0,[]
295.0,cluster_3664723686_3698084157_3698084158_3698084159_#1more_0_D1.1,0,0.0,-1.0,[]
295.0,cluster_3664723686_3698084157_3698084158_3698084159_#1more_0_D1.2,0,0.0,-1.0,[]
295.0,joinedS_3663662947_3663662948_3698084160_3698084161_#1more_0_D0.0,0,0.0,-1.0,[]
295.0,joinedS_3663662947_3663662948_3698084160_3698084161_#1more_0_D0.1,0,0.0,-1.0,[]
295.0,joinedS_3663662947_3663662948_3698084160_3698084161_#1more_0_D0.2,0,0.0,-1.0,[]
295.0,joinedS_3663662947_3663662948_3698084160_3698084161_#1more_0_D0.3,0,0.0,-1.0,[]
295.0,joinedS_3663662947_3663662948_3698084160_3698084161_#1more_0_D1.0,0,0.0,-1.0,[]
295.0,joinedS_3663662947_3663662948_3698084160_3698084161_#1more_0_D1.1,0,0.0,-1.0,[]
295.0,joinedS_3663662947_3663662948_3698084160_3698084161_#1more_0_D1.2,0,0.0,-1.0,[]
295.0,joinedS_3663662947_3663662948_3698084160_3698084161_#1more_0_D1.3,0,0.0,-1.0,[]
295.0,joinedS_3663662947_3663662948_3698084160_3698084161_#1more_0_D2.0,0,0.0,-1.0,[]
295.0,joinedS_3663662947_3663662948_3698084160_3698084161_#1more_0_D2.1,0,0.0,-1.0,[]
295.0,joinedS_3663662947_3663662948_3698084160_3698084161_#1more_0_D2.2,0,0.0,-1.0,[]
295.0,joinedS_3663662947_3663662948_3698084160_3698084161_#1more_0_D2.3,0,0.0,-1.0,[]
295.0,joinedS_3663662947_3663662948_3698084160_3698084161_#1more_0_D3.0,1,100.0,-1.0,['veh175']
295.0,joinedS_3663662947_3663662948_3698084160_3698084161_#1more_0_D3.1,0,0.0,-1.0,[]
295.0,joinedS_3663662947_3663662948_3698084160_3698084161_#1more_0_D3.2,0,0.0,-1.0,[]
295.0,joinedS_3663662947_3663662948_3698084160_3698084161_#1more_0_D3.3,0,0.0,-1.0,[]
295.0,joinedS_3663662947_3663662948_3698084160_3698084161_#1more_0_D3.4,0,0.0,-1.0,[]
300.0,cluster_122855839_3663662942_3663662943_3663662944_#1more_0_D0.0,0,0.0,-1.0,[]
300.0,cluster_122855839_3663662942_3663662943_3663662944_#1more_0_D0.1,0,0.0,-1.0,[]
300.0,cluster_122855839_3663662942_3663662943_3663662944_#1more_0_D0.2,0,0.0,-1.0,[]
300.0,cluster_122855839_3663662942_3663662943_3663662944_#1more_0_D0.3,0,0.0,-1.0,[]
300.0,cluster_122855839_3663662942_3663662943_3663662944_#1more_0_D0.4,0,0.0,-1.0,[]
300.0,cluster_122855839_3663662942_3663662943_3663662944_#1more_0_D1.0,0,0.0,-1.0,[]
300.0,cluster_122855839_3663662942_3663662943_3663662944_#1more_0_D1.1,0,0.0,-1.0,[]
300.0,cluster_122855839_3663662942_3663662943_3663662944_#1more_0_D1.2,0,0.0,-1.0,[]
300.0,cluster_122855839_3663662942_3663662943_3663662944_#1more_0_D2.0,1,0.0,-1.0,['veh80']
300.0,cluster_122855839_3663662942_3663662943_3663662944_#1more_0_D2.1,1,16.444717155485478,6.285731727733533,['veh117']
300.0,cluster_123241924_382443557_5344542568_5546892974_#3more_0_D0.0,1,100.0,-1.0,['veh106']
300.0,cluster_123241924_382443557_5344542568_5546892974_#3more_0_D0.1,0,0.0,-1.0,[]
300.0,cluster_123241924_382443557_5344542568_5546892974_#3more_0_D0.2,0,0.0,-1.0,[]
300.0,cluster_123241924_382443557_5344542568_5546892974_#3more_0_D0.3,0,0.0,-1.0,[]
300.0,cluster_123241924_382443557_5344542568_5546892974_#3more_0_D0.4,0,0.0,-1.0,[]
300.0,cluster_123241924_382443557_5344542568_5546892974_#3more_0_D1.0,0,0.0,-1.0,[]
300.0,cluster_123241924_382443557_5344542568_5546892974_#3more_0_D2.0,0,0.0,-1.0,[]
300.0,cluster_123241924_382443557_5344542568_5546892974_#3more_0_D2.1,0,0.0,-1.0,[]
300.0,cluster_123241924_382443557_5344542568_5546892974_#3more_0_D2.2,0,0.0,-1.0,[]
300.0,cluster_123241924_382443557_5344542568_5546892974_#3more_0_D2.3,0,0.0,-1.0,[]
300.0,cluster_123241924_382443557_5344542568_5546892974_#3more_0_D2.4,0,0.0,-1.0,[]
300.0,cluster_123241924_382443557_5344542568_5546892974_#3more_0_D2.5,0,0.0,-1.0,[]
300.0,cluster_123241924_382443557_5344542568_5546892974_#3more_0_D3.0,0,0.0,-1.0,[]
300.0,cluster_123241924_382443557_5344542568_5546892974_#3more_0_D3.1,0,0.0,-1.0,[]
300.0,cluster_123241924_382443557_5344542568_5546892974_#3more_0_D3.2,0,0.0,-1.0,[]
300.0,cluster_123241924_382443557_5344542568_5546892974_#3more_0_D3.3,0,0.0,-1.0,[]
300.0,cluster_123241924_382443557_5344542568_5546892974_#3more_0_D3.4,0,0.0,-1.0,[]
300.0,cluster_123281084_3663662939_3664674395_3664674397_#1more_0_D0.0,0,0.0,-1.0,[]
300.0,cluster_123281084_3663662939_3664674395_3664674397_#1more_0_D0.1,0,0.0,-1.0,[]
300.0,cluster_123281084_3663662939_3664674395_3664674397_#1more_0_D0.2,0,0.0,-1.0,[]
300.0,cluster_123281084_3663662939_3664674395_3664674397_#1more_0_D0.3,0,0.0,-1.0,[]
300.0,cluster_123281084_3663662939_3664674395_3664674397_#1more_0_D0.4,0,0.0,-1.0,[]
300.0,cluster_123281084_3663662939_3664674395_3664674397_#1more_0_D1.0,1,100.0,-1.0,['veh113']
300.0,cluster_123281084_3663662939_3664674395_3664674397_#1more_0_D1.1,1,100.0,-1.0,['veh151']
300.0,cluster_123281084_3663662939_3664674395_3664674397_#1more_0_D2.0,0,0.0,-1.0,[]
300.0,cluster_123281084_3663662939_3664674395_3664674397_#1more_0_D2.1,0,0.0,-1.0,[]
300.0,cluster_123281085_12840608127_12840608130_12840608135_#1more_0_D0.0,0,0.0,-1.0,[]
300.0,cluster_123281085_12840608127_12840608130_12840608135_#1more_0_D1.0,0,0.0,-1.0,[]
300.0,cluster_123292026_3663224279_3663224280_3663662945_#1more_0_D0.0,0,0.0,-1.0,[]
300.0,cluster_123292026_3663224279_3663224280_3663662945_#1more_0_D0.1,0,0.0,-1.0,[]
300.0,cluster_123292026_3663224279_3663224280_3663662945_#1more_0_D1.0,0,0.0,-1.0,[]
300.0,cluster_123292026_3663224279_3663224280_3663662945_#1more_0_D1.1,0,0.0,-1.0,[]
300.0,cluster_123292026_3663224279_3663224280_3663662945_#1more_0_D1.2,0,0.0,-1.0,[]
300.0,cluster_123292026_3663224279_3663224280_3663662945_#1more_0_D1.3,0,0.0,-1.0,[]
300.0,cluster_123292026_3663224279_3663224280_3663662945_#1more_0_D2.0,0,0.0,-1.0,[]
300.0,cluster_123292026_3663224279_3663224280_3663662945_#1more_0_D2.1,0,0.0,-1.0,[]
300.0,cluster_123292029_3663224277_3663224278_5344542569_#1more_0_D0.0,1,100.0,-1.0,['veh70']
300.0,cluster_123292029_3663224277_3663224278_5344542569_#1more_0_D0.1,0,0.0,-1.0,[]
300.0,cluster_123292029_3663224277_3663224278_5344542569_#1more_0_D0.2,0,0.0,-1.0,[]
300.0,cluster_123292029_3663224277_3663224278_5344542569_#1more_0_D1.0,0,0.0,-1.0,[]
300.0,cluster_123292029_3663224277_3663224278_5344542569_#1more_0_D1.1,0,0.0,-1.0,[]
300.0,cluster_123292029_3663224277_3663224278_5344542569_#1more_0_D2.0,0,0.0,-1.0,[]
300.0,cluster_123292029_3663224277_3663224278_5344542569_#1more_0_D2.1,0,0.0,-1.0,[]
300.0,cluster_123292029_3663224277_3663224278_5344542569_#1more_0_D2.2,0,0.0,-1.0,[]
300.0,cluster_123292029_3663224277_3663224278_5344542569_#1more_0_D3.0,1,0.0,-1.0,['truck7']
300.0,cluster_123292029_3663224277_3663224278_5344542569_#1more_0_D3.1,1,0.0,-1.0,['truck7']
300.0,cluster_123292031_3663224275_3663224276_3663662936_#1more_0_D0.0,0,0.0,-1.0,[]
300.0,cluster_123292031_3663224275_3663224276_3663662936_#1more_0_D0.1,0,0.0,-1.0,[]
300.0,cluster_123292031_3663224275_3663224276_3663662936_#1more_0_D1.0,0,0.0,-1.0,[]
300.0,cluster_123292031_3663224275_3663224276_3663662936_#1more_0_D2.0,0,0.0,-1.0,[]
300.0,cluster_123292031_3663224275_3663224276_3663662936_#1more_0_D2.1,0,0.0,-1.0,[]
300.0,cluster_123308403_3663827018_3663827019_3664674393_#1more_0_D0.0,0,0.0,-1.0,[]
300.0,cluster_123308403_3663827018_3663827019_3664674393_#1more_0_D0.1,0,0.0,-1.0,[]
300.0,cluster_123308403_3663827018_3663827019_3664674393_#1more_0_D1.0,0,0.0,-1.0,[]
300.0,cluster_123308403_3663827018_3663827019_3664674393_#1more_0_D1.1,0,0.0,-1.0,[]
300.0,cluster_123308403_3663827018_3663827019_3664674393_#1more_0_D1.2,0,0.0,-1.0,[]
300.0,cluster_123308403_3663827018_3663827019_3664674393_#1more_0_D1.3,0,0.0,-1.0,[]
300.0,cluster_123308403_3663827018_3663827019_3664674393_#1more_0_D2.0,0,0.0,-1.0,[]
300.0,cluster_123308403_3663827018_3663827019_3664674393_#1more_0_D2.1,0,0.0,-1.0,[]
300.0,cluster_123308403_3663827018_3663827019_3664674393_#1more_0_D2.2,0,0.0,-1.0,[]
300.0,cluster_3664723686_3698084157_3698084158_3698084159_#1more_0_D0.0,0,0.0,-1.0,[]
300.0,cluster_3664723686_3698084157_3698084158_3698084159_#1more_0_D0.1,0,0.0,-1.0,[]
300.0,cluster_3664723686_3698084157_3698084158_3698084159_#1more_0_D0.2,0,0.0,-1.0,[]
300.0,cluster_3664723686_3698084157_3698084158_3698084159_#1more_0_D1.0,0,0.0,-1.0,[]
300.0,cluster_3664723686_3698084157_3698084158_3698084159_#1more_0_D1.1,0,0.0,-1.0,[]
300.0,cluster_3664723686_3698084157_3698084158_3698084159_#1more_0_D1.2,0,0.0,-1.0,[]
300.0,joinedS_3663662947_3663662948_3698084160_3698084161_#1more_0_D0.0,0,0.0,-1.0,[]
300.0,joinedS_3663662947_3663662948_3698084160_3698084161_#1more_0_D0.1,0,0.0,-1.0,[]
300.0,joinedS_3663662947_3663662948_3698084160_3698084161_#1more_0_D0.2,0,0.0,-1.0,[]
300.0,joinedS_3663662947_3663662948_3698084160_3698084161_#1more_0_D0.3,0,0.0,-1.0,[]
300.0,joinedS_3663662947_3663662948_3698084160_3698084161_#1more_0_D1.0,0,0.0,-1.0,[]
300.0,joinedS_3663662947_3663662948_3698084160_3698084161_#1more_0_D1.1,0,0.0,-1.0,[]
300.0,joinedS_3663662947_3663662948_3698084160_3698084161_#1more_0_D1.2,0,0.0,-1.0,[]
300.0,joinedS_3663662947_3663662948_3698084160_3698084161_#1more_0_D1.3,0,0.0,-1.0,[]
300.0,joinedS_3663662947_3663662948_3698084160_3698084161_#1more_0_D2.0,0,0.0,-1.0,[]
300.0,joinedS_3663662947_3663662948_3698084160_3698084161_#1more_0_D2.1,0,0.0,-1.0,[]
300.0,joinedS_3663662947_3663662948_3698084160_3698084161_#1more_0_D2.2,0,0.0,-1.0,[]
300.0,joinedS_3663662947_3663662948_3698084160_3698084161_#1more_0_D2.3,0,0.0,-1.0,[]
300.0,joinedS_3663662947_3663662948_3698084160_3698084161_#1more_0_D3.0,1,100.0,-1.0,['veh175']
300.0,joinedS_3663662947_3663662948_3698084160_3698084161_#1more_0_D3.1,0,0.0,-1.0,[]
300.0,joinedS_3663662947_3663662948_3698084160_3698084161_#1more_0_D3.2,0,0.0,-1.0,[]
300.0,joinedS_3663662947_3663662948_3698084160_3698084161_#1more_0_D3.3,0,0.0,-1.0,[]
300.0,joinedS_3663662947_3663662948_3698084160_3698084161_#1more_0_D3.4,0,0.0,-1.0,[]
305.0,cluster_122855839_3663662942_3663662943_3663662944_#1more_0_D0.0,0,0.0,-1.0,[]
305.0,cluster_122855839_3663662942_3663662943_3663662944_#1more_0_D0.1,0,0.0,-1.0,[]
305.0,cluster_122855839_3663662942_3663662943_3663662944_#1more_0_D0.2,0,0.0,-1.0,[]
305.0,cluster_122855839_3663662942_3663662943_3663662944_#1more_0_D0.3,0,0.0,-1.0,[]
305.0,cluster_122855839_3663662942_3663662943_3663662944_#1more_0_D0.4,0,0.0,-1.0,[]
305.0,cluster_122855839_3663662942_3663662943_3663662944_#1more_0_D1.0,0,0.0,-1.0,[]
305.0,cluster_122855839_3663662942_3663662943_3663662944_#1more_0_D1.1,0,0.0,-1.0,[]
305.0,cluster_122855839_3663662942_3663662943_3663662944_#1more_0_D1.2,0,0.0,-1.0,[]
305.0,cluster_122855839_3663662942_3663662943_3663662944_#1more_0_D2.0,1,0.0,-1.0,['truck5']
305.0,cluster_122855839_3663662942_3663662943_3663662944_#1more_0_D2.1,0,0.0,-1.0,[]
305.0,cluster_123241924_382443557_5344542568_5546892974_#3more_0_D0.0,1,100.0,-1.0,['veh106']
305.0,cluster_123241924_382443557_5344542568_5546892974_#3more_0_D0.1,0,0.0,-1.0,[]
305.0,cluster_123241924_382443557_5344542568_5546892974_#3more_0_D0.2,0,0.0,-1.0,[]
305.0,cluster_123241924_382443557_5344542568_5546892974_#3more_0_D0.3,1,0.0,-1.0,['veh53']
305.0,cluster_123241924_382443557_5344542568_5546892974_#3more_0_D0.4,0,0.0,-1.0,[]
305.0,cluster_123241924_382443557_5344542568_5546892974_#3more_0_D1.0,0,0.0,-1.0,[]
305.0,cluster_123241924_382443557_5344542568_5546892974_#3more_0_D2.0,0,0.0,-1.0,[]
305.0,cluster_123241924_382443557_5344542568_5546892974_#3more_0_D2.1,0,0.0,-1.0,[]
305.0,cluster_123241924_382443557_5344542568_5546892974_#3more_0_D2.2,0,0.0,-1.0,[]
305.0,cluster_123241924_382443557_5344542568_5546892974_#3more_0_D2.3,0,0.0,-1.0,[]
305.0,cluster_123241924_382443557_5344542568_5546892974_#3more_0_D2.4,0,0.0,-1.0,[]
305.0,cluster_123241924_382443557_5344542568_5546892974_#3more_0_D2.5,0,0.0,-1.0,[]
305.0,cluster_123241924_382443557_5344542568_5546892974_#3more_0_D3.0,0,0.0,-1.0,[]
305.0,cluster_123241924_382443557_5344542568_5546892974_#3more_0_D3.1,0,0.0,-1.0,[]
305.0,cluster_123241924_382443557_5344542568_5546892974_#3more_0_D3.2,0,0.0,-1.0,[]
305.0,cluster_123241924_382443557_5344542568_5546892974_#3more_0_D3.3,0,0.0,-1.0,[]
305.0,cluster_123241924_382443557_5344542568_5546892974_#3more_0_D3.4,0,0.0,-1.0,[]
305.0,cluster_123281084_3663662939_3664674395_3664674397_#1more_0_D0.0,0,0.0,-1.0,[]
305.0,cluster_123281084_3663662939_3664674395_3664674397_#1more_0_D0.1,0,0.0,-1.0,[]
305.0,cluster_123281084_3663662939_3664674395_3664674397_#1more_0_D0.2,0,0.0,-1.0,[]
305.0,cluster_123281084_3663662939_3664674395_3664674397_#1more_0_D0.3,0,0.0,-1.0,[]
305.0,cluster_123281084_3663662939_3664674395_3664674397_#1more_0_D0.4,0,0.0,-1.0,[]
305.0,cluster_123281084_3663662939_3664674395_3664674397_#1more_0_D1.0,1,100.0,-1.0,['veh113']
305.0,cluster_123281084_3663662939_3664674395_3664674397_#1more_0_D1.1,1,100.0,-1.0,['veh151']
305.0,cluster_123281084_3663662939_3664674395_3664674397_#1more_0_D2.0,0,0.0,-1.0,[]
305.0,cluster_123281084_3663662939_3664674395_3664674397_#1more_0_D2.1,0,0.0,-1.0,[]
305.0,cluster_123281085_12840608127_12840608130_12840608135_#1more_0_D0.0,0,0.0,-1.0,[]
305.0,cluster_123281085_12840608127_12840608130_12840608135_#1more_0_D1.0,0,0.0,-1.0,[]
305.0,cluster_123292026_3663224279_3663224280_3663662945_#1more_0_D0.0,0,0.0,-1.0,[]
305.0,cluster_123292026_3663224279_3663224280_3663662945_#1more_0_D0.1,0,0.0,-1.0,[]
305.0,cluster_123292026_3663224279_3663224280_3663662945_#1more_0_D1.0,0,0.0,-1.0,[]
305.0,cluster_123292026_3663224279_3663224280_3663662945_#1more_0_D1.1,0,0.0,-1.0,[]
305.0,cluster_123292026_3663224279_3663224280_3663662945_#1more_0_D1.2,0,0.0,-1.0,[]
305.0,cluster_123292026_3663224279_3663224280_3663662945_#1more_0_D1.3,0,0.0,-1.0,[]
305.0,cluster_123292026_3663224279_3663224280_3663662945_#1more_0_D2.0,0,0.0,-1.0,[]
305.0,cluster_123292026_3663224279_3663224280_3663662945_#1more_0_D2.1,0,0.0,-1.0,[]
305.0,cluster_123292029_3663224277_3663224278_5344542569_#1more_0_D0.0,1,100.0,-1.0,['veh70']
305.0,cluster_123292029_3663224277_3663224278_5344542569_#1more_0_D0.1,0,0.0,-1.0,[]
305.0,cluster_123292029_3663224277_3663224278_5344542569_#1more_0_D0.2,0,0.0,-1.0,[]
305.0,cluster_123292029_3663224277_3663224278_5344542569_#1more_0_D1.0,0,0.0,-1.0,[]
305.0,cluster_123292029_3663224277_3663224278_5344542569_#1more_0_D1.1,0,0.0,-1.0,[]
305.0,cluster_123292029_3663224277_3663224278_5344542569_#1more_0_D2.0,1,100.0,-1.0,['veh134']
305.0,cluster_123292029_3663224277_3663224278_5344542569_#1more_0_D2.1,0,0.0,-1.0,[]
305.0,cluster_123292029_3663224277_3663224278_5344542569_#1more_0_D2.2,0,0.0,-1.0,[]
305.0,cluster_123292029_3663224277_3663224278_5344542569_#1more_0_D3.0,0,0.0,-1.0,[]
305.0,cluster_123292029_3663224277_3663224278_5344542569_#1more_0_D3.1,0,0.0,-1.0,[]
305.0,cluster_123292031_3663224275_3663224276_3663662936_#1more_0_D0.0,0,0.0,-1.0,[]
305.0,cluster_123292031_3663224275_3663224276_3663662936_#1more_0_D0.1,1,0.0,-1.0,['veh187']
305.0,cluster_123292031_3663224275_3663224276_3663662936_#1more_0_D1.0,0,0.0,-1.0,[]
305.0,cluster_123292031_3663224275_3663224276_3663662936_#1more_0_D2.0,0,0.0,-1.0,[]
305.0,cluster_123292031_3663224275_3663224276_3663662936_#1more_0_D2.1,0,0.0,-1.0,[]
305.0,cluster_123308403_3663827018_3663827019_3664674393_#1more_0_D0.0,0,0.0,-1.0,[]
305.0,cluster_123308403_3663827018_3663827019_3664674393_#1more_0_D0.1,0,0.0,-1.0,[]
305.0,cluster_123308403_3663827018_3663827019_3664674393_#1more_0_D1.0,0,0.0,-1.0,[]
305.0,cluster_123308403_3663827018_3663827019_3664674393_#1more_0_D1.1,0,0.0,-1.0,[]
305.0,cluster_123308403_3663827018_3663827019_3664674393_#1more_0_D1.2,0,0.0,-1.0,[]
305.0,cluster_123308403_3663827018_3663827019_3664674393_#1more_0_D1.3,0,0.0,-1.0,[]
305.0,cluster_123308403_3663827018_3663827019_3664674393_#1more_0_D2.0,0,0.0,-1.0,[]
305.0,cluster_123308403_3663827018_3663827019_3664674393_#1more_0_D2.1,0,0.0,-1.0,[]
305.0,cluster_123308403_3663827018_3663827019_3664674393_#1more_0_D2.2,1,35.224456499634016,14.194683174322222,['veh181']
305.0,cluster_3664723686_3698084157_3698084158_3698084159_#1more_0_D0.0,0,0.0,-1.0,[]
305.0,cluster_3664723686_3698084157_3698084158_3698084159_#1more_0_D0.1,0,0.0,-1.0,[]
305.0,cluster_3664723686_3698084157_3698084158_3698084159_#1more_0_D0.2,0,0.0,-1.0,[]
305.0,cluster_3664723686_3698084157_3698084158_3698084159_#1more_0_D1.0,0,0.0,-1.0,[]
305.0,cluster_3664723686_3698084157_3698084158_3698084159_#1more_0_D1.1,0,0.0,-1.0,[]
305.0,cluster_3664723686_3698084157_3698084158_3698084159_#1more_0_D1.2,0,0.0,-1.0,[]
305.0,joinedS_3663662947_3663662948_3698084160_3698084161_#1more_0_D0.0,0,0.0,-1.0,[]
305.0,joinedS_3663662947_3663662948_3698084160_3698084161_#1more_0_D0.1,0,0.0,-1.0,[]
305.0,joinedS_3663662947_3663662948_3698084160_3698084161_#1more_0_D0.2,0,0.0,-1.0,[]
305.0,joinedS_3663662947_3663662948_3698084160_3698084161_#1more_0_D0.3,0,0.0,-1.0,[]
305.0,joinedS_3663662947_3663662948_3698084160_3698084161_#1more_0_D1.0,0,0.0,-1.0,[]
305.0,joinedS_3663662947_3663662948_3698084160_3698084161_#1more_0_D1.1,0,0.0,-1.0,[]
305.0,joinedS_3663662947_3663662948_3698084160_3698084161_#1more_0_D1.2,0,0.0,-1.0,[]
305.0,joinedS_3663662947_3663662948_3698084160_3698084161_#1more_0_D1.3,0,0.0,-1.0,[]
305.0,joinedS_3663662947_3663662948_3698084160_3698084161_#1more_0_D2.0,0,0.0,-1.0,[]
305.0,joinedS_3663662947_3663662948_3698084160_3698084161_#1more_0_D2.1,0,0.0,-1.0,[]
305.0,joinedS_3663662947_3663662948_3698084160_3698084161_#1more_0_D2.2,0,0.0,-1.0,[]
305.0,joinedS_3663662947_3663662948_3698084160_3698084161_#1more_0_D2.3,0,0.0,-1.0,[]
305.0,joinedS_3663662947_3663662948_3698084160_3698084161_#1more_0_D3.0,1,100.0,-1.0,['veh175']
305.0,joinedS_3663662947_3663662948_3698084160_3698084161_#1more_0_D3.1,0,0.0,-1.0,[]
305.0,joinedS_3663662947_3663662948_3698084160_3698084161_#1more_0_D3.2,0,0.0,-1.0,[]
305.0,joinedS_3663662947_3663662948_3698084160_3698084161_#1more_0_D3.3,0,0.0,-1.0,[]
305.0,joinedS_3663662947_3663662948_3698084160_3698084161_#1more_0_D3.4,0,0.0,-1.0,[]
310.0,cluster_122855839_3663662942_3663662943_3663662944_#1more_0_D0.0,0,0.0,-1.0,[]
310.0,cluster_122855839_3663662942_3663662943_3663662944_#1more_0_D0.1,0,0.0,-1.0,[]
310.0,cluster_122855839_3663662942_3663662943_3663662944_#1more_0_D0.2,0,0.0,-1.0,[]
310.0,cluster_122855839_3663662942_3663662943_3663662944_#1more_0_D0.3,0,0.0,-1.0,[]
310.0,cluster_122855839_3663662942_3663662943_3663662944_#1more_0_D0.4,0,0.0,-1.0,[]
310.0,cluster_122855839_3663662942_3663662943_3663662944_#1more_0_D1.0,0,0.0,-1.0,[]
310.0,cluster_122855839_3663662942_3663662943_3663662944_#1more_0_D1.1,0,0.0,-1.0,[]
310.0,cluster_122855839_3663662942_3663662943_3663662944_#1more_0_D1.2,0,0.0,-1.0,[]
310.0,cluster_122855839_3663662942_3663662943_3663662944_#1more_0_D2.0,0,0.0,-1.0,[]
310.0,cluster_122855839_3663662942_3663662943_3663662944_#1more_0_D2.1,0,0.0,-1.0,[]
310.0,cluster_123241924_382443557_5344542568_5546892974_#3more_0_D0.0,1,100.0,-1.0,['veh106']
310.0,cluster_123241924_382443557_5344542568_5546892974_#3more_0_D0.1,0,0.0,-1.0,[]
310.0,cluster_123241924_382443557_5344542568_5546892974_#3more_0_D0.2,0,0.0,-1.0,[]
310.0,cluster_123241924_382443557_5344542568_5546892974_#3more_0_D0.3,0,0.0,-1.0,[]
310.0,cluster_123241924_382443557_5344542568_5546892974_#3more_0_D0.4,0,0.0,-1.0,[]
310.0,cluster_123241924_382443557_5344542568_5546892974_#3more_0_D1.0,0,0.0,-1.0,[]
310.0,cluster_123241924_382443557_5344542568_5546892974_#3more_0_D2.0,0,0.0,-1.0,[]
310.0,cluster_123241924_382443557_5344542568_5546892974_#3more_0_D2.1,0,0.0,-1.0,[]
310.0,cluster_123241924_382443557_5344542568_5546892974_#3more_0_D2.2,0,0.0,-1.0,[]
310.0,cluster_123241924_382443557_5344542568_5546892974_#3more_0_D2.3,0,0.0,-1.0,[]
310.0,cluster_123241924_382443557_5344542568_5546892974_#3more_0_D2.4,0,0.0,-1.0,[]
310.0,cluster_123241924_382443557_5344542568_5546892974_#3more_0_D2.5,0,0.0,-1.0,[]
310.0,cluster_123241924_382443557_5344542568_5546892974_#3more_0_D3.0,0,0.0,-1.0,[]
310.0,cluster_123241924_382443557_5344542568_5546892974_#3more_0_D3.1,0,0.0,-1.0,[]
310.0,cluster_123241924_382443557_5344542568_5546892974_#3more_0_D3.2,0,0.0,-1.0,[]
310.0,cluster_123241924_382443557_5344542568_5546892974_#3more_0_D3.3,0,0.0,-1.0,[]
310.0,cluster_123241924_382443557_5344542568_5546892974_#3more_0_D3.4,0,0.0,-1.0,[]
310.0,cluster_123281084_3663662939_3664674395_3664674397_#1more_0_D0.0,0,0.0,-1.0,[]
310.0,cluster_123281084_3663662939_3664674395_3664674397_#1more_0_D0.1,0,0.0,-1.0,[]
310.0,cluster_123281084_3663662939_3664674395_3664674397_#1more_0_D0.2,0,0.0,-1.0,[]
310.0,cluster_123281084_3663662939_3664674395_3664674397_#1more_0_D0.3,0,0.0,-1.0,[]
310.0,cluster_123281084_3663662939_3664674395_3664674397_#1more_0_D0.4,0,0.0,-1.0,[]
310.0,cluster_123281084_3663662939_3664674395_3664674397_#1more_0_D1.0,1,100.0,-1.0,['veh113']
310.0,cluster_123281084_3663662939_3664674395_3664674397_#1more_0_D1.1,1,100.0,-1.0,['veh151']
310.0,cluster_123281084_3663662939_3664674395_3664674397_#1more_0_D2.0,0,0.0,-1.0,[]
310.0,cluster_123281084_3663662939_3664674395_3664674397_#1more_0_D2.1,0,0.0,-1.0,[]
310.0,cluster_123281085_12840608127_12840608130_12840608135_#1more_0_D0.0,1,54.10858442460835,9.24067789458935,['veh182']
310.0,cluster_123281085_12840608127_12840608130_12840608135_#1more_0_D1.0,0,0.0,-1.0,[]
310.0,cluster_123292026_3663224279_3663224280_3663662945_#1more_0_D0.0,1,0.0,-1.0,['veh67']
310.0,cluster_123292026_3663224279_3663224280_3663662945_#1more_0_D0.1,0,0.0,-1.0,[]
310.0,cluster_123292026_3663224279_3663224280_3663662945_#1more_0_D1.0,0,0.0,-1.0,[]
310.0,cluster_123292026_3663224279_3663224280_3663662945_#1more_0_D1.1,0,0.0,-1.0,[]
310.0,cluster_123292026_3663224279_3663224280_3663662945_#1more_0_D1.2,0,0.0,-1.0,[]
310.0,cluster_123292026_3663224279_3663224280_3663662945_#1more_0_D1.3,0,0.0,-1.0,[]
310.0,cluster_123292026_3663224279_3663224280_3663662945_#1more_0_D2.0,0,0.0,-1.0,[]
310.0,cluster_123292026_3663224279_3663224280_3663662945_#1more_0_D2.1,0,0.0,-1.0,[]
310.0,cluster_123292029_3663224277_3663224278_5344542569_#1more_0_D0.0,1,100.0,-1.0,['veh70']
310.0,cluster_123292029_3663224277_3663224278_5344542569_#1more_0_D0.1,0,0.0,-1.0,[]
310.0,cluster_123292029_3663224277_3663224278_5344542569_#1more_0_D0.2,0,0.0,-1.0,[]
310.0,cluster_123292029_3663224277_3663224278_5344542569_#1more_0_D1.0,0,0.0,-1.0,[]
310.0,cluster_123292029_3663224277_3663224278_5344542569_#1more_0_D1.1,1,0.0,-1.0,['veh129']
310.0,cluster_123292029_3663224277_3663224278_5344542569_#1more_0_D2.0,1,100.0,-1.0,['veh134']
310.0,cluster_123292029_3663224277_3663224278_5344542569_#1more_0_D2.1,0,0.0,-1.0,[]
310.0,cluster_123292029_3663224277_3663224278_5344542569_#1more_0_D2.2,0,0.0,-1.0,[]
310.0,cluster_123292029_3663224277_3663224278_5344542569_#1more_0_D3.0,0,0.0,-1.0,[]
310.0,cluster_123292029_3663224277_3663224278_5344542569_#1more_0_D3.1,0,0.0,-1.0,[]
310.0,cluster_123292031_3663224275_3663224276_3663662936_#1more_0_D0.0,0,0.0,-1.0,[]
310.0,cluster_123292031_3663224275_3663224276_3663662936_#1more_0_D0.1,0,0.0,-1.0,[]
310.0,cluster_123292031_3663224275_3663224276_3663662936_#1more_0_D1.0,0,0.0,-1.0,[]
310.0,cluster_123292031_3663224275_3663224276_3663662936_#1more_0_D2.0,0,0.0,-1.0,[]
310.0,cluster_123292031_3663224275_3663224276_3663662936_#1more_0_D2.1,0,0.0,-1.0,[]
310.0,cluster_123308403_3663827018_3663827019_3664674393_#1more_0_D0.0,0,0.0,-1.0,[]
310.0,cluster_123308403_3663827018_3663827019_3664674393_#1more_0_D0.1,0,0.0,-1.0,[]
310.0,cluster_123308403_3663827018_3663827019_3664674393_#1more_0_D1.0,0,0.0,-1.0,[]
310.0,cluster_123308403_3663827018_3663827019_3664674393_#1more_0_D1.1,0,0.0,-1.0,[]
310.0,cluster_123308403_3663827018_3663827019_3664674393_#1more_0_D1.2,0,0.0,-1.0,[]
310.0,cluster_123308403_3663827018_3663827019_3664674393_#1more_0_D1.3,0,0.0,-1.0,[]
310.0,cluster_123308403_3663827018_3663827019_3664674393_#1more_0_D2.0,0,0.0,-1.0,[]
310.0,cluster_123308403_3663827018_3663827019_3664674393_#1more_0_D2.1,0,0.0,-1.0,[]
310.0,cluster_123308403_3663827018_3663827019_3664674393_#1more_0_D2.2,0,0.0,-1.0,[]
310.0,cluster_3664723686_3698084157_3698084158_3698084159_#1more_0_D0.0,0,0.0,-1.0,[]
310.0,cluster_3664723686_3698084157_3698084158_3698084159_#1more_0_D0.1,0,0.0,-1.0,[]
310.0,cluster_3664723686_3698084157_3698084158_3698084159_#1more_0_D0.2,0,0.0,-1.0,[]
310.0,cluster_3664723686_3698084157_3698084158_3698084159_#1more_0_D1.0,0,0.0,-1.0,[]
310.0,cluster_3664723686_3698084157_3698084158_3698084159_#1more_0_D1.1,0,0.0,-1.0,[]
310.0,cluster_3664723686_3698084157_3698084158_3698084159_#1more_0_D1.2,0,0.0,-1.0,[]
310.0,joinedS_3663662947_3663662948_3698084160_3698084161_#1more_0_D0.0,0,0.0,-1.0,[]
310.0,joinedS_3663662947_3663662948_3698084160_3698084161_#1more_0_D0.1,0,0.0,-1.0,[]
310.0,joinedS_3663662947_3663662948_3698084160_3698084161_#1more_0_D0.2,0,0.0,-1.0,[]
310.0,joinedS_3663662947_3663662948_3698084160_3698084161_#1more_0_D0.3,0,0.0,-1.0,[]
310.0,joinedS_3663662947_3663662948_3698084160_3698084161_#1more_0_D1.0,0,0.0,-1.0,[]
310.0,joinedS_3663662947_3663662948_3698084160_3698084161_#1more_0_D1.1,0,0.0,-1.0,[]
310.0,joinedS_3663662947_3663662948_3698084160_3698084161_#1more_0_D1.2,0,0.0,-1.0,[]
310.0,joinedS_3663662947_3663662948_3698084160_3698084161_#1more_0_D1.3,0,0.0,-1.0,[]
310.0,joinedS_3663662947_3663662948_3698084160_3698084161_#1more_0_D2.0,0,0.0,-1.0,[]
310.0,joinedS_3663662947_3663662948_3698084160_3698084161_#1more_0_D2.1,0,0.0,-1.0,[]
310.0,joinedS_3663662947_3663662948_3698084160_3698084161_#1more_0_D2.2,0,0.0,-1.0,[]
310.0,joinedS_3663662947_3663662948_3698084160_3698084161_#1more_0_D2.3,0,0.0,-1.0,[]
310.0,joinedS_3663662947_3663662948_3698084160_3698084161_#1more_0_D3.0,2,100.0,0.979198604197243,"['veh180', 'veh184']"
310.0,joinedS_3663662947_3663662948_3698084160_3698084161_#1more_0_D3.1,0,0.0,-1.0,[]
310.0,joinedS_3663662947_3663662948_3698084160_3698084161_#1more_0_D3.2,0,0.0,-1.0,[]
310.0,joinedS_3663662947_3663662948_3698084160_3698084161_#1more_0_D3.3,0,0.0,-1.0,[]
310.0,joinedS_3663662947_3663662948_3698084160_3698084161_#1more_0_D3.4,0,0.0,-1.0,[]
315.0,cluster_122855839_3663662942_3663662943_3663662944_#1more_0_D0.0,0,0.0,-1.0,[]
315.0,cluster_122855839_3663662942_3663662943_3663662944_#1more_0_D0.1,0,0.0,-1.0,[]
315.0,cluster_122855839_3663662942_3663662943_3663662944_#1more_0_D0.2,0,0.0,-1.0,[]
315.0,cluster_122855839_3663662942_3663662943_3663662944_#1more_0_D0.3,0,0.0,-1.0,[]
315.0,cluster_122855839_3663662942_3663662943_3663662944_#1more_0_D0.4,0,0.0,-1.0,[]
315.0,cluster_122855839_3663662942_3663662943_3663662944_#1more_0_D1.0,0,0.0,-1.0,[]
315.0,cluster_122855839_3663662942_3663662943_3663662944_#1more_0_D1.1,0,0.0,-1.0,[]
315.0,cluster_122855839_3663662942_3663662943_3663662944_#1more_0_D1.2,0,0.0,-1.0,[]
315.0,cluster_122855839_3663662942_3663662943_3663662944_#1more_0_D2.0,1,100.0,-1.0,['bus14']
315.0,cluster_122855839_3663662942_3663662943_3663662944_#1more_0_D2.1,0,0.0,-1.0,[]
315.0,cluster_123241924_382443557_5344542568_5546892974_#3more_0_D0.0,1,100.0,-1.0,['veh106']
315.0,cluster_123241924_382443557_5344542568_5546892974_#3more_0_D0.1,0,0.0,-1.0,[]
315.0,cluster_123241924_382443557_5344542568_5546892974_#3more_0_D0.2,0,0.0,-1.0,[]
315.0,cluster_123241924_382443557_5344542568_5546892974_#3more_0_D0.3,0,0.0,-1.0,[]
315.0,cluster_123241924_382443557_5344542568_5546892974_#3more_0_D0.4,0,0.0,-1.0,[]
315.0,cluster_123241924_382443557_5344542568_5546892974_#3more_0_D1.0,0,0.0,-1.0,[]
315.0,cluster_123241924_382443557_5344542568_5546892974_#3more_0_D2.0,0,0.0,-1.0,[]
315.0,cluster_123241924_382443557_5344542568_5546892974_#3more_0_D2.1,0,0.0,-1.0,[]
315.0,cluster_123241924_382443557_5344542568_5546892974_#3more_0_D2.2,0,0.0,-1.0,[]
315.0,cluster_123241924_382443557_5344542568_5546892974_#3more_0_D2.3,0,0.0,-1.0,[]
315.0,cluster_123241924_382443557_5344542568_5546892974_#3more_0_D2.4,0,0.0,-1.0,[]
315.0,cluster_123241924_382443557_5344542568_5546892974_#3more_0_D2.5,0,0.0,-1.0,[]
315.0,cluster_123241924_382443557_5344542568_5546892974_#3more_0_D3.0,0,0.0,-1.0,[]
315.0,cluster_123241924_382443557_5344542568_5546892974_#3more_0_D3.1,0,0.0,-1.0,[]
315.0,cluster_123241924_382443557_5344542568_5546892974_#3more_0_D3.2,0,0.0,-1.0,[]
315.0,cluster_123241924_382443557_5344542568_5546892974_#3more_0_D3.3,0,0.0,-1.0,[]
315.0,cluster_123241924_382443557_5344542568_5546892974_#3more_0_D3.4,0,0.0,-1.0,[]
315.0,cluster_123281084_3663662939_3664674395_3664674397_#1more_0_D0.0,0,0.0,-1.0,[]
315.0,cluster_123281084_3663662939_3664674395_3664674397_#1more_0_D0.1,0,0.0,-1.0,[]
315.0,cluster_123281084_3663662939_3664674395_3664674397_#1more_0_D0.2,1,6.311056851529884,13.977479801779985,['veh172']
315.0,cluster_123281084_3663662939_3664674395_3664674397_#1more_0_D0.3,0,0.0,-1.0,[]
315.0,cluster_123281084_3663662939_3664674395_3664674397_#1more_0_D0.4,0,0.0,-1.0,[]
315.0,cluster_123281084_3663662939_3664674395_3664674397_#1more_0_D1.0,1,100.0,-1.0,['veh113']
315.0,cluster_123281084_3663662939_3664674395_3664674397_#1more_0_D1.1,1,100.0,-1.0,['veh151']
315.0,cluster_123281084_3663662939_3664674395_3664674397_#1more_0_D2.0,0,0.0,-1.0,[]
315.0,cluster_123281084_3663662939_3664674395_3664674397_#1more_0_D2.1,0,0.0,-1.0,[]
315.0,cluster_123281085_12840608127_12840608130_12840608135_#1more_0_D0.0,0,0.0,-1.0,[]
315.0,cluster_123281085_12840608127_12840608130_12840608135_#1more_0_D1.0,0,0.0,-1.0,[]
315.0,cluster_123292026_3663224279_3663224280_3663662945_#1more_0_D0.0,0,0.0,-1.0,[]
315.0,cluster_123292026_3663224279_3663224280_3663662945_#1more_0_D0.1,0,0.0,-1.0,[]
315.0,cluster_123292026_3663224279_3663224280_3663662945_#1more_0_D1.0,0,0.0,-1.0,[]
315.0,cluster_123292026_3663224279_3663224280_3663662945_#1more_0_D1.1,0,0.0,-1.0,[]
315.0,cluster_123292026_3663224279_3663224280_3663662945_#1more_0_D1.2,0,0.0,-1.0,[]
315.0,cluster_123292026_3663224279_3663224280_3663662945_#1more_0_D1.3,0,0.0,-1.0,[]
315.0,cluster_123292026_3663224279_3663224280_3663662945_#1more_0_D2.0,0,0.0,-1.0,[]
315.0,cluster_123292026_3663224279_3663224280_3663662945_#1more_0_D2.1,0,0.0,-1.0,[]
315.0,cluster_123292029_3663224277_3663224278_5344542569_#1more_0_D0.0,1,100.0,-1.0,['veh70']
315.0,cluster_123292029_3663224277_3663224278_5344542569_#1more_0_D0.1,0,0.0,-1.0,[]
315.0,cluster_123292029_3663224277_3663224278_5344542569_#1more_0_D0.2,0,0.0,-1.0,[]
315.0,cluster_123292029_3663224277_3663224278_5344542569_#1more_0_D1.0,0,0.0,-1.0,[]
315.0,cluster_123292029_3663224277_3663224278_5344542569_#1more_0_D1.1,0,0.0,-1.0,[]
315.0,cluster_123292029_3663224277_3663224278_5344542569_#1more_0_D2.0,1,100.0,-1.0,['veh134']
315.0,cluster_123292029_3663224277_3663224278_5344542569_#1more_0_D2.1,0,0.0,-1.0,[]
315.0,cluster_123292029_3663224277_3663224278_5344542569_#1more_0_D2.2,0,0.0,-1.0,[]
315.0,cluster_123292029_3663224277_3663224278_5344542569_#1more_0_D3.0,0,0.0,-1.0,[]
315.0,cluster_123292029_3663224277_3663224278_5344542569_#1more_0_D3.1,0,0.0,-1.0,[]
315.0,cluster_123292031_3663224275_3663224276_3663662936_#1more_0_D0.0,0,0.0,-1.0,[]
315.0,cluster_123292031_3663224275_3663224276_3663662936_#1more_0_D0.1,0,0.0,-1.0,[]
315.0,cluster_123292031_3663224275_3663224276_3663662936_#1more_0_D1.0,0,0.0,-1.0,[]
315.0,cluster_123292031_3663224275_3663224276_3663662936_#1more_0_D2.0,0,0.0,-1.0,[]
315.0,cluster_123292031_3663224275_3663224276_3663662936_#1more_0_D2.1,0,0.0,-1.0,[]
315.0,cluster_123308403_3663827018_3663827019_3664674393_#1more_0_D0.0,0,0.0,-1.0,[]
315.0,cluster_123308403_3663827018_3663827019_3664674393_#1more_0_D0.1,0,0.0,-1.0,[]
315.0,cluster_123308403_3663827018_3663827019_3664674393_#1more_0_D1.0,0,0.0,-1.0,[]
315.0,cluster_123308403_3663827018_3663827019_3664674393_#1more_0_D1.1,0,0.0,-1.0,[]
315.0,cluster_123308403_3663827018_3663827019_3664674393_#1more_0_D1.2,0,0.0,-1.0,[]
315.0,cluster_123308403_3663827018_3663827019_3664674393_#1more_0_D1.3,0,0.0,-1.0,[]
315.0,cluster_123308403_3663827018_3663827019_3664674393_#1more_0_D2.0,0,0.0,-1.0,[]
315.0,cluster_123308403_3663827018_3663827019_3664674393_#1more_0_D2.1,0,0.0,-1.0,[]
315.0,cluster_123308403_3663827018_3663827019_3664674393_#1more_0_D2.2,0,0.0,-1.0,[]
315.0,cluster_3664723686_3698084157_3698084158_3698084159_#1more_0_D0.0,0,0.0,-1.0,[]
315.0,cluster_3664723686_3698084157_3698084158_3698084159_#1more_0_D0.1,0,0.0,-1.0,[]
315.0,cluster_3664723686_3698084157_3698084158_3698084159_#1more_0_D0.2,0,0.0,-1.0,[]
315.0,cluster_3664723686_3698084157_3698084158_3698084159_#1more_0_D1.0,0,0.0,-1.0,[]
315.0,cluster_3664723686_3698084157_3698084158_3698084159_#1more_0_D1.1,0,0.0,-1.0,[]
315.0,cluster_3664723686_3698084157_3698084158_3698084159_#1more_0_D1.2,0,0.0,-1.0,[]
315.0,joinedS_3663662947_3663662948_3698084160_3698084161_#1more_0_D0.0,0,0.0,-1.0,[]
315.0,joinedS_3663662947_3663662948_3698084160_3698084161_#1more_0_D0.1,0,0.0,-1.0,[]
315.0,joinedS_3663662947_3663662948_3698084160_3698084161_#1more_0_D0.2,0,0.0,-1.0,[]
315.0,joinedS_3663662947_3663662948_3698084160_3698084161_#1more_0_D0.3,0,0.0,-1.0,[]
315.0,joinedS_3663662947_3663662948_3698084160_3698084161_#1more_0_D1.0,0,0.0,-1.0,[]
315.0,joinedS_3663662947_3663662948_3698084160_3698084161_#1more_0_D1.1,1,0.0,-1.0,['veh184']
315.0,joinedS_3663662947_3663662948_3698084160_3698084161_#1more_0_D1.2,0,0.0,-1.0,[]
315.0,joinedS_3663662947_3663662948_3698084160_3698084161_#1more_0_D1.3,0,0.0,-1.0,[]
315.0,joinedS_3663662947_3663662948_3698084160_3698084161_#1more_0_D2.0,0,0.0,-1.0,[]
315.0,joinedS_3663662947_3663662948_3698084160_3698084161_#1more_0_D2.1,0,0.0,-1.0,[]
315.0,joinedS_3663662947_3663662948_3698084160_3698084161_#1more_0_D2.2,0,0.0,-1.0,[]
315.0,joinedS_3663662947_3663662948_3698084160_3698084161_#1more_0_D2.3,0,0.0,-1.0,[]
315.0,joinedS_3663662947_3663662948_3698084160_3698084161_#1more_0_D3.0,1,0.0,-1.0,['veh188']
315.0,joinedS_3663662947_3663662948_3698084160_3698084161_#1more_0_D3.1,0,0.0,-1.0,[]
315.0,joinedS_3663662947_3663662948_3698084160_3698084161_#1more_0_D3.2,0,0.0,-1.0,[]
315.0,joinedS_3663662947_3663662948_3698084160_3698084161_#1more_0_D3.3,0,0.0,-1.0,[]
315.0,joinedS_3663662947_3663662948_3698084160_3698084161_#1more_0_D3.4,0,0.0,-1.0,[]
320.0,cluster_122855839_3663662942_3663662943_3663662944_#1more_0_D0.0,0,0.0,-1.0,[]
320.0,cluster_122855839_3663662942_3663662943_3663662944_#1more_0_D0.1,0,0.0,-1.0,[]
320.0,cluster_122855839_3663662942_3663662943_3663662944_#1more_0_D0.2,0,0.0,-1.0,[]
320.0,cluster_122855839_3663662942_3663662943_3663662944_#1more_0_D0.3,0,0.0,-1.0,[]
320.0,cluster_122855839_3663662942_3663662943_3663662944_#1more_0_D0.4,1,0.0,-1.0,['veh175']
320.0,cluster_122855839_3663662942_3663662943_3663662944_#1more_0_D1.0,0,0.0,-1.0,[]
320.0,cluster_122855839_3663662942_3663662943_3663662944_#1more_0_D1.1,0,0.0,-1.0,[]
320.0,cluster_122855839_3663662942_3663662943_3663662944_#1more_0_D1.2,0,0.0,-1.0,[]
320.0,cluster_122855839_3663662942_3663662943_3663662944_#1more_0_D2.0,1,100.0,-1.0,['bus14']
320.0,cluster_122855839_3663662942_3663662943_3663662944_#1more_0_D2.1,0,0.0,-1.0,[]
320.0,cluster_123241924_382443557_5344542568_5546892974_#3more_0_D0.0,1,100.0,-1.0,['veh106']
320.0,cluster_123241924_382443557_5344542568_5546892974_#3more_0_D0.1,0,0.0,-1.0,[]
320.0,cluster_123241924_382443557_5344542568_5546892974_#3more_0_D0.2,0,0.0,-1.0,[]
320.0,cluster_123241924_382443557_5344542568_5546892974_#3more_0_D0.3,0,0.0,-1.0,[]
320.0,cluster_123241924_382443557_5344542568_5546892974_#3more_0_D0.4,0,0.0,-1.0,[]
320.0,cluster_123241924_382443557_5344542568_5546892974_#3more_0_D1.0,0,0.0,-1.0,[]
320.0,cluster_123241924_382443557_5344542568_5546892974_#3more_0_D2.0,0,0.0,-1.0,[]
320.0,cluster_123241924_382443557_5344542568_5546892974_#3more_0_D2.1,0,0.0,-1.0,[]
320.0,cluster_123241924_382443557_5344542568_5546892974_#3more_0_D2.2,0,0.0,-1.0,[]
320.0,cluster_123241924_382443557_5344542568_5546892974_#3more_0_D2.3,0,0.0,-1.0,[]
320.0,cluster_123241924_382443557_5344542568_5546892974_#3more_0_D2.4,0,0.0,-1.0,[]
320.0,cluster_123241924_382443557_5344542568_5546892974_#3more_0_D2.5,0,0.0,-1.0,[]
320.0,cluster_123241924_382443557_5344542568_5546892974_#3more_0_D3.0,0,0.0,-1.0,[]
320.0,cluster_123241924_382443557_5344542568_5546892974_#3more_0_D3.1,0,0.0,-1.0,[]
320.0,cluster_123241924_382443557_5344542568_5546892974_#3more_0_D3.2,0,0.0,-1.0,[]
320.0,cluster_123241924_382443557_5344542568_5546892974_#3more_0_D3.3,0,0.0,-1.0,[]
320.0,cluster_123241924_382443557_5344542568_5546892974_#3more_0_D3.4,0,0.0,-1.0,[]
320.0,cluster_123281084_3663662939_3664674395_3664674397_#1more_0_D0.0,0,0.0,-1.0,[]
320.0,cluster_123281084_3663662939_3664674395_3664674397_#1more_0_D0.1,0,0.0,-1.0,[]
320.0,cluster_123281084_3663662939_3664674395_3664674397_#1more_0_D0.2,0,0.0,-1.0,[]
320.0,cluster_123281084_3663662939_3664674395_3664674397_#1more_0_D0.3,0,0.0,-1.0,[]
320.0,cluster_123281084_3663662939_3664674395_3664674397_#1more_0_D0.4,0,0.0,-1.0,[]
320.0,cluster_123281084_3663662939_3664674395_3664674397_#1more_0_D1.0,1,100.0,-1.0,['veh113']
320.0,cluster_123281084_3663662939_3664674395_3664674397_#1more_0_D1.1,1,100.0,-1.0,['veh151']
320.0,cluster_123281084_3663662939_3664674395_3664674397_#1more_0_D2.0,0,0.0,-1.0,[]
320.0,cluster_123281084_3663662939_3664674395_3664674397_#1more_0_D2.1,0,0.0,-1.0,[]
320.0,cluster_123281085_12840608127_12840608130_12840608135_#1more_0_D0.0,0,0.0,-1.0,[]
320.0,cluster_123281085_12840608127_12840608130_12840608135_#1more_0_D1.0,0,0.0,-1.0,[]
320.0,cluster_123292026_3663224279_3663224280_3663662945_#1more_0_D0.0,0,0.0,-1.0,[]
320.0,cluster_123292026_3663224279_3663224280_3663662945_#1more_0_D0.1,0,0.0,-1.0,[]
320.0,cluster_123292026_3663224279_3663224280_3663662945_#1more_0_D1.0,0,0.0,-1.0,[]
320.0,cluster_123292026_3663224279_3663224280_3663662945_#1more_0_D1.1,0,0.0,-1.0,[]
320.0,cluster_123292026_3663224279_3663224280_3663662945_#1more_0_D1.2,0,0.0,-1.0,[]
320.0,cluster_123292026_3663224279_3663224280_3663662945_#1more_0_D1.3,0,0.0,-1.0,[]
320.0,cluster_123292026_3663224279_3663224280_3663662945_#1more_0_D2.0,0,0.0,-1.0,[]
320.0,cluster_123292026_3663224279_3663224280_3663662945_#1more_0_D2.1,0,0.0,-1.0,[]
320.0,cluster_123292029_3663224277_3663224278_5344542569_#1more_0_D0.0,1,100.0,-1.0,['veh70']
320.0,cluster_123292029_3663224277_3663224278_5344542569_#1more_0_D0.1,0,0.0,-1.0,[]
320.0,cluster_123292029_3663224277_3663224278_5344542569_#1more_0_D0.2,0,0.0,-1.0,[]
320.0,cluster_123292029_3663224277_3663224278_5344542569_#1more_0_D1.0,0,0.0,-1.0,[]
320.0,cluster_123292029_3663224277_3663224278_5344542569_#1more_0_D1.1,0,0.0,-1.0,[]
320.0,cluster_123292029_3663224277_3663224278_5344542569_#1more_0_D2.0,1,100.0,-1.0,['veh134']
320.0,cluster_123292029_3663224277_3663224278_5344542569_#1more_0_D2.1,0,0.0,-1.0,[]
320.0,cluster_123292029_3663224277_3663224278_5344542569_#1more_0_D2.2,0,0.0,-1.0,[]
320.0,cluster_123292029_3663224277_3663224278_5344542569_#1more_0_D3.0,0,0.0,-1.0,[]
320.0,cluster_123292029_3663224277_3663224278_5344542569_#1more_0_D3.1,0,0.0,-1.0,[]
320.0,cluster_123292031_3663224275_3663224276_3663662936_#1more_0_D0.0,0,0.0,-1.0,[]
320.0,cluster_123292031_3663224275_3663224276_3663662936_#1more_0_D0.1,0,0.0,-1.0,[]
320.0,cluster_123292031_3663224275_3663224276_3663662936_#1more_0_D1.0,1,39.33507046946829,12.358849289110386,['veh182']
320.0,cluster_123292031_3663224275_3663224276_3663662936_#1more_0_D2.0,0,0.0,-1.0,[]
320.0,cluster_123292031_3663224275_3663224276_3663662936_#1more_0_D2.1,0,0.0,-1.0,[]
320.0,cluster_123308403_3663827018_3663827019_3664674393_#1more_0_D0.0,0,0.0,-1.0,[]
320.0,cluster_123308403_3663827018_3663827019_3664674393_#1more_0_D0.1,0,0.0,-1.0,[]
320.0,cluster_123308403_3663827018_3663827019_3664674393_#1more_0_D1.0,0,0.0,-1.0,[]
320.0,cluster_123308403_3663827018_3663827019_3664674393_#1more_0_D1.1,0,0.0,-1.0,[]
320.0,cluster_123308403_3663827018_3663827019_3664674393_#1more_0_D1.2,0,0.0,-1.0,[]
320.0,cluster_123308403_3663827018_3663827019_3664674393_#1more_0_D1.3,0,0.0,-1.0,[]
320.0,cluster_123308403_3663827018_3663827019_3664674393_#1more_0_D2.0,0,0.0,-1.0,[]
320.0,cluster_123308403_3663827018_3663827019_3664674393_#1more_0_D2.1,0,0.0,-1.0,[]
320.0,cluster_123308403_3663827018_3663827019_3664674393_#1more_0_D2.2,0,0.0,-1.0,[]
320.0,cluster_3664723686_3698084157_3698084158_3698084159_#1more_0_D0.0,0,0.0,-1.0,[]
320.0,cluster_3664723686_3698084157_3698084158_3698084159_#1more_0_D0.1,0,0.0,-1.0,[]
320.0,cluster_3664723686_3698084157_3698084158_3698084159_#1more_0_D0.2,0,0.0,-1.0,[]
320.0,cluster_3664723686_3698084157_3698084158_3698084159_#1more_0_D1.0,0,0.0,-1.0,[]
320.0,cluster_3664723686_3698084157_3698084158_3698084159_#1more_0_D1.1,0,0.0,-1.0,[]
320.0,cluster_3664723686_3698084157_3698084158_3698084159_#1more_0_D1.2,0,0.0,-1.0,[]
320.0,joinedS_3663662947_3663662948_3698084160_3698084161_#1more_0_D0.0,0,0.0,-1.0,[]
320.0,joinedS_3663662947_3663662948_3698084160_3698084161_#1more_0_D0.1,0,0.0,-1.0,[]
320.0,joinedS_3663662947_3663662948_3698084160_3698084161_#1more_0_D0.2,0,0.0,-1.0,[]
320.0,joinedS_3663662947_3663662948_3698084160_3698084161_#1more_0_D0.3,0,0.0,-1.0,[]
320.0,joinedS_3663662947_3663662948_3698084160_3698084161_#1more_0_D1.0,0,0.0,-1.0,[]
320.0,joinedS_3663662947_3663662948_3698084160_3698084161_#1more_0_D1.1,0,0.0,-1.0,[]
320.0,joinedS_3663662947_3663662948_3698084160_3698084161_#1more_0_D1.2,0,0.0,-1.0,[]
320.0,joinedS_3663662947_3663662948_3698084160_3698084161_#1more_0_D1.3,0,0.0,-1.0,[]
320.0,joinedS_3663662947_3663662948_3698084160_3698084161_#1more_0_D2.0,0,0.0,-1.0,[]
320.0,joinedS_3663662947_3663662948_3698084160_3698084161_#1more_0_D2.1,0,0.0,-1.0,[]
320.0,joinedS_3663662947_3663662948_3698084160_3698084161_#1more_0_D2.2,0,0.0,-1.0,[]
320.0,joinedS_3663662947_3663662948_3698084160_3698084161_#1more_0_D2.3,0,0.0,-1.0,[]
320.0,joinedS_3663662947_3663662948_3698084160_3698084161_#1more_0_D3.0,0,0.0,-1.0,[]
320.0,joinedS_3663662947_3663662948_3698084160_3698084161_#1more_0_D3.1,0,0.0,-1.0,[]
320.0,joinedS_3663662947_3663662948_3698084160_3698084161_#1more_0_D3.2,0,0.0,-1.0,[]
320.0,joinedS_3663662947_3663662948_3698084160_3698084161_#1more_0_D3.3,1,100.0,13.739135000000001,['veh198']
320.0,joinedS_3663662947_3663662948_3698084160_3698084161_#1more_0_D3.4,0,0.0,-1.0,[]
325.0,cluster_122855839_3663662942_3663662943_3663662944_#1more_0_D0.0,0,0.0,-1.0,[]
325.0,cluster_122855839_3663662942_3663662943_3663662944_#1more_0_D0.1,0,0.0,-1.0,[]
325.0,cluster_122855839_3663662942_3663662943_3663662944_#1more_0_D0.2,0,0.0,-1.0,[]
325.0,cluster_122855839_3663662942_3663662943_3663662944_#1more_0_D0.3,0,0.0,-1.0,[]
325.0,cluster_122855839_3663662942_3663662943_3663662944_#1more_0_D0.4,1,100.0,-1.0,['veh180']
325.0,cluster_122855839_3663662942_3663662943_3663662944_#1more_0_D1.0,0,0.0,-1.0,[]
325.0,cluster_122855839_3663662942_3663662943_3663662944_#1more_0_D1.1,0,0.0,-1.0,[]
325.0,cluster_122855839_3663662942_3663662943_3663662944_#1more_0_D1.2,0,0.0,-1.0,[]
325.0,cluster_122855839_3663662942_3663662943_3663662944_#1more_0_D2.0,1,100.0,-1.0,['bus14']
325.0,cluster_122855839_3663662942_3663662943_3663662944_#1more_0_D2.1,0,0.0,-1.0,[]
325.0,cluster_123241924_382443557_5344542568_5546892974_#3more_0_D0.0,1,100.0,-1.0,['veh106']
325.0,cluster_123241924_382443557_5344542568_5546892974_#3more_0_D0.1,0,0.0,-1.0,[]
325.0,cluster_123241924_382443557_5344542568_5546892974_#3more_0_D0.2,0,0.0,-1.0,[]
325.0,cluster_123241924_382443557_5344542568_5546892974_#3more_0_D0.3,0,0.0,-1.0,[]
325.0,cluster_123241924_382443557_5344542568_5546892974_#3more_0_D0.4,0,0.0,-1.0,[]
325.0,cluster_123241924_382443557_5344542568_5546892974_#3more_0_D1.0,0,0.0,-1.0,[]
325.0,cluster_123241924_382443557_5344542568_5546892974_#3more_0_D2.0,0,0.0,-1.0,[]
325.0,cluster_123241924_382443557_5344542568_5546892974_#3more_0_D2.1,0,0.0,-1.0,[]
325.0,cluster_123241924_382443557_5344542568_5546892974_#3more_0_D2.2,0,0.0,-1.0,[]
325.0,cluster_123241924_382443557_5344542568_5546892974_#3more_0_D2.3,0,0.0,-1.0,[]
325.0,cluster_123241924_382443557_5344542568_5546892974_#3more_0_D2.4,0,0.0,-1.0,[]
325.0,cluster_123241924_382443557_5344542568_5546892974_#3more_0_D2.5,0,0.0,-1.0,[]
325.0,cluster_123241924_382443557_5344542568_5546892974_#3more_0_D3.0,0,0.0,-1.0,[]
325.0,cluster_123241924_382443557_5344542568_5546892974_#3more_0_D3.1,0,0.0,-1.0,[]
325.0,cluster_123241924_382443557_5344542568_5546892974_#3more_0_D3.2,0,0.0,-1.0,[]
325.0,cluster_123241924_382443557_5344542568_5546892974_#3more_0_D3.3,0,0.0,-1.0,[]
325.0,cluster_123241924_382443557_5344542568_5546892974_#3more_0_D3.4,0,0.0,-1.0,[]
325.0,cluster_123281084_3663662939_3664674395_3664674397_#1more_0_D0.0,0,0.0,-1.0,[]
325.0,cluster_123281084_3663662939_3664674395_3664674397_#1more_0_D0.1,0,0.0,-1.0,[]
325.0,cluster_123281084_3663662939_3664674395_3664674397_#1more_0_D0.2,0,0.0,-1.0,[]
325.0,cluster_123281084_3663662939_3664674395_3664674397_#1more_0_D0.3,0,0.0,-1.0,[]
325.0,cluster_123281084_3663662939_3664674395_3664674397_#1more_0_D0.4,0,0.0,-1.0,[]
325.0,cluster_123281084_3663662939_3664674395_3664674397_#1more_0_D1.0,1,100.0,-1.0,['veh113']
325.0,cluster_123281084_3663662939_3664674395_3664674397_#1more_0_D1.1,1,100.0,-1.0,['veh151']
325.0,cluster_123281084_3663662939_3664674395_3664674397_#1more_0_D2.0,0,0.0,-1.0,[]
325.0,cluster_123281084_3663662939_3664674395_3664674397_#1more_0_D2.1,0,0.0,-1.0,[]
325.0,cluster_123281085_12840608127_12840608130_12840608135_#1more_0_D0.0,0,0.0,-1.0,[]
325.0,cluster_123281085_12840608127_12840608130_12840608135_#1more_0_D1.0,0,0.0,-1.0,[]
325.0,cluster_123292026_3663224279_3663224280_3663662945_#1more_0_D0.0,0,0.0,-1.0,[]
325.0,cluster_123292026_3663224279_3663224280_3663662945_#1more_0_D0.1,0,0.0,-1.0,[]
325.0,cluster_123292026_3663224279_3663224280_3663662945_#1more_0_D1.0,0,0.0,-1.0,[]
325.0,cluster_123292026_3663224279_3663224280_3663662945_#1more_0_D1.1,0,0.0,-1.0,[]
325.0,cluster_123292026_3663224279_3663224280_3663662945_#1more_0_D1.2,0,0.0,-1.0,[]
325.0,cluster_123292026_3663224279_3663224280_3663662945_#1more_0_D1.3,0,0.0,-1.0,[]
325.0,cluster_123292026_3663224279_3663224280_3663662945_#1more_0_D2.0,0,0.0,-1.0,[]
325.0,cluster_123292026_3663224279_3663224280_3663662945_#1more_0_D2.1,0,0.0,-1.0,[]
325.0,cluster_123292029_3663224277_3663224278_5344542569_#1more_0_D0.0,1,0.0,-1.0,['veh70']
325.0,cluster_123292029_3663224277_3663224278_5344542569_#1more_0_D0.1,0,0.0,-1.0,[]
325.0,cluster_123292029_3663224277_3663224278_5344542569_#1more_0_D0.2,0,0.0,-1.0,[]
325.0,cluster_123292029_3663224277_3663224278_5344542569_#1more_0_D1.0,0,0.0,-1.0,[]
325.0,cluster_123292029_3663224277_3663224278_5344542569_#1more_0_D1.1,0,0.0,-1.0,[]
325.0,cluster_123292029_3663224277_3663224278_5344542569_#1more_0_D2.0,1,100.0,-1.0,['veh134']
325.0,cluster_123292029_3663224277_3663224278_5344542569_#1more_0_D2.1,0,0.0,-1.0,[]
325.0,cluster_123292029_3663224277_3663224278_5344542569_#1more_0_D2.2,1,100.0,-1.0,['veh185']
325.0,cluster_123292029_3663224277_3663224278_5344542569_#1more_0_D3.0,0,0.0,-1.0,[]
325.0,cluster_123292029_3663224277_3663224278_5344542569_#1more_0_D3.1,0,0.0,-1.0,[]
325.0,cluster_123292031_3663224275_3663224276_3663662936_#1more_0_D0.0,0,0.0,-1.0,[]
325.0,cluster_123292031_3663224275_3663224276_3663662936_#1more_0_D0.1,0,0.0,-1.0,[]
325.0,cluster_123292031_3663224275_3663224276_3663662936_#1more_0_D1.0,0,0.0,-1.0,[]
325.0,cluster_123292031_3663224275_3663224276_3663662936_#1more_0_D2.0,0,0.0,-1.0,[]
325.0,cluster_123292031_3663224275_3663224276_3663662936_#1more_0_D2.1,0,0.0,-1.0,[]
325.0,cluster_123308403_3663827018_3663827019_3664674393_#1more_0_D0.0,0,0.0,-1.0,[]
325.0,cluster_123308403_3663827018_3663827019_3664674393_#1more_0_D0.1,0,0.0,-1.0,[]
325.0,cluster_123308403_3663827018_3663827019_3664674393_#1more_0_D1.0,0,0.0,-1.0,[]
325.0,cluster_123308403_3663827018_3663827019_3664674393_#1more_0_D1.1,0,0.0,-1.0,[]
325.0,cluster_123308403_3663827018_3663827019_3664674393_#1more_0_D1.2,0,0.0,-1.0,[]
325.0,cluster_123308403_3663827018_3663827019_3664674393_#1more_0_D1.3,0,0.0,-1.0,[]
325.0,cluster_123308403_3663827018_3663827019_3664674393_#1more_0_D2.0,0,0.0,-1.0,[]
325.0,cluster_123308403_3663827018_3663827019_3664674393_#1more_0_D2.1,0,0.0,-1.0,[]
325.0,cluster_123308403_3663827018_3663827019_3664674393_#1more_0_D2.2,0,0.0,-1.0,[]
325.0,cluster_3664723686_3698084157_3698084158_3698084159_#1more_0_D0.0,0,0.0,-1.0,[]
325.0,cluster_3664723686_3698084157_3698084158_3698084159_#1more_0_D0.1,0,0.0,-1.0,[]
325.0,cluster_3664723686_3698084157_3698084158_3698084159_#1more_0_D0.2,0,0.0,-1.0,[]
325.0,cluster_3664723686_3698084157_3698084158_3698084159_#1more_0_D1.0,0,0.0,-1.0,[]
325.0,cluster_3664723686_3698084157_3698084158_3698084159_#1more_0_D1.1,0,0.0,-1.0,[]
325.0,cluster_3664723686_3698084157_3698084158_3698084159_#1more_0_D1.2,0,0.0,-1.0,[]
325.0,joinedS_3663662947_3663662948_3698084160_3698084161_#1more_0_D0.0,0,0.0,-1.0,[]
325.0,joinedS_3663662947_3663662948_3698084160_3698084161_#1more_0_D0.1,0,0.0,-1.0,[]
325.0,joinedS_3663662947_3663662948_3698084160_3698084161_#1more_0_D0.2,0,0.0,-1.0,[]
325.0,joinedS_3663662947_3663662948_3698084160_3698084161_#1more_0_D0.3,0,0.0,-1.0,[]
325.0,joinedS_3663662947_3663662948_3698084160_3698084161_#1more_0_D1.0,0,0.0,-1.0,[]
325.0,joinedS_3663662947_3663662948_3698084160_3698084161_#1more_0_D1.1,0,0.0,-1.0,[]
325.0,joinedS_3663662947_3663662948_3698084160_3698084161_#1more_0_D1.2,0,0.0,-1.0,[]
325.0,joinedS_3663662947_3663662948_3698084160_3698084161_#1more_0_D1.3,0,0.0,-1.0,[]
325.0,joinedS_3663662947_3663662948_3698084160_3698084161_#1more_0_D2.0,0,0.0,-1.0,[]
325.0,joinedS_3663662947_3663662948_3698084160_3698084161_#1more_0_D2.1,0,0.0,-1.0,[]
325.0,joinedS_3663662947_3663662948_3698084160_3698084161_#1more_0_D2.2,0,0.0,-1.0,[]
325.0,joinedS_3663662947_3663662948_3698084160_3698084161_#1more_0_D2.3,0,0.0,-1.0,[]
325.0,joinedS_3663662947_3663662948_3698084160_3698084161_#1more_0_D3.0,0,0.0,-1.0,[]
325.0,joinedS_3663662947_3663662948_3698084160_3698084161_#1more_0_D3.1,0,0.0,-1.0,[]
325.0,joinedS_3663662947_3663662948_3698084160_3698084161_#1more_0_D3.2,0,0.0,-1.0,[]
325.0,joinedS_3663662947_3663662948_3698084160_3698084161_#1more_0_D3.3,0,0.0,-1.0,[]
325.0,joinedS_3663662947_3663662948_3698084160_3698084161_#1more_0_D3.4,0,0.0,-1.0,[]
330.0,cluster_122855839_3663662942_3663662943_3663662944_#1more_0_D0.0,0,0.0,-1.0,[]
330.0,cluster_122855839_3663662942_3663662943_3663662944_#1more_0_D0.1,0,0.0,-1.0,[]
330.0,cluster_122855839_3663662942_3663662943_3663662944_#1more_0_D0.2,0,0.0,-1.0,[]
330.0,cluster_122855839_3663662942_3663662943_3663662944_#1more_0_D0.3,0,0.0,-1.0,[]
330.0,cluster_122855839_3663662942_3663662943_3663662944_#1more_0_D0.4,1,100.0,-1.0,['veh180']
330.0,cluster_122855839_3663662942_3663662943_3663662944_#1more_0_D1.0,0,0.0,-1.0,[]
330.0,cluster_122855839_3663662942_3663662943_3663662944_#1more_0_D1.1,1,0.0,-1.0,['veh159']
330.0,cluster_122855839_3663662942_3663662943_3663662944_#1more_0_D1.2,0,0.0,-1.0,[]
330.0,cluster_122855839_3663662942_3663662943_3663662944_#1more_0_D2.0,1,100.0,-1.0,['bus14']
330.0,cluster_122855839_3663662942_3663662943_3663662944_#1more_0_D2.1,0,0.0,-1.0,[]
330.0,cluster_123241924_382443557_5344542568_5546892974_#3more_0_D0.0,1,100.0,-1.0,['veh106']
330.0,cluster_123241924_382443557_5344542568_5546892974_#3more_0_D0.1,0,0.0,-1.0,[]
330.0,cluster_123241924_382443557_5344542568_5546892974_#3more_0_D0.2,0,0.0,-1.0,[]
330.0,cluster_123241924_382443557_5344542568_5546892974_#3more_0_D0.3,0,0.0,-1.0,[]
330.0,cluster_123241924_382443557_5344542568_5546892974_#3more_0_D0.4,0,0.0,-1.0,[]
330.0,cluster_123241924_382443557_5344542568_5546892974_#3more_0_D1.0,0,0.0,-1.0,[]
330.0,cluster_123241924_382443557_5344542568_5546892974_#3more_0_D2.0,0,0.0,-1.0,[]
330.0,cluster_123241924_382443557_5344542568_5546892974_#3more_0_D2.1,0,0.0,-1.0,[]
330.0,cluster_123241924_382443557_5344542568_5546892974_#3more_0_D2.2,0,0.0,-1.0,[]
330.0,cluster_123241924_382443557_5344542568_5546892974_#3more_0_D2.3,0,0.0,-1.0,[]
330.0,cluster_123241924_382443557_5344542568_5546892974_#3more_0_D2.4,0,0.0,-1.0,[]
330.0,cluster_123241924_382443557_5344542568_5546892974_#3more_0_D2.5,0,0.0,-1.0,[]
330.0,cluster_123241924_382443557_5344542568_5546892974_#3more_0_D3.0,0,0.0,-1.0,[]
330.0,cluster_123241924_382443557_5344542568_5546892974_#3more_0_D3.1,0,0.0,-1.0,[]
330.0,cluster_123241924_382443557_5344542568_5546892974_#3more_0_D3.2,0,0.0,-1.0,[]
330.0,cluster_123241924_382443557_5344542568_5546892974_#3more_0_D3.3,0,0.0,-1.0,[]
330.0,cluster_123241924_382443557_5344542568_5546892974_#3more_0_D3.4,0,0.0,-1.0,[]
330.0,cluster_123281084_3663662939_3664674395_3664674397_#1more_0_D0.0,0,0.0,-1.0,[]
330.0,cluster_123281084_3663662939_3664674395_3664674397_#1more_0_D0.1,0,0.0,-1.0,[]
330.0,cluster_123281084_3663662939_3664674395_3664674397_#1more_0_D0.2,0,0.0,-1.0,[]
330.0,cluster_123281084_3663662939_3664674395_3664674397_#1more_0_D0.3,0,0.0,-1.0,[]
330.0,cluster_123281084_3663662939_3664674395_3664674397_#1more_0_D0.4,0,0.0,-1.0,[]
330.0,cluster_123281084_3663662939_3664674395_3664674397_#1more_0_D1.0,1,100.0,-1.0,['veh113']
330.0,cluster_123281084_3663662939_3664674395_3664674397_#1more_0_D1.1,1,100.0,-1.0,['veh151']
330.0,cluster_123281084_3663662939_3664674395_3664674397_#1more_0_D2.0,0,0.0,-1.0,[]
330.0,cluster_123281084_3663662939_3664674395_3664674397_#1more_0_D2.1,0,0.0,-1.0,[]
330.0,cluster_123281085_12840608127_12840608130_12840608135_#1more_0_D0.0,0,0.0,-1.0,[]
330.0,cluster_123281085_12840608127_12840608130_12840608135_#1more_0_D1.0,0,0.0,-1.0,[]
330.0,cluster_123292026_3663224279_3663224280_3663662945_#1more_0_D0.0,0,0.0,-1.0,[]
330.0,cluster_123292026_3663224279_3663224280_3663662945_#1more_0_D0.1,0,0.0,-1.0,[]
330.0,cluster_123292026_3663224279_3663224280_3663662945_#1more_0_D1.0,0,0.0,-1.0,[]
330.0,cluster_123292026_3663224279_3663224280_3663662945_#1more_0_D1.1,0,0.0,-1.0,[]
330.0,cluster_123292026_3663224279_3663224280_3663662945_#1more_0_D1.2,0,0.0,-1.0,[]
330.0,cluster_123292026_3663224279_3663224280_3663662945_#1more_0_D1.3,0,0.0,-1.0,[]
330.0,cluster_123292026_3663224279_3663224280_3663662945_#1more_0_D2.0,0,0.0,-1.0,[]
330.0,cluster_123292026_3663224279_3663224280_3663662945_#1more_0_D2.1,0,0.0,-1.0,[]
330.0,cluster_123292029_3663224277_3663224278_5344542569_#1more_0_D0.0,0,0.0,-1.0,[]
330.0,cluster_123292029_3663224277_3663224278_5344542569_#1more_0_D0.1,0,0.0,-1.0,[]
330.0,cluster_123292029_3663224277_3663224278_5344542569_#1more_0_D0.2,0,0.0,-1.0,[]
330.0,cluster_123292029_3663224277_3663224278_5344542569_#1more_0_D1.0,0,0.0,-1.0,[]
330.0,cluster_123292029_3663224277_3663224278_5344542569_#1more_0_D1.1,0,0.0,-1.0,[]
330.0,cluster_123292029_3663224277_3663224278_5344542569_#1more_0_D2.0,0,0.0,-1.0,[]
330.0,cluster_123292029_3663224277_3663224278_5344542569_#1more_0_D2.1,0,0.0,-1.0,[]
330.0,cluster_123292029_3663224277_3663224278_5344542569_#1more_0_D2.2,1,100.0,-1.0,['veh191']
330.0,cluster_123292029_3663224277_3663224278_5344542569_#1more_0_D3.0,0,0.0,-1.0,[]
330.0,cluster_123292029_3663224277_3663224278_5344542569_#1more_0_D3.1,0,0.0,-1.0,[]
330.0,cluster_123292031_3663224275_3663224276_3663662936_#1more_0_D0.0,0,0.0,-1.0,[]
330.0,cluster_123292031_3663224275_3663224276_3663662936_#1more_0_D0.1,0,0.0,-1.0,[]
330.0,cluster_123292031_3663224275_3663224276_3663662936_#1more_0_D1.0,0,0.0,-1.0,[]
330.0,cluster_123292031_3663224275_3663224276_3663662936_#1more_0_D2.0,0,0.0,-1.0,[]
330.0,cluster_123292031_3663224275_3663224276_3663662936_#1more_0_D2.1,0,0.0,-1.0,[]
330.0,cluster_123308403_3663827018_3663827019_3664674393_#1more_0_D0.0,0,0.0,-1.0,[]
330.0,cluster_123308403_3663827018_3663827019_3664674393_#1more_0_D0.1,0,0.0,-1.0,[]
330.0,cluster_123308403_3663827018_3663827019_3664674393_#1more_0_D1.0,0,0.0,-1.0,[]
330.0,cluster_123308403_3663827018_3663827019_3664674393_#1more_0_D1.1,0,0.0,-1.0,[]
330.0,cluster_123308403_3663827018_3663827019_3664674393_#1more_0_D1.2,0,0.0,-1.0,[]
330.0,cluster_123308403_3663827018_3663827019_3664674393_#1more_0_D1.3,1,18.779097956303303,9.494091619821802,['veh202']
330.0,cluster_123308403_3663827018_3663827019_3664674393_#1more_0_D2.0,0,0.0,-1.0,[]
330.0,cluster_123308403_3663827018_3663827019_3664674393_#1more_0_D2.1,0,0.0,-1.0,[]
330.0,cluster_123308403_3663827018_3663827019_3664674393_#1more_0_D2.2,0,0.0,-1.0,[]
330.0,cluster_3664723686_3698084157_3698084158_3698084159_#1more_0_D0.0,0,0.0,-1.0,[]
330.0,cluster_3664723686_3698084157_3698084158_3698084159_#1more_0_D0.1,0,0.0,-1.0,[]
330.0,cluster_3664723686_3698084157_3698084158_3698084159_#1more_0_D0.2,0,0.0,-1.0,[]
330.0,cluster_3664723686_3698084157_3698084158_3698084159_#1more_0_D1.0,0,0.0,-1.0,[]
330.0,cluster_3664723686_3698084157_3698084158_3698084159_#1more_0_D1.1,0,0.0,-1.0,[]
330.0,cluster_3664723686_3698084157_3698084158_3698084159_#1more_0_D1.2,0,0.0,-1.0,[]
330.0,joinedS_3663662947_3663662948_3698084160_3698084161_#1more_0_D0.0,0,0.0,-1.0,[]
330.0,joinedS_3663662947_3663662948_3698084160_3698084161_#1more_0_D0.1,0,0.0,-1.0,[]
330.0,joinedS_3663662947_3663662948_3698084160_3698084161_#1more_0_D0.2,0,0.0,-1.0,[]
330.0,joinedS_3663662947_3663662948_3698084160_3698084161_#1more_0_D0.3,0,0.0,-1.0,[]
330.0,joinedS_3663662947_3663662948_3698084160_3698084161_#1more_0_D1.0,0,0.0,-1.0,[]
330.0,joinedS_3663662947_3663662948_3698084160_3698084161_#1more_0_D1.1,0,0.0,-1.0,[]
330.0,joinedS_3663662947_3663662948_3698084160_3698084161_#1more_0_D1.2,0,0.0,-1.0,[]
330.0,joinedS_3663662947_3663662948_3698084160_3698084161_#1more_0_D1.3,0,0.0,-1.0,[]
330.0,joinedS_3663662947_3663662948_3698084160_3698084161_#1more_0_D2.0,0,0.0,-1.0,[]
330.0,joinedS_3663662947_3663662948_3698084160_3698084161_#1more_0_D2.1,0,0.0,-1.0,[]
330.0,joinedS_3663662947_3663662948_3698084160_3698084161_#1more_0_D2.2,0,0.0,-1.0,[]
330.0,joinedS_3663662947_3663662948_3698084160_3698084161_#1more_0_D2.3,0,0.0,-1.0,[]
330.0,joinedS_3663662947_3663662948_3698084160_3698084161_#1more_0_D3.0,0,0.0,-1.0,[]
330.0,joinedS_3663662947_3663662948_3698084160_3698084161_#1more_0_D3.1,0,0.0,-1.0,[]
330.0,joinedS_3663662947_3663662948_3698084160_3698084161_#1more_0_D3.2,0,0.0,-1.0,[]
330.0,joinedS_3663662947_3663662948_3698084160_3698084161_#1more_0_D3.3,0,0.0,-1.0,[]
330.0,joinedS_3663662947_3663662948_3698084160_3698084161_#1more_0_D3.4,0,0.0,-1.0,[]
335.0,cluster_122855839_3663662942_3663662943_3663662944_#1more_0_D0.0,0,0.0,-1.0,[]
335.0,cluster_122855839_3663662942_3663662943_3663662944_#1more_0_D0.1,0,0.0,-1.0,[]
335.0,cluster_122855839_3663662942_3663662943_3663662944_#1more_0_D0.2,0,0.0,-1.0,[]
335.0,cluster_122855839_3663662942_3663662943_3663662944_#1more_0_D0.3,0,0.0,-1.0,[]
335.0,cluster_122855839_3663662942_3663662943_3663662944_#1more_0_D0.4,1,100.0,-1.0,['veh180']
335.0,cluster_122855839_3663662942_3663662943_3663662944_#1more_0_D1.0,0,0.0,-1.0,[]
335.0,cluster_122855839_3663662942_3663662943_3663662944_#1more_0_D1.1,0,0.0,-1.0,[]
335.0,cluster_122855839_3663662942_3663662943_3663662944_#1more_0_D1.2,0,0.0,-1.0,[]
335.0,cluster_122855839_3663662942_3663662943_3663662944_#1more_0_D2.0,1,100.0,-1.0,['bus14']
335.0,cluster_122855839_3663662942_3663662943_3663662944_#1more_0_D2.1,0,0.0,-1.0,[]
335.0,cluster_123241924_382443557_5344542568_5546892974_#3more_0_D0.0,1,100.0,-1.0,['veh106']
335.0,cluster_123241924_382443557_5344542568_5546892974_#3more_0_D0.1,0,0.0,-1.0,[]
335.0,cluster_123241924_382443557_5344542568_5546892974_#3more_0_D0.2,1,55.923057627046546,8.940855904813414,['veh145']
335.0,cluster_123241924_382443557_5344542568_5546892974_#3more_0_D0.3,0,0.0,-1.0,[]
335.0,cluster_123241924_382443557_5344542568_5546892974_#3more_0_D0.4,0,0.0,-1.0,[]
335.0,cluster_123241924_382443557_5344542568_5546892974_#3more_0_D1.0,0,0.0,-1.0,[]
335.0,cluster_123241924_382443557_5344542568_5546892974_#3more_0_D2.0,0,0.0,-1.0,[]
335.0,cluster_123241924_382443557_5344542568_5546892974_#3more_0_D2.1,0,0.0,-1.0,[]
335.0,cluster_123241924_382443557_5344542568_5546892974_#3more_0_D2.2,0,0.0,-1.0,[]
335.0,cluster_123241924_382443557_5344542568_5546892974_#3more_0_D2.3,0,0.0,-1.0,[]
335.0,cluster_123241924_382443557_5344542568_5546892974_#3more_0_D2.4,0,0.0,-1.0,[]
335.0,cluster_123241924_382443557_5344542568_5546892974_#3more_0_D2.5,0,0.0,-1.0,[]
335.0,cluster_123241924_382443557_5344542568_5546892974_#3more_0_D3.0,0,0.0,-1.0,[]
335.0,cluster_123241924_382443557_5344542568_5546892974_#3more_0_D3.1,0,0.0,-1.0,[]
335.0,cluster_123241924_382443557_5344542568_5546892974_#3more_0_D3.2,0,0.0,-1.0,[]
335.0,cluster_123241924_382443557_5344542568_5546892974_#3more_0_D3.3,0,0.0,-1.0,[]
335.0,cluster_123241924_382443557_5344542568_5546892974_#3more_0_D3.4,0,0.0,-1.0,[]
335.0,cluster_123281084_3663662939_3664674395_3664674397_#1more_0_D0.0,0,0.0,-1.0,[]
335.0,cluster_123281084_3663662939_3664674395_3664674397_#1more_0_D0.1,0,0.0,-1.0,[]
335.0,cluster_123281084_3663662939_3664674395_3664674397_#1more_0_D0.2,0,0.0,-1.0,[]
335.0,cluster_123281084_3663662939_3664674395_3664674397_#1more_0_D0.3,0,0.0,-1.0,[]
335.0,cluster_123281084_3663662939_3664674395_3664674397_#1more_0_D0.4,0,0.0,-1.0,[]
335.0,cluster_123281084_3663662939_3664674395_3664674397_#1more_0_D1.0,1,0.0,-1.0,['veh113']
335.0,cluster_123281084_3663662939_3664674395_3664674397_#1more_0_D1.1,1,0.0,-1.0,['veh151']
335.0,cluster_123281084_3663662939_3664674395_3664674397_#1more_0_D2.0,1,43.97985407402416,11.368841723722662,['veh28']
335.0,cluster_123281084_3663662939_3664674395_3664674397_#1more_0_D2.1,0,0.0,-1.0,[]
335.0,cluster_123281085_12840608127_12840608130_12840608135_#1more_0_D0.0,0,0.0,-1.0,[]
335.0,cluster_123281085_12840608127_12840608130_12840608135_#1more_0_D1.0,0,0.0,-1.0,[]
335.0,cluster_123292026_3663224279_3663224280_3663662945_#1more_0_D0.0,0,0.0,-1.0,[]
335.0,cluster_123292026_3663224279_3663224280_3663662945_#1more_0_D0.1,0,0.0,-1.0,[]
335.0,cluster_123292026_3663224279_3663224280_3663662945_#1more_0_D1.0,0,0.0,-1.0,[]
335.0,cluster_123292026_3663224279_3663224280_3663662945_#1more_0_D1.1,0,0.0,-1.0,[]
335.0,cluster_123292026_3663224279_3663224280_3663662945_#1more_0_D1.2,0,0.0,-1.0,[]
335.0,cluster_123292026_3663224279_3663224280_3663662945_#1more_0_D1.3,0,0.0,-1.0,[]
335.0,cluster_123292026_3663224279_3663224280_3663662945_#1more_0_D2.0,0,0.0,-1.0,[]
335.0,cluster_123292026_3663224279_3663224280_3663662945_#1more_0_D2.1,0,0.0,-1.0,[]
335.0,cluster_123292029_3663224277_3663224278_5344542569_#1more_0_D0.0,1,0.0,-1.0,['veh193']
335.0,cluster_123292029_3663224277_3663224278_5344542569_#1more_0_D0.1,0,0.0,-1.0,[]
335.0,cluster_123292029_3663224277_3663224278_5344542569_#1more_0_D0.2,0,0.0,-1.0,[]
335.0,cluster_123292029_3663224277_3663224278_5344542569_#1more_0_D1.0,0,0.0,-1.0,[]
335.0,cluster_123292029_3663224277_3663224278_5344542569_#1more_0_D1.1,0,0.0,-1.0,[]
335.0,cluster_123292029_3663224277_3663224278_5344542569_#1more_0_D2.0,1,0.0,-1.0,['veh111']
335.0,cluster_123292029_3663224277_3663224278_5344542569_#1more_0_D2.1,0,0.0,-1.0,[]
335.0,cluster_123292029_3663224277_3663224278_5344542569_#1more_0_D2.2,1,100.0,-1.0,['veh191']
335.0,cluster_123292029_3663224277_3663224278_5344542569_#1more_0_D3.0,0,0.0,-1.0,[]
335.0,cluster_123292029_3663224277_3663224278_5344542569_#1more_0_D3.1,0,0.0,-1.0,[]
335.0,cluster_123292031_3663224275_3663224276_3663662936_#1more_0_D0.0,0,0.0,-1.0,[]
335.0,cluster_123292031_3663224275_3663224276_3663662936_#1more_0_D0.1,0,0.0,-1.0,[]
335.0,cluster_123292031_3663224275_3663224276_3663662936_#1more_0_D1.0,0,0.0,-1.0,[]
335.0,cluster_123292031_3663224275_3663224276_3663662936_#1more_0_D2.0,0,0.0,-1.0,[]
335.0,cluster_123292031_3663224275_3663224276_3663662936_#1more_0_D2.1,0,0.0,-1.0,[]
335.0,cluster_123308403_3663827018_3663827019_3664674393_#1more_0_D0.0,0,0.0,-1.0,[]
335.0,cluster_123308403_3663827018_3663827019_3664674393_#1more_0_D0.1,0,0.0,-1.0,[]
335.0,cluster_123308403_3663827018_3663827019_3664674393_#1more_0_D1.0,0,0.0,-1.0,[]
335.0,cluster_123308403_3663827018_3663827019_3664674393_#1more_0_D1.1,0,0.0,-1.0,[]
335.0,cluster_123308403_3663827018_3663827019_3664674393_#1more_0_D1.2,0,0.0,-1.0,[]
335.0,cluster_123308403_3663827018_3663827019_3664674393_#1more_0_D1.3,0,0.0,-1.0,[]
335.0,cluster_123308403_3663827018_3663827019_3664674393_#1more_0_D2.0,0,0.0,-1.0,[]
335.0,cluster_123308403_3663827018_3663827019_3664674393_#1more_0_D2.1,0,0.0,-1.0,[]
335.0,cluster_123308403_3663827018_3663827019_3664674393_#1more_0_D2.2,0,0.0,-1.0,[]
335.0,cluster_3664723686_3698084157_3698084158_3698084159_#1more_0_D0.0,0,0.0,-1.0,[]
335.0,cluster_3664723686_3698084157_3698084158_3698084159_#1more_0_D0.1,0,0.0,-1.0,[]
335.0,cluster_3664723686_3698084157_3698084158_3698084159_#1more_0_D0.2,0,0.0,-1.0,[]
335.0,cluster_3664723686_3698084157_3698084158_3698084159_#1more_0_D1.0,0,0.0,-1.0,[]
335.0,cluster_3664723686_3698084157_3698084158_3698084159_#1more_0_D1.1,0,0.0,-1.0,[]
335.0,cluster_3664723686_3698084157_3698084158_3698084159_#1more_0_D1.2,0,0.0,-1.0,[]
335.0,joinedS_3663662947_3663662948_3698084160_3698084161_#1more_0_D0.0,0,0.0,-1.0,[]
335.0,joinedS_3663662947_3663662948_3698084160_3698084161_#1more_0_D0.1,0,0.0,-1.0,[]
335.0,joinedS_3663662947_3663662948_3698084160_3698084161_#1more_0_D0.2,0,0.0,-1.0,[]
335.0,joinedS_3663662947_3663662948_3698084160_3698084161_#1more_0_D0.3,0,0.0,-1.0,[]
335.0,joinedS_3663662947_3663662948_3698084160_3698084161_#1more_0_D1.0,0,0.0,-1.0,[]
335.0,joinedS_3663662947_3663662948_3698084160_3698084161_#1more_0_D1.1,0,0.0,-1.0,[]
335.0,joinedS_3663662947_3663662948_3698084160_3698084161_#1more_0_D1.2,0,0.0,-1.0,[]
335.0,joinedS_3663662947_3663662948_3698084160_3698084161_#1more_0_D1.3,1,20.912171388403067,12.002707099687049,['veh206']
335.0,joinedS_3663662947_3663662948_3698084160_3698084161_#1more_0_D2.0,0,0.0,-1.0,[]
335.0,joinedS_3663662947_3663662948_3698084160_3698084161_#1more_0_D2.1,0,0.0,-1.0,[]
335.0,joinedS_3663662947_3663662948_3698084160_3698084161_#1more_0_D2.2,0,0.0,-1.0,[]
335.0,joinedS_3663662947_3663662948_3698084160_3698084161_#1more_0_D2.3,1,0.0,-1.0,['veh207']
335.0,joinedS_3663662947_3663662948_3698084160_3698084161_#1more_0_D3.0,0,0.0,-1.0,[]
335.0,joinedS_3663662947_3663662948_3698084160_3698084161_#1more_0_D3.1,0,0.0,-1.0,[]
335.0,joinedS_3663662947_3663662948_3698084160_3698084161_#1more_0_D3.2,0,0.0,-1.0,[]
335.0,joinedS_3663662947_3663662948_3698084160_3698084161_#1more_0_D3.3,0,0.0,-1.0,[]
335.0,joinedS_3663662947_3663662948_3698084160_3698084161_#1more_0_D3.4,0,0.0,-1.0,[]
340.0,cluster_122855839_3663662942_3663662943_3663662944_#1more_0_D0.0,0,0.0,-1.0,[]
340.0,cluster_122855839_3663662942_3663662943_3663662944_#1more_0_D0.1,0,0.0,-1.0,[]
340.0,cluster_122855839_3663662942_3663662943_3663662944_#1more_0_D0.2,0,0.0,-1.0,[]
340.0,cluster_122855839_3663662942_3663662943_3663662944_#1more_0_D0.3,0,0.0,-1.0,[]
340.0,cluster_122855839_3663662942_3663662943_3663662944_#1more_0_D0.4,1,100.0,-1.0,['veh180']
340.0,cluster_122855839_3663662942_3663662943_3663662944_#1more_0_D1.0,0,0.0,-1.0,[]
340.0,cluster_122855839_3663662942_3663662943_3663662944_#1more_0_D1.1,0,0.0,-1.0,[]
340.0,cluster_122855839_3663662942_3663662943_3663662944_#1more_0_D1.2,0,0.0,-1.0,[]
340.0,cluster_122855839_3663662942_3663662943_3663662944_#1more_0_D2.0,1,100.0,-1.0,['bus14']
340.0,cluster_122855839_3663662942_3663662943_3663662944_#1more_0_D2.1,0,0.0,-1.0,[]
340.0,cluster_123241924_382443557_5344542568_5546892974_#3more_0_D0.0,1,100.0,-1.0,['veh106']
340.0,cluster_123241924_382443557_5344542568_5546892974_#3more_0_D0.1,0,0.0,-1.0,[]
340.0,cluster_123241924_382443557_5344542568_5546892974_#3more_0_D0.2,0,0.0,-1.0,[]
340.0,cluster_123241924_382443557_5344542568_5546892974_#3more_0_D0.3,0,0.0,-1.0,[]
340.0,cluster_123241924_382443557_5344542568_5546892974_#3more_0_D0.4,0,0.0,-1.0,[]
340.0,cluster_123241924_382443557_5344542568_5546892974_#3more_0_D1.0,0,0.0,-1.0,[]
340.0,cluster_123241924_382443557_5344542568_5546892974_#3more_0_D2.0,0,0.0,-1.0,[]
340.0,cluster_123241924_382443557_5344542568_5546892974_#3more_0_D2.1,0,0.0,-1.0,[]
340.0,cluster_123241924_382443557_5344542568_5546892974_#3more_0_D2.2,0,0.0,-1.0,[]
340.0,cluster_123241924_382443557_5344542568_5546892974_#3more_0_D2.3,0,0.0,-1.0,[]
340.0,cluster_123241924_382443557_5344542568_5546892974_#3more_0_D2.4,0,0.0,-1.0,[]
340.0,cluster_123241924_382443557_5344542568_5546892974_#3more_0_D2.5,0,0.0,-1.0,[]
340.0,cluster_123241924_382443557_5344542568_5546892974_#3more_0_D3.0,0,0.0,-1.0,[]
340.0,cluster_123241924_382443557_5344542568_5546892974_#3more_0_D3.1,0,0.0,-1.0,[]
340.0,cluster_123241924_382443557_5344542568_5546892974_#3more_0_D3.2,0,0.0,-1.0,[]
340.0,cluster_123241924_382443557_5344542568_5546892974_#3more_0_D3.3,0,0.0,-1.0,[]
340.0,cluster_123241924_382443557_5344542568_5546892974_#3more_0_D3.4,0,0.0,-1.0,[]
340.0,cluster_123281084_3663662939_3664674395_3664674397_#1more_0_D0.0,0,0.0,-1.0,[]
340.0,cluster_123281084_3663662939_3664674395_3664674397_#1more_0_D0.1,0,0.0,-1.0,[]
340.0,cluster_123281084_3663662939_3664674395_3664674397_#1more_0_D0.2,0,0.0,-1.0,[]
340.0,cluster_123281084_3663662939_3664674395_3664674397_#1more_0_D0.3,0,0.0,-1.0,[]
340.0,cluster_123281084_3663662939_3664674395_3664674397_#1more_0_D0.4,0,0.0,-1.0,[]
340.0,cluster_123281084_3663662939_3664674395_3664674397_#1more_0_D1.0,1,69.89758876585483,7.153322579909243,['veh136']
340.0,cluster_123281084_3663662939_3664674395_3664674397_#1more_0_D1.1,1,0.0,-1.0,['bus15']
340.0,cluster_123281084_3663662939_3664674395_3664674397_#1more_0_D2.0,1,0.0,-1.0,['veh134']
340.0,cluster_123281084_3663662939_3664674395_3664674397_#1more_0_D2.1,1,100.0,-1.0,['veh138']
340.0,cluster_123281085_12840608127_12840608130_12840608135_#1more_0_D0.0,0,0.0,-1.0,[]
340.0,cluster_123281085_12840608127_12840608130_12840608135_#1more_0_D1.0,0,0.0,-1.0,[]
340.0,cluster_123292026_3663224279_3663224280_3663662945_#1more_0_D0.0,0,0.0,-1.0,[]
340.0,cluster_123292026_3663224279_3663224280_3663662945_#1more_0_D0.1,0,0.0,-1.0,[]
340.0,cluster_123292026_3663224279_3663224280_3663662945_#1more_0_D1.0,0,0.0,-1.0,[]
340.0,cluster_123292026_3663224279_3663224280_3663662945_#1more_0_D1.1,0,0.0,-1.0,[]
340.0,cluster_123292026_3663224279_3663224280_3663662945_#1more_0_D1.2,0,0.0,-1.0,[]
340.0,cluster_123292026_3663224279_3663224280_3663662945_#1more_0_D1.3,0,0.0,-1.0,[]
340.0,cluster_123292026_3663224279_3663224280_3663662945_#1more_0_D2.0,0,0.0,-1.0,[]
340.0,cluster_123292026_3663224279_3663224280_3663662945_#1more_0_D2.1,0,0.0,-1.0,[]
340.0,cluster_123292029_3663224277_3663224278_5344542569_#1more_0_D0.0,0,0.0,-1.0,[]
340.0,cluster_123292029_3663224277_3663224278_5344542569_#1more_0_D0.1,0,0.0,-1.0,[]
340.0,cluster_123292029_3663224277_3663224278_5344542569_#1more_0_D0.2,0,0.0,-1.0,[]
340.0,cluster_123292029_3663224277_3663224278_5344542569_#1more_0_D1.0,0,0.0,-1.0,[]
340.0,cluster_123292029_3663224277_3663224278_5344542569_#1more_0_D1.1,0,0.0,-1.0,[]
340.0,cluster_123292029_3663224277_3663224278_5344542569_#1more_0_D2.0,1,38.99982953889207,8.45830787385267,['veh128']
340.0,cluster_123292029_3663224277_3663224278_5344542569_#1more_0_D2.1,0,0.0,-1.0,[]
340.0,cluster_123292029_3663224277_3663224278_5344542569_#1more_0_D2.2,1,100.0,-1.0,['veh191']
340.0,cluster_123292029_3663224277_3663224278_5344542569_#1more_0_D3.0,0,0.0,-1.0,[]
340.0,cluster_123292029_3663224277_3663224278_5344542569_#1more_0_D3.1,0,0.0,-1.0,[]
340.0,cluster_123292031_3663224275_3663224276_3663662936_#1more_0_D0.0,1,0.0,-1.0,['veh55']
340.0,cluster_123292031_3663224275_3663224276_3663662936_#1more_0_D0.1,0,0.0,-1.0,[]
340.0,cluster_123292031_3663224275_3663224276_3663662936_#1more_0_D1.0,0,0.0,-1.0,[]
340.0,cluster_123292031_3663224275_3663224276_3663662936_#1more_0_D2.0,0,0.0,-1.0,[]
340.0,cluster_123292031_3663224275_3663224276_3663662936_#1more_0_D2.1,0,0.0,-1.0,[]
340.0,cluster_123308403_3663827018_3663827019_3664674393_#1more_0_D0.0,0,0.0,-1.0,[]
340.0,cluster_123308403_3663827018_3663827019_3664674393_#1more_0_D0.1,0,0.0,-1.0,[]
340.0,cluster_123308403_3663827018_3663827019_3664674393_#1more_0_D1.0,0,0.0,-1.0,[]
340.0,cluster_123308403_3663827018_3663827019_3664674393_#1more_0_D1.1,0,0.0,-1.0,[]
340.0,cluster_123308403_3663827018_3663827019_3664674393_#1more_0_D1.2,0,0.0,-1.0,[]
340.0,cluster_123308403_3663827018_3663827019_3664674393_#1more_0_D1.3,0,0.0,-1.0,[]
340.0,cluster_123308403_3663827018_3663827019_3664674393_#1more_0_D2.0,0,0.0,-1.0,[]
340.0,cluster_123308403_3663827018_3663827019_3664674393_#1more_0_D2.1,0,0.0,-1.0,[]
340.0,cluster_123308403_3663827018_3663827019_3664674393_#1more_0_D2.2,0,0.0,-1.0,[]
340.0,cluster_3664723686_3698084157_3698084158_3698084159_#1more_0_D0.0,0,0.0,-1.0,[]
340.0,cluster_3664723686_3698084157_3698084158_3698084159_#1more_0_D0.1,0,0.0,-1.0,[]
340.0,cluster_3664723686_3698084157_3698084158_3698084159_#1more_0_D0.2,1,45.15178801672732,11.073758581050338,['veh198']
340.0,cluster_3664723686_3698084157_3698084158_3698084159_#1more_0_D1.0,0,0.0,-1.0,[]
340.0,cluster_3664723686_3698084157_3698084158_3698084159_#1more_0_D1.1,0,0.0,-1.0,[]
340.0,cluster_3664723686_3698084157_3698084158_3698084159_#1more_0_D1.2,0,0.0,-1.0,[]
340.0,joinedS_3663662947_3663662948_3698084160_3698084161_#1more_0_D0.0,0,0.0,-1.0,[]
340.0,joinedS_3663662947_3663662948_3698084160_3698084161_#1more_0_D0.1,0,0.0,-1.0,[]
340.0,joinedS_3663662947_3663662948_3698084160_3698084161_#1more_0_D0.2,0,0.0,-1.0,[]
340.0,joinedS_3663662947_3663662948_3698084160_3698084161_#1more_0_D0.3,0,0.0,-1.0,[]
340.0,joinedS_3663662947_3663662948_3698084160_3698084161_#1more_0_D1.0,0,0.0,-1.0,[]
340.0,joinedS_3663662947_3663662948_3698084160_3698084161_#1more_0_D1.1,0,0.0,-1.0,[]
340.0,joinedS_3663662947_3663662948_3698084160_3698084161_#1more_0_D1.2,0,0.0,-1.0,[]
340.0,joinedS_3663662947_3663662948_3698084160_3698084161_#1more_0_D1.3,0,0.0,-1.0,[]
340.0,joinedS_3663662947_3663662948_3698084160_3698084161_#1more_0_D2.0,0,0.0,-1.0,[]
340.0,joinedS_3663662947_3663662948_3698084160_3698084161_#1more_0_D2.1,0,0.0,-1.0,[]
340.0,joinedS_3663662947_3663662948_3698084160_3698084161_#1more_0_D2.2,0,0.0,-1.0,[]
340.0,joinedS_3663662947_3663662948_3698084160_3698084161_#1more_0_D2.3,0,0.0,-1.0,[]
340.0,joinedS_3663662947_3663662948_3698084160_3698084161_#1more_0_D3.0,0,0.0,-1.0,[]
340.0,joinedS_3663662947_3663662948_3698084160_3698084161_#1more_0_D3.1,0,0.0,-1.0,[]
340.0,joinedS_3663662947_3663662948_3698084160_3698084161_#1more_0_D3.2,0,0.0,-1.0,[]
340.0,joinedS_3663662947_3663662948_3698084160_3698084161_#1more_0_D3.3,0,0.0,-1.0,[]
340.0,joinedS_3663662947_3663662948_3698084160_3698084161_#1more_0_D3.4,0,0.0,-1.0,[]
345.0,cluster_122855839_3663662942_3663662943_3663662944_#1more_0_D0.0,0,0.0,-1.0,[]
345.0,cluster_122855839_3663662942_3663662943_3663662944_#1more_0_D0.1,0,0.0,-1.0,[]
345.0,cluster_122855839_3663662942_3663662943_3663662944_#1more_0_D0.2,0,0.0,-1.0,[]
345.0,cluster_122855839_3663662942_3663662943_3663662944_#1more_0_D0.3,0,0.0,-1.0,[]
345.0,cluster_122855839_3663662942_3663662943_3663662944_#1more_0_D0.4,1,100.0,-1.0,['veh180']
345.0,cluster_122855839_3663662942_3663662943_3663662944_#1more_0_D1.0,0,0.0,-1.0,[]
345.0,cluster_122855839_3663662942_3663662943_3663662944_#1more_0_D1.1,0,0.0,-1.0,[]
345.0,cluster_122855839_3663662942_3663662943_3663662944_#1more_0_D1.2,0,0.0,-1.0,[]
345.0,cluster_122855839_3663662942_3663662943_3663662944_#1more_0_D2.0,1,100.0,-1.0,['bus14']
345.0,cluster_122855839_3663662942_3663662943_3663662944_#1more_0_D2.1,0,0.0,-1.0,[]
345.0,cluster_123241924_382443557_5344542568_5546892974_#3more_0_D0.0,1,100.0,-1.0,['veh106']
345.0,cluster_123241924_382443557_5344542568_5546892974_#3more_0_D0.1,0,0.0,-1.0,[]
345.0,cluster_123241924_382443557_5344542568_5546892974_#3more_0_D0.2,0,0.0,-1.0,[]
345.0,cluster_123241924_382443557_5344542568_5546892974_#3more_0_D0.3,1,100.0,-1.0,['veh159']
345.0,cluster_123241924_382443557_5344542568_5546892974_#3more_0_D0.4,0,0.0,-1.0,[]
345.0,cluster_123241924_382443557_5344542568_5546892974_#3more_0_D1.0,0,0.0,-1.0,[]
345.0,cluster_123241924_382443557_5344542568_5546892974_#3more_0_D2.0,0,0.0,-1.0,[]
345.0,cluster_123241924_382443557_5344542568_5546892974_#3more_0_D2.1,0,0.0,-1.0,[]
345.0,cluster_123241924_382443557_5344542568_5546892974_#3more_0_D2.2,0,0.0,-1.0,[]
345.0,cluster_123241924_382443557_5344542568_5546892974_#3more_0_D2.3,0,0.0,-1.0,[]
345.0,cluster_123241924_382443557_5344542568_5546892974_#3more_0_D2.4,0,0.0,-1.0,[]
345.0,cluster_123241924_382443557_5344542568_5546892974_#3more_0_D2.5,0,0.0,-1.0,[]
345.0,cluster_123241924_382443557_5344542568_5546892974_#3more_0_D3.0,0,0.0,-1.0,[]
345.0,cluster_123241924_382443557_5344542568_5546892974_#3more_0_D3.1,0,0.0,-1.0,[]
345.0,cluster_123241924_382443557_5344542568_5546892974_#3more_0_D3.2,0,0.0,-1.0,[]
345.0,cluster_123241924_382443557_5344542568_5546892974_#3more_0_D3.3,0,0.0,-1.0,[]
345.0,cluster_123241924_382443557_5344542568_5546892974_#3more_0_D3.4,0,0.0,-1.0,[]
345.0,cluster_123281084_3663662939_3664674395_3664674397_#1more_0_D0.0,0,0.0,-1.0,[]
345.0,cluster_123281084_3663662939_3664674395_3664674397_#1more_0_D0.1,0,0.0,-1.0,[]
345.0,cluster_123281084_3663662939_3664674395_3664674397_#1more_0_D0.2,0,0.0,-1.0,[]
345.0,cluster_123281084_3663662939_3664674395_3664674397_#1more_0_D0.3,0,0.0,-1.0,[]
345.0,cluster_123281084_3663662939_3664674395_3664674397_#1more_0_D0.4,0,0.0,-1.0,[]
345.0,cluster_123281084_3663662939_3664674395_3664674397_#1more_0_D1.0,1,73.46503607263912,4.880317541992306,['veh158']
345.0,cluster_123281084_3663662939_3664674395_3664674397_#1more_0_D1.1,1,0.0,-1.0,['veh166']
345.0,cluster_123281084_3663662939_3664674395_3664674397_#1more_0_D2.0,1,100.0,-1.0,['veh65']
345.0,cluster_123281084_3663662939_3664674395_3664674397_#1more_0_D2.1,1,100.0,-1.0,['veh138']
345.0,cluster_123281085_12840608127_12840608130_12840608135_#1more_0_D0.0,0,0.0,-1.0,[]
345.0,cluster_123281085_12840608127_12840608130_12840608135_#1more_0_D1.0,0,0.0,-1.0,[]
345.0,cluster_123292026_3663224279_3663224280_3663662945_#1more_0_D0.0,0,0.0,-1.0,[]
345.0,cluster_123292026_3663224279_3663224280_3663662945_#1more_0_D0.1,0,0.0,-1.0,[]
345.0,cluster_123292026_3663224279_3663224280_3663662945_#1more_0_D1.0,0,0.0,-1.0,[]
345.0,cluster_123292026_3663224279_3663224280_3663662945_#1more_0_D1.1,0,0.0,-1.0,[]
345.0,cluster_123292026_3663224279_3663224280_3663662945_#1more_0_D1.2,0,0.0,-1.0,[]
345.0,cluster_123292026_3663224279_3663224280_3663662945_#1more_0_D1.3,0,0.0,-1.0,[]
345.0,cluster_123292026_3663224279_3663224280_3663662945_#1more_0_D2.0,0,0.0,-1.0,[]
345.0,cluster_123292026_3663224279_3663224280_3663662945_#1more_0_D2.1,0,0.0,-1.0,[]
345.0,cluster_123292029_3663224277_3663224278_5344542569_#1more_0_D0.0,1,44.94729433021121,11.10112966718463,['veh118']
345.0,cluster_123292029_3663224277_3663224278_5344542569_#1more_0_D0.1,1,3.2556049267725484,13.049026284991243,['veh148']
345.0,cluster_123292029_3663224277_3663224278_5344542569_#1more_0_D0.2,0,0.0,-1.0,[]
345.0,cluster_123292029_3663224277_3663224278_5344542569_#1more_0_D1.0,0,0.0,-1.0,[]
345.0,cluster_123292029_3663224277_3663224278_5344542569_#1more_0_D1.1,0,0.0,-1.0,[]
345.0,cluster_123292029_3663224277_3663224278_5344542569_#1more_0_D2.0,1,42.07641597070051,11.88314138609548,['veh133']
345.0,cluster_123292029_3663224277_3663224278_5344542569_#1more_0_D2.1,0,0.0,-1.0,[]
345.0,cluster_123292029_3663224277_3663224278_5344542569_#1more_0_D2.2,1,100.0,-1.0,['veh191']
345.0,cluster_123292029_3663224277_3663224278_5344542569_#1more_0_D3.0,0,0.0,-1.0,[]
345.0,cluster_123292029_3663224277_3663224278_5344542569_#1more_0_D3.1,0,0.0,-1.0,[]
345.0,cluster_123292031_3663224275_3663224276_3663662936_#1more_0_D0.0,0,0.0,-1.0,[]
345.0,cluster_123292031_3663224275_3663224276_3663662936_#1more_0_D0.1,0,0.0,-1.0,[]
345.0,cluster_123292031_3663224275_3663224276_3663662936_#1more_0_D1.0,1,0.0,-1.0,['veh192']
345.0,cluster_123292031_3663224275_3663224276_3663662936_#1more_0_D2.0,0,0.0,-1.0,[]
345.0,cluster_123292031_3663224275_3663224276_3663662936_#1more_0_D2.1,0,0.0,-1.0,[]
345.0,cluster_123308403_3663827018_3663827019_3664674393_#1more_0_D0.0,0,0.0,-1.0,[]
345.0,cluster_123308403_3663827018_3663827019_3664674393_#1more_0_D0.1,0,0.0,-1.0,[]
345.0,cluster_123308403_3663827018_3663827019_3664674393_#1more_0_D1.0,0,0.0,-1.0,[]
345.0,cluster_123308403_3663827018_3663827019_3664674393_#1more_0_D1.1,0,0.0,-1.0,[]
345.0,cluster_123308403_3663827018_3663827019_3664674393_#1more_0_D1.2,0,0.0,-1.0,[]
345.0,cluster_123308403_3663827018_3663827019_3664674393_#1more_0_D1.3,0,0.0,-1.0,[]
345.0,cluster_123308403_3663827018_3663827019_3664674393_#1more_0_D2.0,0,0.0,-1.0,[]
345.0,cluster_123308403_3663827018_3663827019_3664674393_#1more_0_D2.1,0,0.0,-1.0,[]
345.0,cluster_123308403_3663827018_3663827019_3664674393_#1more_0_D2.2,0,0.0,-1.0,[]
345.0,cluster_3664723686_3698084157_3698084158_3698084159_#1more_0_D0.0,0,0.0,-1.0,[]
345.0,cluster_3664723686_3698084157_3698084158_3698084159_#1more_0_D0.1,0,0.0,-1.0,[]
345.0,cluster_3664723686_3698084157_3698084158_3698084159_#1more_0_D0.2,0,0.0,-1.0,[]
345.0,cluster_3664723686_3698084157_3698084158_3698084159_#1more_0_D1.0,0,0.0,-1.0,[]
345.0,cluster_3664723686_3698084157_3698084158_3698084159_#1more_0_D1.1,0,0.0,-1.0,[]
345.0,cluster_3664723686_3698084157_3698084158_3698084159_#1more_0_D1.2,0,0.0,-1.0,[]
345.0,joinedS_3663662947_3663662948_3698084160_3698084161_#1more_0_D0.0,0,0.0,-1.0,[]
345.0,joinedS_3663662947_3663662948_3698084160_3698084161_#1more_0_D0.1,0,0.0,-1.0,[]
345.0,joinedS_3663662947_3663662948_3698084160_3698084161_#1more_0_D0.2,0,0.0,-1.0,[]
345.0,joinedS_3663662947_3663662948_3698084160_3698084161_#1more_0_D0.3,0,0.0,-1.0,[]
345.0,joinedS_3663662947_3663662948_3698084160_3698084161_#1more_0_D1.0,0,0.0,-1.0,[]
345.0,joinedS_3663662947_3663662948_3698084160_3698084161_#1more_0_D1.1,0,0.0,-1.0,[]
345.0,joinedS_3663662947_3663662948_3698084160_3698084161_#1more_0_D1.2,0,0.0,-1.0,[]
345.0,joinedS_3663662947_3663662948_3698084160_3698084161_#1more_0_D1.3,0,0.0,-1.0,[]
345.0,joinedS_3663662947_3663662948_3698084160_3698084161_#1more_0_D2.0,0,0.0,-1.0,[]
345.0,joinedS_3663662947_3663662948_3698084160_3698084161_#1more_0_D2.1,0,0.0,-1.0,[]
345.0,joinedS_3663662947_3663662948_3698084160_3698084161_#1more_0_D2.2,0,0.0,-1.0,[]
345.0,joinedS_3663662947_3663662948_3698084160_3698084161_#1more_0_D2.3,0,0.0,-1.0,[]
345.0,joinedS_3663662947_3663662948_3698084160_3698084161_#1more_0_D3.0,0,0.0,-1.0,[]
345.0,joinedS_3663662947_3663662948_3698084160_3698084161_#1more_0_D3.1,0,0.0,-1.0,[]
345.0,joinedS_3663662947_3663662948_3698084160_3698084161_#1more_0_D3.2,0,0.0,-1.0,[]
345.0,joinedS_3663662947_3663662948_3698084160_3698084161_#1more_0_D3.3,0,0.0,-1.0,[]
345.0,joinedS_3663662947_3663662948_3698084160_3698084161_#1more_0_D3.4,0,0.0,-1.0,[]
350.0,cluster_122855839_3663662942_3663662943_3663662944_#1more_0_D0.0,0,0.0,-1.0,[]
350.0,cluster_122855839_3663662942_3663662943_3663662944_#1more_0_D0.1,0,0.0,-1.0,[]
350.0,cluster_122855839_3663662942_3663662943_3663662944_#1more_0_D0.2,0,0.0,-1.0,[]
350.0,cluster_122855839_3663662942_3663662943_3663662944_#1more_0_D0.3,0,0.0,-1.0,[]
350.0,cluster_122855839_3663662942_3663662943_3663662944_#1more_0_D0.4,1,100.0,-1.0,['veh180']
350.0,cluster_122855839_3663662942_3663662943_3663662944_#1more_0_D1.0,0,0.0,-1.0,[]
350.0,cluster_122855839_3663662942_3663662943_3663662944_#1more_0_D1.1,0,0.0,-1.0,[]
350.0,cluster_122855839_3663662942_3663662943_3663662944_#1more_0_D1.2,0,0.0,-1.0,[]
350.0,cluster_122855839_3663662942_3663662943_3663662944_#1more_0_D2.0,1,100.0,-1.0,['bus14']
350.0,cluster_122855839_3663662942_3663662943_3663662944_#1more_0_D2.1,0,0.0,-1.0,[]
350.0,cluster_123241924_382443557_5344542568_5546892974_#3more_0_D0.0,1,100.0,-1.0,['veh106']
350.0,cluster_123241924_382443557_5344542568_5546892974_#3more_0_D0.1,0,0.0,-1.0,[]
350.0,cluster_123241924_382443557_5344542568_5546892974_#3more_0_D0.2,0,0.0,-1.0,[]
350.0,cluster_123241924_382443557_5344542568_5546892974_#3more_0_D0.3,1,100.0,-1.0,['veh159']
350.0,cluster_123241924_382443557_5344542568_5546892974_#3more_0_D0.4,0,0.0,-1.0,[]
350.0,cluster_123241924_382443557_5344542568_5546892974_#3more_0_D1.0,0,0.0,-1.0,[]
350.0,cluster_123241924_382443557_5344542568_5546892974_#3more_0_D2.0,0,0.0,-1.0,[]
350.0,cluster_123241924_382443557_5344542568_5546892974_#3more_0_D2.1,0,0.0,-1.0,[]
350.0,cluster_123241924_382443557_5344542568_5546892974_#3more_0_D2.2,0,0.0,-1.0,[]
350.0,cluster_123241924_382443557_5344542568_5546892974_#3more_0_D2.3,0,0.0,-1.0,[]
350.0,cluster_123241924_382443557_5344542568_5546892974_#3more_0_D2.4,0,0.0,-1.0,[]
350.0,cluster_123241924_382443557_5344542568_5546892974_#3more_0_D2.5,0,0.0,-1.0,[]
350.0,cluster_123241924_382443557_5344542568_5546892974_#3more_0_D3.0,0,0.0,-1.0,[]
350.0,cluster_123241924_382443557_5344542568_5546892974_#3more_0_D3.1,0,0.0,-1.0,[]
350.0,cluster_123241924_382443557_5344542568_5546892974_#3more_0_D3.2,0,0.0,-1.0,[]
350.0,cluster_123241924_382443557_5344542568_5546892974_#3more_0_D3.3,0,0.0,-1.0,[]
350.0,cluster_123241924_382443557_5344542568_5546892974_#3more_0_D3.4,0,0.0,-1.0,[]
350.0,cluster_123281084_3663662939_3664674395_3664674397_#1more_0_D0.0,0,0.0,-1.0,[]
350.0,cluster_123281084_3663662939_3664674395_3664674397_#1more_0_D0.1,0,0.0,-1.0,[]
350.0,cluster_123281084_3663662939_3664674395_3664674397_#1more_0_D0.2,0,0.0,-1.0,[]
350.0,cluster_123281084_3663662939_3664674395_3664674397_#1more_0_D0.3,0,0.0,-1.0,[]
350.0,cluster_123281084_3663662939_3664674395_3664674397_#1more_0_D0.4,0,0.0,-1.0,[]
350.0,cluster_123281084_3663662939_3664674395_3664674397_#1more_0_D1.0,1,0.0,-1.0,['veh164']
350.0,cluster_123281084_3663662939_3664674395_3664674397_#1more_0_D1.1,1,100.0,-1.0,['bus18']
350.0,cluster_123281084_3663662939_3664674395_3664674397_#1more_0_D2.0,1,100.0,-1.0,['veh65']
350.0,cluster_123281084_3663662939_3664674395_3664674397_#1more_0_D2.1,1,100.0,-1.0,['veh138']
350.0,cluster_123281085_12840608127_12840608130_12840608135_#1more_0_D0.0,0,0.0,-1.0,[]
350.0,cluster_123281085_12840608127_12840608130_12840608135_#1more_0_D1.0,0,0.0,-1.0,[]
350.0,cluster_123292026_3663224279_3663224280_3663662945_#1more_0_D0.0,0,0.0,-1.0,[]
350.0,cluster_123292026_3663224279_3663224280_3663662945_#1more_0_D0.1,0,0.0,-1.0,[]
350.0,cluster_123292026_3663224279_3663224280_3663662945_#1more_0_D1.0,0,0.0,-1.0,[]
350.0,cluster_123292026_3663224279_3663224280_3663662945_#1more_0_D1.1,0,0.0,-1.0,[]
350.0,cluster_123292026_3663224279_3663224280_3663662945_#1more_0_D1.2,0,0.0,-1.0,[]
350.0,cluster_123292026_3663224279_3663224280_3663662945_#1more_0_D1.3,0,0.0,-1.0,[]
350.0,cluster_123292026_3663224279_3663224280_3663662945_#1more_0_D2.0,0,0.0,-1.0,[]
350.0,cluster_123292026_3663224279_3663224280_3663662945_#1more_0_D2.1,0,0.0,-1.0,[]
350.0,cluster_123292029_3663224277_3663224278_5344542569_#1more_0_D0.0,1,0.0,-1.0,['veh113']
350.0,cluster_123292029_3663224277_3663224278_5344542569_#1more_0_D0.1,0,0.0,-1.0,[]
350.0,cluster_123292029_3663224277_3663224278_5344542569_#1more_0_D0.2,0,0.0,-1.0,[]
350.0,cluster_123292029_3663224277_3663224278_5344542569_#1more_0_D1.0,0,0.0,-1.0,[]
350.0,cluster_123292029_3663224277_3663224278_5344542569_#1more_0_D1.1,0,0.0,-1.0,[]
350.0,cluster_123292029_3663224277_3663224278_5344542569_#1more_0_D2.0,0,0.0,-1.0,[]
350.0,cluster_123292029_3663224277_3663224278_5344542569_#1more_0_D2.1,0,0.0,-1.0,[]
350.0,cluster_123292029_3663224277_3663224278_5344542569_#1more_0_D2.2,1,100.0,-1.0,['veh191']
350.0,cluster_123292029_3663224277_3663224278_5344542569_#1more_0_D3.0,0,0.0,-1.0,[]
350.0,cluster_123292029_3663224277_3663224278_5344542569_#1more_0_D3.1,0,0.0,-1.0,[]
350.0,cluster_123292031_3663224275_3663224276_3663662936_#1more_0_D0.0,1,2.1877489088126367,14.07812472239442,['veh66']
350.0,cluster_123292031_3663224275_3663224276_3663662936_#1more_0_D0.1,0,0.0,-1.0,[]
350.0,cluster_123292031_3663224275_3663224276_3663662936_#1more_0_D1.0,0,0.0,-1.0,[]
350.0,cluster_123292031_3663224275_3663224276_3663662936_#1more_0_D2.0,0,0.0,-1.0,[]
350.0,cluster_123292031_3663224275_3663224276_3663662936_#1more_0_D2.1,0,0.0,-1.0,[]
350.0,cluster_123308403_3663827018_3663827019_3664674393_#1more_0_D0.0,0,0.0,-1.0,[]
350.0,cluster_123308403_3663827018_3663827019_3664674393_#1more_0_D0.1,0,0.0,-1.0,[]
350.0,cluster_123308403_3663827018_3663827019_3664674393_#1more_0_D1.0,0,0.0,-1.0,[]
350.0,cluster_123308403_3663827018_3663827019_3664674393_#1more_0_D1.1,0,0.0,-1.0,[]
350.0,cluster_123308403_3663827018_3663827019_3664674393_#1more_0_D1.2,0,0.0,-1.0,[]
350.0,cluster_123308403_3663827018_3663827019_3664674393_#1more_0_D1.3,0,0.0,-1.0,[]
350.0,cluster_123308403_3663827018_3663827019_3664674393_#1more_0_D2.0,0,0.0,-1.0,[]
350.0,cluster_123308403_3663827018_3663827019_3664674393_#1more_0_D2.1,0,0.0,-1.0,[]
350.0,cluster_123308403_3663827018_3663827019_3664674393_#1more_0_D2.2,0,0.0,-1.0,[]
350.0,cluster_3664723686_3698084157_3698084158_3698084159_#1more_0_D0.0,0,0.0,-1.0,[]
350.0,cluster_3664723686_3698084157_3698084158_3698084159_#1more_0_D0.1,0,0.0,-1.0,[]
350.0,cluster_3664723686_3698084157_3698084158_3698084159_#1more_0_D0.2,0,0.0,-1.0,[]
350.0,cluster_3664723686_3698084157_3698084158_3698084159_#1more_0_D1.0,0,0.0,-1.0,[]
350.0,cluster_3664723686_3698084157_3698084158_3698084159_#1more_0_D1.1,0,0.0,-1.0,[]
350.0,cluster_3664723686_3698084157_3698084158_3698084159_#1more_0_D1.2,0,0.0,-1.0,[]
350.0,joinedS_3663662947_3663662948_3698084160_3698084161_#1more_0_D0.0,0,0.0,-1.0,[]
350.0,joinedS_3663662947_3663662948_3698084160_3698084161_#1more_0_D0.1,0,0.0,-1.0,[]
350.0,joinedS_3663662947_3663662948_3698084160_3698084161_#1more_0_D0.2,0,0.0,-1.0,[]
350.0,joinedS_3663662947_3663662948_3698084160_3698084161_#1more_0_D0.3,0,0.0,-1.0,[]
350.0,joinedS_3663662947_3663662948_3698084160_3698084161_#1more_0_D1.0,0,0.0,-1.0,[]
350.0,joinedS_3663662947_3663662948_3698084160_3698084161_#1more_0_D1.1,0,0.0,-1.0,[]
350.0,joinedS_3663662947_3663662948_3698084160_3698084161_#1more_0_D1.2,0,0.0,-1.0,[]
350.0,joinedS_3663662947_3663662948_3698084160_3698084161_#1more_0_D1.3,0,0.0,-1.0,[]
350.0,joinedS_3663662947_3663662948_3698084160_3698084161_#1more_0_D2.0,0,0.0,-1.0,[]
350.0,joinedS_3663662947_3663662948_3698084160_3698084161_#1more_0_D2.1,0,0.0,-1.0,[]
350.0,joinedS_3663662947_3663662948_3698084160_3698084161_#1more_0_D2.2,0,0.0,-1.0,[]
350.0,joinedS_3663662947_3663662948_3698084160_3698084161_#1more_0_D2.3,0,0.0,-1.0,[]
350.0,joinedS_3663662947_3663662948_3698084160_3698084161_#1more_0_D3.0,1,100.0,-1.0,['veh215']
350.0,joinedS_3663662947_3663662948_3698084160_3698084161_#1more_0_D3.1,0,0.0,-1.0,[]
350.0,joinedS_3663662947_3663662948_3698084160_3698084161_#1more_0_D3.2,1,100.0,-1.0,['veh214']
350.0,joinedS_3663662947_3663662948_3698084160_3698084161_#1more_0_D3.3,0,0.0,-1.0,[]
350.0,joinedS_3663662947_3663662948_3698084160_3698084161_#1more_0_D3.4,0,0.0,-1.0,[]
355.0,cluster_122855839_3663662942_3663662943_3663662944_#1more_0_D0.0,0,0.0,-1.0,[]
355.0,cluster_122855839_3663662942_3663662943_3663662944_#1more_0_D0.1,0,0.0,-1.0,[]
355.0,cluster_122855839_3663662942_3663662943_3663662944_#1more_0_D0.2,0,0.0,-1.0,[]
355.0,cluster_122855839_3663662942_3663662943_3663662944_#1more_0_D0.3,0,0.0,-1.0,[]
355.0,cluster_122855839_3663662942_3663662943_3663662944_#1more_0_D0.4,1,100.0,-1.0,['veh180']
355.0,cluster_122855839_3663662942_3663662943_3663662944_#1more_0_D1.0,0,0.0,-1.0,[]
355.0,cluster_122855839_3663662942_3663662943_3663662944_#1more_0_D1.1,1,0.0,-1.0,['veh85']
355.0,cluster_122855839_3663662942_3663662943_3663662944_#1more_0_D1.2,1,40.189284319586704,12.441127242375881,['veh148']
355.0,cluster_122855839_3663662942_3663662943_3663662944_#1more_0_D2.0,1,100.0,-1.0,['bus14']
355.0,cluster_122855839_3663662942_3663662943_3663662944_#1more_0_D2.1,0,0.0,-1.0,[]
355.0,cluster_123241924_382443557_5344542568_5546892974_#3more_0_D0.0,1,100.0,-1.0,['veh106']
355.0,cluster_123241924_382443557_5344542568_5546892974_#3more_0_D0.1,0,0.0,-1.0,[]
355.0,cluster_123241924_382443557_5344542568_5546892974_#3more_0_D0.2,0,0.0,-1.0,[]
355.0,cluster_123241924_382443557_5344542568_5546892974_#3more_0_D0.3,1,100.0,-1.0,['veh159']
355.0,cluster_123241924_382443557_5344542568_5546892974_#3more_0_D0.4,0,0.0,-1.0,[]
355.0,cluster_123241924_382443557_5344542568_5546892974_#3more_0_D1.0,0,0.0,-1.0,[]
355.0,cluster_123241924_382443557_5344542568_5546892974_#3more_0_D2.0,0,0.0,-1.0,[]
355.0,cluster_123241924_382443557_5344542568_5546892974_#3more_0_D2.1,0,0.0,-1.0,[]
355.0,cluster_123241924_382443557_5344542568_5546892974_#3more_0_D2.2,0,0.0,-1.0,[]
355.0,cluster_123241924_382443557_5344542568_5546892974_#3more_0_D2.3,0,0.0,-1.0,[]
355.0,cluster_123241924_382443557_5344542568_5546892974_#3more_0_D2.4,0,0.0,-1.0,[]
355.0,cluster_123241924_382443557_5344542568_5546892974_#3more_0_D2.5,0,0.0,-1.0,[]
355.0,cluster_123241924_382443557_5344542568_5546892974_#3more_0_D3.0,0,0.0,-1.0,[]
355.0,cluster_123241924_382443557_5344542568_5546892974_#3more_0_D3.1,0,0.0,-1.0,[]
355.0,cluster_123241924_382443557_5344542568_5546892974_#3more_0_D3.2,0,0.0,-1.0,[]
355.0,cluster_123241924_382443557_5344542568_5546892974_#3more_0_D3.3,0,0.0,-1.0,[]
355.0,cluster_123241924_382443557_5344542568_5546892974_#3more_0_D3.4,0,0.0,-1.0,[]
355.0,cluster_123281084_3663662939_3664674395_3664674397_#1more_0_D0.0,0,0.0,-1.0,[]
355.0,cluster_123281084_3663662939_3664674395_3664674397_#1more_0_D0.1,0,0.0,-1.0,[]
355.0,cluster_123281084_3663662939_3664674395_3664674397_#1more_0_D0.2,0,0.0,-1.0,[]
355.0,cluster_123281084_3663662939_3664674395_3664674397_#1more_0_D0.3,0,0.0,-1.0,[]
355.0,cluster_123281084_3663662939_3664674395_3664674397_#1more_0_D0.4,0,0.0,-1.0,[]
355.0,cluster_123281084_3663662939_3664674395_3664674397_#1more_0_D1.0,1,46.96383318312769,3.4740663988642675,['veh179']
355.0,cluster_123281084_3663662939_3664674395_3664674397_#1more_0_D1.1,0,0.0,-1.0,[]
355.0,cluster_123281084_3663662939_3664674395_3664674397_#1more_0_D2.0,1,100.0,-1.0,['veh65']
355.0,cluster_123281084_3663662939_3664674395_3664674397_#1more_0_D2.1,1,100.0,-1.0,['veh138']
355.0,cluster_123281085_12840608127_12840608130_12840608135_#1more_0_D0.0,0,0.0,-1.0,[]
355.0,cluster_123281085_12840608127_12840608130_12840608135_#1more_0_D1.0,0,0.0,-1.0,[]
355.0,cluster_123292026_3663224279_3663224280_3663662945_#1more_0_D0.0,0,0.0,-1.0,[]
355.0,cluster_123292026_3663224279_3663224280_3663662945_#1more_0_D0.1,0,0.0,-1.0,[]
355.0,cluster_123292026_3663224279_3663224280_3663662945_#1more_0_D1.0,0,0.0,-1.0,[]
355.0,cluster_123292026_3663224279_3663224280_3663662945_#1more_0_D1.1,0,0.0,-1.0,[]
355.0,cluster_123292026_3663224279_3663224280_3663662945_#1more_0_D1.2,0,0.0,-1.0,[]
355.0,cluster_123292026_3663224279_3663224280_3663662945_#1more_0_D1.3,0,0.0,-1.0,[]
355.0,cluster_123292026_3663224279_3663224280_3663662945_#1more_0_D2.0,0,0.0,-1.0,[]
355.0,cluster_123292026_3663224279_3663224280_3663662945_#1more_0_D2.1,0,0.0,-1.0,[]
355.0,cluster_123292029_3663224277_3663224278_5344542569_#1more_0_D0.0,1,100.0,-1.0,['bus15']
355.0,cluster_123292029_3663224277_3663224278_5344542569_#1more_0_D0.1,0,0.0,-1.0,[]
355.0,cluster_123292029_3663224277_3663224278_5344542569_#1more_0_D0.2,0,0.0,-1.0,[]
355.0,cluster_123292029_3663224277_3663224278_5344542569_#1more_0_D1.0,0,0.0,-1.0,[]
355.0,cluster_123292029_3663224277_3663224278_5344542569_#1more_0_D1.1,0,0.0,-1.0,[]
355.0,cluster_123292029_3663224277_3663224278_5344542569_#1more_0_D2.0,0,0.0,-1.0,[]
355.0,cluster_123292029_3663224277_3663224278_5344542569_#1more_0_D2.1,0,0.0,-1.0,[]
355.0,cluster_123292029_3663224277_3663224278_5344542569_#1more_0_D2.2,1,100.0,-1.0,['veh191']
355.0,cluster_123292029_3663224277_3663224278_5344542569_#1more_0_D3.0,0,0.0,-1.0,[]
355.0,cluster_123292029_3663224277_3663224278_5344542569_#1more_0_D3.1,0,0.0,-1.0,[]
355.0,cluster_123292031_3663224275_3663224276_3663662936_#1more_0_D0.0,1,50.945054644557786,9.814495312420135,['veh111']
355.0,cluster_123292031_3663224275_3663224276_3663662936_#1more_0_D0.1,0,0.0,-1.0,[]
355.0,cluster_123292031_3663224275_3663224276_3663662936_#1more_0_D1.0,0,0.0,-1.0,[]
355.0,cluster_123292031_3663224275_3663224276_3663662936_#1more_0_D2.0,0,0.0,-1.0,[]
355.0,cluster_123292031_3663224275_3663224276_3663662936_#1more_0_D2.1,0,0.0,-1.0,[]
355.0,cluster_123308403_3663827018_3663827019_3664674393_#1more_0_D0.0,0,0.0,-1.0,[]
355.0,cluster_123308403_3663827018_3663827019_3664674393_#1more_0_D0.1,0,0.0,-1.0,[]
355.0,cluster_123308403_3663827018_3663827019_3664674393_#1more_0_D1.0,0,0.0,-1.0,[]
355.0,cluster_123308403_3663827018_3663827019_3664674393_#1more_0_D1.1,0,0.0,-1.0,[]
355.0,cluster_123308403_3663827018_3663827019_3664674393_#1more_0_D1.2,0,0.0,-1.0,[]
355.0,cluster_123308403_3663827018_3663827019_3664674393_#1more_0_D1.3,0,0.0,-1.0,[]
355.0,cluster_123308403_3663827018_3663827019_3664674393_#1more_0_D2.0,0,0.0,-1.0,[]
355.0,cluster_123308403_3663827018_3663827019_3664674393_#1more_0_D2.1,0,0.0,-1.0,[]
355.0,cluster_123308403_3663827018_3663827019_3664674393_#1more_0_D2.2,0,0.0,-1.0,[]
355.0,cluster_3664723686_3698084157_3698084158_3698084159_#1more_0_D0.0,0,0.0,-1.0,[]
355.0,cluster_3664723686_3698084157_3698084158_3698084159_#1more_0_D0.1,0,0.0,-1.0,[]
355.0,cluster_3664723686_3698084157_3698084158_3698084159_#1more_0_D0.2,0,0.0,-1.0,[]
355.0,cluster_3664723686_3698084157_3698084158_3698084159_#1more_0_D1.0,0,0.0,-1.0,[]
355.0,cluster_3664723686_3698084157_3698084158_3698084159_#1more_0_D1.1,0,0.0,-1.0,[]
355.0,cluster_3664723686_3698084157_3698084158_3698084159_#1more_0_D1.2,0,0.0,-1.0,[]
355.0,joinedS_3663662947_3663662948_3698084160_3698084161_#1more_0_D0.0,0,0.0,-1.0,[]
355.0,joinedS_3663662947_3663662948_3698084160_3698084161_#1more_0_D0.1,0,0.0,-1.0,[]
355.0,joinedS_3663662947_3663662948_3698084160_3698084161_#1more_0_D0.2,0,0.0,-1.0,[]
355.0,joinedS_3663662947_3663662948_3698084160_3698084161_#1more_0_D0.3,0,0.0,-1.0,[]
355.0,joinedS_3663662947_3663662948_3698084160_3698084161_#1more_0_D1.0,0,0.0,-1.0,[]
355.0,joinedS_3663662947_3663662948_3698084160_3698084161_#1more_0_D1.1,0,0.0,-1.0,[]
355.0,joinedS_3663662947_3663662948_3698084160_3698084161_#1more_0_D1.2,0,0.0,-1.0,[]
355.0,joinedS_3663662947_3663662948_3698084160_3698084161_#1more_0_D1.3,0,0.0,-1.0,[]
355.0,joinedS_3663662947_3663662948_3698084160_3698084161_#1more_0_D2.0,0,0.0,-1.0,[]
355.0,joinedS_3663662947_3663662948_3698084160_3698084161_#1more_0_D2.1,0,0.0,-1.0,[]
355.0,joinedS_3663662947_3663662948_3698084160_3698084161_#1more_0_D2.2,0,0.0,-1.0,[]
355.0,joinedS_3663662947_3663662948_3698084160_3698084161_#1more_0_D2.3,1,100.0,-1.0,['veh218']
355.0,joinedS_3663662947_3663662948_3698084160_3698084161_#1more_0_D3.0,1,0.0,-1.0,['veh215']
355.0,joinedS_3663662947_3663662948_3698084160_3698084161_#1more_0_D3.1,1,0.0,-1.0,['veh214']
355.0,joinedS_3663662947_3663662948_3698084160_3698084161_#1more_0_D3.2,0,0.0,-1.0,[]
355.0,joinedS_3663662947_3663662948_3698084160_3698084161_#1more_0_D3.3,0,0.0,-1.0,[]
355.0,joinedS_3663662947_3663662948_3698084160_3698084161_#1more_0_D3.4,0,0.0,-1.0,[]
360.0,cluster_122855839_3663662942_3663662943_3663662944_#1more_0_D0.0,0,0.0,-1.0,[]
360.0,cluster_122855839_3663662942_3663662943_3663662944_#1more_0_D0.1,0,0.0,-1.0,[]
360.0,cluster_122855839_3663662942_3663662943_3663662944_#1more_0_D0.2,0,0.0,-1.0,[]
360.0,cluster_122855839_3663662942_3663662943_3663662944_#1more_0_D0.3,0,0.0,-1.0,[]
360.0,cluster_122855839_3663662942_3663662943_3663662944_#1more_0_D0.4,1,100.0,-1.0,['veh180']
360.0,cluster_122855839_3663662942_3663662943_3663662944_#1more_0_D1.0,0,0.0,-1.0,[]
360.0,cluster_122855839_3663662942_3663662943_3663662944_#1more_0_D1.1,0,0.0,-1.0,[]
360.0,cluster_122855839_3663662942_3663662943_3663662944_#1more_0_D1.2,0,0.0,-1.0,[]
360.0,cluster_122855839_3663662942_3663662943_3663662944_#1more_0_D2.0,1,100.0,-1.0,['bus14']
360.0,cluster_122855839_3663662942_3663662943_3663662944_#1more_0_D2.1,0,0.0,-1.0,[]
360.0,cluster_123241924_382443557_5344542568_5546892974_#3more_0_D0.0,1,100.0,-1.0,['veh106']
360.0,cluster_123241924_382443557_5344542568_5546892974_#3more_0_D0.1,0,0.0,-1.0,[]
360.0,cluster_123241924_382443557_5344542568_5546892974_#3more_0_D0.2,0,0.0,-1.0,[]
360.0,cluster_123241924_382443557_5344542568_5546892974_#3more_0_D0.3,1,100.0,-1.0,['veh159']
360.0,cluster_123241924_382443557_5344542568_5546892974_#3more_0_D0.4,0,0.0,-1.0,[]
360.0,cluster_123241924_382443557_5344542568_5546892974_#3more_0_D1.0,0,0.0,-1.0,[]
360.0,cluster_123241924_382443557_5344542568_5546892974_#3more_0_D2.0,0,0.0,-1.0,[]
360.0,cluster_123241924_382443557_5344542568_5546892974_#3more_0_D2.1,0,0.0,-1.0,[]
360.0,cluster_123241924_382443557_5344542568_5546892974_#3more_0_D2.2,0,0.0,-1.0,[]
360.0,cluster_123241924_382443557_5344542568_5546892974_#3more_0_D2.3,0,0.0,-1.0,[]
360.0,cluster_123241924_382443557_5344542568_5546892974_#3more_0_D2.4,0,0.0,-1.0,[]
360.0,cluster_123241924_382443557_5344542568_5546892974_#3more_0_D2.5,0,0.0,-1.0,[]
360.0,cluster_123241924_382443557_5344542568_5546892974_#3more_0_D3.0,0,0.0,-1.0,[]
360.0,cluster_123241924_382443557_5344542568_5546892974_#3more_0_D3.1,0,0.0,-1.0,[]
360.0,cluster_123241924_382443557_5344542568_5546892974_#3more_0_D3.2,0,0.0,-1.0,[]
360.0,cluster_123241924_382443557_5344542568_5546892974_#3more_0_D3.3,0,0.0,-1.0,[]
360.0,cluster_123241924_382443557_5344542568_5546892974_#3more_0_D3.4,0,0.0,-1.0,[]
360.0,cluster_123281084_3663662939_3664674395_3664674397_#1more_0_D0.0,0,0.0,-1.0,[]
360.0,cluster_123281084_3663662939_3664674395_3664674397_#1more_0_D0.1,0,0.0,-1.0,[]
360.0,cluster_123281084_3663662939_3664674395_3664674397_#1more_0_D0.2,0,0.0,-1.0,[]
360.0,cluster_123281084_3663662939_3664674395_3664674397_#1more_0_D0.3,0,0.0,-1.0,[]
360.0,cluster_123281084_3663662939_3664674395_3664674397_#1more_0_D0.4,0,0.0,-1.0,[]
360.0,cluster_123281084_3663662939_3664674395_3664674397_#1more_0_D1.0,0,0.0,-1.0,[]
360.0,cluster_123281084_3663662939_3664674395_3664674397_#1more_0_D1.1,0,0.0,-1.0,[]
360.0,cluster_123281084_3663662939_3664674395_3664674397_#1more_0_D2.0,1,100.0,-1.0,['veh65']
360.0,cluster_123281084_3663662939_3664674395_3664674397_#1more_0_D2.1,1,100.0,-1.0,['veh138']
360.0,cluster_123281085_12840608127_12840608130_12840608135_#1more_0_D0.0,0,0.0,-1.0,[]
360.0,cluster_123281085_12840608127_12840608130_12840608135_#1more_0_D1.0,0,0.0,-1.0,[]
360.0,cluster_123292026_3663224279_3663224280_3663662945_#1more_0_D0.0,0,0.0,-1.0,[]
360.0,cluster_123292026_3663224279_3663224280_3663662945_#1more_0_D0.1,0,0.0,-1.0,[]
360.0,cluster_123292026_3663224279_3663224280_3663662945_#1more_0_D1.0,0,0.0,-1.0,[]
360.0,cluster_123292026_3663224279_3663224280_3663662945_#1more_0_D1.1,0,0.0,-1.0,[]
360.0,cluster_123292026_3663224279_3663224280_3663662945_#1more_0_D1.2,0,0.0,-1.0,[]
360.0,cluster_123292026_3663224279_3663224280_3663662945_#1more_0_D1.3,0,0.0,-1.0,[]
360.0,cluster_123292026_3663224279_3663224280_3663662945_#1more_0_D2.0,0,0.0,-1.0,[]
360.0,cluster_123292026_3663224279_3663224280_3663662945_#1more_0_D2.1,0,0.0,-1.0,[]
360.0,cluster_123292029_3663224277_3663224278_5344542569_#1more_0_D0.0,0,0.0,-1.0,[]
360.0,cluster_123292029_3663224277_3663224278_5344542569_#1more_0_D0.1,0,0.0,-1.0,[]
360.0,cluster_123292029_3663224277_3663224278_5344542569_#1more_0_D0.2,0,0.0,-1.0,[]
360.0,cluster_123292029_3663224277_3663224278_5344542569_#1more_0_D1.0,0,0.0,-1.0,[]
360.0,cluster_123292029_3663224277_3663224278_5344542569_#1more_0_D1.1,0,0.0,-1.0,[]
360.0,cluster_123292029_3663224277_3663224278_5344542569_#1more_0_D2.0,0,0.0,-1.0,[]
360.0,cluster_123292029_3663224277_3663224278_5344542569_#1more_0_D2.1,0,0.0,-1.0,[]
360.0,cluster_123292029_3663224277_3663224278_5344542569_#1more_0_D2.2,1,100.0,-1.0,['veh191']
360.0,cluster_123292029_3663224277_3663224278_5344542569_#1more_0_D3.0,0,0.0,-1.0,[]
360.0,cluster_123292029_3663224277_3663224278_5344542569_#1more_0_D3.1,0,0.0,-1.0,[]
360.0,cluster_123292031_3663224275_3663224276_3663662936_#1more_0_D0.0,0,0.0,-1.0,[]
360.0,cluster_123292031_3663224275_3663224276_3663662936_#1more_0_D0.1,0,0.0,-1.0,[]
360.0,cluster_123292031_3663224275_3663224276_3663662936_#1more_0_D1.0,1,100.0,-1.0,['bus20']
360.0,cluster_123292031_3663224275_3663224276_3663662936_#1more_0_D2.0,0,0.0,-1.0,[]
360.0,cluster_123292031_3663224275_3663224276_3663662936_#1more_0_D2.1,0,0.0,-1.0,[]
360.0,cluster_123308403_3663827018_3663827019_3664674393_#1more_0_D0.0,0,0.0,-1.0,[]
360.0,cluster_123308403_3663827018_3663827019_3664674393_#1more_0_D0.1,0,0.0,-1.0,[]
360.0,cluster_123308403_3663827018_3663827019_3664674393_#1more_0_D1.0,0,0.0,-1.0,[]
360.0,cluster_123308403_3663827018_3663827019_3664674393_#1more_0_D1.1,0,0.0,-1.0,[]
360.0,cluster_123308403_3663827018_3663827019_3664674393_#1more_0_D1.2,0,0.0,-1.0,[]
360.0,cluster_123308403_3663827018_3663827019_3664674393_#1more_0_D1.3,1,44.798648771904936,10.46692655936322,['truck11']
360.0,cluster_123308403_3663827018_3663827019_3664674393_#1more_0_D2.0,0,0.0,-1.0,[]
360.0,cluster_123308403_3663827018_3663827019_3664674393_#1more_0_D2.1,0,0.0,-1.0,[]
360.0,cluster_123308403_3663827018_3663827019_3664674393_#1more_0_D2.2,0,0.0,-1.0,[]
360.0,cluster_3664723686_3698084157_3698084158_3698084159_#1more_0_D0.0,1,100.0,-1.0,['veh222']
360.0,cluster_3664723686_3698084157_3698084158_3698084159_#1more_0_D0.1,0,0.0,-1.0,[]
360.0,cluster_3664723686_3698084157_3698084158_3698084159_#1more_0_D0.2,0,0.0,-1.0,[]
360.0,cluster_3664723686_3698084157_3698084158_3698084159_#1more_0_D1.0,0,0.0,-1.0,[]
360.0,cluster_3664723686_3698084157_3698084158_3698084159_#1more_0_D1.1,0,0.0,-1.0,[]
360.0,cluster_3664723686_3698084157_3698084158_3698084159_#1more_0_D1.2,0,0.0,-1.0,[]
360.0,joinedS_3663662947_3663662948_3698084160_3698084161_#1more_0_D0.0,0,0.0,-1.0,[]
360.0,joinedS_3663662947_3663662948_3698084160_3698084161_#1more_0_D0.1,0,0.0,-1.0,[]
360.0,joinedS_3663662947_3663662948_3698084160_3698084161_#1more_0_D0.2,0,0.0,-1.0,[]
360.0,joinedS_3663662947_3663662948_3698084160_3698084161_#1more_0_D0.3,0,0.0,-1.0,[]
360.0,joinedS_3663662947_3663662948_3698084160_3698084161_#1more_0_D1.0,0,0.0,-1.0,[]
360.0,joinedS_3663662947_3663662948_3698084160_3698084161_#1more_0_D1.1,0,0.0,-1.0,[]
360.0,joinedS_3663662947_3663662948_3698084160_3698084161_#1more_0_D1.2,0,0.0,-1.0,[]
360.0,joinedS_3663662947_3663662948_3698084160_3698084161_#1more_0_D1.3,0,0.0,-1.0,[]
360.0,joinedS_3663662947_3663662948_3698084160_3698084161_#1more_0_D2.0,0,0.0,-1.0,[]
360.0,joinedS_3663662947_3663662948_3698084160_3698084161_#1more_0_D2.1,0,0.0,-1.0,[]
360.0,joinedS_3663662947_3663662948_3698084160_3698084161_#1more_0_D2.2,0,0.0,-1.0,[]
360.0,joinedS_3663662947_3663662948_3698084160_3698084161_#1more_0_D2.3,1,100.0,-1.0,['veh218']
360.0,joinedS_3663662947_3663662948_3698084160_3698084161_#1more_0_D3.0,1,100.0,6.412032,['veh223']
360.0,joinedS_3663662947_3663662948_3698084160_3698084161_#1more_0_D3.1,0,0.0,-1.0,[]
360.0,joinedS_3663662947_3663662948_3698084160_3698084161_#1more_0_D3.2,0,0.0,-1.0,[]
360.0,joinedS_3663662947_3663662948_3698084160_3698084161_#1more_0_D3.3,0,0.0,-1.0,[]
360.0,joinedS_3663662947_3663662948_3698084160_3698084161_#1more_0_D3.4,0,0.0,-1.0,[]
365.0,cluster_122855839_3663662942_3663662943_3663662944_#1more_0_D0.0,0,0.0,-1.0,[]
365.0,cluster_122855839_3663662942_3663662943_3663662944_#1more_0_D0.1,0,0.0,-1.0,[]
365.0,cluster_122855839_3663662942_3663662943_3663662944_#1more_0_D0.2,0,0.0,-1.0,[]
365.0,cluster_122855839_3663662942_3663662943_3663662944_#1more_0_D0.3,0,0.0,-1.0,[]
365.0,cluster_122855839_3663662942_3663662943_3663662944_#1more_0_D0.4,1,100.0,-1.0,['veh180']
365.0,cluster_122855839_3663662942_3663662943_3663662944_#1more_0_D1.0,0,0.0,-1.0,[]
365.0,cluster_122855839_3663662942_3663662943_3663662944_#1more_0_D1.1,0,0.0,-1.0,[]
365.0,cluster_122855839_3663662942_3663662943_3663662944_#1more_0_D1.2,0,0.0,-1.0,[]
365.0,cluster_122855839_3663662942_3663662943_3663662944_#1more_0_D2.0,1,100.0,-1.0,['bus14']
365.0,cluster_122855839_3663662942_3663662943_3663662944_#1more_0_D2.1,0,0.0,-1.0,[]
365.0,cluster_123241924_382443557_5344542568_5546892974_#3more_0_D0.0,1,100.0,-1.0,['veh106']
365.0,cluster_123241924_382443557_5344542568_5546892974_#3more_0_D0.1,0,0.0,-1.0,[]
365.0,cluster_123241924_382443557_5344542568_5546892974_#3more_0_D0.2,0,0.0,-1.0,[]
365.0,cluster_123241924_382443557_5344542568_5546892974_#3more_0_D0.3,1,100.0,-1.0,['veh159']
365.0,cluster_123241924_382443557_5344542568_5546892974_#3more_0_D0.4,0,0.0,-1.0,[]
365.0,cluster_123241924_382443557_5344542568_5546892974_#3more_0_D1.0,0,0.0,-1.0,[]
365.0,cluster_123241924_382443557_5344542568_5546892974_#3more_0_D2.0,0,0.0,-1.0,[]
365.0,cluster_123241924_382443557_5344542568_5546892974_#3more_0_D2.1,0,0.0,-1.0,[]
365.0,cluster_123241924_382443557_5344542568_5546892974_#3more_0_D2.2,0,0.0,-1.0,[]
365.0,cluster_123241924_382443557_5344542568_5546892974_#3more_0_D2.3,0,0.0,-1.0,[]
365.0,cluster_123241924_382443557_5344542568_5546892974_#3more_0_D2.4,0,0.0,-1.0,[]
365.0,cluster_123241924_382443557_5344542568_5546892974_#3more_0_D2.5,0,0.0,-1.0,[]
365.0,cluster_123241924_382443557_5344542568_5546892974_#3more_0_D3.0,0,0.0,-1.0,[]
365.0,cluster_123241924_382443557_5344542568_5546892974_#3more_0_D3.1,0,0.0,-1.0,[]
365.0,cluster_123241924_382443557_5344542568_5546892974_#3more_0_D3.2,0,0.0,-1.0,[]
365.0,cluster_123241924_382443557_5344542568_5546892974_#3more_0_D3.3,0,0.0,-1.0,[]
365.0,cluster_123241924_382443557_5344542568_5546892974_#3more_0_D3.4,0,0.0,-1.0,[]
365.0,cluster_123281084_3663662939_3664674395_3664674397_#1more_0_D0.0,0,0.0,-1.0,[]
365.0,cluster_123281084_3663662939_3664674395_3664674397_#1more_0_D0.1,0,0.0,-1.0,[]
365.0,cluster_123281084_3663662939_3664674395_3664674397_#1more_0_D0.2,0,0.0,-1.0,[]
365.0,cluster_123281084_3663662939_3664674395_3664674397_#1more_0_D0.3,0,0.0,-1.0,[]
365.0,cluster_123281084_3663662939_3664674395_3664674397_#1more_0_D0.4,0,0.0,-1.0,[]
365.0,cluster_123281084_3663662939_3664674395_3664674397_#1more_0_D1.0,0,0.0,-1.0,[]
365.0,cluster_123281084_3663662939_3664674395_3664674397_#1more_0_D1.1,0,0.0,-1.0,[]
365.0,cluster_123281084_3663662939_3664674395_3664674397_#1more_0_D2.0,1,100.0,-1.0,['veh65']
365.0,cluster_123281084_3663662939_3664674395_3664674397_#1more_0_D2.1,1,100.0,-1.0,['veh138']
365.0,cluster_123281085_12840608127_12840608130_12840608135_#1more_0_D0.0,0,0.0,-1.0,[]
365.0,cluster_123281085_12840608127_12840608130_12840608135_#1more_0_D1.0,0,0.0,-1.0,[]
365.0,cluster_123292026_3663224279_3663224280_3663662945_#1more_0_D0.0,0,0.0,-1.0,[]
365.0,cluster_123292026_3663224279_3663224280_3663662945_#1more_0_D0.1,0,0.0,-1.0,[]
365.0,cluster_123292026_3663224279_3663224280_3663662945_#1more_0_D1.0,0,0.0,-1.0,[]
365.0,cluster_123292026_3663224279_3663224280_3663662945_#1more_0_D1.1,0,0.0,-1.0,[]
365.0,cluster_123292026_3663224279_3663224280_3663662945_#1more_0_D1.2,0,0.0,-1.0,[]
365.0,cluster_123292026_3663224279_3663224280_3663662945_#1more_0_D1.3,0,0.0,-1.0,[]
365.0,cluster_123292026_3663224279_3663224280_3663662945_#1more_0_D2.0,0,0.0,-1.0,[]
365.0,cluster_123292026_3663224279_3663224280_3663662945_#1more_0_D2.1,0,0.0,-1.0,[]
365.0,cluster_123292029_3663224277_3663224278_5344542569_#1more_0_D0.0,0,0.0,-1.0,[]
365.0,cluster_123292029_3663224277_3663224278_5344542569_#1more_0_D0.1,0,0.0,-1.0,[]
365.0,cluster_123292029_3663224277_3663224278_5344542569_#1more_0_D0.2,0,0.0,-1.0,[]
365.0,cluster_123292029_3663224277_3663224278_5344542569_#1more_0_D1.0,0,0.0,-1.0,[]
365.0,cluster_123292029_3663224277_3663224278_5344542569_#1more_0_D1.1,0,0.0,-1.0,[]
365.0,cluster_123292029_3663224277_3663224278_5344542569_#1more_0_D2.0,0,0.0,-1.0,[]
365.0,cluster_123292029_3663224277_3663224278_5344542569_#1more_0_D2.1,0,0.0,-1.0,[]
365.0,cluster_123292029_3663224277_3663224278_5344542569_#1more_0_D2.2,0,0.0,-1.0,[]
365.0,cluster_123292029_3663224277_3663224278_5344542569_#1more_0_D3.0,0,0.0,-1.0,[]
365.0,cluster_123292029_3663224277_3663224278_5344542569_#1more_0_D3.1,0,0.0,-1.0,[]
365.0,cluster_123292031_3663224275_3663224276_3663662936_#1more_0_D0.0,0,0.0,-1.0,[]
365.0,cluster_123292031_3663224275_3663224276_3663662936_#1more_0_D0.1,0,0.0,-1.0,[]
365.0,cluster_123292031_3663224275_3663224276_3663662936_#1more_0_D1.0,0,0.0,-1.0,[]
365.0,cluster_123292031_3663224275_3663224276_3663662936_#1more_0_D2.0,0,0.0,-1.0,[]
365.0,cluster_123292031_3663224275_3663224276_3663662936_#1more_0_D2.1,0,0.0,-1.0,[]
365.0,cluster_123308403_3663827018_3663827019_3664674393_#1more_0_D0.0,0,0.0,-1.0,[]
365.0,cluster_123308403_3663827018_3663827019_3664674393_#1more_0_D0.1,0,0.0,-1.0,[]
365.0,cluster_123308403_3663827018_3663827019_3664674393_#1more_0_D1.0,0,0.0,-1.0,[]
365.0,cluster_123308403_3663827018_3663827019_3664674393_#1more_0_D1.1,0,0.0,-1.0,[]
365.0,cluster_123308403_3663827018_3663827019_3664674393_#1more_0_D1.2,0,0.0,-1.0,[]
365.0,cluster_123308403_3663827018_3663827019_3664674393_#1more_0_D1.3,0,0.0,-1.0,[]
365.0,cluster_123308403_3663827018_3663827019_3664674393_#1more_0_D2.0,0,0.0,-1.0,[]
365.0,cluster_123308403_3663827018_3663827019_3664674393_#1more_0_D2.1,0,0.0,-1.0,[]
365.0,cluster_123308403_3663827018_3663827019_3664674393_#1more_0_D2.2,0,0.0,-1.0,[]
365.0,cluster_3664723686_3698084157_3698084158_3698084159_#1more_0_D0.0,0,0.0,-1.0,[]
365.0,cluster_3664723686_3698084157_3698084158_3698084159_#1more_0_D0.1,0,0.0,-1.0,[]
365.0,cluster_3664723686_3698084157_3698084158_3698084159_#1more_0_D0.2,0,0.0,-1.0,[]
365.0,cluster_3664723686_3698084157_3698084158_3698084159_#1more_0_D1.0,0,0.0,-1.0,[]
365.0,cluster_3664723686_3698084157_3698084158_3698084159_#1more_0_D1.1,0,0.0,-1.0,[]
365.0,cluster_3664723686_3698084157_3698084158_3698084159_#1more_0_D1.2,0,0.0,-1.0,[]
365.0,joinedS_3663662947_3663662948_3698084160_3698084161_#1more_0_D0.0,0,0.0,-1.0,[]
365.0,joinedS_3663662947_3663662948_3698084160_3698084161_#1more_0_D0.1,0,0.0,-1.0,[]
365.0,joinedS_3663662947_3663662948_3698084160_3698084161_#1more_0_D0.2,0,0.0,-1.0,[]
365.0,joinedS_3663662947_3663662948_3698084160_3698084161_#1more_0_D0.3,0,0.0,-1.0,[]
365.0,joinedS_3663662947_3663662948_3698084160_3698084161_#1more_0_D1.0,0,0.0,-1.0,[]
365.0,joinedS_3663662947_3663662948_3698084160_3698084161_#1more_0_D1.1,0,0.0,-1.0,[]
365.0,joinedS_3663662947_3663662948_3698084160_3698084161_#1more_0_D1.2,0,0.0,-1.0,[]
365.0,joinedS_3663662947_3663662948_3698084160_3698084161_#1more_0_D1.3,0,0.0,-1.0,[]
365.0,joinedS_3663662947_3663662948_3698084160_3698084161_#1more_0_D2.0,0,0.0,-1.0,[]
365.0,joinedS_3663662947_3663662948_3698084160_3698084161_#1more_0_D2.1,0,0.0,-1.0,[]
365.0,joinedS_3663662947_3663662948_3698084160_3698084161_#1more_0_D2.2,0,0.0,-1.0,[]
365.0,joinedS_3663662947_3663662948_3698084160_3698084161_#1more_0_D2.3,1,100.0,-1.0,['veh218']
365.0,joinedS_3663662947_3663662948_3698084160_3698084161_#1more_0_D3.0,0,0.0,-1.0,[]
365.0,joinedS_3663662947_3663662948_3698084160_3698084161_#1more_0_D3.1,0,0.0,-1.0,[]
365.0,joinedS_3663662947_3663662948_3698084160_3698084161_#1more_0_D3.2,0,0.0,-1.0,[]
365.0,joinedS_3663662947_3663662948_3698084160_3698084161_#1more_0_D3.3,0,0.0,-1.0,[]
365.0,joinedS_3663662947_3663662948_3698084160_3698084161_#1more_0_D3.4,0,0.0,-1.0,[]
370.0,cluster_122855839_3663662942_3663662943_3663662944_#1more_0_D0.0,0,0.0,-1.0,[]
370.0,cluster_122855839_3663662942_3663662943_3663662944_#1more_0_D0.1,0,0.0,-1.0,[]
370.0,cluster_122855839_3663662942_3663662943_3663662944_#1more_0_D0.2,0,0.0,-1.0,[]
370.0,cluster_122855839_3663662942_3663662943_3663662944_#1more_0_D0.3,0,0.0,-1.0,[]
370.0,cluster_122855839_3663662942_3663662943_3663662944_#1more_0_D0.4,1,100.0,-1.0,['veh180']
370.0,cluster_122855839_3663662942_3663662943_3663662944_#1more_0_D1.0,0,0.0,-1.0,[]
370.0,cluster_122855839_3663662942_3663662943_3663662944_#1more_0_D1.1,0,0.0,-1.0,[]
370.0,cluster_122855839_3663662942_3663662943_3663662944_#1more_0_D1.2,0,0.0,-1.0,[]
370.0,cluster_122855839_3663662942_3663662943_3663662944_#1more_0_D2.0,1,100.0,-1.0,['bus14']
370.0,cluster_122855839_3663662942_3663662943_3663662944_#1more_0_D2.1,0,0.0,-1.0,[]
370.0,cluster_123241924_382443557_5344542568_5546892974_#3more_0_D0.0,1,100.0,-1.0,['veh106']
370.0,cluster_123241924_382443557_5344542568_5546892974_#3more_0_D0.1,0,0.0,-1.0,[]
370.0,cluster_123241924_382443557_5344542568_5546892974_#3more_0_D0.2,0,0.0,-1.0,[]
370.0,cluster_123241924_382443557_5344542568_5546892974_#3more_0_D0.3,1,100.0,-1.0,['veh159']
370.0,cluster_123241924_382443557_5344542568_5546892974_#3more_0_D0.4,0,0.0,-1.0,[]
370.0,cluster_123241924_382443557_5344542568_5546892974_#3more_0_D1.0,0,0.0,-1.0,[]
370.0,cluster_123241924_382443557_5344542568_5546892974_#3more_0_D2.0,0,0.0,-1.0,[]
370.0,cluster_123241924_382443557_5344542568_5546892974_#3more_0_D2.1,0,0.0,-1.0,[]
370.0,cluster_123241924_382443557_5344542568_5546892974_#3more_0_D2.2,0,0.0,-1.0,[]
370.0,cluster_123241924_382443557_5344542568_5546892974_#3more_0_D2.3,0,0.0,-1.0,[]
370.0,cluster_123241924_382443557_5344542568_5546892974_#3more_0_D2.4,0,0.0,-1.0,[]
370.0,cluster_123241924_382443557_5344542568_5546892974_#3more_0_D2.5,0,0.0,-1.0,[]
370.0,cluster_123241924_382443557_5344542568_5546892974_#3more_0_D3.0,0,0.0,-1.0,[]
370.0,cluster_123241924_382443557_5344542568_5546892974_#3more_0_D3.1,0,0.0,-1.0,[]
370.0,cluster_123241924_382443557_5344542568_5546892974_#3more_0_D3.2,0,0.0,-1.0,[]
370.0,cluster_123241924_382443557_5344542568_5546892974_#3more_0_D3.3,0,0.0,-1.0,[]
370.0,cluster_123241924_382443557_5344542568_5546892974_#3more_0_D3.4,0,0.0,-1.0,[]
370.0,cluster_123281084_3663662939_3664674395_3664674397_#1more_0_D0.0,0,0.0,-1.0,[]
370.0,cluster_123281084_3663662939_3664674395_3664674397_#1more_0_D0.1,1,0.0,-1.0,['veh170']
370.0,cluster_123281084_3663662939_3664674395_3664674397_#1more_0_D0.2,0,0.0,-1.0,[]
370.0,cluster_123281084_3663662939_3664674395_3664674397_#1more_0_D0.3,0,0.0,-1.0,[]
370.0,cluster_123281084_3663662939_3664674395_3664674397_#1more_0_D0.4,0,0.0,-1.0,[]
370.0,cluster_123281084_3663662939_3664674395_3664674397_#1more_0_D1.0,0,0.0,-1.0,[]
370.0,cluster_123281084_3663662939_3664674395_3664674397_#1more_0_D1.1,0,0.0,-1.0,[]
370.0,cluster_123281084_3663662939_3664674395_3664674397_#1more_0_D2.0,1,100.0,-1.0,['veh65']
370.0,cluster_123281084_3663662939_3664674395_3664674397_#1more_0_D2.1,1,100.0,-1.0,['veh138']
370.0,cluster_123281085_12840608127_12840608130_12840608135_#1more_0_D0.0,0,0.0,-1.0,[]
370.0,cluster_123281085_12840608127_12840608130_12840608135_#1more_0_D1.0,0,0.0,-1.0,[]
370.0,cluster_123292026_3663224279_3663224280_3663662945_#1more_0_D0.0,0,0.0,-1.0,[]
370.0,cluster_123292026_3663224279_3663224280_3663662945_#1more_0_D0.1,0,0.0,-1.0,[]
370.0,cluster_123292026_3663224279_3663224280_3663662945_#1more_0_D1.0,0,0.0,-1.0,[]
370.0,cluster_123292026_3663224279_3663224280_3663662945_#1more_0_D1.1,0,0.0,-1.0,[]
370.0,cluster_123292026_3663224279_3663224280_3663662945_#1more_0_D1.2,0,0.0,-1.0,[]
370.0,cluster_123292026_3663224279_3663224280_3663662945_#1more_0_D1.3,0,0.0,-1.0,[]
370.0,cluster_123292026_3663224279_3663224280_3663662945_#1more_0_D2.0,0,0.0,-1.0,[]
370.0,cluster_123292026_3663224279_3663224280_3663662945_#1more_0_D2.1,0,0.0,-1.0,[]
370.0,cluster_123292029_3663224277_3663224278_5344542569_#1more_0_D0.0,1,100.0,-1.0,['veh166']
370.0,cluster_123292029_3663224277_3663224278_5344542569_#1more_0_D0.1,0,0.0,-1.0,[]
370.0,cluster_123292029_3663224277_3663224278_5344542569_#1more_0_D0.2,0,0.0,-1.0,[]
370.0,cluster_123292029_3663224277_3663224278_5344542569_#1more_0_D1.0,0,0.0,-1.0,[]
370.0,cluster_123292029_3663224277_3663224278_5344542569_#1more_0_D1.1,0,0.0,-1.0,[]
370.0,cluster_123292029_3663224277_3663224278_5344542569_#1more_0_D2.0,0,0.0,-1.0,[]
370.0,cluster_123292029_3663224277_3663224278_5344542569_#1more_0_D2.1,0,0.0,-1.0,[]
370.0,cluster_123292029_3663224277_3663224278_5344542569_#1more_0_D2.2,0,0.0,-1.0,[]
370.0,cluster_123292029_3663224277_3663224278_5344542569_#1more_0_D3.0,0,0.0,-1.0,[]
370.0,cluster_123292029_3663224277_3663224278_5344542569_#1more_0_D3.1,0,0.0,-1.0,[]
370.0,cluster_123292031_3663224275_3663224276_3663662936_#1more_0_D0.0,0,0.0,-1.0,[]
370.0,cluster_123292031_3663224275_3663224276_3663662936_#1more_0_D0.1,0,0.0,-1.0,[]
370.0,cluster_123292031_3663224275_3663224276_3663662936_#1more_0_D1.0,0,0.0,-1.0,[]
370.0,cluster_123292031_3663224275_3663224276_3663662936_#1more_0_D2.0,0,0.0,-1.0,[]
370.0,cluster_123292031_3663224275_3663224276_3663662936_#1more_0_D2.1,0,0.0,-1.0,[]
370.0,cluster_123308403_3663827018_3663827019_3664674393_#1more_0_D0.0,0,0.0,-1.0,[]
370.0,cluster_123308403_3663827018_3663827019_3664674393_#1more_0_D0.1,0,0.0,-1.0,[]
370.0,cluster_123308403_3663827018_3663827019_3664674393_#1more_0_D1.0,0,0.0,-1.0,[]
370.0,cluster_123308403_3663827018_3663827019_3664674393_#1more_0_D1.1,0,0.0,-1.0,[]
370.0,cluster_123308403_3663827018_3663827019_3664674393_#1more_0_D1.2,0,0.0,-1.0,[]
370.0,cluster_123308403_3663827018_3663827019_3664674393_#1more_0_D1.3,0,0.0,-1.0,[]
370.0,cluster_123308403_3663827018_3663827019_3664674393_#1more_0_D2.0,0,0.0,-1.0,[]
370.0,cluster_123308403_3663827018_3663827019_3664674393_#1more_0_D2.1,0,0.0,-1.0,[]
370.0,cluster_123308403_3663827018_3663827019_3664674393_#1more_0_D2.2,0,0.0,-1.0,[]
370.0,cluster_3664723686_3698084157_3698084158_3698084159_#1more_0_D0.0,0,0.0,-1.0,[]
370.0,cluster_3664723686_3698084157_3698084158_3698084159_#1more_0_D0.1,0,0.0,-1.0,[]
370.0,cluster_3664723686_3698084157_3698084158_3698084159_#1more_0_D0.2,0,0.0,-1.0,[]
370.0,cluster_3664723686_3698084157_3698084158_3698084159_#1more_0_D1.0,0,0.0,-1.0,[]
370.0,cluster_3664723686_3698084157_3698084158_3698084159_#1more_0_D1.1,0,0.0,-1.0,[]
370.0,cluster_3664723686_3698084157_3698084158_3698084159_#1more_0_D1.2,0,0.0,-1.0,[]
370.0,joinedS_3663662947_3663662948_3698084160_3698084161_#1more_0_D0.0,0,0.0,-1.0,[]
370.0,joinedS_3663662947_3663662948_3698084160_3698084161_#1more_0_D0.1,0,0.0,-1.0,[]
370.0,joinedS_3663662947_3663662948_3698084160_3698084161_#1more_0_D0.2,0,0.0,-1.0,[]
370.0,joinedS_3663662947_3663662948_3698084160_3698084161_#1more_0_D0.3,0,0.0,-1.0,[]
370.0,joinedS_3663662947_3663662948_3698084160_3698084161_#1more_0_D1.0,0,0.0,-1.0,[]
370.0,joinedS_3663662947_3663662948_3698084160_3698084161_#1more_0_D1.1,0,0.0,-1.0,[]
370.0,joinedS_3663662947_3663662948_3698084160_3698084161_#1more_0_D1.2,0,0.0,-1.0,[]
370.0,joinedS_3663662947_3663662948_3698084160_3698084161_#1more_0_D1.3,0,0.0,-1.0,[]
370.0,joinedS_3663662947_3663662948_3698084160_3698084161_#1more_0_D2.0,0,0.0,-1.0,[]
370.0,joinedS_3663662947_3663662948_3698084160_3698084161_#1more_0_D2.1,0,0.0,-1.0,[]
370.0,joinedS_3663662947_3663662948_3698084160_3698084161_#1more_0_D2.2,0,0.0,-1.0,[]
370.0,joinedS_3663662947_3663662948_3698084160_3698084161_#1more_0_D2.3,1,100.0,-1.0,['veh218']
370.0,joinedS_3663662947_3663662948_3698084160_3698084161_#1more_0_D3.0,0,0.0,-1.0,[]
370.0,joinedS_3663662947_3663662948_3698084160_3698084161_#1more_0_D3.1,0,0.0,-1.0,[]
370.0,joinedS_3663662947_3663662948_3698084160_3698084161_#1more_0_D3.2,0,0.0,-1.0,[]
370.0,joinedS_3663662947_3663662948_3698084160_3698084161_#1more_0_D3.3,0,0.0,-1.0,[]
370.0,joinedS_3663662947_3663662948_3698084160_3698084161_#1more_0_D3.4,0,0.0,-1.0,[]
375.0,cluster_122855839_3663662942_3663662943_3663662944_#1more_0_D0.0,0,0.0,-1.0,[]
375.0,cluster_122855839_3663662942_3663662943_3663662944_#1more_0_D0.1,0,0.0,-1.0,[]
375.0,cluster_122855839_3663662942_3663662943_3663662944_#1more_0_D0.2,0,0.0,-1.0,[]
375.0,cluster_122855839_3663662942_3663662943_3663662944_#1more_0_D0.3,0,0.0,-1.0,[]
375.0,cluster_122855839_3663662942_3663662943_3663662944_#1more_0_D0.4,1,100.0,-1.0,['veh180']
375.0,cluster_122855839_3663662942_3663662943_3663662944_#1more_0_D1.0,0,0.0,-1.0,[]
375.0,cluster_122855839_3663662942_3663662943_3663662944_#1more_0_D1.1,0,0.0,-1.0,[]
375.0,cluster_122855839_3663662942_3663662943_3663662944_#1more_0_D1.2,0,0.0,-1.0,[]
375.0,cluster_122855839_3663662942_3663662943_3663662944_#1more_0_D2.0,1,100.0,-1.0,['bus14']
375.0,cluster_122855839_3663662942_3663662943_3663662944_#1more_0_D2.1,0,0.0,-1.0,[]
375.0,cluster_123241924_382443557_5344542568_5546892974_#3more_0_D0.0,1,100.0,-1.0,['veh106']
375.0,cluster_123241924_382443557_5344542568_5546892974_#3more_0_D0.1,0,0.0,-1.0,[]
375.0,cluster_123241924_382443557_5344542568_5546892974_#3more_0_D0.2,0,0.0,-1.0,[]
375.0,cluster_123241924_382443557_5344542568_5546892974_#3more_0_D0.3,1,100.0,-1.0,['veh159']
375.0,cluster_123241924_382443557_5344542568_5546892974_#3more_0_D0.4,0,0.0,-1.0,[]
375.0,cluster_123241924_382443557_5344542568_5546892974_#3more_0_D1.0,0,0.0,-1.0,[]
375.0,cluster_123241924_382443557_5344542568_5546892974_#3more_0_D2.0,0,0.0,-1.0,[]
375.0,cluster_123241924_382443557_5344542568_5546892974_#3more_0_D2.1,0,0.0,-1.0,[]
375.0,cluster_123241924_382443557_5344542568_5546892974_#3more_0_D2.2,0,0.0,-1.0,[]
375.0,cluster_123241924_382443557_5344542568_5546892974_#3more_0_D2.3,0,0.0,-1.0,[]
375.0,cluster_123241924_382443557_5344542568_5546892974_#3more_0_D2.4,0,0.0,-1.0,[]
375.0,cluster_123241924_382443557_5344542568_5546892974_#3more_0_D2.5,0,0.0,-1.0,[]
375.0,cluster_123241924_382443557_5344542568_5546892974_#3more_0_D3.0,0,0.0,-1.0,[]
375.0,cluster_123241924_382443557_5344542568_5546892974_#3more_0_D3.1,0,0.0,-1.0,[]
375.0,cluster_123241924_382443557_5344542568_5546892974_#3more_0_D3.2,0,0.0,-1.0,[]
375.0,cluster_123241924_382443557_5344542568_5546892974_#3more_0_D3.3,0,0.0,-1.0,[]
375.0,cluster_123241924_382443557_5344542568_5546892974_#3more_0_D3.4,0,0.0,-1.0,[]
375.0,cluster_123281084_3663662939_3664674395_3664674397_#1more_0_D0.0,0,0.0,-1.0,[]
375.0,cluster_123281084_3663662939_3664674395_3664674397_#1more_0_D0.1,0,0.0,-1.0,[]
375.0,cluster_123281084_3663662939_3664674395_3664674397_#1more_0_D0.2,0,0.0,-1.0,[]
375.0,cluster_123281084_3663662939_3664674395_3664674397_#1more_0_D0.3,0,0.0,-1.0,[]
375.0,cluster_123281084_3663662939_3664674395_3664674397_#1more_0_D0.4,0,0.0,-1.0,[]
375.0,cluster_123281084_3663662939_3664674395_3664674397_#1more_0_D1.0,0,0.0,-1.0,[]
375.0,cluster_123281084_3663662939_3664674395_3664674397_#1more_0_D1.1,0,0.0,-1.0,[]
375.0,cluster_123281084_3663662939_3664674395_3664674397_#1more_0_D2.0,1,100.0,-1.0,['veh65']
375.0,cluster_123281084_3663662939_3664674395_3664674397_#1more_0_D2.1,1,100.0,-1.0,['veh138']
375.0,cluster_123281085_12840608127_12840608130_12840608135_#1more_0_D0.0,0,0.0,-1.0,[]
375.0,cluster_123281085_12840608127_12840608130_12840608135_#1more_0_D1.0,0,0.0,-1.0,[]
375.0,cluster_123292026_3663224279_3663224280_3663662945_#1more_0_D0.0,1,87.32216874629444,4.7379911205327705,['veh91']
375.0,cluster_123292026_3663224279_3663224280_3663662945_#1more_0_D0.1,0,0.0,-1.0,[]
375.0,cluster_123292026_3663224279_3663224280_3663662945_#1more_0_D1.0,0,0.0,-1.0,[]
375.0,cluster_123292026_3663224279_3663224280_3663662945_#1more_0_D1.1,0,0.0,-1.0,[]
375.0,cluster_123292026_3663224279_3663224280_3663662945_#1more_0_D1.2,0,0.0,-1.0,[]
375.0,cluster_123292026_3663224279_3663224280_3663662945_#1more_0_D1.3,0,0.0,-1.0,[]
375.0,cluster_123292026_3663224279_3663224280_3663662945_#1more_0_D2.0,0,0.0,-1.0,[]
375.0,cluster_123292026_3663224279_3663224280_3663662945_#1more_0_D2.1,0,0.0,-1.0,[]
375.0,cluster_123292029_3663224277_3663224278_5344542569_#1more_0_D0.0,1,100.0,-1.0,['veh166']
375.0,cluster_123292029_3663224277_3663224278_5344542569_#1more_0_D0.1,0,0.0,-1.0,[]
375.0,cluster_123292029_3663224277_3663224278_5344542569_#1more_0_D0.2,0,0.0,-1.0,[]
375.0,cluster_123292029_3663224277_3663224278_5344542569_#1more_0_D1.0,0,0.0,-1.0,[]
375.0,cluster_123292029_3663224277_3663224278_5344542569_#1more_0_D1.1,0,0.0,-1.0,[]
375.0,cluster_123292029_3663224277_3663224278_5344542569_#1more_0_D2.0,0,0.0,-1.0,[]
375.0,cluster_123292029_3663224277_3663224278_5344542569_#1more_0_D2.1,0,0.0,-1.0,[]
375.0,cluster_123292029_3663224277_3663224278_5344542569_#1more_0_D2.2,0,0.0,-1.0,[]
375.0,cluster_123292029_3663224277_3663224278_5344542569_#1more_0_D3.0,0,0.0,-1.0,[]
375.0,cluster_123292029_3663224277_3663224278_5344542569_#1more_0_D3.1,0,0.0,-1.0,[]
375.0,cluster_123292031_3663224275_3663224276_3663662936_#1more_0_D0.0,0,0.0,-1.0,[]
375.0,cluster_123292031_3663224275_3663224276_3663662936_#1more_0_D0.1,0,0.0,-1.0,[]
375.0,cluster_123292031_3663224275_3663224276_3663662936_#1more_0_D1.0,0,0.0,-1.0,[]
375.0,cluster_123292031_3663224275_3663224276_3663662936_#1more_0_D2.0,0,0.0,-1.0,[]
375.0,cluster_123292031_3663224275_3663224276_3663662936_#1more_0_D2.1,0,0.0,-1.0,[]
375.0,cluster_123308403_3663827018_3663827019_3664674393_#1more_0_D0.0,0,0.0,-1.0,[]
375.0,cluster_123308403_3663827018_3663827019_3664674393_#1more_0_D0.1,0,0.0,-1.0,[]
375.0,cluster_123308403_3663827018_3663827019_3664674393_#1more_0_D1.0,0,0.0,-1.0,[]
375.0,cluster_123308403_3663827018_3663827019_3664674393_#1more_0_D1.1,0,0.0,-1.0,[]
375.0,cluster_123308403_3663827018_3663827019_3664674393_#1more_0_D1.2,0,0.0,-1.0,[]
375.0,cluster_123308403_3663827018_3663827019_3664674393_#1more_0_D1.3,0,0.0,-1.0,[]
375.0,cluster_123308403_3663827018_3663827019_3664674393_#1more_0_D2.0,0,0.0,-1.0,[]
375.0,cluster_123308403_3663827018_3663827019_3664674393_#1more_0_D2.1,0,0.0,-1.0,[]
375.0,cluster_123308403_3663827018_3663827019_3664674393_#1more_0_D2.2,0,0.0,-1.0,[]
375.0,cluster_3664723686_3698084157_3698084158_3698084159_#1more_0_D0.0,0,0.0,-1.0,[]
375.0,cluster_3664723686_3698084157_3698084158_3698084159_#1more_0_D0.1,0,0.0,-1.0,[]
375.0,cluster_3664723686_3698084157_3698084158_3698084159_#1more_0_D0.2,0,0.0,-1.0,[]
375.0,cluster_3664723686_3698084157_3698084158_3698084159_#1more_0_D1.0,0,0.0,-1.0,[]
375.0,cluster_3664723686_3698084157_3698084158_3698084159_#1more_0_D1.1,0,0.0,-1.0,[]
375.0,cluster_3664723686_3698084157_3698084158_3698084159_#1more_0_D1.2,0,0.0,-1.0,[]
375.0,joinedS_3663662947_3663662948_3698084160_3698084161_#1more_0_D0.0,0,0.0,-1.0,[]
375.0,joinedS_3663662947_3663662948_3698084160_3698084161_#1more_0_D0.1,0,0.0,-1.0,[]
375.0,joinedS_3663662947_3663662948_3698084160_3698084161_#1more_0_D0.2,0,0.0,-1.0,[]
375.0,joinedS_3663662947_3663662948_3698084160_3698084161_#1more_0_D0.3,0,0.0,-1.0,[]
375.0,joinedS_3663662947_3663662948_3698084160_3698084161_#1more_0_D1.0,0,0.0,-1.0,[]
375.0,joinedS_3663662947_3663662948_3698084160_3698084161_#1more_0_D1.1,0,0.0,-1.0,[]
375.0,joinedS_3663662947_3663662948_3698084160_3698084161_#1more_0_D1.2,0,0.0,-1.0,[]
375.0,joinedS_3663662947_3663662948_3698084160_3698084161_#1more_0_D1.3,0,0.0,-1.0,[]
375.0,joinedS_3663662947_3663662948_3698084160_3698084161_#1more_0_D2.0,0,0.0,-1.0,[]
375.0,joinedS_3663662947_3663662948_3698084160_3698084161_#1more_0_D2.1,0,0.0,-1.0,[]
375.0,joinedS_3663662947_3663662948_3698084160_3698084161_#1more_0_D2.2,0,0.0,-1.0,[]
375.0,joinedS_3663662947_3663662948_3698084160_3698084161_#1more_0_D2.3,2,100.0,5.114171752695615,"['bus22', 'veh231']"
375.0,joinedS_3663662947_3663662948_3698084160_3698084161_#1more_0_D3.0,0,0.0,-1.0,[]
375.0,joinedS_3663662947_3663662948_3698084160_3698084161_#1more_0_D3.1,0,0.0,-1.0,[]
375.0,joinedS_3663662947_3663662948_3698084160_3698084161_#1more_0_D3.2,0,0.0,-1.0,[]
375.0,joinedS_3663662947_3663662948_3698084160_3698084161_#1more_0_D3.3,0,0.0,-1.0,[]
375.0,joinedS_3663662947_3663662948_3698084160_3698084161_#1more_0_D3.4,0,0.0,-1.0,[]
380.0,cluster_122855839_3663662942_3663662943_3663662944_#1more_0_D0.0,0,0.0,-1.0,[]
380.0,cluster_122855839_3663662942_3663662943_3663662944_#1more_0_D0.1,0,0.0,-1.0,[]
380.0,cluster_122855839_3663662942_3663662943_3663662944_#1more_0_D0.2,0,0.0,-1.0,[]
380.0,cluster_122855839_3663662942_3663662943_3663662944_#1more_0_D0.3,0,0.0,-1.0,[]
380.0,cluster_122855839_3663662942_3663662943_3663662944_#1more_0_D0.4,1,100.0,-1.0,['veh180']
380.0,cluster_122855839_3663662942_3663662943_3663662944_#1more_0_D1.0,0,0.0,-1.0,[]
380.0,cluster_122855839_3663662942_3663662943_3663662944_#1more_0_D1.1,0,0.0,-1.0,[]
380.0,cluster_122855839_3663662942_3663662943_3663662944_#1more_0_D1.2,0,0.0,-1.0,[]
380.0,cluster_122855839_3663662942_3663662943_3663662944_#1more_0_D2.0,1,100.0,-1.0,['bus14']
380.0,cluster_122855839_3663662942_3663662943_3663662944_#1more_0_D2.1,0,0.0,-1.0,[]
380.0,cluster_123241924_382443557_5344542568_5546892974_#3more_0_D0.0,1,100.0,-1.0,['veh106']
380.0,cluster_123241924_382443557_5344542568_5546892974_#3more_0_D0.1,0,0.0,-1.0,[]
380.0,cluster_123241924_382443557_5344542568_5546892974_#3more_0_D0.2,0,0.0,-1.0,[]
380.0,cluster_123241924_382443557_5344542568_5546892974_#3more_0_D0.3,1,100.0,-1.0,['veh159']
380.0,cluster_123241924_382443557_5344542568_5546892974_#3more_0_D0.4,0,0.0,-1.0,[]
380.0,cluster_123241924_382443557_5344542568_5546892974_#3more_0_D1.0,0,0.0,-1.0,[]
380.0,cluster_123241924_382443557_5344542568_5546892974_#3more_0_D2.0,0,0.0,-1.0,[]
380.0,cluster_123241924_382443557_5344542568_5546892974_#3more_0_D2.1,0,0.0,-1.0,[]
380.0,cluster_123241924_382443557_5344542568_5546892974_#3more_0_D2.2,0,0.0,-1.0,[]
380.0,cluster_123241924_382443557_5344542568_5546892974_#3more_0_D2.3,0,0.0,-1.0,[]
380.0,cluster_123241924_382443557_5344542568_5546892974_#3more_0_D2.4,0,0.0,-1.0,[]
380.0,cluster_123241924_382443557_5344542568_5546892974_#3more_0_D2.5,0,0.0,-1.0,[]
380.0,cluster_123241924_382443557_5344542568_5546892974_#3more_0_D3.0,0,0.0,-1.0,[]
380.0,cluster_123241924_382443557_5344542568_5546892974_#3more_0_D3.1,0,0.0,-1.0,[]
380.0,cluster_123241924_382443557_5344542568_5546892974_#3more_0_D3.2,0,0.0,-1.0,[]
380.0,cluster_123241924_382443557_5344542568_5546892974_#3more_0_D3.3,0,0.0,-1.0,[]
380.0,cluster_123241924_382443557_5344542568_5546892974_#3more_0_D3.4,0,0.0,-1.0,[]
380.0,cluster_123281084_3663662939_3664674395_3664674397_#1more_0_D0.0,1,0.0,-1.0,['veh230']
380.0,cluster_123281084_3663662939_3664674395_3664674397_#1more_0_D0.1,0,0.0,-1.0,[]
380.0,cluster_123281084_3663662939_3664674395_3664674397_#1more_0_D0.2,0,0.0,-1.0,[]
380.0,cluster_123281084_3663662939_3664674395_3664674397_#1more_0_D0.3,0,0.0,-1.0,[]
380.0,cluster_123281084_3663662939_3664674395_3664674397_#1more_0_D0.4,0,0.0,-1.0,[]
380.0,cluster_123281084_3663662939_3664674395_3664674397_#1more_0_D1.0,0,0.0,-1.0,[]
380.0,cluster_123281084_3663662939_3664674395_3664674397_#1more_0_D1.1,0,0.0,-1.0,[]
380.0,cluster_123281084_3663662939_3664674395_3664674397_#1more_0_D2.0,1,100.0,-1.0,['veh65']
380.0,cluster_123281084_3663662939_3664674395_3664674397_#1more_0_D2.1,1,100.0,-1.0,['veh138']
380.0,cluster_123281085_12840608127_12840608130_12840608135_#1more_0_D0.0,0,0.0,-1.0,[]
380.0,cluster_123281085_12840608127_12840608130_12840608135_#1more_0_D1.0,0,0.0,-1.0,[]
380.0,cluster_123292026_3663224279_3663224280_3663662945_#1more_0_D0.0,0,0.0,-1.0,[]
380.0,cluster_123292026_3663224279_3663224280_3663662945_#1more_0_D0.1,1,34.60741317554721,8.340111974604552,['veh126']
380.0,cluster_123292026_3663224279_3663224280_3663662945_#1more_0_D1.0,0,0.0,-1.0,[]
380.0,cluster_123292026_3663224279_3663224280_3663662945_#1more_0_D1.1,0,0.0,-1.0,[]
380.0,cluster_123292026_3663224279_3663224280_3663662945_#1more_0_D1.2,0,0.0,-1.0,[]
380.0,cluster_123292026_3663224279_3663224280_3663662945_#1more_0_D1.3,0,0.0,-1.0,[]
380.0,cluster_123292026_3663224279_3663224280_3663662945_#1more_0_D2.0,0,0.0,-1.0,[]
380.0,cluster_123292026_3663224279_3663224280_3663662945_#1more_0_D2.1,0,0.0,-1.0,[]
380.0,cluster_123292029_3663224277_3663224278_5344542569_#1more_0_D0.0,1,100.0,-1.0,['veh166']
380.0,cluster_123292029_3663224277_3663224278_5344542569_#1more_0_D0.1,0,0.0,-1.0,[]
380.0,cluster_123292029_3663224277_3663224278_5344542569_#1more_0_D0.2,0,0.0,-1.0,[]
380.0,cluster_123292029_3663224277_3663224278_5344542569_#1more_0_D1.0,0,0.0,-1.0,[]
380.0,cluster_123292029_3663224277_3663224278_5344542569_#1more_0_D1.1,0,0.0,-1.0,[]
380.0,cluster_123292029_3663224277_3663224278_5344542569_#1more_0_D2.0,0,0.0,-1.0,[]
380.0,cluster_123292029_3663224277_3663224278_5344542569_#1more_0_D2.1,0,0.0,-1.0,[]
380.0,cluster_123292029_3663224277_3663224278_5344542569_#1more_0_D2.2,0,0.0,-1.0,[]
380.0,cluster_123292029_3663224277_3663224278_5344542569_#1more_0_D3.0,0,0.0,-1.0,[]
380.0,cluster_123292029_3663224277_3663224278_5344542569_#1more_0_D3.1,0,0.0,-1.0,[]
380.0,cluster_123292031_3663224275_3663224276_3663662936_#1more_0_D0.0,0,0.0,-1.0,[]
380.0,cluster_123292031_3663224275_3663224276_3663662936_#1more_0_D0.1,0,0.0,-1.0,[]
380.0,cluster_123292031_3663224275_3663224276_3663662936_#1more_0_D1.0,0,0.0,-1.0,[]
380.0,cluster_123292031_3663224275_3663224276_3663662936_#1more_0_D2.0,0,0.0,-1.0,[]
380.0,cluster_123292031_3663224275_3663224276_3663662936_#1more_0_D2.1,0,0.0,-1.0,[]
380.0,cluster_123308403_3663827018_3663827019_3664674393_#1more_0_D0.0,0,0.0,-1.0,[]
380.0,cluster_123308403_3663827018_3663827019_3664674393_#1more_0_D0.1,0,0.0,-1.0,[]
380.0,cluster_123308403_3663827018_3663827019_3664674393_#1more_0_D1.0,0,0.0,-1.0,[]
380.0,cluster_123308403_3663827018_3663827019_3664674393_#1more_0_D1.1,0,0.0,-1.0,[]
380.0,cluster_123308403_3663827018_3663827019_3664674393_#1more_0_D1.2,1,0.0,-1.0,['veh233']
380.0,cluster_123308403_3663827018_3663827019_3664674393_#1more_0_D1.3,0,0.0,-1.0,[]
380.0,cluster_123308403_3663827018_3663827019_3664674393_#1more_0_D2.0,0,0.0,-1.0,[]
380.0,cluster_123308403_3663827018_3663827019_3664674393_#1more_0_D2.1,0,0.0,-1.0,[]
380.0,cluster_123308403_3663827018_3663827019_3664674393_#1more_0_D2.2,0,0.0,-1.0,[]
380.0,cluster_3664723686_3698084157_3698084158_3698084159_#1more_0_D0.0,0,0.0,-1.0,[]
380.0,cluster_3664723686_3698084157_3698084158_3698084159_#1more_0_D0.1,0,0.0,-1.0,[]
380.0,cluster_3664723686_3698084157_3698084158_3698084159_#1more_0_D0.2,0,0.0,-1.0,[]
380.0,cluster_3664723686_3698084157_3698084158_3698084159_#1more_0_D1.0,0,0.0,-1.0,[]
380.0,cluster_3664723686_3698084157_3698084158_3698084159_#1more_0_D1.1,0,0.0,-1.0,[]
380.0,cluster_3664723686_3698084157_3698084158_3698084159_#1more_0_D1.2,0,0.0,-1.0,[]
380.0,joinedS_3663662947_3663662948_3698084160_3698084161_#1more_0_D0.0,0,0.0,-1.0,[]
380.0,joinedS_3663662947_3663662948_3698084160_3698084161_#1more_0_D0.1,0,0.0,-1.0,[]
380.0,joinedS_3663662947_3663662948_3698084160_3698084161_#1more_0_D0.2,0,0.0,-1.0,[]
380.0,joinedS_3663662947_3663662948_3698084160_3698084161_#1more_0_D0.3,0,0.0,-1.0,[]
380.0,joinedS_3663662947_3663662948_3698084160_3698084161_#1more_0_D1.0,0,0.0,-1.0,[]
380.0,joinedS_3663662947_3663662948_3698084160_3698084161_#1more_0_D1.1,0,0.0,-1.0,[]
380.0,joinedS_3663662947_3663662948_3698084160_3698084161_#1more_0_D1.2,0,0.0,-1.0,[]
380.0,joinedS_3663662947_3663662948_3698084160_3698084161_#1more_0_D1.3,0,0.0,-1.0,[]
380.0,joinedS_3663662947_3663662948_3698084160_3698084161_#1more_0_D2.0,0,0.0,-1.0,[]
380.0,joinedS_3663662947_3663662948_3698084160_3698084161_#1more_0_D2.1,0,0.0,-1.0,[]
380.0,joinedS_3663662947_3663662948_3698084160_3698084161_#1more_0_D2.2,0,0.0,-1.0,[]
380.0,joinedS_3663662947_3663662948_3698084160_3698084161_#1more_0_D2.3,0,0.0,-1.0,[]
380.0,joinedS_3663662947_3663662948_3698084160_3698084161_#1more_0_D3.0,0,0.0,-1.0,[]
380.0,joinedS_3663662947_3663662948_3698084160_3698084161_#1more_0_D3.1,0,0.0,-1.0,[]
380.0,joinedS_3663662947_3663662948_3698084160_3698084161_#1more_0_D3.2,0,0.0,-1.0,[]
380.0,joinedS_3663662947_3663662948_3698084160_3698084161_#1more_0_D3.3,0,0.0,-1.0,[]
380.0,joinedS_3663662947_3663662948_3698084160_3698084161_#1more_0_D3.4,0,0.0,-1.0,[]
385.0,cluster_122855839_3663662942_3663662943_3663662944_#1more_0_D0.0,0,0.0,-1.0,[]
385.0,cluster_122855839_3663662942_3663662943_3663662944_#1more_0_D0.1,0,0.0,-1.0,[]
385.0,cluster_122855839_3663662942_3663662943_3663662944_#1more_0_D0.2,0,0.0,-1.0,[]
385.0,cluster_122855839_3663662942_3663662943_3663662944_#1more_0_D0.3,0,0.0,-1.0,[]
385.0,cluster_122855839_3663662942_3663662943_3663662944_#1more_0_D0.4,1,0.0,-1.0,['veh180']
385.0,cluster_122855839_3663662942_3663662943_3663662944_#1more_0_D1.0,0,0.0,-1.0,[]
385.0,cluster_122855839_3663662942_3663662943_3663662944_#1more_0_D1.1,0,0.0,-1.0,[]
385.0,cluster_122855839_3663662942_3663662943_3663662944_#1more_0_D1.2,0,0.0,-1.0,[]
385.0,cluster_122855839_3663662942_3663662943_3663662944_#1more_0_D2.0,1,100.0,-1.0,['bus14']
385.0,cluster_122855839_3663662942_3663662943_3663662944_#1more_0_D2.1,0,0.0,-1.0,[]
385.0,cluster_123241924_382443557_5344542568_5546892974_#3more_0_D0.0,0,0.0,-1.0,[]
385.0,cluster_123241924_382443557_5344542568_5546892974_#3more_0_D0.1,0,0.0,-1.0,[]
385.0,cluster_123241924_382443557_5344542568_5546892974_#3more_0_D0.2,0,0.0,-1.0,[]
385.0,cluster_123241924_382443557_5344542568_5546892974_#3more_0_D0.3,0,0.0,-1.0,[]
385.0,cluster_123241924_382443557_5344542568_5546892974_#3more_0_D0.4,0,0.0,-1.0,[]
385.0,cluster_123241924_382443557_5344542568_5546892974_#3more_0_D1.0,0,0.0,-1.0,[]
385.0,cluster_123241924_382443557_5344542568_5546892974_#3more_0_D2.0,0,0.0,-1.0,[]
385.0,cluster_123241924_382443557_5344542568_5546892974_#3more_0_D2.1,0,0.0,-1.0,[]
385.0,cluster_123241924_382443557_5344542568_5546892974_#3more_0_D2.2,0,0.0,-1.0,[]
385.0,cluster_123241924_382443557_5344542568_5546892974_#3more_0_D2.3,0,0.0,-1.0,[]
385.0,cluster_123241924_382443557_5344542568_5546892974_#3more_0_D2.4,0,0.0,-1.0,[]
385.0,cluster_123241924_382443557_5344542568_5546892974_#3more_0_D2.5,0,0.0,-1.0,[]
385.0,cluster_123241924_382443557_5344542568_5546892974_#3more_0_D3.0,0,0.0,-1.0,[]
385.0,cluster_123241924_382443557_5344542568_5546892974_#3more_0_D3.1,0,0.0,-1.0,[]
385.0,cluster_123241924_382443557_5344542568_5546892974_#3more_0_D3.2,0,0.0,-1.0,[]
385.0,cluster_123241924_382443557_5344542568_5546892974_#3more_0_D3.3,0,0.0,-1.0,[]
385.0,cluster_123241924_382443557_5344542568_5546892974_#3more_0_D3.4,0,0.0,-1.0,[]
385.0,cluster_123281084_3663662939_3664674395_3664674397_#1more_0_D0.0,0,0.0,-1.0,[]
385.0,cluster_123281084_3663662939_3664674395_3664674397_#1more_0_D0.1,0,0.0,-1.0,[]
385.0,cluster_123281084_3663662939_3664674395_3664674397_#1more_0_D0.2,0,0.0,-1.0,[]
385.0,cluster_123281084_3663662939_3664674395_3664674397_#1more_0_D0.3,0,0.0,-1.0,[]
385.0,cluster_123281084_3663662939_3664674395_3664674397_#1more_0_D0.4,0,0.0,-1.0,[]
385.0,cluster_123281084_3663662939_3664674395_3664674397_#1more_0_D1.0,1,39.48569577725607,12.662813460868586,['veh221']
385.0,cluster_123281084_3663662939_3664674395_3664674397_#1more_0_D1.1,0,0.0,-1.0,[]
385.0,cluster_123281084_3663662939_3664674395_3664674397_#1more_0_D2.0,1,0.0,-1.0,['veh65']
385.0,cluster_123281084_3663662939_3664674395_3664674397_#1more_0_D2.1,1,0.0,-1.0,['veh138']
385.0,cluster_123281085_12840608127_12840608130_12840608135_#1more_0_D0.0,0,0.0,-1.0,[]
385.0,cluster_123281085_12840608127_12840608130_12840608135_#1more_0_D1.0,0,0.0,-1.0,[]
385.0,cluster_123292026_3663224279_3663224280_3663662945_#1more_0_D0.0,1,100.0,-1.0,['veh117']
385.0,cluster_123292026_3663224279_3663224280_3663662945_#1more_0_D0.1,1,91.45011729551129,2.4177043013917956,['veh185']
385.0,cluster_123292026_3663224279_3663224280_3663662945_#1more_0_D1.0,0,0.0,-1.0,[]
385.0,cluster_123292026_3663224279_3663224280_3663662945_#1more_0_D1.1,0,0.0,-1.0,[]
385.0,cluster_123292026_3663224279_3663224280_3663662945_#1more_0_D1.2,1,31.17019321554153,11.610117482776047,['veh231']
385.0,cluster_123292026_3663224279_3663224280_3663662945_#1more_0_D1.3,0,0.0,-1.0,[]
385.0,cluster_123292026_3663224279_3663224280_3663662945_#1more_0_D2.0,0,0.0,-1.0,[]
385.0,cluster_123292026_3663224279_3663224280_3663662945_#1more_0_D2.1,0,0.0,-1.0,[]
385.0,cluster_123292029_3663224277_3663224278_5344542569_#1more_0_D0.0,1,100.0,-1.0,['veh166']
385.0,cluster_123292029_3663224277_3663224278_5344542569_#1more_0_D0.1,0,0.0,-1.0,[]
385.0,cluster_123292029_3663224277_3663224278_5344542569_#1more_0_D0.2,0,0.0,-1.0,[]
385.0,cluster_123292029_3663224277_3663224278_5344542569_#1more_0_D1.0,0,0.0,-1.0,[]
385.0,cluster_123292029_3663224277_3663224278_5344542569_#1more_0_D1.1,1,19.27144368653444,4.575844715324421,['veh144']
385.0,cluster_123292029_3663224277_3663224278_5344542569_#1more_0_D2.0,0,0.0,-1.0,[]
385.0,cluster_123292029_3663224277_3663224278_5344542569_#1more_0_D2.1,0,0.0,-1.0,[]
385.0,cluster_123292029_3663224277_3663224278_5344542569_#1more_0_D2.2,0,0.0,-1.0,[]
385.0,cluster_123292029_3663224277_3663224278_5344542569_#1more_0_D3.0,0,0.0,-1.0,[]
385.0,cluster_123292029_3663224277_3663224278_5344542569_#1more_0_D3.1,0,0.0,-1.0,[]
385.0,cluster_123292031_3663224275_3663224276_3663662936_#1more_0_D0.0,0,0.0,-1.0,[]
385.0,cluster_123292031_3663224275_3663224276_3663662936_#1more_0_D0.1,0,0.0,-1.0,[]
385.0,cluster_123292031_3663224275_3663224276_3663662936_#1more_0_D1.0,0,0.0,-1.0,[]
385.0,cluster_123292031_3663224275_3663224276_3663662936_#1more_0_D2.0,0,0.0,-1.0,[]
385.0,cluster_123292031_3663224275_3663224276_3663662936_#1more_0_D2.1,0,0.0,-1.0,[]
385.0,cluster_123308403_3663827018_3663827019_3664674393_#1more_0_D0.0,0,0.0,-1.0,[]
385.0,cluster_123308403_3663827018_3663827019_3664674393_#1more_0_D0.1,0,0.0,-1.0,[]
385.0,cluster_123308403_3663827018_3663827019_3664674393_#1more_0_D1.0,0,0.0,-1.0,[]
385.0,cluster_123308403_3663827018_3663827019_3664674393_#1more_0_D1.1,0,0.0,-1.0,[]
385.0,cluster_123308403_3663827018_3663827019_3664674393_#1more_0_D1.2,0,0.0,-1.0,[]
385.0,cluster_123308403_3663827018_3663827019_3664674393_#1more_0_D1.3,0,0.0,-1.0,[]
385.0,cluster_123308403_3663827018_3663827019_3664674393_#1more_0_D2.0,0,0.0,-1.0,[]
385.0,cluster_123308403_3663827018_3663827019_3664674393_#1more_0_D2.1,0,0.0,-1.0,[]
385.0,cluster_123308403_3663827018_3663827019_3664674393_#1more_0_D2.2,0,0.0,-1.0,[]
385.0,cluster_3664723686_3698084157_3698084158_3698084159_#1more_0_D0.0,0,0.0,-1.0,[]
385.0,cluster_3664723686_3698084157_3698084158_3698084159_#1more_0_D0.1,0,0.0,-1.0,[]
385.0,cluster_3664723686_3698084157_3698084158_3698084159_#1more_0_D0.2,0,0.0,-1.0,[]
385.0,cluster_3664723686_3698084157_3698084158_3698084159_#1more_0_D1.0,0,0.0,-1.0,[]
385.0,cluster_3664723686_3698084157_3698084158_3698084159_#1more_0_D1.1,0,0.0,-1.0,[]
385.0,cluster_3664723686_3698084157_3698084158_3698084159_#1more_0_D1.2,0,0.0,-1.0,[]
385.0,joinedS_3663662947_3663662948_3698084160_3698084161_#1more_0_D0.0,0,0.0,-1.0,[]
385.0,joinedS_3663662947_3663662948_3698084160_3698084161_#1more_0_D0.1,0,0.0,-1.0,[]
385.0,joinedS_3663662947_3663662948_3698084160_3698084161_#1more_0_D0.2,0,0.0,-1.0,[]
385.0,joinedS_3663662947_3663662948_3698084160_3698084161_#1more_0_D0.3,0,0.0,-1.0,[]
385.0,joinedS_3663662947_3663662948_3698084160_3698084161_#1more_0_D1.0,0,0.0,-1.0,[]
385.0,joinedS_3663662947_3663662948_3698084160_3698084161_#1more_0_D1.1,0,0.0,-1.0,[]
385.0,joinedS_3663662947_3663662948_3698084160_3698084161_#1more_0_D1.2,0,0.0,-1.0,[]
385.0,joinedS_3663662947_3663662948_3698084160_3698084161_#1more_0_D1.3,0,0.0,-1.0,[]
385.0,joinedS_3663662947_3663662948_3698084160_3698084161_#1more_0_D2.0,0,0.0,-1.0,[]
385.0,joinedS_3663662947_3663662948_3698084160_3698084161_#1more_0_D2.1,0,0.0,-1.0,[]
385.0,joinedS_3663662947_3663662948_3698084160_3698084161_#1more_0_D2.2,0,0.0,-1.0,[]
385.0,joinedS_3663662947_3663662948_3698084160_3698084161_#1more_0_D2.3,0,0.0,-1.0,[]
385.0,joinedS_3663662947_3663662948_3698084160_3698084161_#1more_0_D3.0,1,100.0,-1.0,['veh236']
385.0,joinedS_3663662947_3663662948_3698084160_3698084161_#1more_0_D3.1,0,0.0,-1.0,[]
385.0,joinedS_3663662947_3663662948_3698084160_3698084161_#1more_0_D3.2,0,0.0,-1.0,[]
385.0,joinedS_3663662947_3663662948_3698084160_3698084161_#1more_0_D3.3,0,0.0,-1.0,[]
385.0,joinedS_3663662947_3663662948_3698084160_3698084161_#1more_0_D3.4,0,0.0,-1.0,[]
390.0,cluster_122855839_3663662942_3663662943_3663662944_#1more_0_D0.0,0,0.0,-1.0,[]
390.0,cluster_122855839_3663662942_3663662943_3663662944_#1more_0_D0.1,0,0.0,-1.0,[]
390.0,cluster_122855839_3663662942_3663662943_3663662944_#1more_0_D0.2,0,0.0,-1.0,[]
390.0,cluster_122855839_3663662942_3663662943_3663662944_#1more_0_D0.3,0,0.0,-1.0,[]
390.0,cluster_122855839_3663662942_3663662943_3663662944_#1more_0_D0.4,1,0.0,-1.0,['veh188']
390.0,cluster_122855839_3663662942_3663662943_3663662944_#1more_0_D1.0,0,0.0,-1.0,[]
390.0,cluster_122855839_3663662942_3663662943_3663662944_#1more_0_D1.1,0,0.0,-1.0,[]
390.0,cluster_122855839_3663662942_3663662943_3663662944_#1more_0_D1.2,0,0.0,-1.0,[]
390.0,cluster_122855839_3663662942_3663662943_3663662944_#1more_0_D2.0,1,100.0,-1.0,['bus14']
390.0,cluster_122855839_3663662942_3663662943_3663662944_#1more_0_D2.1,0,0.0,-1.0,[]
390.0,cluster_123241924_382443557_5344542568_5546892974_#3more_0_D0.0,1,69.9118091944058,3.949484438993637,['veh105']
390.0,cluster_123241924_382443557_5344542568_5546892974_#3more_0_D0.1,0,0.0,-1.0,[]
390.0,cluster_123241924_382443557_5344542568_5546892974_#3more_0_D0.2,1,100.0,2.7636947885990812,['bus5']
390.0,cluster_123241924_382443557_5344542568_5546892974_#3more_0_D0.3,1,0.0,-1.0,['bus5']
390.0,cluster_123241924_382443557_5344542568_5546892974_#3more_0_D0.4,0,0.0,-1.0,[]
390.0,cluster_123241924_382443557_5344542568_5546892974_#3more_0_D1.0,0,0.0,-1.0,[]
390.0,cluster_123241924_382443557_5344542568_5546892974_#3more_0_D2.0,0,0.0,-1.0,[]
390.0,cluster_123241924_382443557_5344542568_5546892974_#3more_0_D2.1,0,0.0,-1.0,[]
390.0,cluster_123241924_382443557_5344542568_5546892974_#3more_0_D2.2,0,0.0,-1.0,[]
390.0,cluster_123241924_382443557_5344542568_5546892974_#3more_0_D2.3,0,0.0,-1.0,[]
390.0,cluster_123241924_382443557_5344542568_5546892974_#3more_0_D2.4,0,0.0,-1.0,[]
390.0,cluster_123241924_382443557_5344542568_5546892974_#3more_0_D2.5,0,0.0,-1.0,[]
390.0,cluster_123241924_382443557_5344542568_5546892974_#3more_0_D3.0,0,0.0,-1.0,[]
390.0,cluster_123241924_382443557_5344542568_5546892974_#3more_0_D3.1,1,100.0,2.4575056925837493,['bus19']
390.0,cluster_123241924_382443557_5344542568_5546892974_#3more_0_D3.2,0,0.0,-1.0,[]
390.0,cluster_123241924_382443557_5344542568_5546892974_#3more_0_D3.3,0,0.0,-1.0,[]
390.0,cluster_123241924_382443557_5344542568_5546892974_#3more_0_D3.4,0,0.0,-1.0,[]
390.0,cluster_123281084_3663662939_3664674395_3664674397_#1more_0_D0.0,0,0.0,-1.0,[]
390.0,cluster_123281084_3663662939_3664674395_3664674397_#1more_0_D0.1,0,0.0,-1.0,[]
390.0,cluster_123281084_3663662939_3664674395_3664674397_#1more_0_D0.2,0,0.0,-1.0,[]
390.0,cluster_123281084_3663662939_3664674395_3664674397_#1more_0_D0.3,0,0.0,-1.0,[]
390.0,cluster_123281084_3663662939_3664674395_3664674397_#1more_0_D0.4,0,0.0,-1.0,[]
390.0,cluster_123281084_3663662939_3664674395_3664674397_#1more_0_D1.0,0,0.0,-1.0,[]
390.0,cluster_123281084_3663662939_3664674395_3664674397_#1more_0_D1.1,1,0.0,-1.0,['truck11']
390.0,cluster_123281084_3663662939_3664674395_3664674397_#1more_0_D2.0,1,77.25490021537667,5.838326671424148,['veh133']
390.0,cluster_123281084_3663662939_3664674395_3664674397_#1more_0_D2.1,0,0.0,-1.0,[]
390.0,cluster_123281085_12840608127_12840608130_12840608135_#1more_0_D0.0,0,0.0,-1.0,[]
390.0,cluster_123281085_12840608127_12840608130_12840608135_#1more_0_D1.0,0,0.0,-1.0,[]
390.0,cluster_123292026_3663224279_3663224280_3663662945_#1more_0_D0.0,0,0.0,-1.0,[]
390.0,cluster_123292026_3663224279_3663224280_3663662945_#1more_0_D0.1,0,0.0,-1.0,[]
390.0,cluster_123292026_3663224279_3663224280_3663662945_#1more_0_D1.0,0,0.0,-1.0,[]
390.0,cluster_123292026_3663224279_3663224280_3663662945_#1more_0_D1.1,0,0.0,-1.0,[]
390.0,cluster_123292026_3663224279_3663224280_3663662945_#1more_0_D1.2,0,0.0,-1.0,[]
390.0,cluster_123292026_3663224279_3663224280_3663662945_#1more_0_D1.3,0,0.0,-1.0,[]
390.0,cluster_123292026_3663224279_3663224280_3663662945_#1more_0_D2.0,0,0.0,-1.0,[]
390.0,cluster_123292026_3663224279_3663224280_3663662945_#1more_0_D2.1,0,0.0,-1.0,[]
390.0,cluster_123292029_3663224277_3663224278_5344542569_#1more_0_D0.0,1,100.0,-1.0,['veh166']
390.0,cluster_123292029_3663224277_3663224278_5344542569_#1more_0_D0.1,0,0.0,-1.0,[]
390.0,cluster_123292029_3663224277_3663224278_5344542569_#1more_0_D0.2,0,0.0,-1.0,[]
390.0,cluster_123292029_3663224277_3663224278_5344542569_#1more_0_D1.0,0,0.0,-1.0,[]
390.0,cluster_123292029_3663224277_3663224278_5344542569_#1more_0_D1.1,1,100.0,-1.0,['veh139']
390.0,cluster_123292029_3663224277_3663224278_5344542569_#1more_0_D2.0,0,0.0,-1.0,[]
390.0,cluster_123292029_3663224277_3663224278_5344542569_#1more_0_D2.1,0,0.0,-1.0,[]
390.0,cluster_123292029_3663224277_3663224278_5344542569_#1more_0_D2.2,0,0.0,-1.0,[]
390.0,cluster_123292029_3663224277_3663224278_5344542569_#1more_0_D3.0,0,0.0,-1.0,[]
390.0,cluster_123292029_3663224277_3663224278_5344542569_#1more_0_D3.1,0,0.0,-1.0,[]
390.0,cluster_123292031_3663224275_3663224276_3663662936_#1more_0_D0.0,0,0.0,-1.0,[]
390.0,cluster_123292031_3663224275_3663224276_3663662936_#1more_0_D0.1,0,0.0,-1.0,[]
390.0,cluster_123292031_3663224275_3663224276_3663662936_#1more_0_D1.0,0,0.0,-1.0,[]
390.0,cluster_123292031_3663224275_3663224276_3663662936_#1more_0_D2.0,0,0.0,-1.0,[]
390.0,cluster_123292031_3663224275_3663224276_3663662936_#1more_0_D2.1,0,0.0,-1.0,[]
390.0,cluster_123308403_3663827018_3663827019_3664674393_#1more_0_D0.0,0,0.0,-1.0,[]
390.0,cluster_123308403_3663827018_3663827019_3664674393_#1more_0_D0.1,0,0.0,-1.0,[]
390.0,cluster_123308403_3663827018_3663827019_3664674393_#1more_0_D1.0,0,0.0,-1.0,[]
390.0,cluster_123308403_3663827018_3663827019_3664674393_#1more_0_D1.1,0,0.0,-1.0,[]
390.0,cluster_123308403_3663827018_3663827019_3664674393_#1more_0_D1.2,0,0.0,-1.0,[]
390.0,cluster_123308403_3663827018_3663827019_3664674393_#1more_0_D1.3,0,0.0,-1.0,[]
390.0,cluster_123308403_3663827018_3663827019_3664674393_#1more_0_D2.0,0,0.0,-1.0,[]
390.0,cluster_123308403_3663827018_3663827019_3664674393_#1more_0_D2.1,0,0.0,-1.0,[]
390.0,cluster_123308403_3663827018_3663827019_3664674393_#1more_0_D2.2,0,0.0,-1.0,[]
390.0,cluster_3664723686_3698084157_3698084158_3698084159_#1more_0_D0.0,0,0.0,-1.0,[]
390.0,cluster_3664723686_3698084157_3698084158_3698084159_#1more_0_D0.1,0,0.0,-1.0,[]
390.0,cluster_3664723686_3698084157_3698084158_3698084159_#1more_0_D0.2,0,0.0,-1.0,[]
390.0,cluster_3664723686_3698084157_3698084158_3698084159_#1more_0_D1.0,0,0.0,-1.0,[]
390.0,cluster_3664723686_3698084157_3698084158_3698084159_#1more_0_D1.1,0,0.0,-1.0,[]
390.0,cluster_3664723686_3698084157_3698084158_3698084159_#1more_0_D1.2,0,0.0,-1.0,[]
390.0,joinedS_3663662947_3663662948_3698084160_3698084161_#1more_0_D0.0,0,0.0,-1.0,[]
390.0,joinedS_3663662947_3663662948_3698084160_3698084161_#1more_0_D0.1,0,0.0,-1.0,[]
390.0,joinedS_3663662947_3663662948_3698084160_3698084161_#1more_0_D0.2,0,0.0,-1.0,[]
390.0,joinedS_3663662947_3663662948_3698084160_3698084161_#1more_0_D0.3,0,0.0,-1.0,[]
390.0,joinedS_3663662947_3663662948_3698084160_3698084161_#1more_0_D1.0,0,0.0,-1.0,[]
390.0,joinedS_3663662947_3663662948_3698084160_3698084161_#1more_0_D1.1,0,0.0,-1.0,[]
390.0,joinedS_3663662947_3663662948_3698084160_3698084161_#1more_0_D1.2,0,0.0,-1.0,[]
390.0,joinedS_3663662947_3663662948_3698084160_3698084161_#1more_0_D1.3,0,0.0,-1.0,[]
390.0,joinedS_3663662947_3663662948_3698084160_3698084161_#1more_0_D2.0,0,0.0,-1.0,[]
390.0,joinedS_3663662947_3663662948_3698084160_3698084161_#1more_0_D2.1,0,0.0,-1.0,[]
390.0,joinedS_3663662947_3663662948_3698084160_3698084161_#1more_0_D2.2,0,0.0,-1.0,[]
390.0,joinedS_3663662947_3663662948_3698084160_3698084161_#1more_0_D2.3,0,0.0,-1.0,[]
390.0,joinedS_3663662947_3663662948_3698084160_3698084161_#1more_0_D3.0,1,100.0,-1.0,['veh236']
390.0,joinedS_3663662947_3663662948_3698084160_3698084161_#1more_0_D3.1,0,0.0,-1.0,[]
390.0,joinedS_3663662947_3663662948_3698084160_3698084161_#1more_0_D3.2,0,0.0,-1.0,[]
390.0,joinedS_3663662947_3663662948_3698084160_3698084161_#1more_0_D3.3,0,0.0,-1.0,[]
390.0,joinedS_3663662947_3663662948_3698084160_3698084161_#1more_0_D3.4,0,0.0,-1.0,[]
395.0,cluster_122855839_3663662942_3663662943_3663662944_#1more_0_D0.0,0,0.0,-1.0,[]
395.0,cluster_122855839_3663662942_3663662943_3663662944_#1more_0_D0.1,0,0.0,-1.0,[]
395.0,cluster_122855839_3663662942_3663662943_3663662944_#1more_0_D0.2,0,0.0,-1.0,[]
395.0,cluster_122855839_3663662942_3663662943_3663662944_#1more_0_D0.3,0,0.0,-1.0,[]
395.0,cluster_122855839_3663662942_3663662943_3663662944_#1more_0_D0.4,1,100.0,-1.0,['veh206']
395.0,cluster_122855839_3663662942_3663662943_3663662944_#1more_0_D1.0,1,0.0,-1.0,['veh129']
395.0,cluster_122855839_3663662942_3663662943_3663662944_#1more_0_D1.1,1,0.0,-1.0,['veh129']
395.0,cluster_122855839_3663662942_3663662943_3663662944_#1more_0_D1.2,0,0.0,-1.0,[]
395.0,cluster_122855839_3663662942_3663662943_3663662944_#1more_0_D2.0,1,100.0,-1.0,['bus14']
395.0,cluster_122855839_3663662942_3663662943_3663662944_#1more_0_D2.1,1,49.0654595752801,5.799017634444616,['veh154']
395.0,cluster_123241924_382443557_5344542568_5546892974_#3more_0_D0.0,0,0.0,-1.0,[]
395.0,cluster_123241924_382443557_5344542568_5546892974_#3more_0_D0.1,0,0.0,-1.0,[]
395.0,cluster_123241924_382443557_5344542568_5546892974_#3more_0_D0.2,1,67.42364731539965,7.4157957913647214,['veh63']
395.0,cluster_123241924_382443557_5344542568_5546892974_#3more_0_D0.3,0,0.0,-1.0,[]
395.0,cluster_123241924_382443557_5344542568_5546892974_#3more_0_D0.4,0,0.0,-1.0,[]
395.0,cluster_123241924_382443557_5344542568_5546892974_#3more_0_D1.0,0,0.0,-1.0,[]
395.0,cluster_123241924_382443557_5344542568_5546892974_#3more_0_D2.0,0,0.0,-1.0,[]
395.0,cluster_123241924_382443557_5344542568_5546892974_#3more_0_D2.1,0,0.0,-1.0,[]
395.0,cluster_123241924_382443557_5344542568_5546892974_#3more_0_D2.2,0,0.0,-1.0,[]
395.0,cluster_123241924_382443557_5344542568_5546892974_#3more_0_D2.3,0,0.0,-1.0,[]
395.0,cluster_123241924_382443557_5344542568_5546892974_#3more_0_D2.4,0,0.0,-1.0,[]
395.0,cluster_123241924_382443557_5344542568_5546892974_#3more_0_D2.5,0,0.0,-1.0,[]
395.0,cluster_123241924_382443557_5344542568_5546892974_#3more_0_D3.0,0,0.0,-1.0,[]
395.0,cluster_123241924_382443557_5344542568_5546892974_#3more_0_D3.1,0,0.0,-1.0,[]
395.0,cluster_123241924_382443557_5344542568_5546892974_#3more_0_D3.2,0,0.0,-1.0,[]
395.0,cluster_123241924_382443557_5344542568_5546892974_#3more_0_D3.3,0,0.0,-1.0,[]
395.0,cluster_123241924_382443557_5344542568_5546892974_#3more_0_D3.4,1,16.920855943425295,13.885241606704128,['veh145']
395.0,cluster_123281084_3663662939_3664674395_3664674397_#1more_0_D0.0,1,100.0,-1.0,['veh240']
395.0,cluster_123281084_3663662939_3664674395_3664674397_#1more_0_D0.1,0,0.0,-1.0,[]
395.0,cluster_123281084_3663662939_3664674395_3664674397_#1more_0_D0.2,0,0.0,-1.0,[]
395.0,cluster_123281084_3663662939_3664674395_3664674397_#1more_0_D0.3,0,0.0,-1.0,[]
395.0,cluster_123281084_3663662939_3664674395_3664674397_#1more_0_D0.4,0,0.0,-1.0,[]
395.0,cluster_123281084_3663662939_3664674395_3664674397_#1more_0_D1.0,0,0.0,-1.0,[]
395.0,cluster_123281084_3663662939_3664674395_3664674397_#1more_0_D1.1,0,0.0,-1.0,[]
395.0,cluster_123281084_3663662939_3664674395_3664674397_#1more_0_D2.0,0,0.0,-1.0,[]
395.0,cluster_123281084_3663662939_3664674395_3664674397_#1more_0_D2.1,0,0.0,-1.0,[]
395.0,cluster_123281085_12840608127_12840608130_12840608135_#1more_0_D0.0,1,0.0,-1.0,['veh202']
395.0,cluster_123281085_12840608127_12840608130_12840608135_#1more_0_D1.0,0,0.0,-1.0,[]
395.0,cluster_123292026_3663224279_3663224280_3663662945_#1more_0_D0.0,0,0.0,-1.0,[]
395.0,cluster_123292026_3663224279_3663224280_3663662945_#1more_0_D0.1,0,0.0,-1.0,[]
395.0,cluster_123292026_3663224279_3663224280_3663662945_#1more_0_D1.0,0,0.0,-1.0,[]
395.0,cluster_123292026_3663224279_3663224280_3663662945_#1more_0_D1.1,0,0.0,-1.0,[]
395.0,cluster_123292026_3663224279_3663224280_3663662945_#1more_0_D1.2,0,0.0,-1.0,[]
395.0,cluster_123292026_3663224279_3663224280_3663662945_#1more_0_D1.3,0,0.0,-1.0,[]
395.0,cluster_123292026_3663224279_3663224280_3663662945_#1more_0_D2.0,0,0.0,-1.0,[]
395.0,cluster_123292026_3663224279_3663224280_3663662945_#1more_0_D2.1,0,0.0,-1.0,[]
395.0,cluster_123292029_3663224277_3663224278_5344542569_#1more_0_D0.0,1,100.0,-1.0,['veh166']
395.0,cluster_123292029_3663224277_3663224278_5344542569_#1more_0_D0.1,0,0.0,-1.0,[]
395.0,cluster_123292029_3663224277_3663224278_5344542569_#1more_0_D0.2,0,0.0,-1.0,[]
395.0,cluster_123292029_3663224277_3663224278_5344542569_#1more_0_D1.0,0,0.0,-1.0,[]
395.0,cluster_123292029_3663224277_3663224278_5344542569_#1more_0_D1.1,1,0.0,-1.0,['veh150']
395.0,cluster_123292029_3663224277_3663224278_5344542569_#1more_0_D2.0,0,0.0,-1.0,[]
395.0,cluster_123292029_3663224277_3663224278_5344542569_#1more_0_D2.1,0,0.0,-1.0,[]
395.0,cluster_123292029_3663224277_3663224278_5344542569_#1more_0_D2.2,0,0.0,-1.0,[]
395.0,cluster_123292029_3663224277_3663224278_5344542569_#1more_0_D3.0,1,35.03282092571567,14.27233053998736,['veh232']
395.0,cluster_123292029_3663224277_3663224278_5344542569_#1more_0_D3.1,0,0.0,-1.0,[]
395.0,cluster_123292031_3663224275_3663224276_3663662936_#1more_0_D0.0,0,0.0,-1.0,[]
395.0,cluster_123292031_3663224275_3663224276_3663662936_#1more_0_D0.1,0,0.0,-1.0,[]
395.0,cluster_123292031_3663224275_3663224276_3663662936_#1more_0_D1.0,0,0.0,-1.0,[]
395.0,cluster_123292031_3663224275_3663224276_3663662936_#1more_0_D2.0,0,0.0,-1.0,[]
395.0,cluster_123292031_3663224275_3663224276_3663662936_#1more_0_D2.1,0,0.0,-1.0,[]
395.0,cluster_123308403_3663827018_3663827019_3664674393_#1more_0_D0.0,0,0.0,-1.0,[]
395.0,cluster_123308403_3663827018_3663827019_3664674393_#1more_0_D0.1,0,0.0,-1.0,[]
395.0,cluster_123308403_3663827018_3663827019_3664674393_#1more_0_D1.0,0,0.0,-1.0,[]
395.0,cluster_123308403_3663827018_3663827019_3664674393_#1more_0_D1.1,0,0.0,-1.0,[]
395.0,cluster_123308403_3663827018_3663827019_3664674393_#1more_0_D1.2,0,0.0,-1.0,[]
395.0,cluster_123308403_3663827018_3663827019_3664674393_#1more_0_D1.3,0,0.0,-1.0,[]
395.0,cluster_123308403_3663827018_3663827019_3664674393_#1more_0_D2.0,0,0.0,-1.0,[]
395.0,cluster_123308403_3663827018_3663827019_3664674393_#1more_0_D2.1,1,36.545015352203336,13.681756463398353,['veh137']
395.0,cluster_123308403_3663827018_3663827019_3664674393_#1more_0_D2.2,0,0.0,-1.0,[]
395.0,cluster_3664723686_3698084157_3698084158_3698084159_#1more_0_D0.0,0,0.0,-1.0,[]
395.0,cluster_3664723686_3698084157_3698084158_3698084159_#1more_0_D0.1,0,0.0,-1.0,[]
395.0,cluster_3664723686_3698084157_3698084158_3698084159_#1more_0_D0.2,0,0.0,-1.0,[]
395.0,cluster_3664723686_3698084157_3698084158_3698084159_#1more_0_D1.0,1,0.0,-1.0,['veh242']
395.0,cluster_3664723686_3698084157_3698084158_3698084159_#1more_0_D1.1,0,0.0,-1.0,[]
395.0,cluster_3664723686_3698084157_3698084158_3698084159_#1more_0_D1.2,0,0.0,-1.0,[]
395.0,joinedS_3663662947_3663662948_3698084160_3698084161_#1more_0_D0.0,0,0.0,-1.0,[]
395.0,joinedS_3663662947_3663662948_3698084160_3698084161_#1more_0_D0.1,0,0.0,-1.0,[]
395.0,joinedS_3663662947_3663662948_3698084160_3698084161_#1more_0_D0.2,0,0.0,-1.0,[]
395.0,joinedS_3663662947_3663662948_3698084160_3698084161_#1more_0_D0.3,0,0.0,-1.0,[]
395.0,joinedS_3663662947_3663662948_3698084160_3698084161_#1more_0_D1.0,0,0.0,-1.0,[]
395.0,joinedS_3663662947_3663662948_3698084160_3698084161_#1more_0_D1.1,0,0.0,-1.0,[]
395.0,joinedS_3663662947_3663662948_3698084160_3698084161_#1more_0_D1.2,0,0.0,-1.0,[]
395.0,joinedS_3663662947_3663662948_3698084160_3698084161_#1more_0_D1.3,0,0.0,-1.0,[]
395.0,joinedS_3663662947_3663662948_3698084160_3698084161_#1more_0_D2.0,0,0.0,-1.0,[]
395.0,joinedS_3663662947_3663662948_3698084160_3698084161_#1more_0_D2.1,0,0.0,-1.0,[]
395.0,joinedS_3663662947_3663662948_3698084160_3698084161_#1more_0_D2.2,0,0.0,-1.0,[]
395.0,joinedS_3663662947_3663662948_3698084160_3698084161_#1more_0_D2.3,0,0.0,-1.0,[]
395.0,joinedS_3663662947_3663662948_3698084160_3698084161_#1more_0_D3.0,1,100.0,-1.0,['veh236']
395.0,joinedS_3663662947_3663662948_3698084160_3698084161_#1more_0_D3.1,0,0.0,-1.0,[]
395.0,joinedS_3663662947_3663662948_3698084160_3698084161_#1more_0_D3.2,0,0.0,-1.0,[]
395.0,joinedS_3663662947_3663662948_3698084160_3698084161_#1more_0_D3.3,0,0.0,-1.0,[]
395.0,joinedS_3663662947_3663662948_3698084160_3698084161_#1more_0_D3.4,0,0.0,-1.0,[]
400.0,cluster_122855839_3663662942_3663662943_3663662944_#1more_0_D0.0,0,0.0,-1.0,[]
400.0,cluster_122855839_3663662942_3663662943_3663662944_#1more_0_D0.1,0,0.0,-1.0,[]
400.0,cluster_122855839_3663662942_3663662943_3663662944_#1more_0_D0.2,0,0.0,-1.0,[]
400.0,cluster_122855839_3663662942_3663662943_3663662944_#1more_0_D0.3,0,0.0,-1.0,[]
400.0,cluster_122855839_3663662942_3663662943_3663662944_#1more_0_D0.4,1,56.51894932317418,6.4873977455139356,['veh226']
400.0,cluster_122855839_3663662942_3663662943_3663662944_#1more_0_D1.0,0,0.0,-1.0,[]
400.0,cluster_122855839_3663662942_3663662943_3663662944_#1more_0_D1.1,1,100.0,-1.0,['veh119']
400.0,cluster_122855839_3663662942_3663662943_3663662944_#1more_0_D1.2,1,0.0,-1.0,['veh122']
400.0,cluster_122855839_3663662942_3663662943_3663662944_#1more_0_D2.0,1,100.0,-1.0,['bus14']
400.0,cluster_122855839_3663662942_3663662943_3663662944_#1more_0_D2.1,0,0.0,-1.0,[]
400.0,cluster_123241924_382443557_5344542568_5546892974_#3more_0_D0.0,1,0.0,-1.0,['veh32']
400.0,cluster_123241924_382443557_5344542568_5546892974_#3more_0_D0.1,0,0.0,-1.0,[]
400.0,cluster_123241924_382443557_5344542568_5546892974_#3more_0_D0.2,0,0.0,-1.0,[]
400.0,cluster_123241924_382443557_5344542568_5546892974_#3more_0_D0.3,0,0.0,-1.0,[]
400.0,cluster_123241924_382443557_5344542568_5546892974_#3more_0_D0.4,0,0.0,-1.0,[]
400.0,cluster_123241924_382443557_5344542568_5546892974_#3more_0_D1.0,0,0.0,-1.0,[]
400.0,cluster_123241924_382443557_5344542568_5546892974_#3more_0_D2.0,0,0.0,-1.0,[]
400.0,cluster_123241924_382443557_5344542568_5546892974_#3more_0_D2.1,0,0.0,-1.0,[]
400.0,cluster_123241924_382443557_5344542568_5546892974_#3more_0_D2.2,0,0.0,-1.0,[]
400.0,cluster_123241924_382443557_5344542568_5546892974_#3more_0_D2.3,0,0.0,-1.0,[]
400.0,cluster_123241924_382443557_5344542568_5546892974_#3more_0_D2.4,0,0.0,-1.0,[]
400.0,cluster_123241924_382443557_5344542568_5546892974_#3more_0_D2.5,0,0.0,-1.0,[]
400.0,cluster_123241924_382443557_5344542568_5546892974_#3more_0_D3.0,0,0.0,-1.0,[]
400.0,cluster_123241924_382443557_5344542568_5546892974_#3more_0_D3.1,0,0.0,-1.0,[]
400.0,cluster_123241924_382443557_5344542568_5546892974_#3more_0_D3.2,0,0.0,-1.0,[]
400.0,cluster_123241924_382443557_5344542568_5546892974_#3more_0_D3.3,0,0.0,-1.0,[]
400.0,cluster_123241924_382443557_5344542568_5546892974_#3more_0_D3.4,0,0.0,-1.0,[]
400.0,cluster_123281084_3663662939_3664674395_3664674397_#1more_0_D0.0,1,100.0,-1.0,['veh240']
400.0,cluster_123281084_3663662939_3664674395_3664674397_#1more_0_D0.1,1,58.309038621587206,7.798853899950221,['veh217']
400.0,cluster_123281084_3663662939_3664674395_3664674397_#1more_0_D0.2,0,0.0,-1.0,[]
400.0,cluster_123281084_3663662939_3664674395_3664674397_#1more_0_D0.3,0,0.0,-1.0,[]
400.0,cluster_123281084_3663662939_3664674395_3664674397_#1more_0_D0.4,0,0.0,-1.0,[]
400.0,cluster_123281084_3663662939_3664674395_3664674397_#1more_0_D1.0,1,100.0,-1.0,['veh234']
400.0,cluster_123281084_3663662939_3664674395_3664674397_#1more_0_D1.1,0,0.0,-1.0,[]
400.0,cluster_123281084_3663662939_3664674395_3664674397_#1more_0_D2.0,0,0.0,-1.0,[]
400.0,cluster_123281084_3663662939_3664674395_3664674397_#1more_0_D2.1,0,0.0,-1.0,[]
400.0,cluster_123281085_12840608127_12840608130_12840608135_#1more_0_D0.0,0,0.0,-1.0,[]
400.0,cluster_123281085_12840608127_12840608130_12840608135_#1more_0_D1.0,0,0.0,-1.0,[]
400.0,cluster_123292026_3663224279_3663224280_3663662945_#1more_0_D0.0,0,0.0,-1.0,[]
400.0,cluster_123292026_3663224279_3663224280_3663662945_#1more_0_D0.1,0,0.0,-1.0,[]
400.0,cluster_123292026_3663224279_3663224280_3663662945_#1more_0_D1.0,0,0.0,-1.0,[]
400.0,cluster_123292026_3663224279_3663224280_3663662945_#1more_0_D1.1,0,0.0,-1.0,[]
400.0,cluster_123292026_3663224279_3663224280_3663662945_#1more_0_D1.2,0,0.0,-1.0,[]
400.0,cluster_123292026_3663224279_3663224280_3663662945_#1more_0_D1.3,0,0.0,-1.0,[]
400.0,cluster_123292026_3663224279_3663224280_3663662945_#1more_0_D2.0,0,0.0,-1.0,[]
400.0,cluster_123292026_3663224279_3663224280_3663662945_#1more_0_D2.1,0,0.0,-1.0,[]
400.0,cluster_123292029_3663224277_3663224278_5344542569_#1more_0_D0.0,1,100.0,-1.0,['veh166']
400.0,cluster_123292029_3663224277_3663224278_5344542569_#1more_0_D0.1,0,0.0,-1.0,[]
400.0,cluster_123292029_3663224277_3663224278_5344542569_#1more_0_D0.2,0,0.0,-1.0,[]
400.0,cluster_123292029_3663224277_3663224278_5344542569_#1more_0_D1.0,0,0.0,-1.0,[]
400.0,cluster_123292029_3663224277_3663224278_5344542569_#1more_0_D1.1,1,22.87031973838225,5.386059088778498,['bus16']
400.0,cluster_123292029_3663224277_3663224278_5344542569_#1more_0_D2.0,0,0.0,-1.0,[]
400.0,cluster_123292029_3663224277_3663224278_5344542569_#1more_0_D2.1,0,0.0,-1.0,[]
400.0,cluster_123292029_3663224277_3663224278_5344542569_#1more_0_D2.2,0,0.0,-1.0,[]
400.0,cluster_123292029_3663224277_3663224278_5344542569_#1more_0_D3.0,0,0.0,-1.0,[]
400.0,cluster_123292029_3663224277_3663224278_5344542569_#1more_0_D3.1,0,0.0,-1.0,[]
400.0,cluster_123292031_3663224275_3663224276_3663662936_#1more_0_D0.0,0,0.0,-1.0,[]
400.0,cluster_123292031_3663224275_3663224276_3663662936_#1more_0_D0.1,0,0.0,-1.0,[]
400.0,cluster_123292031_3663224275_3663224276_3663662936_#1more_0_D1.0,1,30.856649277131964,10.38527294188256,['veh162']
400.0,cluster_123292031_3663224275_3663224276_3663662936_#1more_0_D2.0,0,0.0,-1.0,[]
400.0,cluster_123292031_3663224275_3663224276_3663662936_#1more_0_D2.1,0,0.0,-1.0,[]
400.0,cluster_123308403_3663827018_3663827019_3664674393_#1more_0_D0.0,0,0.0,-1.0,[]
400.0,cluster_123308403_3663827018_3663827019_3664674393_#1more_0_D0.1,0,0.0,-1.0,[]
400.0,cluster_123308403_3663827018_3663827019_3664674393_#1more_0_D1.0,0,0.0,-1.0,[]
400.0,cluster_123308403_3663827018_3663827019_3664674393_#1more_0_D1.1,0,0.0,-1.0,[]
400.0,cluster_123308403_3663827018_3663827019_3664674393_#1more_0_D1.2,0,0.0,-1.0,[]
400.0,cluster_123308403_3663827018_3663827019_3664674393_#1more_0_D1.3,0,0.0,-1.0,[]
400.0,cluster_123308403_3663827018_3663827019_3664674393_#1more_0_D2.0,0,0.0,-1.0,[]
400.0,cluster_123308403_3663827018_3663827019_3664674393_#1more_0_D2.1,0,0.0,-1.0,[]
400.0,cluster_123308403_3663827018_3663827019_3664674393_#1more_0_D2.2,0,0.0,-1.0,[]
400.0,cluster_3664723686_3698084157_3698084158_3698084159_#1more_0_D0.0,0,0.0,-1.0,[]
400.0,cluster_3664723686_3698084157_3698084158_3698084159_#1more_0_D0.1,0,0.0,-1.0,[]
400.0,cluster_3664723686_3698084157_3698084158_3698084159_#1more_0_D0.2,0,0.0,-1.0,[]
400.0,cluster_3664723686_3698084157_3698084158_3698084159_#1more_0_D1.0,0,0.0,-1.0,[]
400.0,cluster_3664723686_3698084157_3698084158_3698084159_#1more_0_D1.1,0,0.0,-1.0,[]
400.0,cluster_3664723686_3698084157_3698084158_3698084159_#1more_0_D1.2,0,0.0,-1.0,[]
400.0,joinedS_3663662947_3663662948_3698084160_3698084161_#1more_0_D0.0,1,100.0,-1.0,['veh247']
400.0,joinedS_3663662947_3663662948_3698084160_3698084161_#1more_0_D0.1,0,0.0,-1.0,[]
400.0,joinedS_3663662947_3663662948_3698084160_3698084161_#1more_0_D0.2,0,0.0,-1.0,[]
400.0,joinedS_3663662947_3663662948_3698084160_3698084161_#1more_0_D0.3,0,0.0,-1.0,[]
400.0,joinedS_3663662947_3663662948_3698084160_3698084161_#1more_0_D1.0,0,0.0,-1.0,[]
400.0,joinedS_3663662947_3663662948_3698084160_3698084161_#1more_0_D1.1,1,0.0,-1.0,['veh236']
400.0,joinedS_3663662947_3663662948_3698084160_3698084161_#1more_0_D1.2,0,0.0,-1.0,[]
400.0,joinedS_3663662947_3663662948_3698084160_3698084161_#1more_0_D1.3,0,0.0,-1.0,[]
400.0,joinedS_3663662947_3663662948_3698084160_3698084161_#1more_0_D2.0,0,0.0,-1.0,[]
400.0,joinedS_3663662947_3663662948_3698084160_3698084161_#1more_0_D2.1,0,0.0,-1.0,[]
400.0,joinedS_3663662947_3663662948_3698084160_3698084161_#1more_0_D2.2,0,0.0,-1.0,[]
400.0,joinedS_3663662947_3663662948_3698084160_3698084161_#1more_0_D2.3,1,100.0,-1.0,['veh245']
400.0,joinedS_3663662947_3663662948_3698084160_3698084161_#1more_0_D3.0,1,100.0,-1.0,['truck12']
400.0,joinedS_3663662947_3663662948_3698084160_3698084161_#1more_0_D3.1,0,0.0,-1.0,[]
400.0,joinedS_3663662947_3663662948_3698084160_3698084161_#1more_0_D3.2,0,0.0,-1.0,[]
400.0,joinedS_3663662947_3663662948_3698084160_3698084161_#1more_0_D3.3,0,0.0,-1.0,[]
400.0,joinedS_3663662947_3663662948_3698084160_3698084161_#1more_0_D3.4,0,0.0,-1.0,[]
405.0,cluster_122855839_3663662942_3663662943_3663662944_#1more_0_D0.0,0,0.0,-1.0,[]
405.0,cluster_122855839_3663662942_3663662943_3663662944_#1more_0_D0.1,0,0.0,-1.0,[]
405.0,cluster_122855839_3663662942_3663662943_3663662944_#1more_0_D0.2,0,0.0,-1.0,[]
405.0,cluster_122855839_3663662942_3663662943_3663662944_#1more_0_D0.3,0,0.0,-1.0,[]
405.0,cluster_122855839_3663662942_3663662943_3663662944_#1more_0_D0.4,0,0.0,-1.0,[]
405.0,cluster_122855839_3663662942_3663662943_3663662944_#1more_0_D1.0,0,0.0,-1.0,[]
405.0,cluster_122855839_3663662942_3663662943_3663662944_#1more_0_D1.1,1,100.0,-1.0,['veh190']
405.0,cluster_122855839_3663662942_3663662943_3663662944_#1more_0_D1.2,0,0.0,-1.0,[]
405.0,cluster_122855839_3663662942_3663662943_3663662944_#1more_0_D2.0,1,100.0,-1.0,['bus14']
405.0,cluster_122855839_3663662942_3663662943_3663662944_#1more_0_D2.1,0,0.0,-1.0,[]
405.0,cluster_123241924_382443557_5344542568_5546892974_#3more_0_D0.0,1,0.0,-1.0,['veh54']
405.0,cluster_123241924_382443557_5344542568_5546892974_#3more_0_D0.1,0,0.0,-1.0,[]
405.0,cluster_123241924_382443557_5344542568_5546892974_#3more_0_D0.2,0,0.0,-1.0,[]
405.0,cluster_123241924_382443557_5344542568_5546892974_#3more_0_D0.3,0,0.0,-1.0,[]
405.0,cluster_123241924_382443557_5344542568_5546892974_#3more_0_D0.4,0,0.0,-1.0,[]
405.0,cluster_123241924_382443557_5344542568_5546892974_#3more_0_D1.0,0,0.0,-1.0,[]
405.0,cluster_123241924_382443557_5344542568_5546892974_#3more_0_D2.0,0,0.0,-1.0,[]
405.0,cluster_123241924_382443557_5344542568_5546892974_#3more_0_D2.1,0,0.0,-1.0,[]
405.0,cluster_123241924_382443557_5344542568_5546892974_#3more_0_D2.2,0,0.0,-1.0,[]
405.0,cluster_123241924_382443557_5344542568_5546892974_#3more_0_D2.3,0,0.0,-1.0,[]
405.0,cluster_123241924_382443557_5344542568_5546892974_#3more_0_D2.4,0,0.0,-1.0,[]
405.0,cluster_123241924_382443557_5344542568_5546892974_#3more_0_D2.5,0,0.0,-1.0,[]
405.0,cluster_123241924_382443557_5344542568_5546892974_#3more_0_D3.0,0,0.0,-1.0,[]
405.0,cluster_123241924_382443557_5344542568_5546892974_#3more_0_D3.1,0,0.0,-1.0,[]
405.0,cluster_123241924_382443557_5344542568_5546892974_#3more_0_D3.2,0,0.0,-1.0,[]
405.0,cluster_123241924_382443557_5344542568_5546892974_#3more_0_D3.3,0,0.0,-1.0,[]
405.0,cluster_123241924_382443557_5344542568_5546892974_#3more_0_D3.4,1,33.69209288710522,14.840277262543168,['veh193']
405.0,cluster_123281084_3663662939_3664674395_3664674397_#1more_0_D0.0,1,100.0,-1.0,['veh240']
405.0,cluster_123281084_3663662939_3664674395_3664674397_#1more_0_D0.1,0,0.0,-1.0,[]
405.0,cluster_123281084_3663662939_3664674395_3664674397_#1more_0_D0.2,0,0.0,-1.0,[]
405.0,cluster_123281084_3663662939_3664674395_3664674397_#1more_0_D0.3,0,0.0,-1.0,[]
405.0,cluster_123281084_3663662939_3664674395_3664674397_#1more_0_D0.4,0,0.0,-1.0,[]
405.0,cluster_123281084_3663662939_3664674395_3664674397_#1more_0_D1.0,1,100.0,-1.0,['veh234']
405.0,cluster_123281084_3663662939_3664674395_3664674397_#1more_0_D1.1,0,0.0,-1.0,[]
405.0,cluster_123281084_3663662939_3664674395_3664674397_#1more_0_D2.0,0,0.0,-1.0,[]
405.0,cluster_123281084_3663662939_3664674395_3664674397_#1more_0_D2.1,0,0.0,-1.0,[]
405.0,cluster_123281085_12840608127_12840608130_12840608135_#1more_0_D0.0,0,0.0,-1.0,[]
405.0,cluster_123281085_12840608127_12840608130_12840608135_#1more_0_D1.0,0,0.0,-1.0,[]
405.0,cluster_123292026_3663224279_3663224280_3663662945_#1more_0_D0.0,0,0.0,-1.0,[]
405.0,cluster_123292026_3663224279_3663224280_3663662945_#1more_0_D0.1,0,0.0,-1.0,[]
405.0,cluster_123292026_3663224279_3663224280_3663662945_#1more_0_D1.0,0,0.0,-1.0,[]
405.0,cluster_123292026_3663224279_3663224280_3663662945_#1more_0_D1.1,0,0.0,-1.0,[]
405.0,cluster_123292026_3663224279_3663224280_3663662945_#1more_0_D1.2,0,0.0,-1.0,[]
405.0,cluster_123292026_3663224279_3663224280_3663662945_#1more_0_D1.3,0,0.0,-1.0,[]
405.0,cluster_123292026_3663224279_3663224280_3663662945_#1more_0_D2.0,0,0.0,-1.0,[]
405.0,cluster_123292026_3663224279_3663224280_3663662945_#1more_0_D2.1,0,0.0,-1.0,[]
405.0,cluster_123292029_3663224277_3663224278_5344542569_#1more_0_D0.0,1,100.0,-1.0,['veh166']
405.0,cluster_123292029_3663224277_3663224278_5344542569_#1more_0_D0.1,0,0.0,-1.0,[]
405.0,cluster_123292029_3663224277_3663224278_5344542569_#1more_0_D0.2,0,0.0,-1.0,[]
405.0,cluster_123292029_3663224277_3663224278_5344542569_#1more_0_D1.0,0,0.0,-1.0,[]
405.0,cluster_123292029_3663224277_3663224278_5344542569_#1more_0_D1.1,1,74.39778314063119,6.720630358768483,['veh163']
405.0,cluster_123292029_3663224277_3663224278_5344542569_#1more_0_D2.0,1,0.0,-1.0,['veh180']
405.0,cluster_123292029_3663224277_3663224278_5344542569_#1more_0_D2.1,0,0.0,-1.0,[]
405.0,cluster_123292029_3663224277_3663224278_5344542569_#1more_0_D2.2,0,0.0,-1.0,[]
405.0,cluster_123292029_3663224277_3663224278_5344542569_#1more_0_D3.0,0,0.0,-1.0,[]
405.0,cluster_123292029_3663224277_3663224278_5344542569_#1more_0_D3.1,0,0.0,-1.0,[]
405.0,cluster_123292031_3663224275_3663224276_3663662936_#1more_0_D0.0,0,0.0,-1.0,[]
405.0,cluster_123292031_3663224275_3663224276_3663662936_#1more_0_D0.1,0,0.0,-1.0,[]
405.0,cluster_123292031_3663224275_3663224276_3663662936_#1more_0_D1.0,0,0.0,-1.0,[]
405.0,cluster_123292031_3663224275_3663224276_3663662936_#1more_0_D2.0,0,0.0,-1.0,[]
405.0,cluster_123292031_3663224275_3663224276_3663662936_#1more_0_D2.1,0,0.0,-1.0,[]
405.0,cluster_123308403_3663827018_3663827019_3664674393_#1more_0_D0.0,0,0.0,-1.0,[]
405.0,cluster_123308403_3663827018_3663827019_3664674393_#1more_0_D0.1,0,0.0,-1.0,[]
405.0,cluster_123308403_3663827018_3663827019_3664674393_#1more_0_D1.0,0,0.0,-1.0,[]
405.0,cluster_123308403_3663827018_3663827019_3664674393_#1more_0_D1.1,0,0.0,-1.0,[]
405.0,cluster_123308403_3663827018_3663827019_3664674393_#1more_0_D1.2,0,0.0,-1.0,[]
405.0,cluster_123308403_3663827018_3663827019_3664674393_#1more_0_D1.3,1,0.0,-1.0,['veh249']
405.0,cluster_123308403_3663827018_3663827019_3664674393_#1more_0_D2.0,0,0.0,-1.0,[]
405.0,cluster_123308403_3663827018_3663827019_3664674393_#1more_0_D2.1,0,0.0,-1.0,[]
405.0,cluster_123308403_3663827018_3663827019_3664674393_#1more_0_D2.2,0,0.0,-1.0,[]
405.0,cluster_3664723686_3698084157_3698084158_3698084159_#1more_0_D0.0,0,0.0,-1.0,[]
405.0,cluster_3664723686_3698084157_3698084158_3698084159_#1more_0_D0.1,0,0.0,-1.0,[]
405.0,cluster_3664723686_3698084157_3698084158_3698084159_#1more_0_D0.2,0,0.0,-1.0,[]
405.0,cluster_3664723686_3698084157_3698084158_3698084159_#1more_0_D1.0,0,0.0,-1.0,[]
405.0,cluster_3664723686_3698084157_3698084158_3698084159_#1more_0_D1.1,0,0.0,-1.0,[]
405.0,cluster_3664723686_3698084157_3698084158_3698084159_#1more_0_D1.2,0,0.0,-1.0,[]
405.0,joinedS_3663662947_3663662948_3698084160_3698084161_#1more_0_D0.0,0,0.0,-1.0,[]
405.0,joinedS_3663662947_3663662948_3698084160_3698084161_#1more_0_D0.1,0,0.0,-1.0,[]
405.0,joinedS_3663662947_3663662948_3698084160_3698084161_#1more_0_D0.2,0,0.0,-1.0,[]
405.0,joinedS_3663662947_3663662948_3698084160_3698084161_#1more_0_D0.3,0,0.0,-1.0,[]
405.0,joinedS_3663662947_3663662948_3698084160_3698084161_#1more_0_D1.0,0,0.0,-1.0,[]
405.0,joinedS_3663662947_3663662948_3698084160_3698084161_#1more_0_D1.1,0,0.0,-1.0,[]
405.0,joinedS_3663662947_3663662948_3698084160_3698084161_#1more_0_D1.2,0,0.0,-1.0,[]
405.0,joinedS_3663662947_3663662948_3698084160_3698084161_#1more_0_D1.3,0,0.0,-1.0,[]
405.0,joinedS_3663662947_3663662948_3698084160_3698084161_#1more_0_D2.0,0,0.0,-1.0,[]
405.0,joinedS_3663662947_3663662948_3698084160_3698084161_#1more_0_D2.1,0,0.0,-1.0,[]
405.0,joinedS_3663662947_3663662948_3698084160_3698084161_#1more_0_D2.2,0,0.0,-1.0,[]
405.0,joinedS_3663662947_3663662948_3698084160_3698084161_#1more_0_D2.3,1,100.0,-1.0,['veh245']
405.0,joinedS_3663662947_3663662948_3698084160_3698084161_#1more_0_D3.0,0,0.0,-1.0,[]
405.0,joinedS_3663662947_3663662948_3698084160_3698084161_#1more_0_D3.1,0,0.0,-1.0,[]
405.0,joinedS_3663662947_3663662948_3698084160_3698084161_#1more_0_D3.2,0,0.0,-1.0,[]
405.0,joinedS_3663662947_3663662948_3698084160_3698084161_#1more_0_D3.3,0,0.0,-1.0,[]
405.0,joinedS_3663662947_3663662948_3698084160_3698084161_#1more_0_D3.4,0,0.0,-1.0,[]
410.0,cluster_122855839_3663662942_3663662943_3663662944_#1more_0_D0.0,0,0.0,-1.0,[]
410.0,cluster_122855839_3663662942_3663662943_3663662944_#1more_0_D0.1,0,0.0,-1.0,[]
410.0,cluster_122855839_3663662942_3663662943_3663662944_#1more_0_D0.2,0,0.0,-1.0,[]
410.0,cluster_122855839_3663662942_3663662943_3663662944_#1more_0_D0.3,0,0.0,-1.0,[]
410.0,cluster_122855839_3663662942_3663662943_3663662944_#1more_0_D0.4,1,0.0,-1.0,['bus23']
410.0,cluster_122855839_3663662942_3663662943_3663662944_#1more_0_D1.0,0,0.0,-1.0,[]
410.0,cluster_122855839_3663662942_3663662943_3663662944_#1more_0_D1.1,1,100.0,-1.0,['veh190']
410.0,cluster_122855839_3663662942_3663662943_3663662944_#1more_0_D1.2,0,0.0,-1.0,[]
410.0,cluster_122855839_3663662942_3663662943_3663662944_#1more_0_D2.0,1,100.0,-1.0,['bus14']
410.0,cluster_122855839_3663662942_3663662943_3663662944_#1more_0_D2.1,0,0.0,-1.0,[]
410.0,cluster_123241924_382443557_5344542568_5546892974_#3more_0_D0.0,1,54.15413004841412,9.232906143132519,['veh76']
410.0,cluster_123241924_382443557_5344542568_5546892974_#3more_0_D0.1,0,0.0,-1.0,[]
410.0,cluster_123241924_382443557_5344542568_5546892974_#3more_0_D0.2,0,0.0,-1.0,[]
410.0,cluster_123241924_382443557_5344542568_5546892974_#3more_0_D0.3,0,0.0,-1.0,[]
410.0,cluster_123241924_382443557_5344542568_5546892974_#3more_0_D0.4,0,0.0,-1.0,[]
410.0,cluster_123241924_382443557_5344542568_5546892974_#3more_0_D1.0,0,0.0,-1.0,[]
410.0,cluster_123241924_382443557_5344542568_5546892974_#3more_0_D2.0,0,0.0,-1.0,[]
410.0,cluster_123241924_382443557_5344542568_5546892974_#3more_0_D2.1,0,0.0,-1.0,[]
410.0,cluster_123241924_382443557_5344542568_5546892974_#3more_0_D2.2,0,0.0,-1.0,[]
410.0,cluster_123241924_382443557_5344542568_5546892974_#3more_0_D2.3,0,0.0,-1.0,[]
410.0,cluster_123241924_382443557_5344542568_5546892974_#3more_0_D2.4,0,0.0,-1.0,[]
410.0,cluster_123241924_382443557_5344542568_5546892974_#3more_0_D2.5,0,0.0,-1.0,[]
410.0,cluster_123241924_382443557_5344542568_5546892974_#3more_0_D3.0,0,0.0,-1.0,[]
410.0,cluster_123241924_382443557_5344542568_5546892974_#3more_0_D3.1,0,0.0,-1.0,[]
410.0,cluster_123241924_382443557_5344542568_5546892974_#3more_0_D3.2,0,0.0,-1.0,[]
410.0,cluster_123241924_382443557_5344542568_5546892974_#3more_0_D3.3,0,0.0,-1.0,[]
410.0,cluster_123241924_382443557_5344542568_5546892974_#3more_0_D3.4,0,0.0,-1.0,[]
410.0,cluster_123281084_3663662939_3664674395_3664674397_#1more_0_D0.0,1,100.0,-1.0,['veh240']
410.0,cluster_123281084_3663662939_3664674395_3664674397_#1more_0_D0.1,0,0.0,-1.0,[]
410.0,cluster_123281084_3663662939_3664674395_3664674397_#1more_0_D0.2,0,0.0,-1.0,[]
410.0,cluster_123281084_3663662939_3664674395_3664674397_#1more_0_D0.3,0,0.0,-1.0,[]
410.0,cluster_123281084_3663662939_3664674395_3664674397_#1more_0_D0.4,0,0.0,-1.0,[]
410.0,cluster_123281084_3663662939_3664674395_3664674397_#1more_0_D1.0,1,100.0,-1.0,['veh234']
410.0,cluster_123281084_3663662939_3664674395_3664674397_#1more_0_D1.1,1,100.0,-1.0,['veh238']
410.0,cluster_123281084_3663662939_3664674395_3664674397_#1more_0_D2.0,0,0.0,-1.0,[]
410.0,cluster_123281084_3663662939_3664674395_3664674397_#1more_0_D2.1,0,0.0,-1.0,[]
410.0,cluster_123281085_12840608127_12840608130_12840608135_#1more_0_D0.0,0,0.0,-1.0,[]
410.0,cluster_123281085_12840608127_12840608130_12840608135_#1more_0_D1.0,0,0.0,-1.0,[]
410.0,cluster_123292026_3663224279_3663224280_3663662945_#1more_0_D0.0,0,0.0,-1.0,[]
410.0,cluster_123292026_3663224279_3663224280_3663662945_#1more_0_D0.1,0,0.0,-1.0,[]
410.0,cluster_123292026_3663224279_3663224280_3663662945_#1more_0_D1.0,0,0.0,-1.0,[]
410.0,cluster_123292026_3663224279_3663224280_3663662945_#1more_0_D1.1,0,0.0,-1.0,[]
410.0,cluster_123292026_3663224279_3663224280_3663662945_#1more_0_D1.2,0,0.0,-1.0,[]
410.0,cluster_123292026_3663224279_3663224280_3663662945_#1more_0_D1.3,0,0.0,-1.0,[]
410.0,cluster_123292026_3663224279_3663224280_3663662945_#1more_0_D2.0,0,0.0,-1.0,[]
410.0,cluster_123292026_3663224279_3663224280_3663662945_#1more_0_D2.1,0,0.0,-1.0,[]
410.0,cluster_123292029_3663224277_3663224278_5344542569_#1more_0_D0.0,1,100.0,-1.0,['veh166']
410.0,cluster_123292029_3663224277_3663224278_5344542569_#1more_0_D0.1,0,0.0,-1.0,[]
410.0,cluster_123292029_3663224277_3663224278_5344542569_#1more_0_D0.2,0,0.0,-1.0,[]
410.0,cluster_123292029_3663224277_3663224278_5344542569_#1more_0_D1.0,0,0.0,-1.0,[]
410.0,cluster_123292029_3663224277_3663224278_5344542569_#1more_0_D1.1,1,75.82545202942015,6.94468267126936,['truck9']
410.0,cluster_123292029_3663224277_3663224278_5344542569_#1more_0_D2.0,1,100.0,-1.0,['veh188']
410.0,cluster_123292029_3663224277_3663224278_5344542569_#1more_0_D2.1,0,0.0,-1.0,[]
410.0,cluster_123292029_3663224277_3663224278_5344542569_#1more_0_D2.2,0,0.0,-1.0,[]
410.0,cluster_123292029_3663224277_3663224278_5344542569_#1more_0_D3.0,0,0.0,-1.0,[]
410.0,cluster_123292029_3663224277_3663224278_5344542569_#1more_0_D3.1,0,0.0,-1.0,[]
410.0,cluster_123292031_3663224275_3663224276_3663662936_#1more_0_D0.0,0,0.0,-1.0,[]
410.0,cluster_123292031_3663224275_3663224276_3663662936_#1more_0_D0.1,0,0.0,-1.0,[]
410.0,cluster_123292031_3663224275_3663224276_3663662936_#1more_0_D1.0,0,0.0,-1.0,[]
410.0,cluster_123292031_3663224275_3663224276_3663662936_#1more_0_D2.0,0,0.0,-1.0,[]
410.0,cluster_123292031_3663224275_3663224276_3663662936_#1more_0_D2.1,0,0.0,-1.0,[]
410.0,cluster_123308403_3663827018_3663827019_3664674393_#1more_0_D0.0,0,0.0,-1.0,[]
410.0,cluster_123308403_3663827018_3663827019_3664674393_#1more_0_D0.1,0,0.0,-1.0,[]
410.0,cluster_123308403_3663827018_3663827019_3664674393_#1more_0_D1.0,0,0.0,-1.0,[]
410.0,cluster_123308403_3663827018_3663827019_3664674393_#1more_0_D1.1,0,0.0,-1.0,[]
410.0,cluster_123308403_3663827018_3663827019_3664674393_#1more_0_D1.2,0,0.0,-1.0,[]
410.0,cluster_123308403_3663827018_3663827019_3664674393_#1more_0_D1.3,0,0.0,-1.0,[]
410.0,cluster_123308403_3663827018_3663827019_3664674393_#1more_0_D2.0,0,0.0,-1.0,[]
410.0,cluster_123308403_3663827018_3663827019_3664674393_#1more_0_D2.1,0,0.0,-1.0,[]
410.0,cluster_123308403_3663827018_3663827019_3664674393_#1more_0_D2.2,0,0.0,-1.0,[]
410.0,cluster_3664723686_3698084157_3698084158_3698084159_#1more_0_D0.0,0,0.0,-1.0,[]
410.0,cluster_3664723686_3698084157_3698084158_3698084159_#1more_0_D0.1,0,0.0,-1.0,[]
410.0,cluster_3664723686_3698084157_3698084158_3698084159_#1more_0_D0.2,0,0.0,-1.0,[]
410.0,cluster_3664723686_3698084157_3698084158_3698084159_#1more_0_D1.0,0,0.0,-1.0,[]
410.0,cluster_3664723686_3698084157_3698084158_3698084159_#1more_0_D1.1,0,0.0,-1.0,[]
410.0,cluster_3664723686_3698084157_3698084158_3698084159_#1more_0_D1.2,0,0.0,-1.0,[]
410.0,joinedS_3663662947_3663662948_3698084160_3698084161_#1more_0_D0.0,0,0.0,-1.0,[]
410.0,joinedS_3663662947_3663662948_3698084160_3698084161_#1more_0_D0.1,0,0.0,-1.0,[]
410.0,joinedS_3663662947_3663662948_3698084160_3698084161_#1more_0_D0.2,0,0.0,-1.0,[]
410.0,joinedS_3663662947_3663662948_3698084160_3698084161_#1more_0_D0.3,0,0.0,-1.0,[]
410.0,joinedS_3663662947_3663662948_3698084160_3698084161_#1more_0_D1.0,0,0.0,-1.0,[]
410.0,joinedS_3663662947_3663662948_3698084160_3698084161_#1more_0_D1.1,0,0.0,-1.0,[]
410.0,joinedS_3663662947_3663662948_3698084160_3698084161_#1more_0_D1.2,0,0.0,-1.0,[]
410.0,joinedS_3663662947_3663662948_3698084160_3698084161_#1more_0_D1.3,0,0.0,-1.0,[]
410.0,joinedS_3663662947_3663662948_3698084160_3698084161_#1more_0_D2.0,0,0.0,-1.0,[]
410.0,joinedS_3663662947_3663662948_3698084160_3698084161_#1more_0_D2.1,0,0.0,-1.0,[]
410.0,joinedS_3663662947_3663662948_3698084160_3698084161_#1more_0_D2.2,0,0.0,-1.0,[]
410.0,joinedS_3663662947_3663662948_3698084160_3698084161_#1more_0_D2.3,2,100.0,0.0,"['veh245', 'veh248']"
410.0,joinedS_3663662947_3663662948_3698084160_3698084161_#1more_0_D3.0,1,100.0,-1.0,['veh252']
410.0,joinedS_3663662947_3663662948_3698084160_3698084161_#1more_0_D3.1,0,0.0,-1.0,[]
410.0,joinedS_3663662947_3663662948_3698084160_3698084161_#1more_0_D3.2,0,0.0,-1.0,[]
410.0,joinedS_3663662947_3663662948_3698084160_3698084161_#1more_0_D3.3,0,0.0,-1.0,[]
410.0,joinedS_3663662947_3663662948_3698084160_3698084161_#1more_0_D3.4,0,0.0,-1.0,[]
415.0,cluster_122855839_3663662942_3663662943_3663662944_#1more_0_D0.0,0,0.0,-1.0,[]
415.0,cluster_122855839_3663662942_3663662943_3663662944_#1more_0_D0.1,0,0.0,-1.0,[]
415.0,cluster_122855839_3663662942_3663662943_3663662944_#1more_0_D0.2,0,0.0,-1.0,[]
415.0,cluster_122855839_3663662942_3663662943_3663662944_#1more_0_D0.3,0,0.0,-1.0,[]
415.0,cluster_122855839_3663662942_3663662943_3663662944_#1more_0_D0.4,1,0.0,-1.0,['veh218']
415.0,cluster_122855839_3663662942_3663662943_3663662944_#1more_0_D1.0,0,0.0,-1.0,[]
415.0,cluster_122855839_3663662942_3663662943_3663662944_#1more_0_D1.1,1,100.0,-1.0,['veh190']
415.0,cluster_122855839_3663662942_3663662943_3663662944_#1more_0_D1.2,0,0.0,-1.0,[]
415.0,cluster_122855839_3663662942_3663662943_3663662944_#1more_0_D2.0,1,100.0,-1.0,['bus14']
415.0,cluster_122855839_3663662942_3663662943_3663662944_#1more_0_D2.1,0,0.0,-1.0,[]
415.0,cluster_123241924_382443557_5344542568_5546892974_#3more_0_D0.0,0,0.0,-1.0,[]
415.0,cluster_123241924_382443557_5344542568_5546892974_#3more_0_D0.1,0,0.0,-1.0,[]
415.0,cluster_123241924_382443557_5344542568_5546892974_#3more_0_D0.2,0,0.0,-1.0,[]
415.0,cluster_123241924_382443557_5344542568_5546892974_#3more_0_D0.3,0,0.0,-1.0,[]
415.0,cluster_123241924_382443557_5344542568_5546892974_#3more_0_D0.4,0,0.0,-1.0,[]
415.0,cluster_123241924_382443557_5344542568_5546892974_#3more_0_D1.0,0,0.0,-1.0,[]
415.0,cluster_123241924_382443557_5344542568_5546892974_#3more_0_D2.0,0,0.0,-1.0,[]
415.0,cluster_123241924_382443557_5344542568_5546892974_#3more_0_D2.1,0,0.0,-1.0,[]
415.0,cluster_123241924_382443557_5344542568_5546892974_#3more_0_D2.2,0,0.0,-1.0,[]
415.0,cluster_123241924_382443557_5344542568_5546892974_#3more_0_D2.3,0,0.0,-1.0,[]
415.0,cluster_123241924_382443557_5344542568_5546892974_#3more_0_D2.4,0,0.0,-1.0,[]
415.0,cluster_123241924_382443557_5344542568_5546892974_#3more_0_D2.5,0,0.0,-1.0,[]
415.0,cluster_123241924_382443557_5344542568_5546892974_#3more_0_D3.0,0,0.0,-1.0,[]
415.0,cluster_123241924_382443557_5344542568_5546892974_#3more_0_D3.1,0,0.0,-1.0,[]
415.0,cluster_123241924_382443557_5344542568_5546892974_#3more_0_D3.2,0,0.0,-1.0,[]
415.0,cluster_123241924_382443557_5344542568_5546892974_#3more_0_D3.3,0,0.0,-1.0,[]
415.0,cluster_123241924_382443557_5344542568_5546892974_#3more_0_D3.4,0,0.0,-1.0,[]
415.0,cluster_123281084_3663662939_3664674395_3664674397_#1more_0_D0.0,1,100.0,-1.0,['veh240']
415.0,cluster_123281084_3663662939_3664674395_3664674397_#1more_0_D0.1,0,0.0,-1.0,[]
415.0,cluster_123281084_3663662939_3664674395_3664674397_#1more_0_D0.2,0,0.0,-1.0,[]
415.0,cluster_123281084_3663662939_3664674395_3664674397_#1more_0_D0.3,0,0.0,-1.0,[]
415.0,cluster_123281084_3663662939_3664674395_3664674397_#1more_0_D0.4,0,0.0,-1.0,[]
415.0,cluster_123281084_3663662939_3664674395_3664674397_#1more_0_D1.0,1,100.0,-1.0,['veh234']
415.0,cluster_123281084_3663662939_3664674395_3664674397_#1more_0_D1.1,1,100.0,-1.0,['veh238']
415.0,cluster_123281084_3663662939_3664674395_3664674397_#1more_0_D2.0,0,0.0,-1.0,[]
415.0,cluster_123281084_3663662939_3664674395_3664674397_#1more_0_D2.1,0,0.0,-1.0,[]
415.0,cluster_123281085_12840608127_12840608130_12840608135_#1more_0_D0.0,1,25.160158014921308,13.347480455664247,['veh241']
415.0,cluster_123281085_12840608127_12840608130_12840608135_#1more_0_D1.0,0,0.0,-1.0,[]
415.0,cluster_123292026_3663224279_3663224280_3663662945_#1more_0_D0.0,0,0.0,-1.0,[]
415.0,cluster_123292026_3663224279_3663224280_3663662945_#1more_0_D0.1,0,0.0,-1.0,[]
415.0,cluster_123292026_3663224279_3663224280_3663662945_#1more_0_D1.0,0,0.0,-1.0,[]
415.0,cluster_123292026_3663224279_3663224280_3663662945_#1more_0_D1.1,0,0.0,-1.0,[]
415.0,cluster_123292026_3663224279_3663224280_3663662945_#1more_0_D1.2,0,0.0,-1.0,[]
415.0,cluster_123292026_3663224279_3663224280_3663662945_#1more_0_D1.3,0,0.0,-1.0,[]
415.0,cluster_123292026_3663224279_3663224280_3663662945_#1more_0_D2.0,0,0.0,-1.0,[]
415.0,cluster_123292026_3663224279_3663224280_3663662945_#1more_0_D2.1,0,0.0,-1.0,[]
415.0,cluster_123292029_3663224277_3663224278_5344542569_#1more_0_D0.0,1,100.0,-1.0,['veh166']
415.0,cluster_123292029_3663224277_3663224278_5344542569_#1more_0_D0.1,0,0.0,-1.0,[]
415.0,cluster_123292029_3663224277_3663224278_5344542569_#1more_0_D0.2,0,0.0,-1.0,[]
415.0,cluster_123292029_3663224277_3663224278_5344542569_#1more_0_D1.0,0,0.0,-1.0,[]
415.0,cluster_123292029_3663224277_3663224278_5344542569_#1more_0_D1.1,0,0.0,-1.0,[]
415.0,cluster_123292029_3663224277_3663224278_5344542569_#1more_0_D2.0,1,100.0,-1.0,['veh188']
415.0,cluster_123292029_3663224277_3663224278_5344542569_#1more_0_D2.1,0,0.0,-1.0,[]
415.0,cluster_123292029_3663224277_3663224278_5344542569_#1more_0_D2.2,0,0.0,-1.0,[]
415.0,cluster_123292029_3663224277_3663224278_5344542569_#1more_0_D3.0,0,0.0,-1.0,[]
415.0,cluster_123292029_3663224277_3663224278_5344542569_#1more_0_D3.1,0,0.0,-1.0,[]
415.0,cluster_123292031_3663224275_3663224276_3663662936_#1more_0_D0.0,0,0.0,-1.0,[]
415.0,cluster_123292031_3663224275_3663224276_3663662936_#1more_0_D0.1,0,0.0,-1.0,[]
415.0,cluster_123292031_3663224275_3663224276_3663662936_#1more_0_D1.0,0,0.0,-1.0,[]
415.0,cluster_123292031_3663224275_3663224276_3663662936_#1more_0_D2.0,0,0.0,-1.0,[]
415.0,cluster_123292031_3663224275_3663224276_3663662936_#1more_0_D2.1,0,0.0,-1.0,[]
415.0,cluster_123308403_3663827018_3663827019_3664674393_#1more_0_D0.0,0,0.0,-1.0,[]
415.0,cluster_123308403_3663827018_3663827019_3664674393_#1more_0_D0.1,0,0.0,-1.0,[]
415.0,cluster_123308403_3663827018_3663827019_3664674393_#1more_0_D1.0,0,0.0,-1.0,[]
415.0,cluster_123308403_3663827018_3663827019_3664674393_#1more_0_D1.1,0,0.0,-1.0,[]
415.0,cluster_123308403_3663827018_3663827019_3664674393_#1more_0_D1.2,0,0.0,-1.0,[]
415.0,cluster_123308403_3663827018_3663827019_3664674393_#1more_0_D1.3,0,0.0,-1.0,[]
415.0,cluster_123308403_3663827018_3663827019_3664674393_#1more_0_D2.0,0,0.0,-1.0,[]
415.0,cluster_123308403_3663827018_3663827019_3664674393_#1more_0_D2.1,0,0.0,-1.0,[]
415.0,cluster_123308403_3663827018_3663827019_3664674393_#1more_0_D2.2,0,0.0,-1.0,[]
415.0,cluster_3664723686_3698084157_3698084158_3698084159_#1more_0_D0.0,0,0.0,-1.0,[]
415.0,cluster_3664723686_3698084157_3698084158_3698084159_#1more_0_D0.1,0,0.0,-1.0,[]
415.0,cluster_3664723686_3698084157_3698084158_3698084159_#1more_0_D0.2,0,0.0,-1.0,[]
415.0,cluster_3664723686_3698084157_3698084158_3698084159_#1more_0_D1.0,0,0.0,-1.0,[]
415.0,cluster_3664723686_3698084157_3698084158_3698084159_#1more_0_D1.1,0,0.0,-1.0,[]
415.0,cluster_3664723686_3698084157_3698084158_3698084159_#1more_0_D1.2,0,0.0,-1.0,[]
415.0,joinedS_3663662947_3663662948_3698084160_3698084161_#1more_0_D0.0,0,0.0,-1.0,[]
415.0,joinedS_3663662947_3663662948_3698084160_3698084161_#1more_0_D0.1,0,0.0,-1.0,[]
415.0,joinedS_3663662947_3663662948_3698084160_3698084161_#1more_0_D0.2,1,84.68004783840684,5.90457861991457,['veh248']
415.0,joinedS_3663662947_3663662948_3698084160_3698084161_#1more_0_D0.3,0,0.0,-1.0,[]
415.0,joinedS_3663662947_3663662948_3698084160_3698084161_#1more_0_D1.0,0,0.0,-1.0,[]
415.0,joinedS_3663662947_3663662948_3698084160_3698084161_#1more_0_D1.1,1,100.0,0.0,['veh257']
415.0,joinedS_3663662947_3663662948_3698084160_3698084161_#1more_0_D1.2,0,0.0,-1.0,[]
415.0,joinedS_3663662947_3663662948_3698084160_3698084161_#1more_0_D1.3,0,0.0,-1.0,[]
415.0,joinedS_3663662947_3663662948_3698084160_3698084161_#1more_0_D2.0,0,0.0,-1.0,[]
415.0,joinedS_3663662947_3663662948_3698084160_3698084161_#1more_0_D2.1,0,0.0,-1.0,[]
415.0,joinedS_3663662947_3663662948_3698084160_3698084161_#1more_0_D2.2,0,0.0,-1.0,[]
415.0,joinedS_3663662947_3663662948_3698084160_3698084161_#1more_0_D2.3,0,0.0,-1.0,[]
415.0,joinedS_3663662947_3663662948_3698084160_3698084161_#1more_0_D3.0,1,100.0,-1.0,['veh252']
415.0,joinedS_3663662947_3663662948_3698084160_3698084161_#1more_0_D3.1,0,0.0,-1.0,[]
415.0,joinedS_3663662947_3663662948_3698084160_3698084161_#1more_0_D3.2,0,0.0,-1.0,[]
415.0,joinedS_3663662947_3663662948_3698084160_3698084161_#1more_0_D3.3,0,0.0,-1.0,[]
415.0,joinedS_3663662947_3663662948_3698084160_3698084161_#1more_0_D3.4,0,0.0,-1.0,[]
420.0,cluster_122855839_3663662942_3663662943_3663662944_#1more_0_D0.0,0,0.0,-1.0,[]
420.0,cluster_122855839_3663662942_3663662943_3663662944_#1more_0_D0.1,0,0.0,-1.0,[]
420.0,cluster_122855839_3663662942_3663662943_3663662944_#1more_0_D0.2,0,0.0,-1.0,[]
420.0,cluster_122855839_3663662942_3663662943_3663662944_#1more_0_D0.3,0,0.0,-1.0,[]
420.0,cluster_122855839_3663662942_3663662943_3663662944_#1more_0_D0.4,0,0.0,-1.0,[]
420.0,cluster_122855839_3663662942_3663662943_3663662944_#1more_0_D1.0,0,0.0,-1.0,[]
420.0,cluster_122855839_3663662942_3663662943_3663662944_#1more_0_D1.1,1,100.0,-1.0,['veh190']
420.0,cluster_122855839_3663662942_3663662943_3663662944_#1more_0_D1.2,1,100.0,-1.0,['veh163']
420.0,cluster_122855839_3663662942_3663662943_3663662944_#1more_0_D2.0,1,100.0,-1.0,['bus14']
420.0,cluster_122855839_3663662942_3663662943_3663662944_#1more_0_D2.1,0,0.0,-1.0,[]
420.0,cluster_123241924_382443557_5344542568_5546892974_#3more_0_D0.0,0,0.0,-1.0,[]
420.0,cluster_123241924_382443557_5344542568_5546892974_#3more_0_D0.1,0,0.0,-1.0,[]
420.0,cluster_123241924_382443557_5344542568_5546892974_#3more_0_D0.2,0,0.0,-1.0,[]
420.0,cluster_123241924_382443557_5344542568_5546892974_#3more_0_D0.3,0,0.0,-1.0,[]
420.0,cluster_123241924_382443557_5344542568_5546892974_#3more_0_D0.4,0,0.0,-1.0,[]
420.0,cluster_123241924_382443557_5344542568_5546892974_#3more_0_D1.0,0,0.0,-1.0,[]
420.0,cluster_123241924_382443557_5344542568_5546892974_#3more_0_D2.0,0,0.0,-1.0,[]
420.0,cluster_123241924_382443557_5344542568_5546892974_#3more_0_D2.1,0,0.0,-1.0,[]
420.0,cluster_123241924_382443557_5344542568_5546892974_#3more_0_D2.2,0,0.0,-1.0,[]
420.0,cluster_123241924_382443557_5344542568_5546892974_#3more_0_D2.3,0,0.0,-1.0,[]
420.0,cluster_123241924_382443557_5344542568_5546892974_#3more_0_D2.4,0,0.0,-1.0,[]
420.0,cluster_123241924_382443557_5344542568_5546892974_#3more_0_D2.5,0,0.0,-1.0,[]
420.0,cluster_123241924_382443557_5344542568_5546892974_#3more_0_D3.0,0,0.0,-1.0,[]
420.0,cluster_123241924_382443557_5344542568_5546892974_#3more_0_D3.1,0,0.0,-1.0,[]
420.0,cluster_123241924_382443557_5344542568_5546892974_#3more_0_D3.2,0,0.0,-1.0,[]
420.0,cluster_123241924_382443557_5344542568_5546892974_#3more_0_D3.3,0,0.0,-1.0,[]
420.0,cluster_123241924_382443557_5344542568_5546892974_#3more_0_D3.4,0,0.0,-1.0,[]
420.0,cluster_123281084_3663662939_3664674395_3664674397_#1more_0_D0.0,1,100.0,-1.0,['veh240']
420.0,cluster_123281084_3663662939_3664674395_3664674397_#1more_0_D0.1,0,0.0,-1.0,[]
420.0,cluster_123281084_3663662939_3664674395_3664674397_#1more_0_D0.2,0,0.0,-1.0,[]
420.0,cluster_123281084_3663662939_3664674395_3664674397_#1more_0_D0.3,0,0.0,-1.0,[]
420.0,cluster_123281084_3663662939_3664674395_3664674397_#1more_0_D0.4,0,0.0,-1.0,[]
420.0,cluster_123281084_3663662939_3664674395_3664674397_#1more_0_D1.0,1,100.0,-1.0,['veh234']
420.0,cluster_123281084_3663662939_3664674395_3664674397_#1more_0_D1.1,1,100.0,-1.0,['veh238']
420.0,cluster_123281084_3663662939_3664674395_3664674397_#1more_0_D2.0,0,0.0,-1.0,[]
420.0,cluster_123281084_3663662939_3664674395_3664674397_#1more_0_D2.1,0,0.0,-1.0,[]
420.0,cluster_123281085_12840608127_12840608130_12840608135_#1more_0_D0.0,0,0.0,-1.0,[]
420.0,cluster_123281085_12840608127_12840608130_12840608135_#1more_0_D1.0,0,0.0,-1.0,[]
420.0,cluster_123292026_3663224279_3663224280_3663662945_#1more_0_D0.0,0,0.0,-1.0,[]
420.0,cluster_123292026_3663224279_3663224280_3663662945_#1more_0_D0.1,0,0.0,-1.0,[]
420.0,cluster_123292026_3663224279_3663224280_3663662945_#1more_0_D1.0,0,0.0,-1.0,[]
420.0,cluster_123292026_3663224279_3663224280_3663662945_#1more_0_D1.1,0,0.0,-1.0,[]
420.0,cluster_123292026_3663224279_3663224280_3663662945_#1more_0_D1.2,0,0.0,-1.0,[]
420.0,cluster_123292026_3663224279_3663224280_3663662945_#1more_0_D1.3,0,0.0,-1.0,[]
420.0,cluster_123292026_3663224279_3663224280_3663662945_#1more_0_D2.0,0,0.0,-1.0,[]
420.0,cluster_123292026_3663224279_3663224280_3663662945_#1more_0_D2.1,0,0.0,-1.0,[]
420.0,cluster_123292029_3663224277_3663224278_5344542569_#1more_0_D0.0,1,100.0,-1.0,['veh166']
420.0,cluster_123292029_3663224277_3663224278_5344542569_#1more_0_D0.1,0,0.0,-1.0,[]
420.0,cluster_123292029_3663224277_3663224278_5344542569_#1more_0_D0.2,0,0.0,-1.0,[]
420.0,cluster_123292029_3663224277_3663224278_5344542569_#1more_0_D1.0,0,0.0,-1.0,[]
420.0,cluster_123292029_3663224277_3663224278_5344542569_#1more_0_D1.1,1,0.0,-1.0,['veh160']
420.0,cluster_123292029_3663224277_3663224278_5344542569_#1more_0_D2.0,1,100.0,-1.0,['veh188']
420.0,cluster_123292029_3663224277_3663224278_5344542569_#1more_0_D2.1,0,0.0,-1.0,[]
420.0,cluster_123292029_3663224277_3663224278_5344542569_#1more_0_D2.2,0,0.0,-1.0,[]
420.0,cluster_123292029_3663224277_3663224278_5344542569_#1more_0_D3.0,0,0.0,-1.0,[]
420.0,cluster_123292029_3663224277_3663224278_5344542569_#1more_0_D3.1,0,0.0,-1.0,[]
420.0,cluster_123292031_3663224275_3663224276_3663662936_#1more_0_D0.0,0,0.0,-1.0,[]
420.0,cluster_123292031_3663224275_3663224276_3663662936_#1more_0_D0.1,0,0.0,-1.0,[]
420.0,cluster_123292031_3663224275_3663224276_3663662936_#1more_0_D1.0,1,0.0,-1.0,['veh202']
420.0,cluster_123292031_3663224275_3663224276_3663662936_#1more_0_D2.0,0,0.0,-1.0,[]
420.0,cluster_123292031_3663224275_3663224276_3663662936_#1more_0_D2.1,0,0.0,-1.0,[]
420.0,cluster_123308403_3663827018_3663827019_3664674393_#1more_0_D0.0,0,0.0,-1.0,[]
420.0,cluster_123308403_3663827018_3663827019_3664674393_#1more_0_D0.1,0,0.0,-1.0,[]
420.0,cluster_123308403_3663827018_3663827019_3664674393_#1more_0_D1.0,0,0.0,-1.0,[]
420.0,cluster_123308403_3663827018_3663827019_3664674393_#1more_0_D1.1,0,0.0,-1.0,[]
420.0,cluster_123308403_3663827018_3663827019_3664674393_#1more_0_D1.2,0,0.0,-1.0,[]
420.0,cluster_123308403_3663827018_3663827019_3664674393_#1more_0_D1.3,1,0.0,-1.0,['veh258']
420.0,cluster_123308403_3663827018_3663827019_3664674393_#1more_0_D2.0,0,0.0,-1.0,[]
420.0,cluster_123308403_3663827018_3663827019_3664674393_#1more_0_D2.1,0,0.0,-1.0,[]
420.0,cluster_123308403_3663827018_3663827019_3664674393_#1more_0_D2.2,0,0.0,-1.0,[]
420.0,cluster_3664723686_3698084157_3698084158_3698084159_#1more_0_D0.0,1,45.38438351586933,11.017005438118764,['veh201']
420.0,cluster_3664723686_3698084157_3698084158_3698084159_#1more_0_D0.1,0,0.0,-1.0,[]
420.0,cluster_3664723686_3698084157_3698084158_3698084159_#1more_0_D0.2,0,0.0,-1.0,[]
420.0,cluster_3664723686_3698084157_3698084158_3698084159_#1more_0_D1.0,0,0.0,-1.0,[]
420.0,cluster_3664723686_3698084157_3698084158_3698084159_#1more_0_D1.1,0,0.0,-1.0,[]
420.0,cluster_3664723686_3698084157_3698084158_3698084159_#1more_0_D1.2,0,0.0,-1.0,[]
420.0,joinedS_3663662947_3663662948_3698084160_3698084161_#1more_0_D0.0,0,0.0,-1.0,[]
420.0,joinedS_3663662947_3663662948_3698084160_3698084161_#1more_0_D0.1,0,0.0,-1.0,[]
420.0,joinedS_3663662947_3663662948_3698084160_3698084161_#1more_0_D0.2,0,0.0,-1.0,[]
420.0,joinedS_3663662947_3663662948_3698084160_3698084161_#1more_0_D0.3,0,0.0,-1.0,[]
420.0,joinedS_3663662947_3663662948_3698084160_3698084161_#1more_0_D1.0,0,0.0,-1.0,[]
420.0,joinedS_3663662947_3663662948_3698084160_3698084161_#1more_0_D1.1,0,0.0,-1.0,[]
420.0,joinedS_3663662947_3663662948_3698084160_3698084161_#1more_0_D1.2,0,0.0,-1.0,[]
420.0,joinedS_3663662947_3663662948_3698084160_3698084161_#1more_0_D1.3,0,0.0,-1.0,[]
420.0,joinedS_3663662947_3663662948_3698084160_3698084161_#1more_0_D2.0,0,0.0,-1.0,[]
420.0,joinedS_3663662947_3663662948_3698084160_3698084161_#1more_0_D2.1,0,0.0,-1.0,[]
420.0,joinedS_3663662947_3663662948_3698084160_3698084161_#1more_0_D2.2,0,0.0,-1.0,[]
420.0,joinedS_3663662947_3663662948_3698084160_3698084161_#1more_0_D2.3,0,0.0,-1.0,[]
420.0,joinedS_3663662947_3663662948_3698084160_3698084161_#1more_0_D3.0,1,100.0,-1.0,['veh252']
420.0,joinedS_3663662947_3663662948_3698084160_3698084161_#1more_0_D3.1,0,0.0,-1.0,[]
420.0,joinedS_3663662947_3663662948_3698084160_3698084161_#1more_0_D3.2,0,0.0,-1.0,[]
420.0,joinedS_3663662947_3663662948_3698084160_3698084161_#1more_0_D3.3,0,0.0,-1.0,[]
420.0,joinedS_3663662947_3663662948_3698084160_3698084161_#1more_0_D3.4,0,0.0,-1.0,[]
425.0,cluster_122855839_3663662942_3663662943_3663662944_#1more_0_D0.0,0,0.0,-1.0,[]
425.0,cluster_122855839_3663662942_3663662943_3663662944_#1more_0_D0.1,0,0.0,-1.0,[]
425.0,cluster_122855839_3663662942_3663662943_3663662944_#1more_0_D0.2,0,0.0,-1.0,[]
425.0,cluster_122855839_3663662942_3663662943_3663662944_#1more_0_D0.3,0,0.0,-1.0,[]
425.0,cluster_122855839_3663662942_3663662943_3663662944_#1more_0_D0.4,1,0.0,-1.0,['bus22']
425.0,cluster_122855839_3663662942_3663662943_3663662944_#1more_0_D1.0,1,100.0,-1.0,['veh174']
425.0,cluster_122855839_3663662942_3663662943_3663662944_#1more_0_D1.1,1,100.0,-1.0,['veh190']
425.0,cluster_122855839_3663662942_3663662943_3663662944_#1more_0_D1.2,0,0.0,-1.0,[]
425.0,cluster_122855839_3663662942_3663662943_3663662944_#1more_0_D2.0,1,100.0,-1.0,['bus14']
425.0,cluster_122855839_3663662942_3663662943_3663662944_#1more_0_D2.1,0,0.0,-1.0,[]
425.0,cluster_123241924_382443557_5344542568_5546892974_#3more_0_D0.0,0,0.0,-1.0,[]
425.0,cluster_123241924_382443557_5344542568_5546892974_#3more_0_D0.1,0,0.0,-1.0,[]
425.0,cluster_123241924_382443557_5344542568_5546892974_#3more_0_D0.2,0,0.0,-1.0,[]
425.0,cluster_123241924_382443557_5344542568_5546892974_#3more_0_D0.3,0,0.0,-1.0,[]
425.0,cluster_123241924_382443557_5344542568_5546892974_#3more_0_D0.4,0,0.0,-1.0,[]
425.0,cluster_123241924_382443557_5344542568_5546892974_#3more_0_D1.0,0,0.0,-1.0,[]
425.0,cluster_123241924_382443557_5344542568_5546892974_#3more_0_D2.0,0,0.0,-1.0,[]
425.0,cluster_123241924_382443557_5344542568_5546892974_#3more_0_D2.1,0,0.0,-1.0,[]
425.0,cluster_123241924_382443557_5344542568_5546892974_#3more_0_D2.2,0,0.0,-1.0,[]
425.0,cluster_123241924_382443557_5344542568_5546892974_#3more_0_D2.3,0,0.0,-1.0,[]
425.0,cluster_123241924_382443557_5344542568_5546892974_#3more_0_D2.4,0,0.0,-1.0,[]
425.0,cluster_123241924_382443557_5344542568_5546892974_#3more_0_D2.5,0,0.0,-1.0,[]
425.0,cluster_123241924_382443557_5344542568_5546892974_#3more_0_D3.0,0,0.0,-1.0,[]
425.0,cluster_123241924_382443557_5344542568_5546892974_#3more_0_D3.1,0,0.0,-1.0,[]
425.0,cluster_123241924_382443557_5344542568_5546892974_#3more_0_D3.2,0,0.0,-1.0,[]
425.0,cluster_123241924_382443557_5344542568_5546892974_#3more_0_D3.3,0,0.0,-1.0,[]
425.0,cluster_123241924_382443557_5344542568_5546892974_#3more_0_D3.4,0,0.0,-1.0,[]
425.0,cluster_123281084_3663662939_3664674395_3664674397_#1more_0_D0.0,1,100.0,-1.0,['veh240']
425.0,cluster_123281084_3663662939_3664674395_3664674397_#1more_0_D0.1,0,0.0,-1.0,[]
425.0,cluster_123281084_3663662939_3664674395_3664674397_#1more_0_D0.2,0,0.0,-1.0,[]
425.0,cluster_123281084_3663662939_3664674395_3664674397_#1more_0_D0.3,0,0.0,-1.0,[]
425.0,cluster_123281084_3663662939_3664674395_3664674397_#1more_0_D0.4,0,0.0,-1.0,[]
425.0,cluster_123281084_3663662939_3664674395_3664674397_#1more_0_D1.0,1,100.0,-1.0,['veh234']
425.0,cluster_123281084_3663662939_3664674395_3664674397_#1more_0_D1.1,1,100.0,-1.0,['veh238']
425.0,cluster_123281084_3663662939_3664674395_3664674397_#1more_0_D2.0,0,0.0,-1.0,[]
425.0,cluster_123281084_3663662939_3664674395_3664674397_#1more_0_D2.1,0,0.0,-1.0,[]
425.0,cluster_123281085_12840608127_12840608130_12840608135_#1more_0_D0.0,0,0.0,-1.0,[]
425.0,cluster_123281085_12840608127_12840608130_12840608135_#1more_0_D1.0,0,0.0,-1.0,[]
425.0,cluster_123292026_3663224279_3663224280_3663662945_#1more_0_D0.0,0,0.0,-1.0,[]
425.0,cluster_123292026_3663224279_3663224280_3663662945_#1more_0_D0.1,0,0.0,-1.0,[]
425.0,cluster_123292026_3663224279_3663224280_3663662945_#1more_0_D1.0,0,0.0,-1.0,[]
425.0,cluster_123292026_3663224279_3663224280_3663662945_#1more_0_D1.1,0,0.0,-1.0,[]
425.0,cluster_123292026_3663224279_3663224280_3663662945_#1more_0_D1.2,0,0.0,-1.0,[]
425.0,cluster_123292026_3663224279_3663224280_3663662945_#1more_0_D1.3,0,0.0,-1.0,[]
425.0,cluster_123292026_3663224279_3663224280_3663662945_#1more_0_D2.0,0,0.0,-1.0,[]
425.0,cluster_123292026_3663224279_3663224280_3663662945_#1more_0_D2.1,0,0.0,-1.0,[]
425.0,cluster_123292029_3663224277_3663224278_5344542569_#1more_0_D0.0,1,100.0,-1.0,['veh166']
425.0,cluster_123292029_3663224277_3663224278_5344542569_#1more_0_D0.1,0,0.0,-1.0,[]
425.0,cluster_123292029_3663224277_3663224278_5344542569_#1more_0_D0.2,0,0.0,-1.0,[]
425.0,cluster_123292029_3663224277_3663224278_5344542569_#1more_0_D1.0,0,0.0,-1.0,[]
425.0,cluster_123292029_3663224277_3663224278_5344542569_#1more_0_D1.1,1,0.0,-1.0,['veh195']
425.0,cluster_123292029_3663224277_3663224278_5344542569_#1more_0_D2.0,1,100.0,-1.0,['veh188']
425.0,cluster_123292029_3663224277_3663224278_5344542569_#1more_0_D2.1,0,0.0,-1.0,[]
425.0,cluster_123292029_3663224277_3663224278_5344542569_#1more_0_D2.2,0,0.0,-1.0,[]
425.0,cluster_123292029_3663224277_3663224278_5344542569_#1more_0_D3.0,0,0.0,-1.0,[]
425.0,cluster_123292029_3663224277_3663224278_5344542569_#1more_0_D3.1,0,0.0,-1.0,[]
425.0,cluster_123292031_3663224275_3663224276_3663662936_#1more_0_D0.0,0,0.0,-1.0,[]
425.0,cluster_123292031_3663224275_3663224276_3663662936_#1more_0_D0.1,0,0.0,-1.0,[]
425.0,cluster_123292031_3663224275_3663224276_3663662936_#1more_0_D1.0,0,0.0,-1.0,[]
425.0,cluster_123292031_3663224275_3663224276_3663662936_#1more_0_D2.0,0,0.0,-1.0,[]
425.0,cluster_123292031_3663224275_3663224276_3663662936_#1more_0_D2.1,0,0.0,-1.0,[]
425.0,cluster_123308403_3663827018_3663827019_3664674393_#1more_0_D0.0,0,0.0,-1.0,[]
425.0,cluster_123308403_3663827018_3663827019_3664674393_#1more_0_D0.1,0,0.0,-1.0,[]
425.0,cluster_123308403_3663827018_3663827019_3664674393_#1more_0_D1.0,0,0.0,-1.0,[]
425.0,cluster_123308403_3663827018_3663827019_3664674393_#1more_0_D1.1,0,0.0,-1.0,[]
425.0,cluster_123308403_3663827018_3663827019_3664674393_#1more_0_D1.2,0,0.0,-1.0,[]
425.0,cluster_123308403_3663827018_3663827019_3664674393_#1more_0_D1.3,0,0.0,-1.0,[]
425.0,cluster_123308403_3663827018_3663827019_3664674393_#1more_0_D2.0,0,0.0,-1.0,[]
425.0,cluster_123308403_3663827018_3663827019_3664674393_#1more_0_D2.1,0,0.0,-1.0,[]
425.0,cluster_123308403_3663827018_3663827019_3664674393_#1more_0_D2.2,0,0.0,-1.0,[]
425.0,cluster_3664723686_3698084157_3698084158_3698084159_#1more_0_D0.0,0,0.0,-1.0,[]
425.0,cluster_3664723686_3698084157_3698084158_3698084159_#1more_0_D0.1,0,0.0,-1.0,[]
425.0,cluster_3664723686_3698084157_3698084158_3698084159_#1more_0_D0.2,0,0.0,-1.0,[]
425.0,cluster_3664723686_3698084157_3698084158_3698084159_#1more_0_D1.0,0,0.0,-1.0,[]
425.0,cluster_3664723686_3698084157_3698084158_3698084159_#1more_0_D1.1,0,0.0,-1.0,[]
425.0,cluster_3664723686_3698084157_3698084158_3698084159_#1more_0_D1.2,0,0.0,-1.0,[]
425.0,joinedS_3663662947_3663662948_3698084160_3698084161_#1more_0_D0.0,0,0.0,-1.0,[]
425.0,joinedS_3663662947_3663662948_3698084160_3698084161_#1more_0_D0.1,0,0.0,-1.0,[]
425.0,joinedS_3663662947_3663662948_3698084160_3698084161_#1more_0_D0.2,0,0.0,-1.0,[]
425.0,joinedS_3663662947_3663662948_3698084160_3698084161_#1more_0_D0.3,0,0.0,-1.0,[]
425.0,joinedS_3663662947_3663662948_3698084160_3698084161_#1more_0_D1.0,0,0.0,-1.0,[]
425.0,joinedS_3663662947_3663662948_3698084160_3698084161_#1more_0_D1.1,0,0.0,-1.0,[]
425.0,joinedS_3663662947_3663662948_3698084160_3698084161_#1more_0_D1.2,0,0.0,-1.0,[]
425.0,joinedS_3663662947_3663662948_3698084160_3698084161_#1more_0_D1.3,0,0.0,-1.0,[]
425.0,joinedS_3663662947_3663662948_3698084160_3698084161_#1more_0_D2.0,0,0.0,-1.0,[]
425.0,joinedS_3663662947_3663662948_3698084160_3698084161_#1more_0_D2.1,0,0.0,-1.0,[]
425.0,joinedS_3663662947_3663662948_3698084160_3698084161_#1more_0_D2.2,0,0.0,-1.0,[]
425.0,joinedS_3663662947_3663662948_3698084160_3698084161_#1more_0_D2.3,0,0.0,-1.0,[]
425.0,joinedS_3663662947_3663662948_3698084160_3698084161_#1more_0_D3.0,1,100.0,-1.0,['veh252']
425.0,joinedS_3663662947_3663662948_3698084160_3698084161_#1more_0_D3.1,0,0.0,-1.0,[]
425.0,joinedS_3663662947_3663662948_3698084160_3698084161_#1more_0_D3.2,0,0.0,-1.0,[]
425.0,joinedS_3663662947_3663662948_3698084160_3698084161_#1more_0_D3.3,0,0.0,-1.0,[]
425.0,joinedS_3663662947_3663662948_3698084160_3698084161_#1more_0_D3.4,0,0.0,-1.0,[]
430.0,cluster_122855839_3663662942_3663662943_3663662944_#1more_0_D0.0,0,0.0,-1.0,[]
430.0,cluster_122855839_3663662942_3663662943_3663662944_#1more_0_D0.1,0,0.0,-1.0,[]
430.0,cluster_122855839_3663662942_3663662943_3663662944_#1more_0_D0.2,0,0.0,-1.0,[]
430.0,cluster_122855839_3663662942_3663662943_3663662944_#1more_0_D0.3,0,0.0,-1.0,[]
430.0,cluster_122855839_3663662942_3663662943_3663662944_#1more_0_D0.4,0,0.0,-1.0,[]
430.0,cluster_122855839_3663662942_3663662943_3663662944_#1more_0_D1.0,1,100.0,-1.0,['veh174']
430.0,cluster_122855839_3663662942_3663662943_3663662944_#1more_0_D1.1,1,100.0,-1.0,['veh190']
430.0,cluster_122855839_3663662942_3663662943_3663662944_#1more_0_D1.2,0,0.0,-1.0,[]
430.0,cluster_122855839_3663662942_3663662943_3663662944_#1more_0_D2.0,1,100.0,-1.0,['bus14']
430.0,cluster_122855839_3663662942_3663662943_3663662944_#1more_0_D2.1,0,0.0,-1.0,[]
430.0,cluster_123241924_382443557_5344542568_5546892974_#3more_0_D0.0,0,0.0,-1.0,[]
430.0,cluster_123241924_382443557_5344542568_5546892974_#3more_0_D0.1,0,0.0,-1.0,[]
430.0,cluster_123241924_382443557_5344542568_5546892974_#3more_0_D0.2,0,0.0,-1.0,[]
430.0,cluster_123241924_382443557_5344542568_5546892974_#3more_0_D0.3,0,0.0,-1.0,[]
430.0,cluster_123241924_382443557_5344542568_5546892974_#3more_0_D0.4,1,0.0,-1.0,['veh261']
430.0,cluster_123241924_382443557_5344542568_5546892974_#3more_0_D1.0,0,0.0,-1.0,[]
430.0,cluster_123241924_382443557_5344542568_5546892974_#3more_0_D2.0,0,0.0,-1.0,[]
430.0,cluster_123241924_382443557_5344542568_5546892974_#3more_0_D2.1,0,0.0,-1.0,[]
430.0,cluster_123241924_382443557_5344542568_5546892974_#3more_0_D2.2,0,0.0,-1.0,[]
430.0,cluster_123241924_382443557_5344542568_5546892974_#3more_0_D2.3,0,0.0,-1.0,[]
430.0,cluster_123241924_382443557_5344542568_5546892974_#3more_0_D2.4,0,0.0,-1.0,[]
430.0,cluster_123241924_382443557_5344542568_5546892974_#3more_0_D2.5,0,0.0,-1.0,[]
430.0,cluster_123241924_382443557_5344542568_5546892974_#3more_0_D3.0,0,0.0,-1.0,[]
430.0,cluster_123241924_382443557_5344542568_5546892974_#3more_0_D3.1,0,0.0,-1.0,[]
430.0,cluster_123241924_382443557_5344542568_5546892974_#3more_0_D3.2,0,0.0,-1.0,[]
430.0,cluster_123241924_382443557_5344542568_5546892974_#3more_0_D3.3,0,0.0,-1.0,[]
430.0,cluster_123241924_382443557_5344542568_5546892974_#3more_0_D3.4,0,0.0,-1.0,[]
430.0,cluster_123281084_3663662939_3664674395_3664674397_#1more_0_D0.0,1,100.0,-1.0,['veh240']
430.0,cluster_123281084_3663662939_3664674395_3664674397_#1more_0_D0.1,1,0.0,-1.0,['veh91']
430.0,cluster_123281084_3663662939_3664674395_3664674397_#1more_0_D0.2,0,0.0,-1.0,[]
430.0,cluster_123281084_3663662939_3664674395_3664674397_#1more_0_D0.3,0,0.0,-1.0,[]
430.0,cluster_123281084_3663662939_3664674395_3664674397_#1more_0_D0.4,0,0.0,-1.0,[]
430.0,cluster_123281084_3663662939_3664674395_3664674397_#1more_0_D1.0,1,100.0,-1.0,['veh234']
430.0,cluster_123281084_3663662939_3664674395_3664674397_#1more_0_D1.1,1,100.0,-1.0,['veh238']
430.0,cluster_123281084_3663662939_3664674395_3664674397_#1more_0_D2.0,0,0.0,-1.0,[]
430.0,cluster_123281084_3663662939_3664674395_3664674397_#1more_0_D2.1,0,0.0,-1.0,[]
430.0,cluster_123281085_12840608127_12840608130_12840608135_#1more_0_D0.0,0,0.0,-1.0,[]
430.0,cluster_123281085_12840608127_12840608130_12840608135_#1more_0_D1.0,0,0.0,-1.0,[]
430.0,cluster_123292026_3663224279_3663224280_3663662945_#1more_0_D0.0,0,0.0,-1.0,[]
430.0,cluster_123292026_3663224279_3663224280_3663662945_#1more_0_D0.1,0,0.0,-1.0,[]
430.0,cluster_123292026_3663224279_3663224280_3663662945_#1more_0_D1.0,0,0.0,-1.0,[]
430.0,cluster_123292026_3663224279_3663224280_3663662945_#1more_0_D1.1,0,0.0,-1.0,[]
430.0,cluster_123292026_3663224279_3663224280_3663662945_#1more_0_D1.2,0,0.0,-1.0,[]
430.0,cluster_123292026_3663224279_3663224280_3663662945_#1more_0_D1.3,0,0.0,-1.0,[]
430.0,cluster_123292026_3663224279_3663224280_3663662945_#1more_0_D2.0,0,0.0,-1.0,[]
430.0,cluster_123292026_3663224279_3663224280_3663662945_#1more_0_D2.1,0,0.0,-1.0,[]
430.0,cluster_123292029_3663224277_3663224278_5344542569_#1more_0_D0.0,1,100.0,-1.0,['veh166']
430.0,cluster_123292029_3663224277_3663224278_5344542569_#1more_0_D0.1,0,0.0,-1.0,[]
430.0,cluster_123292029_3663224277_3663224278_5344542569_#1more_0_D0.2,0,0.0,-1.0,[]
430.0,cluster_123292029_3663224277_3663224278_5344542569_#1more_0_D1.0,0,0.0,-1.0,[]
430.0,cluster_123292029_3663224277_3663224278_5344542569_#1more_0_D1.1,1,67.03191907823793,7.459133005224166,['veh192']
430.0,cluster_123292029_3663224277_3663224278_5344542569_#1more_0_D2.0,1,100.0,-1.0,['veh188']
430.0,cluster_123292029_3663224277_3663224278_5344542569_#1more_0_D2.1,0,0.0,-1.0,[]
430.0,cluster_123292029_3663224277_3663224278_5344542569_#1more_0_D2.2,0,0.0,-1.0,[]
430.0,cluster_123292029_3663224277_3663224278_5344542569_#1more_0_D3.0,0,0.0,-1.0,[]
430.0,cluster_123292029_3663224277_3663224278_5344542569_#1more_0_D3.1,1,13.62614737127501,13.866842536451296,['bus25']
430.0,cluster_123292031_3663224275_3663224276_3663662936_#1more_0_D0.0,0,0.0,-1.0,[]
430.0,cluster_123292031_3663224275_3663224276_3663662936_#1more_0_D0.1,0,0.0,-1.0,[]
430.0,cluster_123292031_3663224275_3663224276_3663662936_#1more_0_D1.0,0,0.0,-1.0,[]
430.0,cluster_123292031_3663224275_3663224276_3663662936_#1more_0_D2.0,0,0.0,-1.0,[]
430.0,cluster_123292031_3663224275_3663224276_3663662936_#1more_0_D2.1,0,0.0,-1.0,[]
430.0,cluster_123308403_3663827018_3663827019_3664674393_#1more_0_D0.0,0,0.0,-1.0,[]
430.0,cluster_123308403_3663827018_3663827019_3664674393_#1more_0_D0.1,0,0.0,-1.0,[]
430.0,cluster_123308403_3663827018_3663827019_3664674393_#1more_0_D1.0,0,0.0,-1.0,[]
430.0,cluster_123308403_3663827018_3663827019_3664674393_#1more_0_D1.1,0,0.0,-1.0,[]
430.0,cluster_123308403_3663827018_3663827019_3664674393_#1more_0_D1.2,0,0.0,-1.0,[]
430.0,cluster_123308403_3663827018_3663827019_3664674393_#1more_0_D1.3,0,0.0,-1.0,[]
430.0,cluster_123308403_3663827018_3663827019_3664674393_#1more_0_D2.0,0,0.0,-1.0,[]
430.0,cluster_123308403_3663827018_3663827019_3664674393_#1more_0_D2.1,0,0.0,-1.0,[]
430.0,cluster_123308403_3663827018_3663827019_3664674393_#1more_0_D2.2,0,0.0,-1.0,[]
430.0,cluster_3664723686_3698084157_3698084158_3698084159_#1more_0_D0.0,0,0.0,-1.0,[]
430.0,cluster_3664723686_3698084157_3698084158_3698084159_#1more_0_D0.1,0,0.0,-1.0,[]
430.0,cluster_3664723686_3698084157_3698084158_3698084159_#1more_0_D0.2,0,0.0,-1.0,[]
430.0,cluster_3664723686_3698084157_3698084158_3698084159_#1more_0_D1.0,0,0.0,-1.0,[]
430.0,cluster_3664723686_3698084157_3698084158_3698084159_#1more_0_D1.1,0,0.0,-1.0,[]
430.0,cluster_3664723686_3698084157_3698084158_3698084159_#1more_0_D1.2,0,0.0,-1.0,[]
430.0,joinedS_3663662947_3663662948_3698084160_3698084161_#1more_0_D0.0,0,0.0,-1.0,[]
430.0,joinedS_3663662947_3663662948_3698084160_3698084161_#1more_0_D0.1,0,0.0,-1.0,[]
430.0,joinedS_3663662947_3663662948_3698084160_3698084161_#1more_0_D0.2,0,0.0,-1.0,[]
430.0,joinedS_3663662947_3663662948_3698084160_3698084161_#1more_0_D0.3,0,0.0,-1.0,[]
430.0,joinedS_3663662947_3663662948_3698084160_3698084161_#1more_0_D1.0,0,0.0,-1.0,[]
430.0,joinedS_3663662947_3663662948_3698084160_3698084161_#1more_0_D1.1,0,0.0,-1.0,[]
430.0,joinedS_3663662947_3663662948_3698084160_3698084161_#1more_0_D1.2,0,0.0,-1.0,[]
430.0,joinedS_3663662947_3663662948_3698084160_3698084161_#1more_0_D1.3,0,0.0,-1.0,[]
430.0,joinedS_3663662947_3663662948_3698084160_3698084161_#1more_0_D2.0,0,0.0,-1.0,[]
430.0,joinedS_3663662947_3663662948_3698084160_3698084161_#1more_0_D2.1,1,100.0,-1.0,['veh266']
430.0,joinedS_3663662947_3663662948_3698084160_3698084161_#1more_0_D2.2,0,0.0,-1.0,[]
430.0,joinedS_3663662947_3663662948_3698084160_3698084161_#1more_0_D2.3,0,0.0,-1.0,[]
430.0,joinedS_3663662947_3663662948_3698084160_3698084161_#1more_0_D3.0,1,100.0,-1.0,['veh252']
430.0,joinedS_3663662947_3663662948_3698084160_3698084161_#1more_0_D3.1,0,0.0,-1.0,[]
430.0,joinedS_3663662947_3663662948_3698084160_3698084161_#1more_0_D3.2,0,0.0,-1.0,[]
430.0,joinedS_3663662947_3663662948_3698084160_3698084161_#1more_0_D3.3,0,0.0,-1.0,[]
430.0,joinedS_3663662947_3663662948_3698084160_3698084161_#1more_0_D3.4,0,0.0,-1.0,[]
435.0,cluster_122855839_3663662942_3663662943_3663662944_#1more_0_D0.0,0,0.0,-1.0,[]
435.0,cluster_122855839_3663662942_3663662943_3663662944_#1more_0_D0.1,0,0.0,-1.0,[]
435.0,cluster_122855839_3663662942_3663662943_3663662944_#1more_0_D0.2,0,0.0,-1.0,[]
435.0,cluster_122855839_3663662942_3663662943_3663662944_#1more_0_D0.3,0,0.0,-1.0,[]
435.0,cluster_122855839_3663662942_3663662943_3663662944_#1more_0_D0.4,1,92.70304245378611,5.393566238662099,['veh245']
435.0,cluster_122855839_3663662942_3663662943_3663662944_#1more_0_D1.0,1,100.0,-1.0,['veh174']
435.0,cluster_122855839_3663662942_3663662943_3663662944_#1more_0_D1.1,0,0.0,-1.0,[]
435.0,cluster_122855839_3663662942_3663662943_3663662944_#1more_0_D1.2,1,100.0,-1.0,['truck9']
435.0,cluster_122855839_3663662942_3663662943_3663662944_#1more_0_D2.0,1,100.0,-1.0,['bus14']
435.0,cluster_122855839_3663662942_3663662943_3663662944_#1more_0_D2.1,1,18.399558927870885,2.178677650329804,['veh200']
435.0,cluster_123241924_382443557_5344542568_5546892974_#3more_0_D0.0,0,0.0,-1.0,[]
435.0,cluster_123241924_382443557_5344542568_5546892974_#3more_0_D0.1,0,0.0,-1.0,[]
435.0,cluster_123241924_382443557_5344542568_5546892974_#3more_0_D0.2,0,0.0,-1.0,[]
435.0,cluster_123241924_382443557_5344542568_5546892974_#3more_0_D0.3,0,0.0,-1.0,[]
435.0,cluster_123241924_382443557_5344542568_5546892974_#3more_0_D0.4,0,0.0,-1.0,[]
435.0,cluster_123241924_382443557_5344542568_5546892974_#3more_0_D1.0,0,0.0,-1.0,[]
435.0,cluster_123241924_382443557_5344542568_5546892974_#3more_0_D2.0,0,0.0,-1.0,[]
435.0,cluster_123241924_382443557_5344542568_5546892974_#3more_0_D2.1,0,0.0,-1.0,[]
435.0,cluster_123241924_382443557_5344542568_5546892974_#3more_0_D2.2,0,0.0,-1.0,[]
435.0,cluster_123241924_382443557_5344542568_5546892974_#3more_0_D2.3,0,0.0,-1.0,[]
435.0,cluster_123241924_382443557_5344542568_5546892974_#3more_0_D2.4,0,0.0,-1.0,[]
435.0,cluster_123241924_382443557_5344542568_5546892974_#3more_0_D2.5,0,0.0,-1.0,[]
435.0,cluster_123241924_382443557_5344542568_5546892974_#3more_0_D3.0,0,0.0,-1.0,[]
435.0,cluster_123241924_382443557_5344542568_5546892974_#3more_0_D3.1,0,0.0,-1.0,[]
435.0,cluster_123241924_382443557_5344542568_5546892974_#3more_0_D3.2,0,0.0,-1.0,[]
435.0,cluster_123241924_382443557_5344542568_5546892974_#3more_0_D3.3,0,0.0,-1.0,[]
435.0,cluster_123241924_382443557_5344542568_5546892974_#3more_0_D3.4,0,0.0,-1.0,[]
435.0,cluster_123281084_3663662939_3664674395_3664674397_#1more_0_D0.0,0,0.0,-1.0,[]
435.0,cluster_123281084_3663662939_3664674395_3664674397_#1more_0_D0.1,0,0.0,-1.0,[]
435.0,cluster_123281084_3663662939_3664674395_3664674397_#1more_0_D0.2,0,0.0,-1.0,[]
435.0,cluster_123281084_3663662939_3664674395_3664674397_#1more_0_D0.3,0,0.0,-1.0,[]
435.0,cluster_123281084_3663662939_3664674395_3664674397_#1more_0_D0.4,0,0.0,-1.0,[]
435.0,cluster_123281084_3663662939_3664674395_3664674397_#1more_0_D1.0,1,100.0,-1.0,['veh234']
435.0,cluster_123281084_3663662939_3664674395_3664674397_#1more_0_D1.1,1,100.0,-1.0,['veh238']
435.0,cluster_123281084_3663662939_3664674395_3664674397_#1more_0_D2.0,0,0.0,-1.0,[]
435.0,cluster_123281084_3663662939_3664674395_3664674397_#1more_0_D2.1,0,0.0,-1.0,[]
435.0,cluster_123281085_12840608127_12840608130_12840608135_#1more_0_D0.0,0,0.0,-1.0,[]
435.0,cluster_123281085_12840608127_12840608130_12840608135_#1more_0_D1.0,0,0.0,-1.0,[]
435.0,cluster_123292026_3663224279_3663224280_3663662945_#1more_0_D0.0,0,0.0,-1.0,[]
435.0,cluster_123292026_3663224279_3663224280_3663662945_#1more_0_D0.1,0,0.0,-1.0,[]
435.0,cluster_123292026_3663224279_3663224280_3663662945_#1more_0_D1.0,0,0.0,-1.0,[]
435.0,cluster_123292026_3663224279_3663224280_3663662945_#1more_0_D1.1,0,0.0,-1.0,[]
435.0,cluster_123292026_3663224279_3663224280_3663662945_#1more_0_D1.2,0,0.0,-1.0,[]
435.0,cluster_123292026_3663224279_3663224280_3663662945_#1more_0_D1.3,0,0.0,-1.0,[]
435.0,cluster_123292026_3663224279_3663224280_3663662945_#1more_0_D2.0,0,0.0,-1.0,[]
435.0,cluster_123292026_3663224279_3663224280_3663662945_#1more_0_D2.1,0,0.0,-1.0,[]
435.0,cluster_123292029_3663224277_3663224278_5344542569_#1more_0_D0.0,1,100.0,-1.0,['veh166']
435.0,cluster_123292029_3663224277_3663224278_5344542569_#1more_0_D0.1,0,0.0,-1.0,[]
435.0,cluster_123292029_3663224277_3663224278_5344542569_#1more_0_D0.2,0,0.0,-1.0,[]
435.0,cluster_123292029_3663224277_3663224278_5344542569_#1more_0_D1.0,0,0.0,-1.0,[]
435.0,cluster_123292029_3663224277_3663224278_5344542569_#1more_0_D1.1,0,0.0,-1.0,[]
435.0,cluster_123292029_3663224277_3663224278_5344542569_#1more_0_D2.0,1,100.0,-1.0,['veh188']
435.0,cluster_123292029_3663224277_3663224278_5344542569_#1more_0_D2.1,0,0.0,-1.0,[]
435.0,cluster_123292029_3663224277_3663224278_5344542569_#1more_0_D2.2,0,0.0,-1.0,[]
435.0,cluster_123292029_3663224277_3663224278_5344542569_#1more_0_D3.0,0,0.0,-1.0,[]
435.0,cluster_123292029_3663224277_3663224278_5344542569_#1more_0_D3.1,0,0.0,-1.0,[]
435.0,cluster_123292031_3663224275_3663224276_3663662936_#1more_0_D0.0,0,0.0,-1.0,[]
435.0,cluster_123292031_3663224275_3663224276_3663662936_#1more_0_D0.1,0,0.0,-1.0,[]
435.0,cluster_123292031_3663224275_3663224276_3663662936_#1more_0_D1.0,0,0.0,-1.0,[]
435.0,cluster_123292031_3663224275_3663224276_3663662936_#1more_0_D2.0,0,0.0,-1.0,[]
435.0,cluster_123292031_3663224275_3663224276_3663662936_#1more_0_D2.1,1,30.328512861626677,13.735524045722556,['veh265']
435.0,cluster_123308403_3663827018_3663827019_3664674393_#1more_0_D0.0,0,0.0,-1.0,[]
435.0,cluster_123308403_3663827018_3663827019_3664674393_#1more_0_D0.1,1,53.45654332404024,9.35339191255081,['veh262']
435.0,cluster_123308403_3663827018_3663827019_3664674393_#1more_0_D1.0,0,0.0,-1.0,[]
435.0,cluster_123308403_3663827018_3663827019_3664674393_#1more_0_D1.1,0,0.0,-1.0,[]
435.0,cluster_123308403_3663827018_3663827019_3664674393_#1more_0_D1.2,0,0.0,-1.0,[]
435.0,cluster_123308403_3663827018_3663827019_3664674393_#1more_0_D1.3,0,0.0,-1.0,[]
435.0,cluster_123308403_3663827018_3663827019_3664674393_#1more_0_D2.0,0,0.0,-1.0,[]
435.0,cluster_123308403_3663827018_3663827019_3664674393_#1more_0_D2.1,0,0.0,-1.0,[]
435.0,cluster_123308403_3663827018_3663827019_3664674393_#1more_0_D2.2,0,0.0,-1.0,[]
435.0,cluster_3664723686_3698084157_3698084158_3698084159_#1more_0_D0.0,0,0.0,-1.0,[]
435.0,cluster_3664723686_3698084157_3698084158_3698084159_#1more_0_D0.1,0,0.0,-1.0,[]
435.0,cluster_3664723686_3698084157_3698084158_3698084159_#1more_0_D0.2,0,0.0,-1.0,[]
435.0,cluster_3664723686_3698084157_3698084158_3698084159_#1more_0_D1.0,0,0.0,-1.0,[]
435.0,cluster_3664723686_3698084157_3698084158_3698084159_#1more_0_D1.1,0,0.0,-1.0,[]
435.0,cluster_3664723686_3698084157_3698084158_3698084159_#1more_0_D1.2,0,0.0,-1.0,[]
435.0,joinedS_3663662947_3663662948_3698084160_3698084161_#1more_0_D0.0,0,0.0,-1.0,[]
435.0,joinedS_3663662947_3663662948_3698084160_3698084161_#1more_0_D0.1,0,0.0,-1.0,[]
435.0,joinedS_3663662947_3663662948_3698084160_3698084161_#1more_0_D0.2,0,0.0,-1.0,[]
435.0,joinedS_3663662947_3663662948_3698084160_3698084161_#1more_0_D0.3,0,0.0,-1.0,[]
435.0,joinedS_3663662947_3663662948_3698084160_3698084161_#1more_0_D1.0,0,0.0,-1.0,[]
435.0,joinedS_3663662947_3663662948_3698084160_3698084161_#1more_0_D1.1,0,0.0,-1.0,[]
435.0,joinedS_3663662947_3663662948_3698084160_3698084161_#1more_0_D1.2,0,0.0,-1.0,[]
435.0,joinedS_3663662947_3663662948_3698084160_3698084161_#1more_0_D1.3,0,0.0,-1.0,[]
435.0,joinedS_3663662947_3663662948_3698084160_3698084161_#1more_0_D2.0,0,0.0,-1.0,[]
435.0,joinedS_3663662947_3663662948_3698084160_3698084161_#1more_0_D2.1,1,100.0,-1.0,['veh266']
435.0,joinedS_3663662947_3663662948_3698084160_3698084161_#1more_0_D2.2,0,0.0,-1.0,[]
435.0,joinedS_3663662947_3663662948_3698084160_3698084161_#1more_0_D2.3,1,100.0,-1.0,['veh268']
435.0,joinedS_3663662947_3663662948_3698084160_3698084161_#1more_0_D3.0,1,0.0,-1.0,['veh252']
435.0,joinedS_3663662947_3663662948_3698084160_3698084161_#1more_0_D3.1,0,0.0,-1.0,[]
435.0,joinedS_3663662947_3663662948_3698084160_3698084161_#1more_0_D3.2,0,0.0,-1.0,[]
435.0,joinedS_3663662947_3663662948_3698084160_3698084161_#1more_0_D3.3,0,0.0,-1.0,[]
435.0,joinedS_3663662947_3663662948_3698084160_3698084161_#1more_0_D3.4,0,0.0,-1.0,[]
440.0,cluster_122855839_3663662942_3663662943_3663662944_#1more_0_D0.0,0,0.0,-1.0,[]
440.0,cluster_122855839_3663662942_3663662943_3663662944_#1more_0_D0.1,0,0.0,-1.0,[]
440.0,cluster_122855839_3663662942_3663662943_3663662944_#1more_0_D0.2,0,0.0,-1.0,[]
440.0,cluster_122855839_3663662942_3663662943_3663662944_#1more_0_D0.3,0,0.0,-1.0,[]
440.0,cluster_122855839_3663662942_3663662943_3663662944_#1more_0_D0.4,0,0.0,-1.0,[]
440.0,cluster_122855839_3663662942_3663662943_3663662944_#1more_0_D1.0,0,0.0,-1.0,[]
440.0,cluster_122855839_3663662942_3663662943_3663662944_#1more_0_D1.1,0,0.0,-1.0,[]
440.0,cluster_122855839_3663662942_3663662943_3663662944_#1more_0_D1.2,1,100.0,-1.0,['truck9']
440.0,cluster_122855839_3663662942_3663662943_3663662944_#1more_0_D2.0,1,100.0,-1.0,['bus14']
440.0,cluster_122855839_3663662942_3663662943_3663662944_#1more_0_D2.1,0,0.0,-1.0,[]
440.0,cluster_123241924_382443557_5344542568_5546892974_#3more_0_D0.0,1,1.899639304684797,15.811508782586866,['veh118']
440.0,cluster_123241924_382443557_5344542568_5546892974_#3more_0_D0.1,0,0.0,-1.0,[]
440.0,cluster_123241924_382443557_5344542568_5546892974_#3more_0_D0.2,0,0.0,-1.0,[]
440.0,cluster_123241924_382443557_5344542568_5546892974_#3more_0_D0.3,0,0.0,-1.0,[]
440.0,cluster_123241924_382443557_5344542568_5546892974_#3more_0_D0.4,0,0.0,-1.0,[]
440.0,cluster_123241924_382443557_5344542568_5546892974_#3more_0_D1.0,0,0.0,-1.0,[]
440.0,cluster_123241924_382443557_5344542568_5546892974_#3more_0_D2.0,0,0.0,-1.0,[]
440.0,cluster_123241924_382443557_5344542568_5546892974_#3more_0_D2.1,0,0.0,-1.0,[]
440.0,cluster_123241924_382443557_5344542568_5546892974_#3more_0_D2.2,0,0.0,-1.0,[]
440.0,cluster_123241924_382443557_5344542568_5546892974_#3more_0_D2.3,0,0.0,-1.0,[]
440.0,cluster_123241924_382443557_5344542568_5546892974_#3more_0_D2.4,0,0.0,-1.0,[]
440.0,cluster_123241924_382443557_5344542568_5546892974_#3more_0_D2.5,0,0.0,-1.0,[]
440.0,cluster_123241924_382443557_5344542568_5546892974_#3more_0_D3.0,0,0.0,-1.0,[]
440.0,cluster_123241924_382443557_5344542568_5546892974_#3more_0_D3.1,0,0.0,-1.0,[]
440.0,cluster_123241924_382443557_5344542568_5546892974_#3more_0_D3.2,0,0.0,-1.0,[]
440.0,cluster_123241924_382443557_5344542568_5546892974_#3more_0_D3.3,0,0.0,-1.0,[]
440.0,cluster_123241924_382443557_5344542568_5546892974_#3more_0_D3.4,0,0.0,-1.0,[]
440.0,cluster_123281084_3663662939_3664674395_3664674397_#1more_0_D0.0,1,100.0,-1.0,['veh222']
440.0,cluster_123281084_3663662939_3664674395_3664674397_#1more_0_D0.1,0,0.0,-1.0,[]
440.0,cluster_123281084_3663662939_3664674395_3664674397_#1more_0_D0.2,0,0.0,-1.0,[]
440.0,cluster_123281084_3663662939_3664674395_3664674397_#1more_0_D0.3,0,0.0,-1.0,[]
440.0,cluster_123281084_3663662939_3664674395_3664674397_#1more_0_D0.4,0,0.0,-1.0,[]
440.0,cluster_123281084_3663662939_3664674395_3664674397_#1more_0_D1.0,1,100.0,-1.0,['veh234']
440.0,cluster_123281084_3663662939_3664674395_3664674397_#1more_0_D1.1,1,100.0,-1.0,['veh238']
440.0,cluster_123281084_3663662939_3664674395_3664674397_#1more_0_D2.0,0,0.0,-1.0,[]
440.0,cluster_123281084_3663662939_3664674395_3664674397_#1more_0_D2.1,0,0.0,-1.0,[]
440.0,cluster_123281085_12840608127_12840608130_12840608135_#1more_0_D0.0,0,0.0,-1.0,[]
440.0,cluster_123281085_12840608127_12840608130_12840608135_#1more_0_D1.0,0,0.0,-1.0,[]
440.0,cluster_123292026_3663224279_3663224280_3663662945_#1more_0_D0.0,0,0.0,-1.0,[]
440.0,cluster_123292026_3663224279_3663224280_3663662945_#1more_0_D0.1,0,0.0,-1.0,[]
440.0,cluster_123292026_3663224279_3663224280_3663662945_#1more_0_D1.0,0,0.0,-1.0,[]
440.0,cluster_123292026_3663224279_3663224280_3663662945_#1more_0_D1.1,0,0.0,-1.0,[]
440.0,cluster_123292026_3663224279_3663224280_3663662945_#1more_0_D1.2,0,0.0,-1.0,[]
440.0,cluster_123292026_3663224279_3663224280_3663662945_#1more_0_D1.3,0,0.0,-1.0,[]
440.0,cluster_123292026_3663224279_3663224280_3663662945_#1more_0_D2.0,0,0.0,-1.0,[]
440.0,cluster_123292026_3663224279_3663224280_3663662945_#1more_0_D2.1,0,0.0,-1.0,[]
440.0,cluster_123292029_3663224277_3663224278_5344542569_#1more_0_D0.0,1,100.0,-1.0,['veh166']
440.0,cluster_123292029_3663224277_3663224278_5344542569_#1more_0_D0.1,0,0.0,-1.0,[]
440.0,cluster_123292029_3663224277_3663224278_5344542569_#1more_0_D0.2,0,0.0,-1.0,[]
440.0,cluster_123292029_3663224277_3663224278_5344542569_#1more_0_D1.0,0,0.0,-1.0,[]
440.0,cluster_123292029_3663224277_3663224278_5344542569_#1more_0_D1.1,0,0.0,-1.0,[]
440.0,cluster_123292029_3663224277_3663224278_5344542569_#1more_0_D2.0,1,0.0,-1.0,['veh188']
440.0,cluster_123292029_3663224277_3663224278_5344542569_#1more_0_D2.1,0,0.0,-1.0,[]
440.0,cluster_123292029_3663224277_3663224278_5344542569_#1more_0_D2.2,0,0.0,-1.0,[]
440.0,cluster_123292029_3663224277_3663224278_5344542569_#1more_0_D3.0,0,0.0,-1.0,[]
440.0,cluster_123292029_3663224277_3663224278_5344542569_#1more_0_D3.1,0,0.0,-1.0,[]
440.0,cluster_123292031_3663224275_3663224276_3663662936_#1more_0_D0.0,0,0.0,-1.0,[]
440.0,cluster_123292031_3663224275_3663224276_3663662936_#1more_0_D0.1,0,0.0,-1.0,[]
440.0,cluster_123292031_3663224275_3663224276_3663662936_#1more_0_D1.0,0,0.0,-1.0,[]
440.0,cluster_123292031_3663224275_3663224276_3663662936_#1more_0_D2.0,0,0.0,-1.0,[]
440.0,cluster_123292031_3663224275_3663224276_3663662936_#1more_0_D2.1,0,0.0,-1.0,[]
440.0,cluster_123308403_3663827018_3663827019_3664674393_#1more_0_D0.0,0,0.0,-1.0,[]
440.0,cluster_123308403_3663827018_3663827019_3664674393_#1more_0_D0.1,0,0.0,-1.0,[]
440.0,cluster_123308403_3663827018_3663827019_3664674393_#1more_0_D1.0,0,0.0,-1.0,[]
440.0,cluster_123308403_3663827018_3663827019_3664674393_#1more_0_D1.1,0,0.0,-1.0,[]
440.0,cluster_123308403_3663827018_3663827019_3664674393_#1more_0_D1.2,0,0.0,-1.0,[]
440.0,cluster_123308403_3663827018_3663827019_3664674393_#1more_0_D1.3,0,0.0,-1.0,[]
440.0,cluster_123308403_3663827018_3663827019_3664674393_#1more_0_D2.0,0,0.0,-1.0,[]
440.0,cluster_123308403_3663827018_3663827019_3664674393_#1more_0_D2.1,0,0.0,-1.0,[]
440.0,cluster_123308403_3663827018_3663827019_3664674393_#1more_0_D2.2,0,0.0,-1.0,[]
440.0,cluster_3664723686_3698084157_3698084158_3698084159_#1more_0_D0.0,0,0.0,-1.0,[]
440.0,cluster_3664723686_3698084157_3698084158_3698084159_#1more_0_D0.1,0,0.0,-1.0,[]
440.0,cluster_3664723686_3698084157_3698084158_3698084159_#1more_0_D0.2,0,0.0,-1.0,[]
440.0,cluster_3664723686_3698084157_3698084158_3698084159_#1more_0_D1.0,0,0.0,-1.0,[]
440.0,cluster_3664723686_3698084157_3698084158_3698084159_#1more_0_D1.1,0,0.0,-1.0,[]
440.0,cluster_3664723686_3698084157_3698084158_3698084159_#1more_0_D1.2,0,0.0,-1.0,[]
440.0,joinedS_3663662947_3663662948_3698084160_3698084161_#1more_0_D0.0,0,0.0,-1.0,[]
440.0,joinedS_3663662947_3663662948_3698084160_3698084161_#1more_0_D0.1,0,0.0,-1.0,[]
440.0,joinedS_3663662947_3663662948_3698084160_3698084161_#1more_0_D0.2,0,0.0,-1.0,[]
440.0,joinedS_3663662947_3663662948_3698084160_3698084161_#1more_0_D0.3,0,0.0,-1.0,[]
440.0,joinedS_3663662947_3663662948_3698084160_3698084161_#1more_0_D1.0,0,0.0,-1.0,[]
440.0,joinedS_3663662947_3663662948_3698084160_3698084161_#1more_0_D1.1,0,0.0,-1.0,[]
440.0,joinedS_3663662947_3663662948_3698084160_3698084161_#1more_0_D1.2,0,0.0,-1.0,[]
440.0,joinedS_3663662947_3663662948_3698084160_3698084161_#1more_0_D1.3,0,0.0,-1.0,[]
440.0,joinedS_3663662947_3663662948_3698084160_3698084161_#1more_0_D2.0,1,100.0,-1.0,['bus27']
440.0,joinedS_3663662947_3663662948_3698084160_3698084161_#1more_0_D2.1,1,100.0,-1.0,['veh266']
440.0,joinedS_3663662947_3663662948_3698084160_3698084161_#1more_0_D2.2,0,0.0,-1.0,[]
440.0,joinedS_3663662947_3663662948_3698084160_3698084161_#1more_0_D2.3,1,100.0,-1.0,['veh268']
440.0,joinedS_3663662947_3663662948_3698084160_3698084161_#1more_0_D3.0,1,100.0,1.5489799147201615,['bus26']
440.0,joinedS_3663662947_3663662948_3698084160_3698084161_#1more_0_D3.1,0,0.0,-1.0,[]
440.0,joinedS_3663662947_3663662948_3698084160_3698084161_#1more_0_D3.2,0,0.0,-1.0,[]
440.0,joinedS_3663662947_3663662948_3698084160_3698084161_#1more_0_D3.3,0,0.0,-1.0,[]
440.0,joinedS_3663662947_3663662948_3698084160_3698084161_#1more_0_D3.4,0,0.0,-1.0,[]
445.0,cluster_122855839_3663662942_3663662943_3663662944_#1more_0_D0.0,0,0.0,-1.0,[]
445.0,cluster_122855839_3663662942_3663662943_3663662944_#1more_0_D0.1,0,0.0,-1.0,[]
445.0,cluster_122855839_3663662942_3663662943_3663662944_#1more_0_D0.2,0,0.0,-1.0,[]
445.0,cluster_122855839_3663662942_3663662943_3663662944_#1more_0_D0.3,0,0.0,-1.0,[]
445.0,cluster_122855839_3663662942_3663662943_3663662944_#1more_0_D0.4,0,0.0,-1.0,[]
445.0,cluster_122855839_3663662942_3663662943_3663662944_#1more_0_D1.0,1,50.43588094908387,5.014757402851407,['veh144']
445.0,cluster_122855839_3663662942_3663662943_3663662944_#1more_0_D1.1,0,0.0,-1.0,[]
445.0,cluster_122855839_3663662942_3663662943_3663662944_#1more_0_D1.2,0,0.0,-1.0,[]
445.0,cluster_122855839_3663662942_3663662943_3663662944_#1more_0_D2.0,1,100.0,-1.0,['bus14']
445.0,cluster_122855839_3663662942_3663662943_3663662944_#1more_0_D2.1,0,0.0,-1.0,[]
445.0,cluster_123241924_382443557_5344542568_5546892974_#3more_0_D0.0,0,0.0,-1.0,[]
445.0,cluster_123241924_382443557_5344542568_5546892974_#3more_0_D0.1,0,0.0,-1.0,[]
445.0,cluster_123241924_382443557_5344542568_5546892974_#3more_0_D0.2,0,0.0,-1.0,[]
445.0,cluster_123241924_382443557_5344542568_5546892974_#3more_0_D0.3,1,31.33551644353929,12.893611031150183,['veh142']
445.0,cluster_123241924_382443557_5344542568_5546892974_#3more_0_D0.4,0,0.0,-1.0,[]
445.0,cluster_123241924_382443557_5344542568_5546892974_#3more_0_D1.0,0,0.0,-1.0,[]
445.0,cluster_123241924_382443557_5344542568_5546892974_#3more_0_D2.0,0,0.0,-1.0,[]
445.0,cluster_123241924_382443557_5344542568_5546892974_#3more_0_D2.1,0,0.0,-1.0,[]
445.0,cluster_123241924_382443557_5344542568_5546892974_#3more_0_D2.2,0,0.0,-1.0,[]
445.0,cluster_123241924_382443557_5344542568_5546892974_#3more_0_D2.3,0,0.0,-1.0,[]
445.0,cluster_123241924_382443557_5344542568_5546892974_#3more_0_D2.4,0,0.0,-1.0,[]
445.0,cluster_123241924_382443557_5344542568_5546892974_#3more_0_D2.5,0,0.0,-1.0,[]
445.0,cluster_123241924_382443557_5344542568_5546892974_#3more_0_D3.0,0,0.0,-1.0,[]
445.0,cluster_123241924_382443557_5344542568_5546892974_#3more_0_D3.1,0,0.0,-1.0,[]
445.0,cluster_123241924_382443557_5344542568_5546892974_#3more_0_D3.2,0,0.0,-1.0,[]
445.0,cluster_123241924_382443557_5344542568_5546892974_#3more_0_D3.3,0,0.0,-1.0,[]
445.0,cluster_123241924_382443557_5344542568_5546892974_#3more_0_D3.4,0,0.0,-1.0,[]
445.0,cluster_123281084_3663662939_3664674395_3664674397_#1more_0_D0.0,1,100.0,-1.0,['veh222']
445.0,cluster_123281084_3663662939_3664674395_3664674397_#1more_0_D0.1,0,0.0,-1.0,[]
445.0,cluster_123281084_3663662939_3664674395_3664674397_#1more_0_D0.2,0,0.0,-1.0,[]
445.0,cluster_123281084_3663662939_3664674395_3664674397_#1more_0_D0.3,0,0.0,-1.0,[]
445.0,cluster_123281084_3663662939_3664674395_3664674397_#1more_0_D0.4,0,0.0,-1.0,[]
445.0,cluster_123281084_3663662939_3664674395_3664674397_#1more_0_D1.0,1,100.0,-1.0,['veh234']
445.0,cluster_123281084_3663662939_3664674395_3664674397_#1more_0_D1.1,1,100.0,-1.0,['veh238']
445.0,cluster_123281084_3663662939_3664674395_3664674397_#1more_0_D2.0,0,0.0,-1.0,[]
445.0,cluster_123281084_3663662939_3664674395_3664674397_#1more_0_D2.1,0,0.0,-1.0,[]
445.0,cluster_123281085_12840608127_12840608130_12840608135_#1more_0_D0.0,0,0.0,-1.0,[]
445.0,cluster_123281085_12840608127_12840608130_12840608135_#1more_0_D1.0,0,0.0,-1.0,[]
445.0,cluster_123292026_3663224279_3663224280_3663662945_#1more_0_D0.0,0,0.0,-1.0,[]
445.0,cluster_123292026_3663224279_3663224280_3663662945_#1more_0_D0.1,0,0.0,-1.0,[]
445.0,cluster_123292026_3663224279_3663224280_3663662945_#1more_0_D1.0,0,0.0,-1.0,[]
445.0,cluster_123292026_3663224279_3663224280_3663662945_#1more_0_D1.1,0,0.0,-1.0,[]
445.0,cluster_123292026_3663224279_3663224280_3663662945_#1more_0_D1.2,0,0.0,-1.0,[]
445.0,cluster_123292026_3663224279_3663224280_3663662945_#1more_0_D1.3,0,0.0,-1.0,[]
445.0,cluster_123292026_3663224279_3663224280_3663662945_#1more_0_D2.0,0,0.0,-1.0,[]
445.0,cluster_123292026_3663224279_3663224280_3663662945_#1more_0_D2.1,0,0.0,-1.0,[]
445.0,cluster_123292029_3663224277_3663224278_5344542569_#1more_0_D0.0,0,0.0,-1.0,[]
445.0,cluster_123292029_3663224277_3663224278_5344542569_#1more_0_D0.1,0,0.0,-1.0,[]
445.0,cluster_123292029_3663224277_3663224278_5344542569_#1more_0_D0.2,0,0.0,-1.0,[]
445.0,cluster_123292029_3663224277_3663224278_5344542569_#1more_0_D1.0,0,0.0,-1.0,[]
445.0,cluster_123292029_3663224277_3663224278_5344542569_#1more_0_D1.1,0,0.0,-1.0,[]
445.0,cluster_123292029_3663224277_3663224278_5344542569_#1more_0_D2.0,1,100.0,-1.0,['veh206']
445.0,cluster_123292029_3663224277_3663224278_5344542569_#1more_0_D2.1,0,0.0,-1.0,[]
445.0,cluster_123292029_3663224277_3663224278_5344542569_#1more_0_D2.2,0,0.0,-1.0,[]
445.0,cluster_123292029_3663224277_3663224278_5344542569_#1more_0_D3.0,0,0.0,-1.0,[]
445.0,cluster_123292029_3663224277_3663224278_5344542569_#1more_0_D3.1,0,0.0,-1.0,[]
445.0,cluster_123292031_3663224275_3663224276_3663662936_#1more_0_D0.0,0,0.0,-1.0,[]
445.0,cluster_123292031_3663224275_3663224276_3663662936_#1more_0_D0.1,0,0.0,-1.0,[]
445.0,cluster_123292031_3663224275_3663224276_3663662936_#1more_0_D1.0,1,0.0,-1.0,['veh219']
445.0,cluster_123292031_3663224275_3663224276_3663662936_#1more_0_D2.0,0,0.0,-1.0,[]
445.0,cluster_123292031_3663224275_3663224276_3663662936_#1more_0_D2.1,0,0.0,-1.0,[]
445.0,cluster_123308403_3663827018_3663827019_3664674393_#1more_0_D0.0,0,0.0,-1.0,[]
445.0,cluster_123308403_3663827018_3663827019_3664674393_#1more_0_D0.1,0,0.0,-1.0,[]
445.0,cluster_123308403_3663827018_3663827019_3664674393_#1more_0_D1.0,0,0.0,-1.0,[]
445.0,cluster_123308403_3663827018_3663827019_3664674393_#1more_0_D1.1,0,0.0,-1.0,[]
445.0,cluster_123308403_3663827018_3663827019_3664674393_#1more_0_D1.2,0,0.0,-1.0,[]
445.0,cluster_123308403_3663827018_3663827019_3664674393_#1more_0_D1.3,0,0.0,-1.0,[]
445.0,cluster_123308403_3663827018_3663827019_3664674393_#1more_0_D2.0,0,0.0,-1.0,[]
445.0,cluster_123308403_3663827018_3663827019_3664674393_#1more_0_D2.1,1,37.01514131825547,13.507985710523421,['veh198']
445.0,cluster_123308403_3663827018_3663827019_3664674393_#1more_0_D2.2,0,0.0,-1.0,[]
445.0,cluster_3664723686_3698084157_3698084158_3698084159_#1more_0_D0.0,0,0.0,-1.0,[]
445.0,cluster_3664723686_3698084157_3698084158_3698084159_#1more_0_D0.1,0,0.0,-1.0,[]
445.0,cluster_3664723686_3698084157_3698084158_3698084159_#1more_0_D0.2,0,0.0,-1.0,[]
445.0,cluster_3664723686_3698084157_3698084158_3698084159_#1more_0_D1.0,0,0.0,-1.0,[]
445.0,cluster_3664723686_3698084157_3698084158_3698084159_#1more_0_D1.1,0,0.0,-1.0,[]
445.0,cluster_3664723686_3698084157_3698084158_3698084159_#1more_0_D1.2,0,0.0,-1.0,[]
445.0,joinedS_3663662947_3663662948_3698084160_3698084161_#1more_0_D0.0,0,0.0,-1.0,[]
445.0,joinedS_3663662947_3663662948_3698084160_3698084161_#1more_0_D0.1,0,0.0,-1.0,[]
445.0,joinedS_3663662947_3663662948_3698084160_3698084161_#1more_0_D0.2,0,0.0,-1.0,[]
445.0,joinedS_3663662947_3663662948_3698084160_3698084161_#1more_0_D0.3,0,0.0,-1.0,[]
445.0,joinedS_3663662947_3663662948_3698084160_3698084161_#1more_0_D1.0,0,0.0,-1.0,[]
445.0,joinedS_3663662947_3663662948_3698084160_3698084161_#1more_0_D1.1,1,0.0,-1.0,['bus26']
445.0,joinedS_3663662947_3663662948_3698084160_3698084161_#1more_0_D1.2,0,0.0,-1.0,[]
445.0,joinedS_3663662947_3663662948_3698084160_3698084161_#1more_0_D1.3,0,0.0,-1.0,[]
445.0,joinedS_3663662947_3663662948_3698084160_3698084161_#1more_0_D2.0,1,100.0,-1.0,['bus27']
445.0,joinedS_3663662947_3663662948_3698084160_3698084161_#1more_0_D2.1,1,100.0,-1.0,['veh266']
445.0,joinedS_3663662947_3663662948_3698084160_3698084161_#1more_0_D2.2,0,0.0,-1.0,[]
445.0,joinedS_3663662947_3663662948_3698084160_3698084161_#1more_0_D2.3,1,100.0,-1.0,['veh268']
445.0,joinedS_3663662947_3663662948_3698084160_3698084161_#1more_0_D3.0,2,100.0,1.526991436771993,"['bus26', 'veh269']"
445.0,joinedS_3663662947_3663662948_3698084160_3698084161_#1more_0_D3.1,0,0.0,-1.0,[]
445.0,joinedS_3663662947_3663662948_3698084160_3698084161_#1more_0_D3.2,0,0.0,-1.0,[]
445.0,joinedS_3663662947_3663662948_3698084160_3698084161_#1more_0_D3.3,0,0.0,-1.0,[]
445.0,joinedS_3663662947_3663662948_3698084160_3698084161_#1more_0_D3.4,0,0.0,-1.0,[]
450.0,cluster_122855839_3663662942_3663662943_3663662944_#1more_0_D0.0,0,0.0,-1.0,[]
450.0,cluster_122855839_3663662942_3663662943_3663662944_#1more_0_D0.1,1,41.24626829901672,8.126991793343038,['veh255']
450.0,cluster_122855839_3663662942_3663662943_3663662944_#1more_0_D0.2,0,0.0,-1.0,[]
450.0,cluster_122855839_3663662942_3663662943_3663662944_#1more_0_D0.3,0,0.0,-1.0,[]
450.0,cluster_122855839_3663662942_3663662943_3663662944_#1more_0_D0.4,0,0.0,-1.0,[]
450.0,cluster_122855839_3663662942_3663662943_3663662944_#1more_0_D1.0,0,0.0,-1.0,[]
450.0,cluster_122855839_3663662942_3663662943_3663662944_#1more_0_D1.1,1,100.0,5.640575220094163,['veh213']
450.0,cluster_122855839_3663662942_3663662943_3663662944_#1more_0_D1.2,1,0.0,-1.0,['veh213']
450.0,cluster_122855839_3663662942_3663662943_3663662944_#1more_0_D2.0,1,0.0,-1.0,['bus14']
450.0,cluster_122855839_3663662942_3663662943_3663662944_#1more_0_D2.1,0,0.0,-1.0,[]
450.0,cluster_123241924_382443557_5344542568_5546892974_#3more_0_D0.0,1,68.43670136724427,6.759127877725729,['veh129']
450.0,cluster_123241924_382443557_5344542568_5546892974_#3more_0_D0.1,0,0.0,-1.0,[]
450.0,cluster_123241924_382443557_5344542568_5546892974_#3more_0_D0.2,0,0.0,-1.0,[]
450.0,cluster_123241924_382443557_5344542568_5546892974_#3more_0_D0.3,1,0.0,-1.0,['veh163']
450.0,cluster_123241924_382443557_5344542568_5546892974_#3more_0_D0.4,0,0.0,-1.0,[]
450.0,cluster_123241924_382443557_5344542568_5546892974_#3more_0_D1.0,0,0.0,-1.0,[]
450.0,cluster_123241924_382443557_5344542568_5546892974_#3more_0_D2.0,0,0.0,-1.0,[]
450.0,cluster_123241924_382443557_5344542568_5546892974_#3more_0_D2.1,0,0.0,-1.0,[]
450.0,cluster_123241924_382443557_5344542568_5546892974_#3more_0_D2.2,0,0.0,-1.0,[]
450.0,cluster_123241924_382443557_5344542568_5546892974_#3more_0_D2.3,0,0.0,-1.0,[]
450.0,cluster_123241924_382443557_5344542568_5546892974_#3more_0_D2.4,0,0.0,-1.0,[]
450.0,cluster_123241924_382443557_5344542568_5546892974_#3more_0_D2.5,0,0.0,-1.0,[]
450.0,cluster_123241924_382443557_5344542568_5546892974_#3more_0_D3.0,0,0.0,-1.0,[]
450.0,cluster_123241924_382443557_5344542568_5546892974_#3more_0_D3.1,0,0.0,-1.0,[]
450.0,cluster_123241924_382443557_5344542568_5546892974_#3more_0_D3.2,0,0.0,-1.0,[]
450.0,cluster_123241924_382443557_5344542568_5546892974_#3more_0_D3.3,0,0.0,-1.0,[]
450.0,cluster_123241924_382443557_5344542568_5546892974_#3more_0_D3.4,0,0.0,-1.0,[]
450.0,cluster_123281084_3663662939_3664674395_3664674397_#1more_0_D0.0,1,100.0,-1.0,['veh222']
450.0,cluster_123281084_3663662939_3664674395_3664674397_#1more_0_D0.1,0,0.0,-1.0,[]
450.0,cluster_123281084_3663662939_3664674395_3664674397_#1more_0_D0.2,0,0.0,-1.0,[]
450.0,cluster_123281084_3663662939_3664674395_3664674397_#1more_0_D0.3,0,0.0,-1.0,[]
450.0,cluster_123281084_3663662939_3664674395_3664674397_#1more_0_D0.4,0,0.0,-1.0,[]
450.0,cluster_123281084_3663662939_3664674395_3664674397_#1more_0_D1.0,1,100.0,-1.0,['veh234']
450.0,cluster_123281084_3663662939_3664674395_3664674397_#1more_0_D1.1,1,100.0,-1.0,['veh238']
450.0,cluster_123281084_3663662939_3664674395_3664674397_#1more_0_D2.0,0,0.0,-1.0,[]
450.0,cluster_123281084_3663662939_3664674395_3664674397_#1more_0_D2.1,0,0.0,-1.0,[]
450.0,cluster_123281085_12840608127_12840608130_12840608135_#1more_0_D0.0,1,0.0,-1.0,['veh270']
450.0,cluster_123281085_12840608127_12840608130_12840608135_#1more_0_D1.0,0,0.0,-1.0,[]
450.0,cluster_123292026_3663224279_3663224280_3663662945_#1more_0_D0.0,0,0.0,-1.0,[]
450.0,cluster_123292026_3663224279_3663224280_3663662945_#1more_0_D0.1,0,0.0,-1.0,[]
450.0,cluster_123292026_3663224279_3663224280_3663662945_#1more_0_D1.0,0,0.0,-1.0,[]
450.0,cluster_123292026_3663224279_3663224280_3663662945_#1more_0_D1.1,0,0.0,-1.0,[]
450.0,cluster_123292026_3663224279_3663224280_3663662945_#1more_0_D1.2,0,0.0,-1.0,[]
450.0,cluster_123292026_3663224279_3663224280_3663662945_#1more_0_D1.3,0,0.0,-1.0,[]
450.0,cluster_123292026_3663224279_3663224280_3663662945_#1more_0_D2.0,0,0.0,-1.0,[]
450.0,cluster_123292026_3663224279_3663224280_3663662945_#1more_0_D2.1,1,43.44329765982593,11.509255211589833,['veh275']
450.0,cluster_123292029_3663224277_3663224278_5344542569_#1more_0_D0.0,1,80.47489432955217,2.2894613622176143,['bus18']
450.0,cluster_123292029_3663224277_3663224278_5344542569_#1more_0_D0.1,0,0.0,-1.0,[]
450.0,cluster_123292029_3663224277_3663224278_5344542569_#1more_0_D0.2,0,0.0,-1.0,[]
450.0,cluster_123292029_3663224277_3663224278_5344542569_#1more_0_D1.0,1,0.0,-1.0,['veh260']
450.0,cluster_123292029_3663224277_3663224278_5344542569_#1more_0_D1.1,0,0.0,-1.0,[]
450.0,cluster_123292029_3663224277_3663224278_5344542569_#1more_0_D2.0,0,0.0,-1.0,[]
450.0,cluster_123292029_3663224277_3663224278_5344542569_#1more_0_D2.1,1,10.704670966663343,2.6681622759439048,['bus22']
450.0,cluster_123292029_3663224277_3663224278_5344542569_#1more_0_D2.2,0,0.0,-1.0,[]
450.0,cluster_123292029_3663224277_3663224278_5344542569_#1more_0_D3.0,1,0.0,-1.0,['veh247']
450.0,cluster_123292029_3663224277_3663224278_5344542569_#1more_0_D3.1,1,0.0,-1.0,['veh247']
450.0,cluster_123292031_3663224275_3663224276_3663662936_#1more_0_D0.0,0,0.0,-1.0,[]
450.0,cluster_123292031_3663224275_3663224276_3663662936_#1more_0_D0.1,0,0.0,-1.0,[]
450.0,cluster_123292031_3663224275_3663224276_3663662936_#1more_0_D1.0,0,0.0,-1.0,[]
450.0,cluster_123292031_3663224275_3663224276_3663662936_#1more_0_D2.0,0,0.0,-1.0,[]
450.0,cluster_123292031_3663224275_3663224276_3663662936_#1more_0_D2.1,0,0.0,-1.0,[]
450.0,cluster_123308403_3663827018_3663827019_3664674393_#1more_0_D0.0,0,0.0,-1.0,[]
450.0,cluster_123308403_3663827018_3663827019_3664674393_#1more_0_D0.1,0,0.0,-1.0,[]
450.0,cluster_123308403_3663827018_3663827019_3664674393_#1more_0_D1.0,0,0.0,-1.0,[]
450.0,cluster_123308403_3663827018_3663827019_3664674393_#1more_0_D1.1,0,0.0,-1.0,[]
450.0,cluster_123308403_3663827018_3663827019_3664674393_#1more_0_D1.2,0,0.0,-1.0,[]
450.0,cluster_123308403_3663827018_3663827019_3664674393_#1more_0_D1.3,0,0.0,-1.0,[]
450.0,cluster_123308403_3663827018_3663827019_3664674393_#1more_0_D2.0,0,0.0,-1.0,[]
450.0,cluster_123308403_3663827018_3663827019_3664674393_#1more_0_D2.1,0,0.0,-1.0,[]
450.0,cluster_123308403_3663827018_3663827019_3664674393_#1more_0_D2.2,0,0.0,-1.0,[]
450.0,cluster_3664723686_3698084157_3698084158_3698084159_#1more_0_D0.0,0,0.0,-1.0,[]
450.0,cluster_3664723686_3698084157_3698084158_3698084159_#1more_0_D0.1,0,0.0,-1.0,[]
450.0,cluster_3664723686_3698084157_3698084158_3698084159_#1more_0_D0.2,0,0.0,-1.0,[]
450.0,cluster_3664723686_3698084157_3698084158_3698084159_#1more_0_D1.0,0,0.0,-1.0,[]
450.0,cluster_3664723686_3698084157_3698084158_3698084159_#1more_0_D1.1,0,0.0,-1.0,[]
450.0,cluster_3664723686_3698084157_3698084158_3698084159_#1more_0_D1.2,0,0.0,-1.0,[]
450.0,joinedS_3663662947_3663662948_3698084160_3698084161_#1more_0_D0.0,0,0.0,-1.0,[]
450.0,joinedS_3663662947_3663662948_3698084160_3698084161_#1more_0_D0.1,0,0.0,-1.0,[]
450.0,joinedS_3663662947_3663662948_3698084160_3698084161_#1more_0_D0.2,0,0.0,-1.0,[]
450.0,joinedS_3663662947_3663662948_3698084160_3698084161_#1more_0_D0.3,0,0.0,-1.0,[]
450.0,joinedS_3663662947_3663662948_3698084160_3698084161_#1more_0_D1.0,0,0.0,-1.0,[]
450.0,joinedS_3663662947_3663662948_3698084160_3698084161_#1more_0_D1.1,1,0.0,-1.0,['veh269']
450.0,joinedS_3663662947_3663662948_3698084160_3698084161_#1more_0_D1.2,0,0.0,-1.0,[]
450.0,joinedS_3663662947_3663662948_3698084160_3698084161_#1more_0_D1.3,0,0.0,-1.0,[]
450.0,joinedS_3663662947_3663662948_3698084160_3698084161_#1more_0_D2.0,1,100.0,-1.0,['bus27']
450.0,joinedS_3663662947_3663662948_3698084160_3698084161_#1more_0_D2.1,1,100.0,-1.0,['veh266']
450.0,joinedS_3663662947_3663662948_3698084160_3698084161_#1more_0_D2.2,0,0.0,-1.0,[]
450.0,joinedS_3663662947_3663662948_3698084160_3698084161_#1more_0_D2.3,1,100.0,-1.0,['veh268']
450.0,joinedS_3663662947_3663662948_3698084160_3698084161_#1more_0_D3.0,1,0.0,-1.0,['veh272']
450.0,joinedS_3663662947_3663662948_3698084160_3698084161_#1more_0_D3.1,0,0.0,-1.0,[]
450.0,joinedS_3663662947_3663662948_3698084160_3698084161_#1more_0_D3.2,0,0.0,-1.0,[]
450.0,joinedS_3663662947_3663662948_3698084160_3698084161_#1more_0_D3.3,0,0.0,-1.0,[]
450.0,joinedS_3663662947_3663662948_3698084160_3698084161_#1more_0_D3.4,0,0.0,-1.0,[]
455.0,cluster_122855839_3663662942_3663662943_3663662944_#1more_0_D0.0,0,0.0,-1.0,[]
455.0,cluster_122855839_3663662942_3663662943_3663662944_#1more_0_D0.1,1,0.0,-1.0,['veh256']
455.0,cluster_122855839_3663662942_3663662943_3663662944_#1more_0_D0.2,0,0.0,-1.0,[]
455.0,cluster_122855839_3663662942_3663662943_3663662944_#1more_0_D0.3,0,0.0,-1.0,[]
455.0,cluster_122855839_3663662942_3663662943_3663662944_#1more_0_D0.4,0,0.0,-1.0,[]
455.0,cluster_122855839_3663662942_3663662943_3663662944_#1more_0_D1.0,1,18.645272463618312,6.012154107956389,['veh150']
455.0,cluster_122855839_3663662942_3663662943_3663662944_#1more_0_D1.1,0,0.0,-1.0,[]
455.0,cluster_122855839_3663662942_3663662943_3663662944_#1more_0_D1.2,0,0.0,-1.0,[]
455.0,cluster_122855839_3663662942_3663662943_3663662944_#1more_0_D2.0,1,0.0,-1.0,['veh143']
455.0,cluster_122855839_3663662942_3663662943_3663662944_#1more_0_D2.1,0,0.0,-1.0,[]
455.0,cluster_123241924_382443557_5344542568_5546892974_#3more_0_D0.0,0,0.0,-1.0,[]
455.0,cluster_123241924_382443557_5344542568_5546892974_#3more_0_D0.1,0,0.0,-1.0,[]
455.0,cluster_123241924_382443557_5344542568_5546892974_#3more_0_D0.2,0,0.0,-1.0,[]
455.0,cluster_123241924_382443557_5344542568_5546892974_#3more_0_D0.3,0,0.0,-1.0,[]
455.0,cluster_123241924_382443557_5344542568_5546892974_#3more_0_D0.4,0,0.0,-1.0,[]
455.0,cluster_123241924_382443557_5344542568_5546892974_#3more_0_D1.0,0,0.0,-1.0,[]
455.0,cluster_123241924_382443557_5344542568_5546892974_#3more_0_D2.0,0,0.0,-1.0,[]
455.0,cluster_123241924_382443557_5344542568_5546892974_#3more_0_D2.1,0,0.0,-1.0,[]
455.0,cluster_123241924_382443557_5344542568_5546892974_#3more_0_D2.2,0,0.0,-1.0,[]
455.0,cluster_123241924_382443557_5344542568_5546892974_#3more_0_D2.3,0,0.0,-1.0,[]
455.0,cluster_123241924_382443557_5344542568_5546892974_#3more_0_D2.4,0,0.0,-1.0,[]
455.0,cluster_123241924_382443557_5344542568_5546892974_#3more_0_D2.5,0,0.0,-1.0,[]
455.0,cluster_123241924_382443557_5344542568_5546892974_#3more_0_D3.0,0,0.0,-1.0,[]
455.0,cluster_123241924_382443557_5344542568_5546892974_#3more_0_D3.1,0,0.0,-1.0,[]
455.0,cluster_123241924_382443557_5344542568_5546892974_#3more_0_D3.2,0,0.0,-1.0,[]
455.0,cluster_123241924_382443557_5344542568_5546892974_#3more_0_D3.3,0,0.0,-1.0,[]
455.0,cluster_123241924_382443557_5344542568_5546892974_#3more_0_D3.4,0,0.0,-1.0,[]
455.0,cluster_123281084_3663662939_3664674395_3664674397_#1more_0_D0.0,1,100.0,-1.0,['veh222']
455.0,cluster_123281084_3663662939_3664674395_3664674397_#1more_0_D0.1,0,0.0,-1.0,[]
455.0,cluster_123281084_3663662939_3664674395_3664674397_#1more_0_D0.2,0,0.0,-1.0,[]
455.0,cluster_123281084_3663662939_3664674395_3664674397_#1more_0_D0.3,0,0.0,-1.0,[]
455.0,cluster_123281084_3663662939_3664674395_3664674397_#1more_0_D0.4,0,0.0,-1.0,[]
455.0,cluster_123281084_3663662939_3664674395_3664674397_#1more_0_D1.0,1,100.0,-1.0,['veh234']
455.0,cluster_123281084_3663662939_3664674395_3664674397_#1more_0_D1.1,1,100.0,-1.0,['veh238']
455.0,cluster_123281084_3663662939_3664674395_3664674397_#1more_0_D2.0,0,0.0,-1.0,[]
455.0,cluster_123281084_3663662939_3664674395_3664674397_#1more_0_D2.1,0,0.0,-1.0,[]
455.0,cluster_123281085_12840608127_12840608130_12840608135_#1more_0_D0.0,0,0.0,-1.0,[]
455.0,cluster_123281085_12840608127_12840608130_12840608135_#1more_0_D1.0,0,0.0,-1.0,[]
455.0,cluster_123292026_3663224279_3663224280_3663662945_#1more_0_D0.0,0,0.0,-1.0,[]
455.0,cluster_123292026_3663224279_3663224280_3663662945_#1more_0_D0.1,0,0.0,-1.0,[]
455.0,cluster_123292026_3663224279_3663224280_3663662945_#1more_0_D1.0,0,0.0,-1.0,[]
455.0,cluster_123292026_3663224279_3663224280_3663662945_#1more_0_D1.1,0,0.0,-1.0,[]
455.0,cluster_123292026_3663224279_3663224280_3663662945_#1more_0_D1.2,0,0.0,-1.0,[]
455.0,cluster_123292026_3663224279_3663224280_3663662945_#1more_0_D1.3,0,0.0,-1.0,[]
455.0,cluster_123292026_3663224279_3663224280_3663662945_#1more_0_D2.0,0,0.0,-1.0,[]
455.0,cluster_123292026_3663224279_3663224280_3663662945_#1more_0_D2.1,0,0.0,-1.0,[]
455.0,cluster_123292029_3663224277_3663224278_5344542569_#1more_0_D0.0,1,100.0,-1.0,['bus18']
455.0,cluster_123292029_3663224277_3663224278_5344542569_#1more_0_D0.1,0,0.0,-1.0,[]
455.0,cluster_123292029_3663224277_3663224278_5344542569_#1more_0_D0.2,0,0.0,-1.0,[]
455.0,cluster_123292029_3663224277_3663224278_5344542569_#1more_0_D1.0,1,40.800028539808864,6.945768198617369,['veh263']
455.0,cluster_123292029_3663224277_3663224278_5344542569_#1more_0_D1.1,0,0.0,-1.0,[]
455.0,cluster_123292029_3663224277_3663224278_5344542569_#1more_0_D2.0,1,9.177178201508696,6.028235084998186,['veh226']
455.0,cluster_123292029_3663224277_3663224278_5344542569_#1more_0_D2.1,0,0.0,-1.0,[]
455.0,cluster_123292029_3663224277_3663224278_5344542569_#1more_0_D2.2,0,0.0,-1.0,[]
455.0,cluster_123292029_3663224277_3663224278_5344542569_#1more_0_D3.0,0,0.0,-1.0,[]
455.0,cluster_123292029_3663224277_3663224278_5344542569_#1more_0_D3.1,0,0.0,-1.0,[]
455.0,cluster_123292031_3663224275_3663224276_3663662936_#1more_0_D0.0,0,0.0,-1.0,[]
455.0,cluster_123292031_3663224275_3663224276_3663662936_#1more_0_D0.1,0,0.0,-1.0,[]
455.0,cluster_123292031_3663224275_3663224276_3663662936_#1more_0_D1.0,0,0.0,-1.0,[]
455.0,cluster_123292031_3663224275_3663224276_3663662936_#1more_0_D2.0,0,0.0,-1.0,[]
455.0,cluster_123292031_3663224275_3663224276_3663662936_#1more_0_D2.1,0,0.0,-1.0,[]
455.0,cluster_123308403_3663827018_3663827019_3664674393_#1more_0_D0.0,0,0.0,-1.0,[]
455.0,cluster_123308403_3663827018_3663827019_3664674393_#1more_0_D0.1,0,0.0,-1.0,[]
455.0,cluster_123308403_3663827018_3663827019_3664674393_#1more_0_D1.0,0,0.0,-1.0,[]
455.0,cluster_123308403_3663827018_3663827019_3664674393_#1more_0_D1.1,0,0.0,-1.0,[]
455.0,cluster_123308403_3663827018_3663827019_3664674393_#1more_0_D1.2,0,0.0,-1.0,[]
455.0,cluster_123308403_3663827018_3663827019_3664674393_#1more_0_D1.3,0,0.0,-1.0,[]
455.0,cluster_123308403_3663827018_3663827019_3664674393_#1more_0_D2.0,0,0.0,-1.0,[]
455.0,cluster_123308403_3663827018_3663827019_3664674393_#1more_0_D2.1,0,0.0,-1.0,[]
455.0,cluster_123308403_3663827018_3663827019_3664674393_#1more_0_D2.2,0,0.0,-1.0,[]
455.0,cluster_3664723686_3698084157_3698084158_3698084159_#1more_0_D0.0,0,0.0,-1.0,[]
455.0,cluster_3664723686_3698084157_3698084158_3698084159_#1more_0_D0.1,0,0.0,-1.0,[]
455.0,cluster_3664723686_3698084157_3698084158_3698084159_#1more_0_D0.2,0,0.0,-1.0,[]
455.0,cluster_3664723686_3698084157_3698084158_3698084159_#1more_0_D1.0,0,0.0,-1.0,[]
455.0,cluster_3664723686_3698084157_3698084158_3698084159_#1more_0_D1.1,0,0.0,-1.0,[]
455.0,cluster_3664723686_3698084157_3698084158_3698084159_#1more_0_D1.2,0,0.0,-1.0,[]
455.0,joinedS_3663662947_3663662948_3698084160_3698084161_#1more_0_D0.0,0,0.0,-1.0,[]
455.0,joinedS_3663662947_3663662948_3698084160_3698084161_#1more_0_D0.1,0,0.0,-1.0,[]
455.0,joinedS_3663662947_3663662948_3698084160_3698084161_#1more_0_D0.2,0,0.0,-1.0,[]
455.0,joinedS_3663662947_3663662948_3698084160_3698084161_#1more_0_D0.3,0,0.0,-1.0,[]
455.0,joinedS_3663662947_3663662948_3698084160_3698084161_#1more_0_D1.0,0,0.0,-1.0,[]
455.0,joinedS_3663662947_3663662948_3698084160_3698084161_#1more_0_D1.1,0,0.0,-1.0,[]
455.0,joinedS_3663662947_3663662948_3698084160_3698084161_#1more_0_D1.2,0,0.0,-1.0,[]
455.0,joinedS_3663662947_3663662948_3698084160_3698084161_#1more_0_D1.3,1,0.0,-1.0,['veh281']
455.0,joinedS_3663662947_3663662948_3698084160_3698084161_#1more_0_D2.0,1,100.0,-1.0,['bus27']
455.0,joinedS_3663662947_3663662948_3698084160_3698084161_#1more_0_D2.1,1,100.0,-1.0,['veh266']
455.0,joinedS_3663662947_3663662948_3698084160_3698084161_#1more_0_D2.2,0,0.0,-1.0,[]
455.0,joinedS_3663662947_3663662948_3698084160_3698084161_#1more_0_D2.3,1,100.0,-1.0,['veh268']
455.0,joinedS_3663662947_3663662948_3698084160_3698084161_#1more_0_D3.0,0,0.0,-1.0,[]
455.0,joinedS_3663662947_3663662948_3698084160_3698084161_#1more_0_D3.1,0,0.0,-1.0,[]
455.0,joinedS_3663662947_3663662948_3698084160_3698084161_#1more_0_D3.2,0,0.0,-1.0,[]
455.0,joinedS_3663662947_3663662948_3698084160_3698084161_#1more_0_D3.3,0,0.0,-1.0,[]
455.0,joinedS_3663662947_3663662948_3698084160_3698084161_#1more_0_D3.4,0,0.0,-1.0,[]
460.0,cluster_122855839_3663662942_3663662943_3663662944_#1more_0_D0.0,0,0.0,-1.0,[]
460.0,cluster_122855839_3663662942_3663662943_3663662944_#1more_0_D0.1,0,0.0,-1.0,[]
460.0,cluster_122855839_3663662942_3663662943_3663662944_#1more_0_D0.2,0,0.0,-1.0,[]
460.0,cluster_122855839_3663662942_3663662943_3663662944_#1more_0_D0.3,0,0.0,-1.0,[]
460.0,cluster_122855839_3663662942_3663662943_3663662944_#1more_0_D0.4,1,100.0,-1.0,['bus26']
460.0,cluster_122855839_3663662942_3663662943_3663662944_#1more_0_D1.0,0,0.0,-1.0,[]
460.0,cluster_122855839_3663662942_3663662943_3663662944_#1more_0_D1.1,1,49.4251425659229,8.996669910232855,['veh160']
460.0,cluster_122855839_3663662942_3663662943_3663662944_#1more_0_D1.2,1,36.22484830536905,13.802680297929438,['veh195']
460.0,cluster_122855839_3663662942_3663662943_3663662944_#1more_0_D2.0,1,100.0,-1.0,['veh161']
460.0,cluster_122855839_3663662942_3663662943_3663662944_#1more_0_D2.1,0,0.0,-1.0,[]
460.0,cluster_123241924_382443557_5344542568_5546892974_#3more_0_D0.0,1,100.0,-1.0,['truck9']
460.0,cluster_123241924_382443557_5344542568_5546892974_#3more_0_D0.1,0,0.0,-1.0,[]
460.0,cluster_123241924_382443557_5344542568_5546892974_#3more_0_D0.2,0,0.0,-1.0,[]
460.0,cluster_123241924_382443557_5344542568_5546892974_#3more_0_D0.3,0,0.0,-1.0,[]
460.0,cluster_123241924_382443557_5344542568_5546892974_#3more_0_D0.4,0,0.0,-1.0,[]
460.0,cluster_123241924_382443557_5344542568_5546892974_#3more_0_D1.0,0,0.0,-1.0,[]
460.0,cluster_123241924_382443557_5344542568_5546892974_#3more_0_D2.0,0,0.0,-1.0,[]
460.0,cluster_123241924_382443557_5344542568_5546892974_#3more_0_D2.1,0,0.0,-1.0,[]
460.0,cluster_123241924_382443557_5344542568_5546892974_#3more_0_D2.2,0,0.0,-1.0,[]
460.0,cluster_123241924_382443557_5344542568_5546892974_#3more_0_D2.3,0,0.0,-1.0,[]
460.0,cluster_123241924_382443557_5344542568_5546892974_#3more_0_D2.4,0,0.0,-1.0,[]
460.0,cluster_123241924_382443557_5344542568_5546892974_#3more_0_D2.5,1,18.89259008447084,12.091356559385218,['veh190']
460.0,cluster_123241924_382443557_5344542568_5546892974_#3more_0_D3.0,0,0.0,-1.0,[]
460.0,cluster_123241924_382443557_5344542568_5546892974_#3more_0_D3.1,0,0.0,-1.0,[]
460.0,cluster_123241924_382443557_5344542568_5546892974_#3more_0_D3.2,0,0.0,-1.0,[]
460.0,cluster_123241924_382443557_5344542568_5546892974_#3more_0_D3.3,0,0.0,-1.0,[]
460.0,cluster_123241924_382443557_5344542568_5546892974_#3more_0_D3.4,0,0.0,-1.0,[]
460.0,cluster_123281084_3663662939_3664674395_3664674397_#1more_0_D0.0,1,100.0,-1.0,['veh242']
460.0,cluster_123281084_3663662939_3664674395_3664674397_#1more_0_D0.1,0,0.0,-1.0,[]
460.0,cluster_123281084_3663662939_3664674395_3664674397_#1more_0_D0.2,0,0.0,-1.0,[]
460.0,cluster_123281084_3663662939_3664674395_3664674397_#1more_0_D0.3,0,0.0,-1.0,[]
460.0,cluster_123281084_3663662939_3664674395_3664674397_#1more_0_D0.4,0,0.0,-1.0,[]
460.0,cluster_123281084_3663662939_3664674395_3664674397_#1more_0_D1.0,1,100.0,-1.0,['veh234']
460.0,cluster_123281084_3663662939_3664674395_3664674397_#1more_0_D1.1,1,100.0,-1.0,['veh238']
460.0,cluster_123281084_3663662939_3664674395_3664674397_#1more_0_D2.0,0,0.0,-1.0,[]
460.0,cluster_123281084_3663662939_3664674395_3664674397_#1more_0_D2.1,0,0.0,-1.0,[]
460.0,cluster_123281085_12840608127_12840608130_12840608135_#1more_0_D0.0,0,0.0,-1.0,[]
460.0,cluster_123281085_12840608127_12840608130_12840608135_#1more_0_D1.0,0,0.0,-1.0,[]
460.0,cluster_123292026_3663224279_3663224280_3663662945_#1more_0_D0.0,0,0.0,-1.0,[]
460.0,cluster_123292026_3663224279_3663224280_3663662945_#1more_0_D0.1,0,0.0,-1.0,[]
460.0,cluster_123292026_3663224279_3663224280_3663662945_#1more_0_D1.0,0,0.0,-1.0,[]
460.0,cluster_123292026_3663224279_3663224280_3663662945_#1more_0_D1.1,0,0.0,-1.0,[]
460.0,cluster_123292026_3663224279_3663224280_3663662945_#1more_0_D1.2,0,0.0,-1.0,[]
460.0,cluster_123292026_3663224279_3663224280_3663662945_#1more_0_D1.3,0,0.0,-1.0,[]
460.0,cluster_123292026_3663224279_3663224280_3663662945_#1more_0_D2.0,0,0.0,-1.0,[]
460.0,cluster_123292026_3663224279_3663224280_3663662945_#1more_0_D2.1,0,0.0,-1.0,[]
460.0,cluster_123292029_3663224277_3663224278_5344542569_#1more_0_D0.0,1,100.0,-1.0,['bus18']
460.0,cluster_123292029_3663224277_3663224278_5344542569_#1more_0_D0.1,0,0.0,-1.0,[]
460.0,cluster_123292029_3663224277_3663224278_5344542569_#1more_0_D0.2,0,0.0,-1.0,[]
460.0,cluster_123292029_3663224277_3663224278_5344542569_#1more_0_D1.0,0,0.0,-1.0,[]
460.0,cluster_123292029_3663224277_3663224278_5344542569_#1more_0_D1.1,0,0.0,-1.0,[]
460.0,cluster_123292029_3663224277_3663224278_5344542569_#1more_0_D2.0,1,92.67694172950769,7.969587058701841,['bus23']
460.0,cluster_123292029_3663224277_3663224278_5344542569_#1more_0_D2.1,0,0.0,-1.0,[]
460.0,cluster_123292029_3663224277_3663224278_5344542569_#1more_0_D2.2,1,0.0,-1.0,['veh154']
460.0,cluster_123292029_3663224277_3663224278_5344542569_#1more_0_D3.0,0,0.0,-1.0,[]
460.0,cluster_123292029_3663224277_3663224278_5344542569_#1more_0_D3.1,0,0.0,-1.0,[]
460.0,cluster_123292031_3663224275_3663224276_3663662936_#1more_0_D0.0,1,0.0,-1.0,['veh218']
460.0,cluster_123292031_3663224275_3663224276_3663662936_#1more_0_D0.1,0,0.0,-1.0,[]
460.0,cluster_123292031_3663224275_3663224276_3663662936_#1more_0_D1.0,0,0.0,-1.0,[]
460.0,cluster_123292031_3663224275_3663224276_3663662936_#1more_0_D2.0,0,0.0,-1.0,[]
460.0,cluster_123292031_3663224275_3663224276_3663662936_#1more_0_D2.1,0,0.0,-1.0,[]
460.0,cluster_123308403_3663827018_3663827019_3664674393_#1more_0_D0.0,0,0.0,-1.0,[]
460.0,cluster_123308403_3663827018_3663827019_3664674393_#1more_0_D0.1,0,0.0,-1.0,[]
460.0,cluster_123308403_3663827018_3663827019_3664674393_#1more_0_D1.0,0,0.0,-1.0,[]
460.0,cluster_123308403_3663827018_3663827019_3664674393_#1more_0_D1.1,0,0.0,-1.0,[]
460.0,cluster_123308403_3663827018_3663827019_3664674393_#1more_0_D1.2,0,0.0,-1.0,[]
460.0,cluster_123308403_3663827018_3663827019_3664674393_#1more_0_D1.3,0,0.0,-1.0,[]
460.0,cluster_123308403_3663827018_3663827019_3664674393_#1more_0_D2.0,0,0.0,-1.0,[]
460.0,cluster_123308403_3663827018_3663827019_3664674393_#1more_0_D2.1,0,0.0,-1.0,[]
460.0,cluster_123308403_3663827018_3663827019_3664674393_#1more_0_D2.2,0,0.0,-1.0,[]
460.0,cluster_3664723686_3698084157_3698084158_3698084159_#1more_0_D0.0,0,0.0,-1.0,[]
460.0,cluster_3664723686_3698084157_3698084158_3698084159_#1more_0_D0.1,0,0.0,-1.0,[]
460.0,cluster_3664723686_3698084157_3698084158_3698084159_#1more_0_D0.2,0,0.0,-1.0,[]
460.0,cluster_3664723686_3698084157_3698084158_3698084159_#1more_0_D1.0,0,0.0,-1.0,[]
460.0,cluster_3664723686_3698084157_3698084158_3698084159_#1more_0_D1.1,0,0.0,-1.0,[]
460.0,cluster_3664723686_3698084157_3698084158_3698084159_#1more_0_D1.2,0,0.0,-1.0,[]
460.0,joinedS_3663662947_3663662948_3698084160_3698084161_#1more_0_D0.0,0,0.0,-1.0,[]
460.0,joinedS_3663662947_3663662948_3698084160_3698084161_#1more_0_D0.1,0,0.0,-1.0,[]
460.0,joinedS_3663662947_3663662948_3698084160_3698084161_#1more_0_D0.2,0,0.0,-1.0,[]
460.0,joinedS_3663662947_3663662948_3698084160_3698084161_#1more_0_D0.3,0,0.0,-1.0,[]
460.0,joinedS_3663662947_3663662948_3698084160_3698084161_#1more_0_D1.0,0,0.0,-1.0,[]
460.0,joinedS_3663662947_3663662948_3698084160_3698084161_#1more_0_D1.1,0,0.0,-1.0,[]
460.0,joinedS_3663662947_3663662948_3698084160_3698084161_#1more_0_D1.2,0,0.0,-1.0,[]
460.0,joinedS_3663662947_3663662948_3698084160_3698084161_#1more_0_D1.3,0,0.0,-1.0,[]
460.0,joinedS_3663662947_3663662948_3698084160_3698084161_#1more_0_D2.0,1,100.0,-1.0,['bus27']
460.0,joinedS_3663662947_3663662948_3698084160_3698084161_#1more_0_D2.1,1,100.0,-1.0,['veh266']
460.0,joinedS_3663662947_3663662948_3698084160_3698084161_#1more_0_D2.2,0,0.0,-1.0,[]
460.0,joinedS_3663662947_3663662948_3698084160_3698084161_#1more_0_D2.3,1,100.0,-1.0,['veh268']
460.0,joinedS_3663662947_3663662948_3698084160_3698084161_#1more_0_D3.0,1,100.0,0.0,['veh285']
460.0,joinedS_3663662947_3663662948_3698084160_3698084161_#1more_0_D3.1,0,0.0,-1.0,[]
460.0,joinedS_3663662947_3663662948_3698084160_3698084161_#1more_0_D3.2,0,0.0,-1.0,[]
460.0,joinedS_3663662947_3663662948_3698084160_3698084161_#1more_0_D3.3,0,0.0,-1.0,[]
460.0,joinedS_3663662947_3663662948_3698084160_3698084161_#1more_0_D3.4,0,0.0,-1.0,[]
465.0,cluster_122855839_3663662942_3663662943_3663662944_#1more_0_D0.0,0,0.0,-1.0,[]
465.0,cluster_122855839_3663662942_3663662943_3663662944_#1more_0_D0.1,0,0.0,-1.0,[]
465.0,cluster_122855839_3663662942_3663662943_3663662944_#1more_0_D0.2,0,0.0,-1.0,[]
465.0,cluster_122855839_3663662942_3663662943_3663662944_#1more_0_D0.3,0,0.0,-1.0,[]
465.0,cluster_122855839_3663662942_3663662943_3663662944_#1more_0_D0.4,1,100.0,-1.0,['bus26']
465.0,cluster_122855839_3663662942_3663662943_3663662944_#1more_0_D1.0,1,38.56413577428839,8.388300539433779,['bus16']
465.0,cluster_122855839_3663662942_3663662943_3663662944_#1more_0_D1.1,0,0.0,-1.0,[]
465.0,cluster_122855839_3663662942_3663662943_3663662944_#1more_0_D1.2,0,0.0,-1.0,[]
465.0,cluster_122855839_3663662942_3663662943_3663662944_#1more_0_D2.0,1,0.0,-1.0,['veh161']
465.0,cluster_122855839_3663662942_3663662943_3663662944_#1more_0_D2.1,0,0.0,-1.0,[]
465.0,cluster_123241924_382443557_5344542568_5546892974_#3more_0_D0.0,1,100.0,-1.0,['truck9']
465.0,cluster_123241924_382443557_5344542568_5546892974_#3more_0_D0.1,0,0.0,-1.0,[]
465.0,cluster_123241924_382443557_5344542568_5546892974_#3more_0_D0.2,0,0.0,-1.0,[]
465.0,cluster_123241924_382443557_5344542568_5546892974_#3more_0_D0.3,0,0.0,-1.0,[]
465.0,cluster_123241924_382443557_5344542568_5546892974_#3more_0_D0.4,0,0.0,-1.0,[]
465.0,cluster_123241924_382443557_5344542568_5546892974_#3more_0_D1.0,0,0.0,-1.0,[]
465.0,cluster_123241924_382443557_5344542568_5546892974_#3more_0_D2.0,0,0.0,-1.0,[]
465.0,cluster_123241924_382443557_5344542568_5546892974_#3more_0_D2.1,0,0.0,-1.0,[]
465.0,cluster_123241924_382443557_5344542568_5546892974_#3more_0_D2.2,0,0.0,-1.0,[]
465.0,cluster_123241924_382443557_5344542568_5546892974_#3more_0_D2.3,0,0.0,-1.0,[]
465.0,cluster_123241924_382443557_5344542568_5546892974_#3more_0_D2.4,0,0.0,-1.0,[]
465.0,cluster_123241924_382443557_5344542568_5546892974_#3more_0_D2.5,0,0.0,-1.0,[]
465.0,cluster_123241924_382443557_5344542568_5546892974_#3more_0_D3.0,0,0.0,-1.0,[]
465.0,cluster_123241924_382443557_5344542568_5546892974_#3more_0_D3.1,0,0.0,-1.0,[]
465.0,cluster_123241924_382443557_5344542568_5546892974_#3more_0_D3.2,0,0.0,-1.0,[]
465.0,cluster_123241924_382443557_5344542568_5546892974_#3more_0_D3.3,0,0.0,-1.0,[]
465.0,cluster_123241924_382443557_5344542568_5546892974_#3more_0_D3.4,0,0.0,-1.0,[]
465.0,cluster_123281084_3663662939_3664674395_3664674397_#1more_0_D0.0,1,100.0,-1.0,['veh242']
465.0,cluster_123281084_3663662939_3664674395_3664674397_#1more_0_D0.1,0,0.0,-1.0,[]
465.0,cluster_123281084_3663662939_3664674395_3664674397_#1more_0_D0.2,0,0.0,-1.0,[]
465.0,cluster_123281084_3663662939_3664674395_3664674397_#1more_0_D0.3,0,0.0,-1.0,[]
465.0,cluster_123281084_3663662939_3664674395_3664674397_#1more_0_D0.4,0,0.0,-1.0,[]
465.0,cluster_123281084_3663662939_3664674395_3664674397_#1more_0_D1.0,1,100.0,-1.0,['veh234']
465.0,cluster_123281084_3663662939_3664674395_3664674397_#1more_0_D1.1,1,100.0,-1.0,['veh238']
465.0,cluster_123281084_3663662939_3664674395_3664674397_#1more_0_D2.0,0,0.0,-1.0,[]
465.0,cluster_123281084_3663662939_3664674395_3664674397_#1more_0_D2.1,0,0.0,-1.0,[]
465.0,cluster_123281085_12840608127_12840608130_12840608135_#1more_0_D0.0,0,0.0,-1.0,[]
465.0,cluster_123281085_12840608127_12840608130_12840608135_#1more_0_D1.0,0,0.0,-1.0,[]
465.0,cluster_123292026_3663224279_3663224280_3663662945_#1more_0_D0.0,0,0.0,-1.0,[]
465.0,cluster_123292026_3663224279_3663224280_3663662945_#1more_0_D0.1,0,0.0,-1.0,[]
465.0,cluster_123292026_3663224279_3663224280_3663662945_#1more_0_D1.0,0,0.0,-1.0,[]
465.0,cluster_123292026_3663224279_3663224280_3663662945_#1more_0_D1.1,0,0.0,-1.0,[]
465.0,cluster_123292026_3663224279_3663224280_3663662945_#1more_0_D1.2,0,0.0,-1.0,[]
465.0,cluster_123292026_3663224279_3663224280_3663662945_#1more_0_D1.3,0,0.0,-1.0,[]
465.0,cluster_123292026_3663224279_3663224280_3663662945_#1more_0_D2.0,1,0.0,-1.0,['truck14']
465.0,cluster_123292026_3663224279_3663224280_3663662945_#1more_0_D2.1,0,0.0,-1.0,[]
465.0,cluster_123292029_3663224277_3663224278_5344542569_#1more_0_D0.0,1,34.47528428120563,3.9328006173338306,['veh158']
465.0,cluster_123292029_3663224277_3663224278_5344542569_#1more_0_D0.1,0,0.0,-1.0,[]
465.0,cluster_123292029_3663224277_3663224278_5344542569_#1more_0_D0.2,0,0.0,-1.0,[]
465.0,cluster_123292029_3663224277_3663224278_5344542569_#1more_0_D1.0,0,0.0,-1.0,[]
465.0,cluster_123292029_3663224277_3663224278_5344542569_#1more_0_D1.1,0,0.0,-1.0,[]
465.0,cluster_123292029_3663224277_3663224278_5344542569_#1more_0_D2.0,0,0.0,-1.0,[]
465.0,cluster_123292029_3663224277_3663224278_5344542569_#1more_0_D2.1,0,0.0,-1.0,[]
465.0,cluster_123292029_3663224277_3663224278_5344542569_#1more_0_D2.2,0,0.0,-1.0,[]
465.0,cluster_123292029_3663224277_3663224278_5344542569_#1more_0_D3.0,0,0.0,-1.0,[]
465.0,cluster_123292029_3663224277_3663224278_5344542569_#1more_0_D3.1,0,0.0,-1.0,[]
465.0,cluster_123292031_3663224275_3663224276_3663662936_#1more_0_D0.0,0,0.0,-1.0,[]
465.0,cluster_123292031_3663224275_3663224276_3663662936_#1more_0_D0.1,0,0.0,-1.0,[]
465.0,cluster_123292031_3663224275_3663224276_3663662936_#1more_0_D1.0,0,0.0,-1.0,[]
465.0,cluster_123292031_3663224275_3663224276_3663662936_#1more_0_D2.0,0,0.0,-1.0,[]
465.0,cluster_123292031_3663224275_3663224276_3663662936_#1more_0_D2.1,0,0.0,-1.0,[]
465.0,cluster_123308403_3663827018_3663827019_3664674393_#1more_0_D0.0,0,0.0,-1.0,[]
465.0,cluster_123308403_3663827018_3663827019_3664674393_#1more_0_D0.1,0,0.0,-1.0,[]
465.0,cluster_123308403_3663827018_3663827019_3664674393_#1more_0_D1.0,0,0.0,-1.0,[]
465.0,cluster_123308403_3663827018_3663827019_3664674393_#1more_0_D1.1,0,0.0,-1.0,[]
465.0,cluster_123308403_3663827018_3663827019_3664674393_#1more_0_D1.2,0,0.0,-1.0,[]
465.0,cluster_123308403_3663827018_3663827019_3664674393_#1more_0_D1.3,0,0.0,-1.0,[]
465.0,cluster_123308403_3663827018_3663827019_3664674393_#1more_0_D2.0,0,0.0,-1.0,[]
465.0,cluster_123308403_3663827018_3663827019_3664674393_#1more_0_D2.1,0,0.0,-1.0,[]
465.0,cluster_123308403_3663827018_3663827019_3664674393_#1more_0_D2.2,0,0.0,-1.0,[]
465.0,cluster_3664723686_3698084157_3698084158_3698084159_#1more_0_D0.0,0,0.0,-1.0,[]
465.0,cluster_3664723686_3698084157_3698084158_3698084159_#1more_0_D0.1,0,0.0,-1.0,[]
465.0,cluster_3664723686_3698084157_3698084158_3698084159_#1more_0_D0.2,0,0.0,-1.0,[]
465.0,cluster_3664723686_3698084157_3698084158_3698084159_#1more_0_D1.0,0,0.0,-1.0,[]
465.0,cluster_3664723686_3698084157_3698084158_3698084159_#1more_0_D1.1,0,0.0,-1.0,[]
465.0,cluster_3664723686_3698084157_3698084158_3698084159_#1more_0_D1.2,0,0.0,-1.0,[]
465.0,joinedS_3663662947_3663662948_3698084160_3698084161_#1more_0_D0.0,0,0.0,-1.0,[]
465.0,joinedS_3663662947_3663662948_3698084160_3698084161_#1more_0_D0.1,0,0.0,-1.0,[]
465.0,joinedS_3663662947_3663662948_3698084160_3698084161_#1more_0_D0.2,0,0.0,-1.0,[]
465.0,joinedS_3663662947_3663662948_3698084160_3698084161_#1more_0_D0.3,0,0.0,-1.0,[]
465.0,joinedS_3663662947_3663662948_3698084160_3698084161_#1more_0_D1.0,0,0.0,-1.0,[]
465.0,joinedS_3663662947_3663662948_3698084160_3698084161_#1more_0_D1.1,0,0.0,-1.0,[]
465.0,joinedS_3663662947_3663662948_3698084160_3698084161_#1more_0_D1.2,0,0.0,-1.0,[]
465.0,joinedS_3663662947_3663662948_3698084160_3698084161_#1more_0_D1.3,0,0.0,-1.0,[]
465.0,joinedS_3663662947_3663662948_3698084160_3698084161_#1more_0_D2.0,1,100.0,-1.0,['bus27']
465.0,joinedS_3663662947_3663662948_3698084160_3698084161_#1more_0_D2.1,1,100.0,10.099721853939815,['veh288']
465.0,joinedS_3663662947_3663662948_3698084160_3698084161_#1more_0_D2.2,0,0.0,-1.0,[]
465.0,joinedS_3663662947_3663662948_3698084160_3698084161_#1more_0_D2.3,1,0.0,-1.0,['veh277']
465.0,joinedS_3663662947_3663662948_3698084160_3698084161_#1more_0_D3.0,1,100.0,-1.0,['veh285']
465.0,joinedS_3663662947_3663662948_3698084160_3698084161_#1more_0_D3.1,0,0.0,-1.0,[]
465.0,joinedS_3663662947_3663662948_3698084160_3698084161_#1more_0_D3.2,0,0.0,-1.0,[]
465.0,joinedS_3663662947_3663662948_3698084160_3698084161_#1more_0_D3.3,0,0.0,-1.0,[]
465.0,joinedS_3663662947_3663662948_3698084160_3698084161_#1more_0_D3.4,0,0.0,-1.0,[]
470.0,cluster_122855839_3663662942_3663662943_3663662944_#1more_0_D0.0,0,0.0,-1.0,[]
470.0,cluster_122855839_3663662942_3663662943_3663662944_#1more_0_D0.1,0,0.0,-1.0,[]
470.0,cluster_122855839_3663662942_3663662943_3663662944_#1more_0_D0.2,0,0.0,-1.0,[]
470.0,cluster_122855839_3663662942_3663662943_3663662944_#1more_0_D0.3,0,0.0,-1.0,[]
470.0,cluster_122855839_3663662942_3663662943_3663662944_#1more_0_D0.4,1,100.0,-1.0,['bus26']
470.0,cluster_122855839_3663662942_3663662943_3663662944_#1more_0_D1.0,0,0.0,-1.0,[]
470.0,cluster_122855839_3663662942_3663662943_3663662944_#1more_0_D1.1,1,0.0,-1.0,['bus15']
470.0,cluster_122855839_3663662942_3663662943_3663662944_#1more_0_D1.2,0,0.0,-1.0,[]
470.0,cluster_122855839_3663662942_3663662943_3663662944_#1more_0_D2.0,0,0.0,-1.0,[]
470.0,cluster_122855839_3663662942_3663662943_3663662944_#1more_0_D2.1,0,0.0,-1.0,[]
470.0,cluster_123241924_382443557_5344542568_5546892974_#3more_0_D0.0,1,100.0,-1.0,['truck9']
470.0,cluster_123241924_382443557_5344542568_5546892974_#3more_0_D0.1,0,0.0,-1.0,[]
470.0,cluster_123241924_382443557_5344542568_5546892974_#3more_0_D0.2,0,0.0,-1.0,[]
470.0,cluster_123241924_382443557_5344542568_5546892974_#3more_0_D0.3,0,0.0,-1.0,[]
470.0,cluster_123241924_382443557_5344542568_5546892974_#3more_0_D0.4,0,0.0,-1.0,[]
470.0,cluster_123241924_382443557_5344542568_5546892974_#3more_0_D1.0,0,0.0,-1.0,[]
470.0,cluster_123241924_382443557_5344542568_5546892974_#3more_0_D2.0,0,0.0,-1.0,[]
470.0,cluster_123241924_382443557_5344542568_5546892974_#3more_0_D2.1,0,0.0,-1.0,[]
470.0,cluster_123241924_382443557_5344542568_5546892974_#3more_0_D2.2,0,0.0,-1.0,[]
470.0,cluster_123241924_382443557_5344542568_5546892974_#3more_0_D2.3,0,0.0,-1.0,[]
470.0,cluster_123241924_382443557_5344542568_5546892974_#3more_0_D2.4,0,0.0,-1.0,[]
470.0,cluster_123241924_382443557_5344542568_5546892974_#3more_0_D2.5,0,0.0,-1.0,[]
470.0,cluster_123241924_382443557_5344542568_5546892974_#3more_0_D3.0,0,0.0,-1.0,[]
470.0,cluster_123241924_382443557_5344542568_5546892974_#3more_0_D3.1,0,0.0,-1.0,[]
470.0,cluster_123241924_382443557_5344542568_5546892974_#3more_0_D3.2,0,0.0,-1.0,[]
470.0,cluster_123241924_382443557_5344542568_5546892974_#3more_0_D3.3,0,0.0,-1.0,[]
470.0,cluster_123241924_382443557_5344542568_5546892974_#3more_0_D3.4,0,0.0,-1.0,[]
470.0,cluster_123281084_3663662939_3664674395_3664674397_#1more_0_D0.0,1,100.0,-1.0,['veh242']
470.0,cluster_123281084_3663662939_3664674395_3664674397_#1more_0_D0.1,0,0.0,-1.0,[]
470.0,cluster_123281084_3663662939_3664674395_3664674397_#1more_0_D0.2,0,0.0,-1.0,[]
470.0,cluster_123281084_3663662939_3664674395_3664674397_#1more_0_D0.3,0,0.0,-1.0,[]
470.0,cluster_123281084_3663662939_3664674395_3664674397_#1more_0_D0.4,0,0.0,-1.0,[]
470.0,cluster_123281084_3663662939_3664674395_3664674397_#1more_0_D1.0,1,100.0,-1.0,['veh234']
470.0,cluster_123281084_3663662939_3664674395_3664674397_#1more_0_D1.1,1,100.0,-1.0,['veh238']
470.0,cluster_123281084_3663662939_3664674395_3664674397_#1more_0_D2.0,0,0.0,-1.0,[]
470.0,cluster_123281084_3663662939_3664674395_3664674397_#1more_0_D2.1,0,0.0,-1.0,[]
470.0,cluster_123281085_12840608127_12840608130_12840608135_#1more_0_D0.0,0,0.0,-1.0,[]
470.0,cluster_123281085_12840608127_12840608130_12840608135_#1more_0_D1.0,0,0.0,-1.0,[]
470.0,cluster_123292026_3663224279_3663224280_3663662945_#1more_0_D0.0,0,0.0,-1.0,[]
470.0,cluster_123292026_3663224279_3663224280_3663662945_#1more_0_D0.1,0,0.0,-1.0,[]
470.0,cluster_123292026_3663224279_3663224280_3663662945_#1more_0_D1.0,0,0.0,-1.0,[]
470.0,cluster_123292026_3663224279_3663224280_3663662945_#1more_0_D1.1,0,0.0,-1.0,[]
470.0,cluster_123292026_3663224279_3663224280_3663662945_#1more_0_D1.2,0,0.0,-1.0,[]
470.0,cluster_123292026_3663224279_3663224280_3663662945_#1more_0_D1.3,0,0.0,-1.0,[]
470.0,cluster_123292026_3663224279_3663224280_3663662945_#1more_0_D2.0,0,0.0,-1.0,[]
470.0,cluster_123292026_3663224279_3663224280_3663662945_#1more_0_D2.1,0,0.0,-1.0,[]
470.0,cluster_123292029_3663224277_3663224278_5344542569_#1more_0_D0.0,1,49.50710317602329,8.936101510905049,['veh179']
470.0,cluster_123292029_3663224277_3663224278_5344542569_#1more_0_D0.1,0,0.0,-1.0,[]
470.0,cluster_123292029_3663224277_3663224278_5344542569_#1more_0_D0.2,0,0.0,-1.0,[]
470.0,cluster_123292029_3663224277_3663224278_5344542569_#1more_0_D1.0,0,0.0,-1.0,[]
470.0,cluster_123292029_3663224277_3663224278_5344542569_#1more_0_D1.1,0,0.0,-1.0,[]
470.0,cluster_123292029_3663224277_3663224278_5344542569_#1more_0_D2.0,0,0.0,-1.0,[]
470.0,cluster_123292029_3663224277_3663224278_5344542569_#1more_0_D2.1,0,0.0,-1.0,[]
470.0,cluster_123292029_3663224277_3663224278_5344542569_#1more_0_D2.2,1,100.0,-1.0,['veh225']
470.0,cluster_123292029_3663224277_3663224278_5344542569_#1more_0_D3.0,0,0.0,-1.0,[]
470.0,cluster_123292029_3663224277_3663224278_5344542569_#1more_0_D3.1,0,0.0,-1.0,[]
470.0,cluster_123292031_3663224275_3663224276_3663662936_#1more_0_D0.0,0,0.0,-1.0,[]
470.0,cluster_123292031_3663224275_3663224276_3663662936_#1more_0_D0.1,1,100.0,-1.0,['veh286']
470.0,cluster_123292031_3663224275_3663224276_3663662936_#1more_0_D1.0,0,0.0,-1.0,[]
470.0,cluster_123292031_3663224275_3663224276_3663662936_#1more_0_D2.0,0,0.0,-1.0,[]
470.0,cluster_123292031_3663224275_3663224276_3663662936_#1more_0_D2.1,0,0.0,-1.0,[]
470.0,cluster_123308403_3663827018_3663827019_3664674393_#1more_0_D0.0,0,0.0,-1.0,[]
470.0,cluster_123308403_3663827018_3663827019_3664674393_#1more_0_D0.1,0,0.0,-1.0,[]
470.0,cluster_123308403_3663827018_3663827019_3664674393_#1more_0_D1.0,0,0.0,-1.0,[]
470.0,cluster_123308403_3663827018_3663827019_3664674393_#1more_0_D1.1,0,0.0,-1.0,[]
470.0,cluster_123308403_3663827018_3663827019_3664674393_#1more_0_D1.2,0,0.0,-1.0,[]
470.0,cluster_123308403_3663827018_3663827019_3664674393_#1more_0_D1.3,0,0.0,-1.0,[]
470.0,cluster_123308403_3663827018_3663827019_3664674393_#1more_0_D2.0,0,0.0,-1.0,[]
470.0,cluster_123308403_3663827018_3663827019_3664674393_#1more_0_D2.1,1,34.64480170631532,14.43217958753264,['veh248']
470.0,cluster_123308403_3663827018_3663827019_3664674393_#1more_0_D2.2,0,0.0,-1.0,[]
470.0,cluster_3664723686_3698084157_3698084158_3698084159_#1more_0_D0.0,0,0.0,-1.0,[]
470.0,cluster_3664723686_3698084157_3698084158_3698084159_#1more_0_D0.1,0,0.0,-1.0,[]
470.0,cluster_3664723686_3698084157_3698084158_3698084159_#1more_0_D0.2,0,0.0,-1.0,[]
470.0,cluster_3664723686_3698084157_3698084158_3698084159_#1more_0_D1.0,0,0.0,-1.0,[]
470.0,cluster_3664723686_3698084157_3698084158_3698084159_#1more_0_D1.1,0,0.0,-1.0,[]
470.0,cluster_3664723686_3698084157_3698084158_3698084159_#1more_0_D1.2,0,0.0,-1.0,[]
470.0,joinedS_3663662947_3663662948_3698084160_3698084161_#1more_0_D0.0,0,0.0,-1.0,[]
470.0,joinedS_3663662947_3663662948_3698084160_3698084161_#1more_0_D0.1,0,0.0,-1.0,[]
470.0,joinedS_3663662947_3663662948_3698084160_3698084161_#1more_0_D0.2,0,0.0,-1.0,[]
470.0,joinedS_3663662947_3663662948_3698084160_3698084161_#1more_0_D0.3,0,0.0,-1.0,[]
470.0,joinedS_3663662947_3663662948_3698084160_3698084161_#1more_0_D1.0,1,0.0,-1.0,['bus27']
470.0,joinedS_3663662947_3663662948_3698084160_3698084161_#1more_0_D1.1,0,0.0,-1.0,[]
470.0,joinedS_3663662947_3663662948_3698084160_3698084161_#1more_0_D1.2,0,0.0,-1.0,[]
470.0,joinedS_3663662947_3663662948_3698084160_3698084161_#1more_0_D1.3,1,46.24545317007005,10.811873724346999,['veh279']
470.0,joinedS_3663662947_3663662948_3698084160_3698084161_#1more_0_D2.0,0,0.0,-1.0,[]
470.0,joinedS_3663662947_3663662948_3698084160_3698084161_#1more_0_D2.1,0,0.0,-1.0,[]
470.0,joinedS_3663662947_3663662948_3698084160_3698084161_#1more_0_D2.2,0,0.0,-1.0,[]
470.0,joinedS_3663662947_3663662948_3698084160_3698084161_#1more_0_D2.3,0,0.0,-1.0,[]
470.0,joinedS_3663662947_3663662948_3698084160_3698084161_#1more_0_D3.0,1,100.0,-1.0,['veh285']
470.0,joinedS_3663662947_3663662948_3698084160_3698084161_#1more_0_D3.1,0,0.0,-1.0,[]
470.0,joinedS_3663662947_3663662948_3698084160_3698084161_#1more_0_D3.2,0,0.0,-1.0,[]
470.0,joinedS_3663662947_3663662948_3698084160_3698084161_#1more_0_D3.3,0,0.0,-1.0,[]
470.0,joinedS_3663662947_3663662948_3698084160_3698084161_#1more_0_D3.4,0,0.0,-1.0,[]
475.0,cluster_122855839_3663662942_3663662943_3663662944_#1more_0_D0.0,0,0.0,-1.0,[]
475.0,cluster_122855839_3663662942_3663662943_3663662944_#1more_0_D0.1,0,0.0,-1.0,[]
475.0,cluster_122855839_3663662942_3663662943_3663662944_#1more_0_D0.2,0,0.0,-1.0,[]
475.0,cluster_122855839_3663662942_3663662943_3663662944_#1more_0_D0.3,0,0.0,-1.0,[]
475.0,cluster_122855839_3663662942_3663662943_3663662944_#1more_0_D0.4,1,100.0,-1.0,['bus26']
475.0,cluster_122855839_3663662942_3663662943_3663662944_#1more_0_D1.0,1,100.0,-1.0,['veh136']
475.0,cluster_122855839_3663662942_3663662943_3663662944_#1more_0_D1.1,1,41.053911576625524,12.179107441851661,['veh156']
475.0,cluster_122855839_3663662942_3663662943_3663662944_#1more_0_D1.2,0,0.0,-1.0,[]
475.0,cluster_122855839_3663662942_3663662943_3663662944_#1more_0_D2.0,0,0.0,-1.0,[]
475.0,cluster_122855839_3663662942_3663662943_3663662944_#1more_0_D2.1,0,0.0,-1.0,[]
475.0,cluster_123241924_382443557_5344542568_5546892974_#3more_0_D0.0,1,100.0,-1.0,['truck9']
475.0,cluster_123241924_382443557_5344542568_5546892974_#3more_0_D0.1,0,0.0,-1.0,[]
475.0,cluster_123241924_382443557_5344542568_5546892974_#3more_0_D0.2,0,0.0,-1.0,[]
475.0,cluster_123241924_382443557_5344542568_5546892974_#3more_0_D0.3,0,0.0,-1.0,[]
475.0,cluster_123241924_382443557_5344542568_5546892974_#3more_0_D0.4,0,0.0,-1.0,[]
475.0,cluster_123241924_382443557_5344542568_5546892974_#3more_0_D1.0,0,0.0,-1.0,[]
475.0,cluster_123241924_382443557_5344542568_5546892974_#3more_0_D2.0,0,0.0,-1.0,[]
475.0,cluster_123241924_382443557_5344542568_5546892974_#3more_0_D2.1,0,0.0,-1.0,[]
475.0,cluster_123241924_382443557_5344542568_5546892974_#3more_0_D2.2,0,0.0,-1.0,[]
475.0,cluster_123241924_382443557_5344542568_5546892974_#3more_0_D2.3,0,0.0,-1.0,[]
475.0,cluster_123241924_382443557_5344542568_5546892974_#3more_0_D2.4,0,0.0,-1.0,[]
475.0,cluster_123241924_382443557_5344542568_5546892974_#3more_0_D2.5,0,0.0,-1.0,[]
475.0,cluster_123241924_382443557_5344542568_5546892974_#3more_0_D3.0,0,0.0,-1.0,[]
475.0,cluster_123241924_382443557_5344542568_5546892974_#3more_0_D3.1,0,0.0,-1.0,[]
475.0,cluster_123241924_382443557_5344542568_5546892974_#3more_0_D3.2,0,0.0,-1.0,[]
475.0,cluster_123241924_382443557_5344542568_5546892974_#3more_0_D3.3,0,0.0,-1.0,[]
475.0,cluster_123241924_382443557_5344542568_5546892974_#3more_0_D3.4,0,0.0,-1.0,[]
475.0,cluster_123281084_3663662939_3664674395_3664674397_#1more_0_D0.0,1,100.0,-1.0,['veh251']
475.0,cluster_123281084_3663662939_3664674395_3664674397_#1more_0_D0.1,0,0.0,-1.0,[]
475.0,cluster_123281084_3663662939_3664674395_3664674397_#1more_0_D0.2,0,0.0,-1.0,[]
475.0,cluster_123281084_3663662939_3664674395_3664674397_#1more_0_D0.3,0,0.0,-1.0,[]
475.0,cluster_123281084_3663662939_3664674395_3664674397_#1more_0_D0.4,0,0.0,-1.0,[]
475.0,cluster_123281084_3663662939_3664674395_3664674397_#1more_0_D1.0,1,100.0,-1.0,['veh234']
475.0,cluster_123281084_3663662939_3664674395_3664674397_#1more_0_D1.1,1,100.0,-1.0,['veh238']
475.0,cluster_123281084_3663662939_3664674395_3664674397_#1more_0_D2.0,0,0.0,-1.0,[]
475.0,cluster_123281084_3663662939_3664674395_3664674397_#1more_0_D2.1,0,0.0,-1.0,[]
475.0,cluster_123281085_12840608127_12840608130_12840608135_#1more_0_D0.0,0,0.0,-1.0,[]
475.0,cluster_123281085_12840608127_12840608130_12840608135_#1more_0_D1.0,0,0.0,-1.0,[]
475.0,cluster_123292026_3663224279_3663224280_3663662945_#1more_0_D0.0,0,0.0,-1.0,[]
475.0,cluster_123292026_3663224279_3663224280_3663662945_#1more_0_D0.1,0,0.0,-1.0,[]
475.0,cluster_123292026_3663224279_3663224280_3663662945_#1more_0_D1.0,0,0.0,-1.0,[]
475.0,cluster_123292026_3663224279_3663224280_3663662945_#1more_0_D1.1,0,0.0,-1.0,[]
475.0,cluster_123292026_3663224279_3663224280_3663662945_#1more_0_D1.2,0,0.0,-1.0,[]
475.0,cluster_123292026_3663224279_3663224280_3663662945_#1more_0_D1.3,0,0.0,-1.0,[]
475.0,cluster_123292026_3663224279_3663224280_3663662945_#1more_0_D2.0,0,0.0,-1.0,[]
475.0,cluster_123292026_3663224279_3663224280_3663662945_#1more_0_D2.1,0,0.0,-1.0,[]
475.0,cluster_123292029_3663224277_3663224278_5344542569_#1more_0_D0.0,1,0.0,-1.0,['veh237']
475.0,cluster_123292029_3663224277_3663224278_5344542569_#1more_0_D0.1,0,0.0,-1.0,[]
475.0,cluster_123292029_3663224277_3663224278_5344542569_#1more_0_D0.2,0,0.0,-1.0,[]
475.0,cluster_123292029_3663224277_3663224278_5344542569_#1more_0_D1.0,0,0.0,-1.0,[]
475.0,cluster_123292029_3663224277_3663224278_5344542569_#1more_0_D1.1,0,0.0,-1.0,[]
475.0,cluster_123292029_3663224277_3663224278_5344542569_#1more_0_D2.0,0,0.0,-1.0,[]
475.0,cluster_123292029_3663224277_3663224278_5344542569_#1more_0_D2.1,0,0.0,-1.0,[]
475.0,cluster_123292029_3663224277_3663224278_5344542569_#1more_0_D2.2,1,100.0,-1.0,['veh225']
475.0,cluster_123292029_3663224277_3663224278_5344542569_#1more_0_D3.0,0,0.0,-1.0,[]
475.0,cluster_123292029_3663224277_3663224278_5344542569_#1more_0_D3.1,0,0.0,-1.0,[]
475.0,cluster_123292031_3663224275_3663224276_3663662936_#1more_0_D0.0,1,100.0,-1.0,['veh188']
475.0,cluster_123292031_3663224275_3663224276_3663662936_#1more_0_D0.1,1,100.0,-1.0,['veh286']
475.0,cluster_123292031_3663224275_3663224276_3663662936_#1more_0_D1.0,0,0.0,-1.0,[]
475.0,cluster_123292031_3663224275_3663224276_3663662936_#1more_0_D2.0,0,0.0,-1.0,[]
475.0,cluster_123292031_3663224275_3663224276_3663662936_#1more_0_D2.1,0,0.0,-1.0,[]
475.0,cluster_123308403_3663827018_3663827019_3664674393_#1more_0_D0.0,0,0.0,-1.0,[]
475.0,cluster_123308403_3663827018_3663827019_3664674393_#1more_0_D0.1,0,0.0,-1.0,[]
475.0,cluster_123308403_3663827018_3663827019_3664674393_#1more_0_D1.0,0,0.0,-1.0,[]
475.0,cluster_123308403_3663827018_3663827019_3664674393_#1more_0_D1.1,0,0.0,-1.0,[]
475.0,cluster_123308403_3663827018_3663827019_3664674393_#1more_0_D1.2,0,0.0,-1.0,[]
475.0,cluster_123308403_3663827018_3663827019_3664674393_#1more_0_D1.3,0,0.0,-1.0,[]
475.0,cluster_123308403_3663827018_3663827019_3664674393_#1more_0_D2.0,0,0.0,-1.0,[]
475.0,cluster_123308403_3663827018_3663827019_3664674393_#1more_0_D2.1,0,0.0,-1.0,[]
475.0,cluster_123308403_3663827018_3663827019_3664674393_#1more_0_D2.2,0,0.0,-1.0,[]
475.0,cluster_3664723686_3698084157_3698084158_3698084159_#1more_0_D0.0,0,0.0,-1.0,[]
475.0,cluster_3664723686_3698084157_3698084158_3698084159_#1more_0_D0.1,0,0.0,-1.0,[]
475.0,cluster_3664723686_3698084157_3698084158_3698084159_#1more_0_D0.2,0,0.0,-1.0,[]
475.0,cluster_3664723686_3698084157_3698084158_3698084159_#1more_0_D1.0,0,0.0,-1.0,[]
475.0,cluster_3664723686_3698084157_3698084158_3698084159_#1more_0_D1.1,0,0.0,-1.0,[]
475.0,cluster_3664723686_3698084157_3698084158_3698084159_#1more_0_D1.2,0,0.0,-1.0,[]
475.0,joinedS_3663662947_3663662948_3698084160_3698084161_#1more_0_D0.0,0,0.0,-1.0,[]
475.0,joinedS_3663662947_3663662948_3698084160_3698084161_#1more_0_D0.1,0,0.0,-1.0,[]
475.0,joinedS_3663662947_3663662948_3698084160_3698084161_#1more_0_D0.2,0,0.0,-1.0,[]
475.0,joinedS_3663662947_3663662948_3698084160_3698084161_#1more_0_D0.3,0,0.0,-1.0,[]
475.0,joinedS_3663662947_3663662948_3698084160_3698084161_#1more_0_D1.0,0,0.0,-1.0,[]
475.0,joinedS_3663662947_3663662948_3698084160_3698084161_#1more_0_D1.1,0,0.0,-1.0,[]
475.0,joinedS_3663662947_3663662948_3698084160_3698084161_#1more_0_D1.2,0,0.0,-1.0,[]
475.0,joinedS_3663662947_3663662948_3698084160_3698084161_#1more_0_D1.3,0,0.0,-1.0,[]
475.0,joinedS_3663662947_3663662948_3698084160_3698084161_#1more_0_D2.0,0,0.0,-1.0,[]
475.0,joinedS_3663662947_3663662948_3698084160_3698084161_#1more_0_D2.1,0,0.0,-1.0,[]
475.0,joinedS_3663662947_3663662948_3698084160_3698084161_#1more_0_D2.2,0,0.0,-1.0,[]
475.0,joinedS_3663662947_3663662948_3698084160_3698084161_#1more_0_D2.3,0,0.0,-1.0,[]
475.0,joinedS_3663662947_3663662948_3698084160_3698084161_#1more_0_D3.0,1,100.0,-1.0,['veh285']
475.0,joinedS_3663662947_3663662948_3698084160_3698084161_#1more_0_D3.1,0,0.0,-1.0,[]
475.0,joinedS_3663662947_3663662948_3698084160_3698084161_#1more_0_D3.2,0,0.0,-1.0,[]
475.0,joinedS_3663662947_3663662948_3698084160_3698084161_#1more_0_D3.3,0,0.0,-1.0,[]
475.0,joinedS_3663662947_3663662948_3698084160_3698084161_#1more_0_D3.4,0,0.0,-1.0,[]
480.0,cluster_122855839_3663662942_3663662943_3663662944_#1more_0_D0.0,0,0.0,-1.0,[]
480.0,cluster_122855839_3663662942_3663662943_3663662944_#1more_0_D0.1,0,0.0,-1.0,[]
480.0,cluster_122855839_3663662942_3663662943_3663662944_#1more_0_D0.2,1,54.3152720113369,3.497651950851517,['veh288']
480.0,cluster_122855839_3663662942_3663662943_3663662944_#1more_0_D0.3,0,0.0,-1.0,[]
480.0,cluster_122855839_3663662942_3663662943_3663662944_#1more_0_D0.4,1,100.0,-1.0,['bus26']
480.0,cluster_122855839_3663662942_3663662943_3663662944_#1more_0_D1.0,1,100.0,-1.0,['veh136']
480.0,cluster_122855839_3663662942_3663662943_3663662944_#1more_0_D1.1,1,39.99918298424632,12.500255322638091,['veh158']
480.0,cluster_122855839_3663662942_3663662943_3663662944_#1more_0_D1.2,0,0.0,-1.0,[]
480.0,cluster_122855839_3663662942_3663662943_3663662944_#1more_0_D2.0,0,0.0,-1.0,[]
480.0,cluster_122855839_3663662942_3663662943_3663662944_#1more_0_D2.1,0,0.0,-1.0,[]
480.0,cluster_123241924_382443557_5344542568_5546892974_#3more_0_D0.0,1,100.0,-1.0,['truck9']
480.0,cluster_123241924_382443557_5344542568_5546892974_#3more_0_D0.1,0,0.0,-1.0,[]
480.0,cluster_123241924_382443557_5344542568_5546892974_#3more_0_D0.2,0,0.0,-1.0,[]
480.0,cluster_123241924_382443557_5344542568_5546892974_#3more_0_D0.3,0,0.0,-1.0,[]
480.0,cluster_123241924_382443557_5344542568_5546892974_#3more_0_D0.4,0,0.0,-1.0,[]
480.0,cluster_123241924_382443557_5344542568_5546892974_#3more_0_D1.0,0,0.0,-1.0,[]
480.0,cluster_123241924_382443557_5344542568_5546892974_#3more_0_D2.0,0,0.0,-1.0,[]
480.0,cluster_123241924_382443557_5344542568_5546892974_#3more_0_D2.1,0,0.0,-1.0,[]
480.0,cluster_123241924_382443557_5344542568_5546892974_#3more_0_D2.2,0,0.0,-1.0,[]
480.0,cluster_123241924_382443557_5344542568_5546892974_#3more_0_D2.3,0,0.0,-1.0,[]
480.0,cluster_123241924_382443557_5344542568_5546892974_#3more_0_D2.4,0,0.0,-1.0,[]
480.0,cluster_123241924_382443557_5344542568_5546892974_#3more_0_D2.5,0,0.0,-1.0,[]
480.0,cluster_123241924_382443557_5344542568_5546892974_#3more_0_D3.0,0,0.0,-1.0,[]
480.0,cluster_123241924_382443557_5344542568_5546892974_#3more_0_D3.1,0,0.0,-1.0,[]
480.0,cluster_123241924_382443557_5344542568_5546892974_#3more_0_D3.2,0,0.0,-1.0,[]
480.0,cluster_123241924_382443557_5344542568_5546892974_#3more_0_D3.3,0,0.0,-1.0,[]
480.0,cluster_123241924_382443557_5344542568_5546892974_#3more_0_D3.4,0,0.0,-1.0,[]
480.0,cluster_123281084_3663662939_3664674395_3664674397_#1more_0_D0.0,0,0.0,-1.0,[]
480.0,cluster_123281084_3663662939_3664674395_3664674397_#1more_0_D0.1,0,0.0,-1.0,[]
480.0,cluster_123281084_3663662939_3664674395_3664674397_#1more_0_D0.2,0,0.0,-1.0,[]
480.0,cluster_123281084_3663662939_3664674395_3664674397_#1more_0_D0.3,0,0.0,-1.0,[]
480.0,cluster_123281084_3663662939_3664674395_3664674397_#1more_0_D0.4,0,0.0,-1.0,[]
480.0,cluster_123281084_3663662939_3664674395_3664674397_#1more_0_D1.0,1,100.0,-1.0,['veh234']
480.0,cluster_123281084_3663662939_3664674395_3664674397_#1more_0_D1.1,1,100.0,-1.0,['veh238']
480.0,cluster_123281084_3663662939_3664674395_3664674397_#1more_0_D2.0,0,0.0,-1.0,[]
480.0,cluster_123281084_3663662939_3664674395_3664674397_#1more_0_D2.1,0,0.0,-1.0,[]
480.0,cluster_123281085_12840608127_12840608130_12840608135_#1more_0_D0.0,0,0.0,-1.0,[]
480.0,cluster_123281085_12840608127_12840608130_12840608135_#1more_0_D1.0,0,0.0,-1.0,[]
480.0,cluster_123292026_3663224279_3663224280_3663662945_#1more_0_D0.0,0,0.0,-1.0,[]
480.0,cluster_123292026_3663224279_3663224280_3663662945_#1more_0_D0.1,0,0.0,-1.0,[]
480.0,cluster_123292026_3663224279_3663224280_3663662945_#1more_0_D1.0,0,0.0,-1.0,[]
480.0,cluster_123292026_3663224279_3663224280_3663662945_#1more_0_D1.1,0,0.0,-1.0,[]
480.0,cluster_123292026_3663224279_3663224280_3663662945_#1more_0_D1.2,0,0.0,-1.0,[]
480.0,cluster_123292026_3663224279_3663224280_3663662945_#1more_0_D1.3,0,0.0,-1.0,[]
480.0,cluster_123292026_3663224279_3663224280_3663662945_#1more_0_D2.0,0,0.0,-1.0,[]
480.0,cluster_123292026_3663224279_3663224280_3663662945_#1more_0_D2.1,0,0.0,-1.0,[]
480.0,cluster_123292029_3663224277_3663224278_5344542569_#1more_0_D0.0,1,35.11608621506639,8.77305277836463,['veh230']
480.0,cluster_123292029_3663224277_3663224278_5344542569_#1more_0_D0.1,0,0.0,-1.0,[]
480.0,cluster_123292029_3663224277_3663224278_5344542569_#1more_0_D0.2,0,0.0,-1.0,[]
480.0,cluster_123292029_3663224277_3663224278_5344542569_#1more_0_D1.0,0,0.0,-1.0,[]
480.0,cluster_123292029_3663224277_3663224278_5344542569_#1more_0_D1.1,0,0.0,-1.0,[]
480.0,cluster_123292029_3663224277_3663224278_5344542569_#1more_0_D2.0,0,0.0,-1.0,[]
480.0,cluster_123292029_3663224277_3663224278_5344542569_#1more_0_D2.1,0,0.0,-1.0,[]
480.0,cluster_123292029_3663224277_3663224278_5344542569_#1more_0_D2.2,1,100.0,-1.0,['veh225']
480.0,cluster_123292029_3663224277_3663224278_5344542569_#1more_0_D3.0,0,0.0,-1.0,[]
480.0,cluster_123292029_3663224277_3663224278_5344542569_#1more_0_D3.1,0,0.0,-1.0,[]
480.0,cluster_123292031_3663224275_3663224276_3663662936_#1more_0_D0.0,1,0.0,-1.0,['veh206']
480.0,cluster_123292031_3663224275_3663224276_3663662936_#1more_0_D0.1,1,82.48570301015548,6.338283397428793,['bus22']
480.0,cluster_123292031_3663224275_3663224276_3663662936_#1more_0_D1.0,0,0.0,-1.0,[]
480.0,cluster_123292031_3663224275_3663224276_3663662936_#1more_0_D2.0,0,0.0,-1.0,[]
480.0,cluster_123292031_3663224275_3663224276_3663662936_#1more_0_D2.1,0,0.0,-1.0,[]
480.0,cluster_123308403_3663827018_3663827019_3664674393_#1more_0_D0.0,0,0.0,-1.0,[]
480.0,cluster_123308403_3663827018_3663827019_3664674393_#1more_0_D0.1,0,0.0,-1.0,[]
480.0,cluster_123308403_3663827018_3663827019_3664674393_#1more_0_D1.0,0,0.0,-1.0,[]
480.0,cluster_123308403_3663827018_3663827019_3664674393_#1more_0_D1.1,0,0.0,-1.0,[]
480.0,cluster_123308403_3663827018_3663827019_3664674393_#1more_0_D1.2,0,0.0,-1.0,[]
480.0,cluster_123308403_3663827018_3663827019_3664674393_#1more_0_D1.3,0,0.0,-1.0,[]
480.0,cluster_123308403_3663827018_3663827019_3664674393_#1more_0_D2.0,0,0.0,-1.0,[]
480.0,cluster_123308403_3663827018_3663827019_3664674393_#1more_0_D2.1,0,0.0,-1.0,[]
480.0,cluster_123308403_3663827018_3663827019_3664674393_#1more_0_D2.2,0,0.0,-1.0,[]
480.0,cluster_3664723686_3698084157_3698084158_3698084159_#1more_0_D0.0,0,0.0,-1.0,[]
480.0,cluster_3664723686_3698084157_3698084158_3698084159_#1more_0_D0.1,0,0.0,-1.0,[]
480.0,cluster_3664723686_3698084157_3698084158_3698084159_#1more_0_D0.2,0,0.0,-1.0,[]
480.0,cluster_3664723686_3698084157_3698084158_3698084159_#1more_0_D1.0,0,0.0,-1.0,[]
480.0,cluster_3664723686_3698084157_3698084158_3698084159_#1more_0_D1.1,0,0.0,-1.0,[]
480.0,cluster_3664723686_3698084157_3698084158_3698084159_#1more_0_D1.2,0,0.0,-1.0,[]
480.0,joinedS_3663662947_3663662948_3698084160_3698084161_#1more_0_D0.0,1,100.0,-1.0,['veh295']
480.0,joinedS_3663662947_3663662948_3698084160_3698084161_#1more_0_D0.1,0,0.0,-1.0,[]
480.0,joinedS_3663662947_3663662948_3698084160_3698084161_#1more_0_D0.2,0,0.0,-1.0,[]
480.0,joinedS_3663662947_3663662948_3698084160_3698084161_#1more_0_D0.3,0,0.0,-1.0,[]
480.0,joinedS_3663662947_3663662948_3698084160_3698084161_#1more_0_D1.0,0,0.0,-1.0,[]
480.0,joinedS_3663662947_3663662948_3698084160_3698084161_#1more_0_D1.1,0,0.0,-1.0,[]
480.0,joinedS_3663662947_3663662948_3698084160_3698084161_#1more_0_D1.2,0,0.0,-1.0,[]
480.0,joinedS_3663662947_3663662948_3698084160_3698084161_#1more_0_D1.3,0,0.0,-1.0,[]
480.0,joinedS_3663662947_3663662948_3698084160_3698084161_#1more_0_D2.0,0,0.0,-1.0,[]
480.0,joinedS_3663662947_3663662948_3698084160_3698084161_#1more_0_D2.1,0,0.0,-1.0,[]
480.0,joinedS_3663662947_3663662948_3698084160_3698084161_#1more_0_D2.2,0,0.0,-1.0,[]
480.0,joinedS_3663662947_3663662948_3698084160_3698084161_#1more_0_D2.3,0,0.0,-1.0,[]
480.0,joinedS_3663662947_3663662948_3698084160_3698084161_#1more_0_D3.0,1,100.0,-1.0,['veh285']
480.0,joinedS_3663662947_3663662948_3698084160_3698084161_#1more_0_D3.1,0,0.0,-1.0,[]
480.0,joinedS_3663662947_3663662948_3698084160_3698084161_#1more_0_D3.2,0,0.0,-1.0,[]
480.0,joinedS_3663662947_3663662948_3698084160_3698084161_#1more_0_D3.3,0,0.0,-1.0,[]
480.0,joinedS_3663662947_3663662948_3698084160_3698084161_#1more_0_D3.4,0,0.0,-1.0,[]
485.0,cluster_122855839_3663662942_3663662943_3663662944_#1more_0_D0.0,0,0.0,-1.0,[]
485.0,cluster_122855839_3663662942_3663662943_3663662944_#1more_0_D0.1,0,0.0,-1.0,[]
485.0,cluster_122855839_3663662942_3663662943_3663662944_#1more_0_D0.2,0,0.0,-1.0,[]
485.0,cluster_122855839_3663662942_3663662943_3663662944_#1more_0_D0.3,0,0.0,-1.0,[]
485.0,cluster_122855839_3663662942_3663662943_3663662944_#1more_0_D0.4,1,100.0,-1.0,['bus26']
485.0,cluster_122855839_3663662942_3663662943_3663662944_#1more_0_D1.0,1,100.0,-1.0,['veh136']
485.0,cluster_122855839_3663662942_3663662943_3663662944_#1more_0_D1.1,1,13.91025623009341,9.291387390292412,['veh194']
485.0,cluster_122855839_3663662942_3663662943_3663662944_#1more_0_D1.2,0,0.0,-1.0,[]
485.0,cluster_122855839_3663662942_3663662943_3663662944_#1more_0_D2.0,1,100.0,-1.0,['bus19']
485.0,cluster_122855839_3663662942_3663662943_3663662944_#1more_0_D2.1,0,0.0,-1.0,[]
485.0,cluster_123241924_382443557_5344542568_5546892974_#3more_0_D0.0,1,100.0,-1.0,['truck9']
485.0,cluster_123241924_382443557_5344542568_5546892974_#3more_0_D0.1,0,0.0,-1.0,[]
485.0,cluster_123241924_382443557_5344542568_5546892974_#3more_0_D0.2,0,0.0,-1.0,[]
485.0,cluster_123241924_382443557_5344542568_5546892974_#3more_0_D0.3,0,0.0,-1.0,[]
485.0,cluster_123241924_382443557_5344542568_5546892974_#3more_0_D0.4,0,0.0,-1.0,[]
485.0,cluster_123241924_382443557_5344542568_5546892974_#3more_0_D1.0,0,0.0,-1.0,[]
485.0,cluster_123241924_382443557_5344542568_5546892974_#3more_0_D2.0,0,0.0,-1.0,[]
485.0,cluster_123241924_382443557_5344542568_5546892974_#3more_0_D2.1,0,0.0,-1.0,[]
485.0,cluster_123241924_382443557_5344542568_5546892974_#3more_0_D2.2,0,0.0,-1.0,[]
485.0,cluster_123241924_382443557_5344542568_5546892974_#3more_0_D2.3,0,0.0,-1.0,[]
485.0,cluster_123241924_382443557_5344542568_5546892974_#3more_0_D2.4,0,0.0,-1.0,[]
485.0,cluster_123241924_382443557_5344542568_5546892974_#3more_0_D2.5,0,0.0,-1.0,[]
485.0,cluster_123241924_382443557_5344542568_5546892974_#3more_0_D3.0,0,0.0,-1.0,[]
485.0,cluster_123241924_382443557_5344542568_5546892974_#3more_0_D3.1,0,0.0,-1.0,[]
485.0,cluster_123241924_382443557_5344542568_5546892974_#3more_0_D3.2,0,0.0,-1.0,[]
485.0,cluster_123241924_382443557_5344542568_5546892974_#3more_0_D3.3,0,0.0,-1.0,[]
485.0,cluster_123241924_382443557_5344542568_5546892974_#3more_0_D3.4,0,0.0,-1.0,[]
485.0,cluster_123281084_3663662939_3664674395_3664674397_#1more_0_D0.0,0,0.0,-1.0,[]
485.0,cluster_123281084_3663662939_3664674395_3664674397_#1more_0_D0.1,0,0.0,-1.0,[]
485.0,cluster_123281084_3663662939_3664674395_3664674397_#1more_0_D0.2,0,0.0,-1.0,[]
485.0,cluster_123281084_3663662939_3664674395_3664674397_#1more_0_D0.3,0,0.0,-1.0,[]
485.0,cluster_123281084_3663662939_3664674395_3664674397_#1more_0_D0.4,0,0.0,-1.0,[]
485.0,cluster_123281084_3663662939_3664674395_3664674397_#1more_0_D1.0,1,100.0,-1.0,['veh234']
485.0,cluster_123281084_3663662939_3664674395_3664674397_#1more_0_D1.1,1,100.0,-1.0,['veh238']
485.0,cluster_123281084_3663662939_3664674395_3664674397_#1more_0_D2.0,0,0.0,-1.0,[]
485.0,cluster_123281084_3663662939_3664674395_3664674397_#1more_0_D2.1,0,0.0,-1.0,[]
485.0,cluster_123281085_12840608127_12840608130_12840608135_#1more_0_D0.0,1,0.0,-1.0,['veh271']
485.0,cluster_123281085_12840608127_12840608130_12840608135_#1more_0_D1.0,0,0.0,-1.0,[]
485.0,cluster_123292026_3663224279_3663224280_3663662945_#1more_0_D0.0,0,0.0,-1.0,[]
485.0,cluster_123292026_3663224279_3663224280_3663662945_#1more_0_D0.1,0,0.0,-1.0,[]
485.0,cluster_123292026_3663224279_3663224280_3663662945_#1more_0_D1.0,0,0.0,-1.0,[]
485.0,cluster_123292026_3663224279_3663224280_3663662945_#1more_0_D1.1,0,0.0,-1.0,[]
485.0,cluster_123292026_3663224279_3663224280_3663662945_#1more_0_D1.2,0,0.0,-1.0,[]
485.0,cluster_123292026_3663224279_3663224280_3663662945_#1more_0_D1.3,0,0.0,-1.0,[]
485.0,cluster_123292026_3663224279_3663224280_3663662945_#1more_0_D2.0,0,0.0,-1.0,[]
485.0,cluster_123292026_3663224279_3663224280_3663662945_#1more_0_D2.1,0,0.0,-1.0,[]
485.0,cluster_123292029_3663224277_3663224278_5344542569_#1more_0_D0.0,0,0.0,-1.0,[]
485.0,cluster_123292029_3663224277_3663224278_5344542569_#1more_0_D0.1,0,0.0,-1.0,[]
485.0,cluster_123292029_3663224277_3663224278_5344542569_#1more_0_D0.2,0,0.0,-1.0,[]
485.0,cluster_123292029_3663224277_3663224278_5344542569_#1more_0_D1.0,0,0.0,-1.0,[]
485.0,cluster_123292029_3663224277_3663224278_5344542569_#1more_0_D1.1,0,0.0,-1.0,[]
485.0,cluster_123292029_3663224277_3663224278_5344542569_#1more_0_D2.0,1,38.275701655237526,8.27551151509705,['bus14']
485.0,cluster_123292029_3663224277_3663224278_5344542569_#1more_0_D2.1,0,0.0,-1.0,[]
485.0,cluster_123292029_3663224277_3663224278_5344542569_#1more_0_D2.2,1,100.0,-1.0,['veh225']
485.0,cluster_123292029_3663224277_3663224278_5344542569_#1more_0_D3.0,0,0.0,-1.0,[]
485.0,cluster_123292029_3663224277_3663224278_5344542569_#1more_0_D3.1,0,0.0,-1.0,[]
485.0,cluster_123292031_3663224275_3663224276_3663662936_#1more_0_D0.0,1,0.0,-1.0,['veh226']
485.0,cluster_123292031_3663224275_3663224276_3663662936_#1more_0_D0.1,0,0.0,-1.0,[]
485.0,cluster_123292031_3663224275_3663224276_3663662936_#1more_0_D1.0,0,0.0,-1.0,[]
485.0,cluster_123292031_3663224275_3663224276_3663662936_#1more_0_D2.0,0,0.0,-1.0,[]
485.0,cluster_123292031_3663224275_3663224276_3663662936_#1more_0_D2.1,0,0.0,-1.0,[]
485.0,cluster_123308403_3663827018_3663827019_3664674393_#1more_0_D0.0,0,0.0,-1.0,[]
485.0,cluster_123308403_3663827018_3663827019_3664674393_#1more_0_D0.1,0,0.0,-1.0,[]
485.0,cluster_123308403_3663827018_3663827019_3664674393_#1more_0_D1.0,0,0.0,-1.0,[]
485.0,cluster_123308403_3663827018_3663827019_3664674393_#1more_0_D1.1,0,0.0,-1.0,[]
485.0,cluster_123308403_3663827018_3663827019_3664674393_#1more_0_D1.2,0,0.0,-1.0,[]
485.0,cluster_123308403_3663827018_3663827019_3664674393_#1more_0_D1.3,1,0.0,-1.0,['veh298']
485.0,cluster_123308403_3663827018_3663827019_3664674393_#1more_0_D2.0,0,0.0,-1.0,[]
485.0,cluster_123308403_3663827018_3663827019_3664674393_#1more_0_D2.1,0,0.0,-1.0,[]
485.0,cluster_123308403_3663827018_3663827019_3664674393_#1more_0_D2.2,0,0.0,-1.0,[]
485.0,cluster_3664723686_3698084157_3698084158_3698084159_#1more_0_D0.0,0,0.0,-1.0,[]
485.0,cluster_3664723686_3698084157_3698084158_3698084159_#1more_0_D0.1,0,0.0,-1.0,[]
485.0,cluster_3664723686_3698084157_3698084158_3698084159_#1more_0_D0.2,0,0.0,-1.0,[]
485.0,cluster_3664723686_3698084157_3698084158_3698084159_#1more_0_D1.0,0,0.0,-1.0,[]
485.0,cluster_3664723686_3698084157_3698084158_3698084159_#1more_0_D1.1,0,0.0,-1.0,[]
485.0,cluster_3664723686_3698084157_3698084158_3698084159_#1more_0_D1.2,0,0.0,-1.0,[]
485.0,joinedS_3663662947_3663662948_3698084160_3698084161_#1more_0_D0.0,1,100.0,-1.0,['veh295']
485.0,joinedS_3663662947_3663662948_3698084160_3698084161_#1more_0_D0.1,0,0.0,-1.0,[]
485.0,joinedS_3663662947_3663662948_3698084160_3698084161_#1more_0_D0.2,0,0.0,-1.0,[]
485.0,joinedS_3663662947_3663662948_3698084160_3698084161_#1more_0_D0.3,0,0.0,-1.0,[]
485.0,joinedS_3663662947_3663662948_3698084160_3698084161_#1more_0_D1.0,0,0.0,-1.0,[]
485.0,joinedS_3663662947_3663662948_3698084160_3698084161_#1more_0_D1.1,0,0.0,-1.0,[]
485.0,joinedS_3663662947_3663662948_3698084160_3698084161_#1more_0_D1.2,0,0.0,-1.0,[]
485.0,joinedS_3663662947_3663662948_3698084160_3698084161_#1more_0_D1.3,0,0.0,-1.0,[]
485.0,joinedS_3663662947_3663662948_3698084160_3698084161_#1more_0_D2.0,0,0.0,-1.0,[]
485.0,joinedS_3663662947_3663662948_3698084160_3698084161_#1more_0_D2.1,0,0.0,-1.0,[]
485.0,joinedS_3663662947_3663662948_3698084160_3698084161_#1more_0_D2.2,0,0.0,-1.0,[]
485.0,joinedS_3663662947_3663662948_3698084160_3698084161_#1more_0_D2.3,0,0.0,-1.0,[]
485.0,joinedS_3663662947_3663662948_3698084160_3698084161_#1more_0_D3.0,1,100.0,-1.0,['veh285']
485.0,joinedS_3663662947_3663662948_3698084160_3698084161_#1more_0_D3.1,0,0.0,-1.0,[]
485.0,joinedS_3663662947_3663662948_3698084160_3698084161_#1more_0_D3.2,0,0.0,-1.0,[]
485.0,joinedS_3663662947_3663662948_3698084160_3698084161_#1more_0_D3.3,0,0.0,-1.0,[]
485.0,joinedS_3663662947_3663662948_3698084160_3698084161_#1more_0_D3.4,0,0.0,-1.0,[]
490.0,cluster_122855839_3663662942_3663662943_3663662944_#1more_0_D0.0,0,0.0,-1.0,[]
490.0,cluster_122855839_3663662942_3663662943_3663662944_#1more_0_D0.1,0,0.0,-1.0,[]
490.0,cluster_122855839_3663662942_3663662943_3663662944_#1more_0_D0.2,0,0.0,-1.0,[]
490.0,cluster_122855839_3663662942_3663662943_3663662944_#1more_0_D0.3,0,0.0,-1.0,[]
490.0,cluster_122855839_3663662942_3663662943_3663662944_#1more_0_D0.4,1,100.0,-1.0,['bus26']
490.0,cluster_122855839_3663662942_3663662943_3663662944_#1more_0_D1.0,1,100.0,-1.0,['veh136']
490.0,cluster_122855839_3663662942_3663662943_3663662944_#1more_0_D1.1,1,54.397730509401754,9.191559929390495,['veh197']
490.0,cluster_122855839_3663662942_3663662943_3663662944_#1more_0_D1.2,0,0.0,-1.0,[]
490.0,cluster_122855839_3663662942_3663662943_3663662944_#1more_0_D2.0,0,0.0,-1.0,[]
490.0,cluster_122855839_3663662942_3663662943_3663662944_#1more_0_D2.1,0,0.0,-1.0,[]
490.0,cluster_123241924_382443557_5344542568_5546892974_#3more_0_D0.0,1,100.0,-1.0,['truck9']
490.0,cluster_123241924_382443557_5344542568_5546892974_#3more_0_D0.1,0,0.0,-1.0,[]
490.0,cluster_123241924_382443557_5344542568_5546892974_#3more_0_D0.2,1,0.0,-1.0,['bus18']
490.0,cluster_123241924_382443557_5344542568_5546892974_#3more_0_D0.3,0,0.0,-1.0,[]
490.0,cluster_123241924_382443557_5344542568_5546892974_#3more_0_D0.4,0,0.0,-1.0,[]
490.0,cluster_123241924_382443557_5344542568_5546892974_#3more_0_D1.0,0,0.0,-1.0,[]
490.0,cluster_123241924_382443557_5344542568_5546892974_#3more_0_D2.0,0,0.0,-1.0,[]
490.0,cluster_123241924_382443557_5344542568_5546892974_#3more_0_D2.1,0,0.0,-1.0,[]
490.0,cluster_123241924_382443557_5344542568_5546892974_#3more_0_D2.2,0,0.0,-1.0,[]
490.0,cluster_123241924_382443557_5344542568_5546892974_#3more_0_D2.3,0,0.0,-1.0,[]
490.0,cluster_123241924_382443557_5344542568_5546892974_#3more_0_D2.4,0,0.0,-1.0,[]
490.0,cluster_123241924_382443557_5344542568_5546892974_#3more_0_D2.5,0,0.0,-1.0,[]
490.0,cluster_123241924_382443557_5344542568_5546892974_#3more_0_D3.0,0,0.0,-1.0,[]
490.0,cluster_123241924_382443557_5344542568_5546892974_#3more_0_D3.1,0,0.0,-1.0,[]
490.0,cluster_123241924_382443557_5344542568_5546892974_#3more_0_D3.2,0,0.0,-1.0,[]
490.0,cluster_123241924_382443557_5344542568_5546892974_#3more_0_D3.3,0,0.0,-1.0,[]
490.0,cluster_123241924_382443557_5344542568_5546892974_#3more_0_D3.4,0,0.0,-1.0,[]
490.0,cluster_123281084_3663662939_3664674395_3664674397_#1more_0_D0.0,0,0.0,-1.0,[]
490.0,cluster_123281084_3663662939_3664674395_3664674397_#1more_0_D0.1,1,0.0,-1.0,['veh283']
490.0,cluster_123281084_3663662939_3664674395_3664674397_#1more_0_D0.2,0,0.0,-1.0,[]
490.0,cluster_123281084_3663662939_3664674395_3664674397_#1more_0_D0.3,0,0.0,-1.0,[]
490.0,cluster_123281084_3663662939_3664674395_3664674397_#1more_0_D0.4,0,0.0,-1.0,[]
490.0,cluster_123281084_3663662939_3664674395_3664674397_#1more_0_D1.0,1,67.55376229794479,3.0325491602643204,['veh262']
490.0,cluster_123281084_3663662939_3664674395_3664674397_#1more_0_D1.1,0,0.0,-1.0,[]
490.0,cluster_123281084_3663662939_3664674395_3664674397_#1more_0_D2.0,0,0.0,-1.0,[]
490.0,cluster_123281084_3663662939_3664674395_3664674397_#1more_0_D2.1,0,0.0,-1.0,[]
490.0,cluster_123281085_12840608127_12840608130_12840608135_#1more_0_D0.0,0,0.0,-1.0,[]
490.0,cluster_123281085_12840608127_12840608130_12840608135_#1more_0_D1.0,0,0.0,-1.0,[]
490.0,cluster_123292026_3663224279_3663224280_3663662945_#1more_0_D0.0,0,0.0,-1.0,[]
490.0,cluster_123292026_3663224279_3663224280_3663662945_#1more_0_D0.1,0,0.0,-1.0,[]
490.0,cluster_123292026_3663224279_3663224280_3663662945_#1more_0_D1.0,0,0.0,-1.0,[]
490.0,cluster_123292026_3663224279_3663224280_3663662945_#1more_0_D1.1,0,0.0,-1.0,[]
490.0,cluster_123292026_3663224279_3663224280_3663662945_#1more_0_D1.2,0,0.0,-1.0,[]
490.0,cluster_123292026_3663224279_3663224280_3663662945_#1more_0_D1.3,0,0.0,-1.0,[]
490.0,cluster_123292026_3663224279_3663224280_3663662945_#1more_0_D2.0,0,0.0,-1.0,[]
490.0,cluster_123292026_3663224279_3663224280_3663662945_#1more_0_D2.1,0,0.0,-1.0,[]
490.0,cluster_123292029_3663224277_3663224278_5344542569_#1more_0_D0.0,0,0.0,-1.0,[]
490.0,cluster_123292029_3663224277_3663224278_5344542569_#1more_0_D0.1,1,34.809858509765945,14.363746978739497,['veh251']
490.0,cluster_123292029_3663224277_3663224278_5344542569_#1more_0_D0.2,0,0.0,-1.0,[]
490.0,cluster_123292029_3663224277_3663224278_5344542569_#1more_0_D1.0,0,0.0,-1.0,[]
490.0,cluster_123292029_3663224277_3663224278_5344542569_#1more_0_D1.1,0,0.0,-1.0,[]
490.0,cluster_123292029_3663224277_3663224278_5344542569_#1more_0_D2.0,1,29.408683126922597,11.874839557458156,['veh143']
490.0,cluster_123292029_3663224277_3663224278_5344542569_#1more_0_D2.1,0,0.0,-1.0,[]
490.0,cluster_123292029_3663224277_3663224278_5344542569_#1more_0_D2.2,1,100.0,-1.0,['veh225']
490.0,cluster_123292029_3663224277_3663224278_5344542569_#1more_0_D3.0,0,0.0,-1.0,[]
490.0,cluster_123292029_3663224277_3663224278_5344542569_#1more_0_D3.1,0,0.0,-1.0,[]
490.0,cluster_123292031_3663224275_3663224276_3663662936_#1more_0_D0.0,1,8.970639199873176,6.354370996388162,['truck5']
490.0,cluster_123292031_3663224275_3663224276_3663662936_#1more_0_D0.1,0,0.0,-1.0,[]
490.0,cluster_123292031_3663224275_3663224276_3663662936_#1more_0_D1.0,0,0.0,-1.0,[]
490.0,cluster_123292031_3663224275_3663224276_3663662936_#1more_0_D2.0,0,0.0,-1.0,[]
490.0,cluster_123292031_3663224275_3663224276_3663662936_#1more_0_D2.1,1,65.17778796881544,13.357259682761505,['bus30']
490.0,cluster_123308403_3663827018_3663827019_3664674393_#1more_0_D0.0,0,0.0,-1.0,[]
490.0,cluster_123308403_3663827018_3663827019_3664674393_#1more_0_D0.1,0,0.0,-1.0,[]
490.0,cluster_123308403_3663827018_3663827019_3664674393_#1more_0_D1.0,0,0.0,-1.0,[]
490.0,cluster_123308403_3663827018_3663827019_3664674393_#1more_0_D1.1,0,0.0,-1.0,[]
490.0,cluster_123308403_3663827018_3663827019_3664674393_#1more_0_D1.2,0,0.0,-1.0,[]
490.0,cluster_123308403_3663827018_3663827019_3664674393_#1more_0_D1.3,0,0.0,-1.0,[]
490.0,cluster_123308403_3663827018_3663827019_3664674393_#1more_0_D2.0,0,0.0,-1.0,[]
490.0,cluster_123308403_3663827018_3663827019_3664674393_#1more_0_D2.1,0,0.0,-1.0,[]
490.0,cluster_123308403_3663827018_3663827019_3664674393_#1more_0_D2.2,0,0.0,-1.0,[]
490.0,cluster_3664723686_3698084157_3698084158_3698084159_#1more_0_D0.0,0,0.0,-1.0,[]
490.0,cluster_3664723686_3698084157_3698084158_3698084159_#1more_0_D0.1,0,0.0,-1.0,[]
490.0,cluster_3664723686_3698084157_3698084158_3698084159_#1more_0_D0.2,0,0.0,-1.0,[]
490.0,cluster_3664723686_3698084157_3698084158_3698084159_#1more_0_D1.0,0,0.0,-1.0,[]
490.0,cluster_3664723686_3698084157_3698084158_3698084159_#1more_0_D1.1,0,0.0,-1.0,[]
490.0,cluster_3664723686_3698084157_3698084158_3698084159_#1more_0_D1.2,0,0.0,-1.0,[]
490.0,joinedS_3663662947_3663662948_3698084160_3698084161_#1more_0_D0.0,0,0.0,-1.0,[]
490.0,joinedS_3663662947_3663662948_3698084160_3698084161_#1more_0_D0.1,0,0.0,-1.0,[]
490.0,joinedS_3663662947_3663662948_3698084160_3698084161_#1more_0_D0.2,0,0.0,-1.0,[]
490.0,joinedS_3663662947_3663662948_3698084160_3698084161_#1more_0_D0.3,0,0.0,-1.0,[]
490.0,joinedS_3663662947_3663662948_3698084160_3698084161_#1more_0_D1.0,0,0.0,-1.0,[]
490.0,joinedS_3663662947_3663662948_3698084160_3698084161_#1more_0_D1.1,1,0.0,-1.0,['veh285']
490.0,joinedS_3663662947_3663662948_3698084160_3698084161_#1more_0_D1.2,0,0.0,-1.0,[]
490.0,joinedS_3663662947_3663662948_3698084160_3698084161_#1more_0_D1.3,0,0.0,-1.0,[]
490.0,joinedS_3663662947_3663662948_3698084160_3698084161_#1more_0_D2.0,0,0.0,-1.0,[]
490.0,joinedS_3663662947_3663662948_3698084160_3698084161_#1more_0_D2.1,0,0.0,-1.0,[]
490.0,joinedS_3663662947_3663662948_3698084160_3698084161_#1more_0_D2.2,0,0.0,-1.0,[]
490.0,joinedS_3663662947_3663662948_3698084160_3698084161_#1more_0_D2.3,0,0.0,-1.0,[]
490.0,joinedS_3663662947_3663662948_3698084160_3698084161_#1more_0_D3.0,1,100.0,6.331808,['veh304']
490.0,joinedS_3663662947_3663662948_3698084160_3698084161_#1more_0_D3.1,0,0.0,-1.0,[]
490.0,joinedS_3663662947_3663662948_3698084160_3698084161_#1more_0_D3.2,0,0.0,-1.0,[]
490.0,joinedS_3663662947_3663662948_3698084160_3698084161_#1more_0_D3.3,0,0.0,-1.0,[]
490.0,joinedS_3663662947_3663662948_3698084160_3698084161_#1more_0_D3.4,0,0.0,-1.0,[]
495.0,cluster_122855839_3663662942_3663662943_3663662944_#1more_0_D0.0,0,0.0,-1.0,[]
495.0,cluster_122855839_3663662942_3663662943_3663662944_#1more_0_D0.1,0,0.0,-1.0,[]
495.0,cluster_122855839_3663662942_3663662943_3663662944_#1more_0_D0.2,0,0.0,-1.0,[]
495.0,cluster_122855839_3663662942_3663662943_3663662944_#1more_0_D0.3,0,0.0,-1.0,[]
495.0,cluster_122855839_3663662942_3663662943_3663662944_#1more_0_D0.4,1,100.0,-1.0,['bus26']
495.0,cluster_122855839_3663662942_3663662943_3663662944_#1more_0_D1.0,1,100.0,-1.0,['veh136']
495.0,cluster_122855839_3663662942_3663662943_3663662944_#1more_0_D1.1,1,0.0,-1.0,['veh230']
495.0,cluster_122855839_3663662942_3663662943_3663662944_#1more_0_D1.2,1,5.070763238660447,14.385750443658866,['veh242']
495.0,cluster_122855839_3663662942_3663662943_3663662944_#1more_0_D2.0,0,0.0,-1.0,[]
495.0,cluster_122855839_3663662942_3663662943_3663662944_#1more_0_D2.1,1,60.43492369108776,8.273361981157498,['veh235']
495.0,cluster_123241924_382443557_5344542568_5546892974_#3more_0_D0.0,1,100.0,-1.0,['truck9']
495.0,cluster_123241924_382443557_5344542568_5546892974_#3more_0_D0.1,1,100.0,-1.0,['veh158']
495.0,cluster_123241924_382443557_5344542568_5546892974_#3more_0_D0.2,1,0.0,-1.0,['veh158']
495.0,cluster_123241924_382443557_5344542568_5546892974_#3more_0_D0.3,0,0.0,-1.0,[]
495.0,cluster_123241924_382443557_5344542568_5546892974_#3more_0_D0.4,0,0.0,-1.0,[]
495.0,cluster_123241924_382443557_5344542568_5546892974_#3more_0_D1.0,0,0.0,-1.0,[]
495.0,cluster_123241924_382443557_5344542568_5546892974_#3more_0_D2.0,0,0.0,-1.0,[]
495.0,cluster_123241924_382443557_5344542568_5546892974_#3more_0_D2.1,0,0.0,-1.0,[]
495.0,cluster_123241924_382443557_5344542568_5546892974_#3more_0_D2.2,0,0.0,-1.0,[]
495.0,cluster_123241924_382443557_5344542568_5546892974_#3more_0_D2.3,0,0.0,-1.0,[]
495.0,cluster_123241924_382443557_5344542568_5546892974_#3more_0_D2.4,0,0.0,-1.0,[]
495.0,cluster_123241924_382443557_5344542568_5546892974_#3more_0_D2.5,0,0.0,-1.0,[]
495.0,cluster_123241924_382443557_5344542568_5546892974_#3more_0_D3.0,0,0.0,-1.0,[]
495.0,cluster_123241924_382443557_5344542568_5546892974_#3more_0_D3.1,0,0.0,-1.0,[]
495.0,cluster_123241924_382443557_5344542568_5546892974_#3more_0_D3.2,0,0.0,-1.0,[]
495.0,cluster_123241924_382443557_5344542568_5546892974_#3more_0_D3.3,0,0.0,-1.0,[]
495.0,cluster_123241924_382443557_5344542568_5546892974_#3more_0_D3.4,1,0.0,-1.0,['bus21']
495.0,cluster_123281084_3663662939_3664674395_3664674397_#1more_0_D0.0,0,0.0,-1.0,[]
495.0,cluster_123281084_3663662939_3664674395_3664674397_#1more_0_D0.1,0,0.0,-1.0,[]
495.0,cluster_123281084_3663662939_3664674395_3664674397_#1more_0_D0.2,0,0.0,-1.0,[]
495.0,cluster_123281084_3663662939_3664674395_3664674397_#1more_0_D0.3,0,0.0,-1.0,[]
495.0,cluster_123281084_3663662939_3664674395_3664674397_#1more_0_D0.4,0,0.0,-1.0,[]
495.0,cluster_123281084_3663662939_3664674395_3664674397_#1more_0_D1.0,1,1.8728617454200958,6.173134146393086,['veh284']
495.0,cluster_123281084_3663662939_3664674395_3664674397_#1more_0_D1.1,1,0.0,-1.0,['veh258']
495.0,cluster_123281084_3663662939_3664674395_3664674397_#1more_0_D2.0,0,0.0,-1.0,[]
495.0,cluster_123281084_3663662939_3664674395_3664674397_#1more_0_D2.1,0,0.0,-1.0,[]
495.0,cluster_123281085_12840608127_12840608130_12840608135_#1more_0_D0.0,0,0.0,-1.0,[]
495.0,cluster_123281085_12840608127_12840608130_12840608135_#1more_0_D1.0,0,0.0,-1.0,[]
495.0,cluster_123292026_3663224279_3663224280_3663662945_#1more_0_D0.0,0,0.0,-1.0,[]
495.0,cluster_123292026_3663224279_3663224280_3663662945_#1more_0_D0.1,0,0.0,-1.0,[]
495.0,cluster_123292026_3663224279_3663224280_3663662945_#1more_0_D1.0,1,49.86299605042177,10.027476076535732,['veh295']
495.0,cluster_123292026_3663224279_3663224280_3663662945_#1more_0_D1.1,0,0.0,-1.0,[]
495.0,cluster_123292026_3663224279_3663224280_3663662945_#1more_0_D1.2,0,0.0,-1.0,[]
495.0,cluster_123292026_3663224279_3663224280_3663662945_#1more_0_D1.3,0,0.0,-1.0,[]
495.0,cluster_123292026_3663224279_3663224280_3663662945_#1more_0_D2.0,0,0.0,-1.0,[]
495.0,cluster_123292026_3663224279_3663224280_3663662945_#1more_0_D2.1,0,0.0,-1.0,[]
495.0,cluster_123292029_3663224277_3663224278_5344542569_#1more_0_D0.0,1,39.18317942408294,12.760577557743765,['veh221']
495.0,cluster_123292029_3663224277_3663224278_5344542569_#1more_0_D0.1,0,0.0,-1.0,[]
495.0,cluster_123292029_3663224277_3663224278_5344542569_#1more_0_D0.2,0,0.0,-1.0,[]
495.0,cluster_123292029_3663224277_3663224278_5344542569_#1more_0_D1.0,0,0.0,-1.0,[]
495.0,cluster_123292029_3663224277_3663224278_5344542569_#1more_0_D1.1,0,0.0,-1.0,[]
495.0,cluster_123292029_3663224277_3663224278_5344542569_#1more_0_D2.0,1,0.0,-1.0,['veh161']
495.0,cluster_123292029_3663224277_3663224278_5344542569_#1more_0_D2.1,0,0.0,-1.0,[]
495.0,cluster_123292029_3663224277_3663224278_5344542569_#1more_0_D2.2,1,100.0,-1.0,['veh225']
495.0,cluster_123292029_3663224277_3663224278_5344542569_#1more_0_D3.0,0,0.0,-1.0,[]
495.0,cluster_123292029_3663224277_3663224278_5344542569_#1more_0_D3.1,0,0.0,-1.0,[]
495.0,cluster_123292031_3663224275_3663224276_3663662936_#1more_0_D0.0,1,18.232999450469833,9.895449473620234,['bus13']
495.0,cluster_123292031_3663224275_3663224276_3663662936_#1more_0_D0.1,0,0.0,-1.0,[]
495.0,cluster_123292031_3663224275_3663224276_3663662936_#1more_0_D1.0,0,0.0,-1.0,[]
495.0,cluster_123292031_3663224275_3663224276_3663662936_#1more_0_D2.0,0,0.0,-1.0,[]
495.0,cluster_123292031_3663224275_3663224276_3663662936_#1more_0_D2.1,0,0.0,-1.0,[]
495.0,cluster_123308403_3663827018_3663827019_3664674393_#1more_0_D0.0,0,0.0,-1.0,[]
495.0,cluster_123308403_3663827018_3663827019_3664674393_#1more_0_D0.1,0,0.0,-1.0,[]
495.0,cluster_123308403_3663827018_3663827019_3664674393_#1more_0_D1.0,0,0.0,-1.0,[]
495.0,cluster_123308403_3663827018_3663827019_3664674393_#1more_0_D1.1,0,0.0,-1.0,[]
495.0,cluster_123308403_3663827018_3663827019_3664674393_#1more_0_D1.2,0,0.0,-1.0,[]
495.0,cluster_123308403_3663827018_3663827019_3664674393_#1more_0_D1.3,0,0.0,-1.0,[]
495.0,cluster_123308403_3663827018_3663827019_3664674393_#1more_0_D2.0,0,0.0,-1.0,[]
495.0,cluster_123308403_3663827018_3663827019_3664674393_#1more_0_D2.1,0,0.0,-1.0,[]
495.0,cluster_123308403_3663827018_3663827019_3664674393_#1more_0_D2.2,0,0.0,-1.0,[]
495.0,cluster_3664723686_3698084157_3698084158_3698084159_#1more_0_D0.0,0,0.0,-1.0,[]
495.0,cluster_3664723686_3698084157_3698084158_3698084159_#1more_0_D0.1,0,0.0,-1.0,[]
495.0,cluster_3664723686_3698084157_3698084158_3698084159_#1more_0_D0.2,0,0.0,-1.0,[]
495.0,cluster_3664723686_3698084157_3698084158_3698084159_#1more_0_D1.0,0,0.0,-1.0,[]
495.0,cluster_3664723686_3698084157_3698084158_3698084159_#1more_0_D1.1,0,0.0,-1.0,[]
495.0,cluster_3664723686_3698084157_3698084158_3698084159_#1more_0_D1.2,0,0.0,-1.0,[]
495.0,joinedS_3663662947_3663662948_3698084160_3698084161_#1more_0_D0.0,0,0.0,-1.0,[]
495.0,joinedS_3663662947_3663662948_3698084160_3698084161_#1more_0_D0.1,0,0.0,-1.0,[]
495.0,joinedS_3663662947_3663662948_3698084160_3698084161_#1more_0_D0.2,0,0.0,-1.0,[]
495.0,joinedS_3663662947_3663662948_3698084160_3698084161_#1more_0_D0.3,0,0.0,-1.0,[]
495.0,joinedS_3663662947_3663662948_3698084160_3698084161_#1more_0_D1.0,0,0.0,-1.0,[]
495.0,joinedS_3663662947_3663662948_3698084160_3698084161_#1more_0_D1.1,0,0.0,-1.0,[]
495.0,joinedS_3663662947_3663662948_3698084160_3698084161_#1more_0_D1.2,0,0.0,-1.0,[]
495.0,joinedS_3663662947_3663662948_3698084160_3698084161_#1more_0_D1.3,1,100.0,-1.0,['veh306']
495.0,joinedS_3663662947_3663662948_3698084160_3698084161_#1more_0_D2.0,0,0.0,-1.0,[]
495.0,joinedS_3663662947_3663662948_3698084160_3698084161_#1more_0_D2.1,0,0.0,-1.0,[]
495.0,joinedS_3663662947_3663662948_3698084160_3698084161_#1more_0_D2.2,0,0.0,-1.0,[]
495.0,joinedS_3663662947_3663662948_3698084160_3698084161_#1more_0_D2.3,0,0.0,-1.0,[]
495.0,joinedS_3663662947_3663662948_3698084160_3698084161_#1more_0_D3.0,0,0.0,-1.0,[]
495.0,joinedS_3663662947_3663662948_3698084160_3698084161_#1more_0_D3.1,0,0.0,-1.0,[]
495.0,joinedS_3663662947_3663662948_3698084160_3698084161_#1more_0_D3.2,0,0.0,-1.0,[]
495.0,joinedS_3663662947_3663662948_3698084160_3698084161_#1more_0_D3.3,0,0.0,-1.0,[]
495.0,joinedS_3663662947_3663662948_3698084160_3698084161_#1more_0_D3.4,0,0.0,-1.0,[]
500.0,cluster_122855839_3663662942_3663662943_3663662944_#1more_0_D0.0,0,0.0,-1.0,[]
500.0,cluster_122855839_3663662942_3663662943_3663662944_#1more_0_D0.1,0,0.0,-1.0,[]
500.0,cluster_122855839_3663662942_3663662943_3663662944_#1more_0_D0.2,0,0.0,-1.0,[]
500.0,cluster_122855839_3663662942_3663662943_3663662944_#1more_0_D0.3,0,0.0,-1.0,[]
500.0,cluster_122855839_3663662942_3663662943_3663662944_#1more_0_D0.4,1,100.0,-1.0,['bus26']
500.0,cluster_122855839_3663662942_3663662943_3663662944_#1more_0_D1.0,1,100.0,-1.0,['veh136']
500.0,cluster_122855839_3663662942_3663662943_3663662944_#1more_0_D1.1,0,0.0,-1.0,[]
500.0,cluster_122855839_3663662942_3663662943_3663662944_#1more_0_D1.2,0,0.0,-1.0,[]
500.0,cluster_122855839_3663662942_3663662943_3663662944_#1more_0_D2.0,0,0.0,-1.0,[]
500.0,cluster_122855839_3663662942_3663662943_3663662944_#1more_0_D2.1,1,0.0,-1.0,['veh253']
500.0,cluster_123241924_382443557_5344542568_5546892974_#3more_0_D0.0,1,100.0,-1.0,['truck9']
500.0,cluster_123241924_382443557_5344542568_5546892974_#3more_0_D0.1,0,0.0,-1.0,[]
500.0,cluster_123241924_382443557_5344542568_5546892974_#3more_0_D0.2,1,100.0,-1.0,['veh179']
500.0,cluster_123241924_382443557_5344542568_5546892974_#3more_0_D0.3,0,0.0,-1.0,[]
500.0,cluster_123241924_382443557_5344542568_5546892974_#3more_0_D0.4,1,62.02308142551374,8.061514979717222,['veh302']
500.0,cluster_123241924_382443557_5344542568_5546892974_#3more_0_D1.0,0,0.0,-1.0,[]
500.0,cluster_123241924_382443557_5344542568_5546892974_#3more_0_D2.0,0,0.0,-1.0,[]
500.0,cluster_123241924_382443557_5344542568_5546892974_#3more_0_D2.1,0,0.0,-1.0,[]
500.0,cluster_123241924_382443557_5344542568_5546892974_#3more_0_D2.2,0,0.0,-1.0,[]
500.0,cluster_123241924_382443557_5344542568_5546892974_#3more_0_D2.3,0,0.0,-1.0,[]
500.0,cluster_123241924_382443557_5344542568_5546892974_#3more_0_D2.4,0,0.0,-1.0,[]
500.0,cluster_123241924_382443557_5344542568_5546892974_#3more_0_D2.5,0,0.0,-1.0,[]
500.0,cluster_123241924_382443557_5344542568_5546892974_#3more_0_D3.0,0,0.0,-1.0,[]
500.0,cluster_123241924_382443557_5344542568_5546892974_#3more_0_D3.1,0,0.0,-1.0,[]
500.0,cluster_123241924_382443557_5344542568_5546892974_#3more_0_D3.2,0,0.0,-1.0,[]
500.0,cluster_123241924_382443557_5344542568_5546892974_#3more_0_D3.3,0,0.0,-1.0,[]
500.0,cluster_123241924_382443557_5344542568_5546892974_#3more_0_D3.4,0,0.0,-1.0,[]
500.0,cluster_123281084_3663662939_3664674395_3664674397_#1more_0_D0.0,0,0.0,-1.0,[]
500.0,cluster_123281084_3663662939_3664674395_3664674397_#1more_0_D0.1,0,0.0,-1.0,[]
500.0,cluster_123281084_3663662939_3664674395_3664674397_#1more_0_D0.2,0,0.0,-1.0,[]
500.0,cluster_123281084_3663662939_3664674395_3664674397_#1more_0_D0.3,0,0.0,-1.0,[]
500.0,cluster_123281084_3663662939_3664674395_3664674397_#1more_0_D0.4,0,0.0,-1.0,[]
500.0,cluster_123281084_3663662939_3664674395_3664674397_#1more_0_D1.0,0,0.0,-1.0,[]
500.0,cluster_123281084_3663662939_3664674395_3664674397_#1more_0_D1.1,0,0.0,-1.0,[]
500.0,cluster_123281084_3663662939_3664674395_3664674397_#1more_0_D2.0,0,0.0,-1.0,[]
500.0,cluster_123281084_3663662939_3664674395_3664674397_#1more_0_D2.1,0,0.0,-1.0,[]
500.0,cluster_123281085_12840608127_12840608130_12840608135_#1more_0_D0.0,0,0.0,-1.0,[]
500.0,cluster_123281085_12840608127_12840608130_12840608135_#1more_0_D1.0,0,0.0,-1.0,[]
500.0,cluster_123292026_3663224279_3663224280_3663662945_#1more_0_D0.0,0,0.0,-1.0,[]
500.0,cluster_123292026_3663224279_3663224280_3663662945_#1more_0_D0.1,0,0.0,-1.0,[]
500.0,cluster_123292026_3663224279_3663224280_3663662945_#1more_0_D1.0,0,0.0,-1.0,[]
500.0,cluster_123292026_3663224279_3663224280_3663662945_#1more_0_D1.1,0,0.0,-1.0,[]
500.0,cluster_123292026_3663224279_3663224280_3663662945_#1more_0_D1.2,0,0.0,-1.0,[]
500.0,cluster_123292026_3663224279_3663224280_3663662945_#1more_0_D1.3,0,0.0,-1.0,[]
500.0,cluster_123292026_3663224279_3663224280_3663662945_#1more_0_D2.0,0,0.0,-1.0,[]
500.0,cluster_123292026_3663224279_3663224280_3663662945_#1more_0_D2.1,0,0.0,-1.0,[]
500.0,cluster_123292029_3663224277_3663224278_5344542569_#1more_0_D0.0,1,0.0,-1.0,['veh239']
500.0,cluster_123292029_3663224277_3663224278_5344542569_#1more_0_D0.1,1,41.2858848757935,12.110676603013953,['veh238']
500.0,cluster_123292029_3663224277_3663224278_5344542569_#1more_0_D0.2,0,0.0,-1.0,[]
500.0,cluster_123292029_3663224277_3663224278_5344542569_#1more_0_D1.0,0,0.0,-1.0,[]
500.0,cluster_123292029_3663224277_3663224278_5344542569_#1more_0_D1.1,0,0.0,-1.0,[]
500.0,cluster_123292029_3663224277_3663224278_5344542569_#1more_0_D2.0,1,74.95066759763063,3.2548875587414035,['veh176']
500.0,cluster_123292029_3663224277_3663224278_5344542569_#1more_0_D2.1,0,0.0,-1.0,[]
500.0,cluster_123292029_3663224277_3663224278_5344542569_#1more_0_D2.2,0,0.0,-1.0,[]
500.0,cluster_123292029_3663224277_3663224278_5344542569_#1more_0_D3.0,0,0.0,-1.0,[]
500.0,cluster_123292029_3663224277_3663224278_5344542569_#1more_0_D3.1,0,0.0,-1.0,[]
500.0,cluster_123292031_3663224275_3663224276_3663662936_#1more_0_D0.0,0,0.0,-1.0,[]
500.0,cluster_123292031_3663224275_3663224276_3663662936_#1more_0_D0.1,0,0.0,-1.0,[]
500.0,cluster_123292031_3663224275_3663224276_3663662936_#1more_0_D1.0,0,0.0,-1.0,[]
500.0,cluster_123292031_3663224275_3663224276_3663662936_#1more_0_D2.0,0,0.0,-1.0,[]
500.0,cluster_123292031_3663224275_3663224276_3663662936_#1more_0_D2.1,0,0.0,-1.0,[]
500.0,cluster_123308403_3663827018_3663827019_3664674393_#1more_0_D0.0,0,0.0,-1.0,[]
500.0,cluster_123308403_3663827018_3663827019_3664674393_#1more_0_D0.1,0,0.0,-1.0,[]
500.0,cluster_123308403_3663827018_3663827019_3664674393_#1more_0_D1.0,0,0.0,-1.0,[]
500.0,cluster_123308403_3663827018_3663827019_3664674393_#1more_0_D1.1,0,0.0,-1.0,[]
500.0,cluster_123308403_3663827018_3663827019_3664674393_#1more_0_D1.2,0,0.0,-1.0,[]
500.0,cluster_123308403_3663827018_3663827019_3664674393_#1more_0_D1.3,0,0.0,-1.0,[]
500.0,cluster_123308403_3663827018_3663827019_3664674393_#1more_0_D2.0,0,0.0,-1.0,[]
500.0,cluster_123308403_3663827018_3663827019_3664674393_#1more_0_D2.1,0,0.0,-1.0,[]
500.0,cluster_123308403_3663827018_3663827019_3664674393_#1more_0_D2.2,0,0.0,-1.0,[]
500.0,cluster_3664723686_3698084157_3698084158_3698084159_#1more_0_D0.0,0,0.0,-1.0,[]
500.0,cluster_3664723686_3698084157_3698084158_3698084159_#1more_0_D0.1,0,0.0,-1.0,[]
500.0,cluster_3664723686_3698084157_3698084158_3698084159_#1more_0_D0.2,0,0.0,-1.0,[]
500.0,cluster_3664723686_3698084157_3698084158_3698084159_#1more_0_D1.0,0,0.0,-1.0,[]
500.0,cluster_3664723686_3698084157_3698084158_3698084159_#1more_0_D1.1,0,0.0,-1.0,[]
500.0,cluster_3664723686_3698084157_3698084158_3698084159_#1more_0_D1.2,0,0.0,-1.0,[]
500.0,joinedS_3663662947_3663662948_3698084160_3698084161_#1more_0_D0.0,0,0.0,-1.0,[]
500.0,joinedS_3663662947_3663662948_3698084160_3698084161_#1more_0_D0.1,0,0.0,-1.0,[]
500.0,joinedS_3663662947_3663662948_3698084160_3698084161_#1more_0_D0.2,0,0.0,-1.0,[]
500.0,joinedS_3663662947_3663662948_3698084160_3698084161_#1more_0_D0.3,0,0.0,-1.0,[]
500.0,joinedS_3663662947_3663662948_3698084160_3698084161_#1more_0_D1.0,0,0.0,-1.0,[]
500.0,joinedS_3663662947_3663662948_3698084160_3698084161_#1more_0_D1.1,0,0.0,-1.0,[]
500.0,joinedS_3663662947_3663662948_3698084160_3698084161_#1more_0_D1.2,0,0.0,-1.0,[]
500.0,joinedS_3663662947_3663662948_3698084160_3698084161_#1more_0_D1.3,0,0.0,-1.0,[]
500.0,joinedS_3663662947_3663662948_3698084160_3698084161_#1more_0_D2.0,0,0.0,-1.0,[]
500.0,joinedS_3663662947_3663662948_3698084160_3698084161_#1more_0_D2.1,0,0.0,-1.0,[]
500.0,joinedS_3663662947_3663662948_3698084160_3698084161_#1more_0_D2.2,0,0.0,-1.0,[]
500.0,joinedS_3663662947_3663662948_3698084160_3698084161_#1more_0_D2.3,0,0.0,-1.0,[]
500.0,joinedS_3663662947_3663662948_3698084160_3698084161_#1more_0_D3.0,1,100.0,6.51,['bus31']
500.0,joinedS_3663662947_3663662948_3698084160_3698084161_#1more_0_D3.1,0,0.0,-1.0,[]
500.0,joinedS_3663662947_3663662948_3698084160_3698084161_#1more_0_D3.2,0,0.0,-1.0,[]
500.0,joinedS_3663662947_3663662948_3698084160_3698084161_#1more_0_D3.3,1,0.0,-1.0,['veh309']
500.0,joinedS_3663662947_3663662948_3698084160_3698084161_#1more_0_D3.4,0,0.0,-1.0,[]
505.0,cluster_122855839_3663662942_3663662943_3663662944_#1more_0_D0.0,0,0.0,-1.0,[]
505.0,cluster_122855839_3663662942_3663662943_3663662944_#1more_0_D0.1,1,100.0,-1.0,['veh301']
505.0,cluster_122855839_3663662942_3663662943_3663662944_#1more_0_D0.2,0,0.0,-1.0,[]
505.0,cluster_122855839_3663662942_3663662943_3663662944_#1more_0_D0.3,0,0.0,-1.0,[]
505.0,cluster_122855839_3663662942_3663662943_3663662944_#1more_0_D0.4,1,100.0,-1.0,['bus26']
505.0,cluster_122855839_3663662942_3663662943_3663662944_#1more_0_D1.0,1,100.0,-1.0,['veh136']
505.0,cluster_122855839_3663662942_3663662943_3663662944_#1more_0_D1.1,0,0.0,-1.0,[]
505.0,cluster_122855839_3663662942_3663662943_3663662944_#1more_0_D1.2,0,0.0,-1.0,[]
505.0,cluster_122855839_3663662942_3663662943_3663662944_#1more_0_D2.0,0,0.0,-1.0,[]
505.0,cluster_122855839_3663662942_3663662943_3663662944_#1more_0_D2.1,0,0.0,-1.0,[]
505.0,cluster_123241924_382443557_5344542568_5546892974_#3more_0_D0.0,1,100.0,-1.0,['truck9']
505.0,cluster_123241924_382443557_5344542568_5546892974_#3more_0_D0.1,0,0.0,-1.0,[]
505.0,cluster_123241924_382443557_5344542568_5546892974_#3more_0_D0.2,1,100.0,-1.0,['veh179']
505.0,cluster_123241924_382443557_5344542568_5546892974_#3more_0_D0.3,0,0.0,-1.0,[]
505.0,cluster_123241924_382443557_5344542568_5546892974_#3more_0_D0.4,0,0.0,-1.0,[]
505.0,cluster_123241924_382443557_5344542568_5546892974_#3more_0_D1.0,0,0.0,-1.0,[]
505.0,cluster_123241924_382443557_5344542568_5546892974_#3more_0_D2.0,0,0.0,-1.0,[]
505.0,cluster_123241924_382443557_5344542568_5546892974_#3more_0_D2.1,0,0.0,-1.0,[]
505.0,cluster_123241924_382443557_5344542568_5546892974_#3more_0_D2.2,0,0.0,-1.0,[]
505.0,cluster_123241924_382443557_5344542568_5546892974_#3more_0_D2.3,0,0.0,-1.0,[]
505.0,cluster_123241924_382443557_5344542568_5546892974_#3more_0_D2.4,0,0.0,-1.0,[]
505.0,cluster_123241924_382443557_5344542568_5546892974_#3more_0_D2.5,0,0.0,-1.0,[]
505.0,cluster_123241924_382443557_5344542568_5546892974_#3more_0_D3.0,0,0.0,-1.0,[]
505.0,cluster_123241924_382443557_5344542568_5546892974_#3more_0_D3.1,0,0.0,-1.0,[]
505.0,cluster_123241924_382443557_5344542568_5546892974_#3more_0_D3.2,0,0.0,-1.0,[]
505.0,cluster_123241924_382443557_5344542568_5546892974_#3more_0_D3.3,0,0.0,-1.0,[]
505.0,cluster_123241924_382443557_5344542568_5546892974_#3more_0_D3.4,0,0.0,-1.0,[]
505.0,cluster_123281084_3663662939_3664674395_3664674397_#1more_0_D0.0,0,0.0,-1.0,[]
505.0,cluster_123281084_3663662939_3664674395_3664674397_#1more_0_D0.1,0,0.0,-1.0,[]
505.0,cluster_123281084_3663662939_3664674395_3664674397_#1more_0_D0.2,0,0.0,-1.0,[]
505.0,cluster_123281084_3663662939_3664674395_3664674397_#1more_0_D0.3,0,0.0,-1.0,[]
505.0,cluster_123281084_3663662939_3664674395_3664674397_#1more_0_D0.4,0,0.0,-1.0,[]
505.0,cluster_123281084_3663662939_3664674395_3664674397_#1more_0_D1.0,1,0.0,-1.0,['veh299']
505.0,cluster_123281084_3663662939_3664674395_3664674397_#1more_0_D1.1,0,0.0,-1.0,[]
505.0,cluster_123281084_3663662939_3664674395_3664674397_#1more_0_D2.0,0,0.0,-1.0,[]
505.0,cluster_123281084_3663662939_3664674395_3664674397_#1more_0_D2.1,0,0.0,-1.0,[]
505.0,cluster_123281085_12840608127_12840608130_12840608135_#1more_0_D0.0,1,45.25875233787815,13.004667806907445,['truck11']
505.0,cluster_123281085_12840608127_12840608130_12840608135_#1more_0_D1.0,0,0.0,-1.0,[]
505.0,cluster_123292026_3663224279_3663224280_3663662945_#1more_0_D0.0,0,0.0,-1.0,[]
505.0,cluster_123292026_3663224279_3663224280_3663662945_#1more_0_D0.1,0,0.0,-1.0,[]
505.0,cluster_123292026_3663224279_3663224280_3663662945_#1more_0_D1.0,0,0.0,-1.0,[]
505.0,cluster_123292026_3663224279_3663224280_3663662945_#1more_0_D1.1,0,0.0,-1.0,[]
505.0,cluster_123292026_3663224279_3663224280_3663662945_#1more_0_D1.2,0,0.0,-1.0,[]
505.0,cluster_123292026_3663224279_3663224280_3663662945_#1more_0_D1.3,0,0.0,-1.0,[]
505.0,cluster_123292026_3663224279_3663224280_3663662945_#1more_0_D2.0,0,0.0,-1.0,[]
505.0,cluster_123292026_3663224279_3663224280_3663662945_#1more_0_D2.1,0,0.0,-1.0,[]
505.0,cluster_123292029_3663224277_3663224278_5344542569_#1more_0_D0.0,1,100.0,-1.0,['veh234']
505.0,cluster_123292029_3663224277_3663224278_5344542569_#1more_0_D0.1,0,0.0,-1.0,[]
505.0,cluster_123292029_3663224277_3663224278_5344542569_#1more_0_D0.2,0,0.0,-1.0,[]
505.0,cluster_123292029_3663224277_3663224278_5344542569_#1more_0_D1.0,0,0.0,-1.0,[]
505.0,cluster_123292029_3663224277_3663224278_5344542569_#1more_0_D1.1,0,0.0,-1.0,[]
505.0,cluster_123292029_3663224277_3663224278_5344542569_#1more_0_D2.0,1,100.0,-1.0,['veh176']
505.0,cluster_123292029_3663224277_3663224278_5344542569_#1more_0_D2.1,0,0.0,-1.0,[]
505.0,cluster_123292029_3663224277_3663224278_5344542569_#1more_0_D2.2,0,0.0,-1.0,[]
505.0,cluster_123292029_3663224277_3663224278_5344542569_#1more_0_D3.0,0,0.0,-1.0,[]
505.0,cluster_123292029_3663224277_3663224278_5344542569_#1more_0_D3.1,1,100.0,-1.0,['truck14']
505.0,cluster_123292031_3663224275_3663224276_3663662936_#1more_0_D0.0,1,0.0,-1.0,['bus14']
505.0,cluster_123292031_3663224275_3663224276_3663662936_#1more_0_D0.1,0,0.0,-1.0,[]
505.0,cluster_123292031_3663224275_3663224276_3663662936_#1more_0_D1.0,0,0.0,-1.0,[]
505.0,cluster_123292031_3663224275_3663224276_3663662936_#1more_0_D2.0,0,0.0,-1.0,[]
505.0,cluster_123292031_3663224275_3663224276_3663662936_#1more_0_D2.1,0,0.0,-1.0,[]
505.0,cluster_123308403_3663827018_3663827019_3664674393_#1more_0_D0.0,0,0.0,-1.0,[]
505.0,cluster_123308403_3663827018_3663827019_3664674393_#1more_0_D0.1,0,0.0,-1.0,[]
505.0,cluster_123308403_3663827018_3663827019_3664674393_#1more_0_D1.0,0,0.0,-1.0,[]
505.0,cluster_123308403_3663827018_3663827019_3664674393_#1more_0_D1.1,0,0.0,-1.0,[]
505.0,cluster_123308403_3663827018_3663827019_3664674393_#1more_0_D1.2,0,0.0,-1.0,[]
505.0,cluster_123308403_3663827018_3663827019_3664674393_#1more_0_D1.3,0,0.0,-1.0,[]
505.0,cluster_123308403_3663827018_3663827019_3664674393_#1more_0_D2.0,0,0.0,-1.0,[]
505.0,cluster_123308403_3663827018_3663827019_3664674393_#1more_0_D2.1,0,0.0,-1.0,[]
505.0,cluster_123308403_3663827018_3663827019_3664674393_#1more_0_D2.2,0,0.0,-1.0,[]
505.0,cluster_3664723686_3698084157_3698084158_3698084159_#1more_0_D0.0,0,0.0,-1.0,[]
505.0,cluster_3664723686_3698084157_3698084158_3698084159_#1more_0_D0.1,0,0.0,-1.0,[]
505.0,cluster_3664723686_3698084157_3698084158_3698084159_#1more_0_D0.2,0,0.0,-1.0,[]
505.0,cluster_3664723686_3698084157_3698084158_3698084159_#1more_0_D1.0,0,0.0,-1.0,[]
505.0,cluster_3664723686_3698084157_3698084158_3698084159_#1more_0_D1.1,0,0.0,-1.0,[]
505.0,cluster_3664723686_3698084157_3698084158_3698084159_#1more_0_D1.2,0,0.0,-1.0,[]
505.0,joinedS_3663662947_3663662948_3698084160_3698084161_#1more_0_D0.0,0,0.0,-1.0,[]
505.0,joinedS_3663662947_3663662948_3698084160_3698084161_#1more_0_D0.1,0,0.0,-1.0,[]
505.0,joinedS_3663662947_3663662948_3698084160_3698084161_#1more_0_D0.2,0,0.0,-1.0,[]
505.0,joinedS_3663662947_3663662948_3698084160_3698084161_#1more_0_D0.3,0,0.0,-1.0,[]
505.0,joinedS_3663662947_3663662948_3698084160_3698084161_#1more_0_D1.0,0,0.0,-1.0,[]
505.0,joinedS_3663662947_3663662948_3698084160_3698084161_#1more_0_D1.1,0,0.0,-1.0,[]
505.0,joinedS_3663662947_3663662948_3698084160_3698084161_#1more_0_D1.2,0,0.0,-1.0,[]
505.0,joinedS_3663662947_3663662948_3698084160_3698084161_#1more_0_D1.3,0,0.0,-1.0,[]
505.0,joinedS_3663662947_3663662948_3698084160_3698084161_#1more_0_D2.0,0,0.0,-1.0,[]
505.0,joinedS_3663662947_3663662948_3698084160_3698084161_#1more_0_D2.1,0,0.0,-1.0,[]
505.0,joinedS_3663662947_3663662948_3698084160_3698084161_#1more_0_D2.2,0,0.0,-1.0,[]
505.0,joinedS_3663662947_3663662948_3698084160_3698084161_#1more_0_D2.3,0,0.0,-1.0,[]
505.0,joinedS_3663662947_3663662948_3698084160_3698084161_#1more_0_D3.0,1,0.0,-1.0,['veh310']
505.0,joinedS_3663662947_3663662948_3698084160_3698084161_#1more_0_D3.1,0,0.0,-1.0,[]
505.0,joinedS_3663662947_3663662948_3698084160_3698084161_#1more_0_D3.2,0,0.0,-1.0,[]
505.0,joinedS_3663662947_3663662948_3698084160_3698084161_#1more_0_D3.3,0,0.0,-1.0,[]
505.0,joinedS_3663662947_3663662948_3698084160_3698084161_#1more_0_D3.4,0,0.0,-1.0,[]
510.0,cluster_122855839_3663662942_3663662943_3663662944_#1more_0_D0.0,0,0.0,-1.0,[]
510.0,cluster_122855839_3663662942_3663662943_3663662944_#1more_0_D0.1,1,100.0,-1.0,['veh301']
510.0,cluster_122855839_3663662942_3663662943_3663662944_#1more_0_D0.2,0,0.0,-1.0,[]
510.0,cluster_122855839_3663662942_3663662943_3663662944_#1more_0_D0.3,0,0.0,-1.0,[]
510.0,cluster_122855839_3663662942_3663662943_3663662944_#1more_0_D0.4,1,100.0,-1.0,['bus26']
510.0,cluster_122855839_3663662942_3663662943_3663662944_#1more_0_D1.0,1,100.0,-1.0,['veh136']
510.0,cluster_122855839_3663662942_3663662943_3663662944_#1more_0_D1.1,0,0.0,-1.0,[]
510.0,cluster_122855839_3663662942_3663662943_3663662944_#1more_0_D1.2,0,0.0,-1.0,[]
510.0,cluster_122855839_3663662942_3663662943_3663662944_#1more_0_D2.0,0,0.0,-1.0,[]
510.0,cluster_122855839_3663662942_3663662943_3663662944_#1more_0_D2.1,0,0.0,-1.0,[]
510.0,cluster_123241924_382443557_5344542568_5546892974_#3more_0_D0.0,1,100.0,-1.0,['truck9']
510.0,cluster_123241924_382443557_5344542568_5546892974_#3more_0_D0.1,1,100.0,-1.0,['veh194']
510.0,cluster_123241924_382443557_5344542568_5546892974_#3more_0_D0.2,1,100.0,-1.0,['veh179']
510.0,cluster_123241924_382443557_5344542568_5546892974_#3more_0_D0.3,0,0.0,-1.0,[]
510.0,cluster_123241924_382443557_5344542568_5546892974_#3more_0_D0.4,0,0.0,-1.0,[]
510.0,cluster_123241924_382443557_5344542568_5546892974_#3more_0_D1.0,0,0.0,-1.0,[]
510.0,cluster_123241924_382443557_5344542568_5546892974_#3more_0_D2.0,0,0.0,-1.0,[]
510.0,cluster_123241924_382443557_5344542568_5546892974_#3more_0_D2.1,0,0.0,-1.0,[]
510.0,cluster_123241924_382443557_5344542568_5546892974_#3more_0_D2.2,0,0.0,-1.0,[]
510.0,cluster_123241924_382443557_5344542568_5546892974_#3more_0_D2.3,0,0.0,-1.0,[]
510.0,cluster_123241924_382443557_5344542568_5546892974_#3more_0_D2.4,0,0.0,-1.0,[]
510.0,cluster_123241924_382443557_5344542568_5546892974_#3more_0_D2.5,0,0.0,-1.0,[]
510.0,cluster_123241924_382443557_5344542568_5546892974_#3more_0_D3.0,0,0.0,-1.0,[]
510.0,cluster_123241924_382443557_5344542568_5546892974_#3more_0_D3.1,0,0.0,-1.0,[]
510.0,cluster_123241924_382443557_5344542568_5546892974_#3more_0_D3.2,0,0.0,-1.0,[]
510.0,cluster_123241924_382443557_5344542568_5546892974_#3more_0_D3.3,0,0.0,-1.0,[]
510.0,cluster_123241924_382443557_5344542568_5546892974_#3more_0_D3.4,0,0.0,-1.0,[]
510.0,cluster_123281084_3663662939_3664674395_3664674397_#1more_0_D0.0,0,0.0,-1.0,[]
510.0,cluster_123281084_3663662939_3664674395_3664674397_#1more_0_D0.1,0,0.0,-1.0,[]
510.0,cluster_123281084_3663662939_3664674395_3664674397_#1more_0_D0.2,0,0.0,-1.0,[]
510.0,cluster_123281084_3663662939_3664674395_3664674397_#1more_0_D0.3,0,0.0,-1.0,[]
510.0,cluster_123281084_3663662939_3664674395_3664674397_#1more_0_D0.4,0,0.0,-1.0,[]
510.0,cluster_123281084_3663662939_3664674395_3664674397_#1more_0_D1.0,0,0.0,-1.0,[]
510.0,cluster_123281084_3663662939_3664674395_3664674397_#1more_0_D1.1,0,0.0,-1.0,[]
510.0,cluster_123281084_3663662939_3664674395_3664674397_#1more_0_D2.0,0,0.0,-1.0,[]
510.0,cluster_123281084_3663662939_3664674395_3664674397_#1more_0_D2.1,0,0.0,-1.0,[]
510.0,cluster_123281085_12840608127_12840608130_12840608135_#1more_0_D0.0,0,0.0,-1.0,[]
510.0,cluster_123281085_12840608127_12840608130_12840608135_#1more_0_D1.0,0,0.0,-1.0,[]
510.0,cluster_123292026_3663224279_3663224280_3663662945_#1more_0_D0.0,0,0.0,-1.0,[]
510.0,cluster_123292026_3663224279_3663224280_3663662945_#1more_0_D0.1,0,0.0,-1.0,[]
510.0,cluster_123292026_3663224279_3663224280_3663662945_#1more_0_D1.0,0,0.0,-1.0,[]
510.0,cluster_123292026_3663224279_3663224280_3663662945_#1more_0_D1.1,0,0.0,-1.0,[]
510.0,cluster_123292026_3663224279_3663224280_3663662945_#1more_0_D1.2,0,0.0,-1.0,[]
510.0,cluster_123292026_3663224279_3663224280_3663662945_#1more_0_D1.3,0,0.0,-1.0,[]
510.0,cluster_123292026_3663224279_3663224280_3663662945_#1more_0_D2.0,0,0.0,-1.0,[]
510.0,cluster_123292026_3663224279_3663224280_3663662945_#1more_0_D2.1,0,0.0,-1.0,[]
510.0,cluster_123292029_3663224277_3663224278_5344542569_#1more_0_D0.0,1,100.0,-1.0,['veh234']
510.0,cluster_123292029_3663224277_3663224278_5344542569_#1more_0_D0.1,1,32.72919722690517,5.2153080973574415,['veh298']
510.0,cluster_123292029_3663224277_3663224278_5344542569_#1more_0_D0.2,0,0.0,-1.0,[]
510.0,cluster_123292029_3663224277_3663224278_5344542569_#1more_0_D1.0,0,0.0,-1.0,[]
510.0,cluster_123292029_3663224277_3663224278_5344542569_#1more_0_D1.1,0,0.0,-1.0,[]
510.0,cluster_123292029_3663224277_3663224278_5344542569_#1more_0_D2.0,1,100.0,-1.0,['veh176']
510.0,cluster_123292029_3663224277_3663224278_5344542569_#1more_0_D2.1,0,0.0,-1.0,[]
510.0,cluster_123292029_3663224277_3663224278_5344542569_#1more_0_D2.2,0,0.0,-1.0,[]
510.0,cluster_123292029_3663224277_3663224278_5344542569_#1more_0_D3.0,0,0.0,-1.0,[]
510.0,cluster_123292029_3663224277_3663224278_5344542569_#1more_0_D3.1,1,100.0,-1.0,['truck14']
510.0,cluster_123292031_3663224275_3663224276_3663662936_#1more_0_D0.0,0,0.0,-1.0,[]
510.0,cluster_123292031_3663224275_3663224276_3663662936_#1more_0_D0.1,0,0.0,-1.0,[]
510.0,cluster_123292031_3663224275_3663224276_3663662936_#1more_0_D1.0,0,0.0,-1.0,[]
510.0,cluster_123292031_3663224275_3663224276_3663662936_#1more_0_D2.0,0,0.0,-1.0,[]
510.0,cluster_123292031_3663224275_3663224276_3663662936_#1more_0_D2.1,0,0.0,-1.0,[]
510.0,cluster_123308403_3663827018_3663827019_3664674393_#1more_0_D0.0,0,0.0,-1.0,[]
510.0,cluster_123308403_3663827018_3663827019_3664674393_#1more_0_D0.1,0,0.0,-1.0,[]
510.0,cluster_123308403_3663827018_3663827019_3664674393_#1more_0_D1.0,0,0.0,-1.0,[]
510.0,cluster_123308403_3663827018_3663827019_3664674393_#1more_0_D1.1,0,0.0,-1.0,[]
510.0,cluster_123308403_3663827018_3663827019_3664674393_#1more_0_D1.2,0,0.0,-1.0,[]
510.0,cluster_123308403_3663827018_3663827019_3664674393_#1more_0_D1.3,0,0.0,-1.0,[]
510.0,cluster_123308403_3663827018_3663827019_3664674393_#1more_0_D2.0,0,0.0,-1.0,[]
510.0,cluster_123308403_3663827018_3663827019_3664674393_#1more_0_D2.1,0,0.0,-1.0,[]
510.0,cluster_123308403_3663827018_3663827019_3664674393_#1more_0_D2.2,0,0.0,-1.0,[]
510.0,cluster_3664723686_3698084157_3698084158_3698084159_#1more_0_D0.0,0,0.0,-1.0,[]
510.0,cluster_3664723686_3698084157_3698084158_3698084159_#1more_0_D0.1,0,0.0,-1.0,[]
510.0,cluster_3664723686_3698084157_3698084158_3698084159_#1more_0_D0.2,0,0.0,-1.0,[]
510.0,cluster_3664723686_3698084157_3698084158_3698084159_#1more_0_D1.0,0,0.0,-1.0,[]
510.0,cluster_3664723686_3698084157_3698084158_3698084159_#1more_0_D1.1,0,0.0,-1.0,[]
510.0,cluster_3664723686_3698084157_3698084158_3698084159_#1more_0_D1.2,0,0.0,-1.0,[]
510.0,joinedS_3663662947_3663662948_3698084160_3698084161_#1more_0_D0.0,0,0.0,-1.0,[]
510.0,joinedS_3663662947_3663662948_3698084160_3698084161_#1more_0_D0.1,0,0.0,-1.0,[]
510.0,joinedS_3663662947_3663662948_3698084160_3698084161_#1more_0_D0.2,0,0.0,-1.0,[]
510.0,joinedS_3663662947_3663662948_3698084160_3698084161_#1more_0_D0.3,0,0.0,-1.0,[]
510.0,joinedS_3663662947_3663662948_3698084160_3698084161_#1more_0_D1.0,0,0.0,-1.0,[]
510.0,joinedS_3663662947_3663662948_3698084160_3698084161_#1more_0_D1.1,0,0.0,-1.0,[]
510.0,joinedS_3663662947_3663662948_3698084160_3698084161_#1more_0_D1.2,0,0.0,-1.0,[]
510.0,joinedS_3663662947_3663662948_3698084160_3698084161_#1more_0_D1.3,0,0.0,-1.0,[]
510.0,joinedS_3663662947_3663662948_3698084160_3698084161_#1more_0_D2.0,0,0.0,-1.0,[]
510.0,joinedS_3663662947_3663662948_3698084160_3698084161_#1more_0_D2.1,0,0.0,-1.0,[]
510.0,joinedS_3663662947_3663662948_3698084160_3698084161_#1more_0_D2.2,0,0.0,-1.0,[]
510.0,joinedS_3663662947_3663662948_3698084160_3698084161_#1more_0_D2.3,0,0.0,-1.0,[]
510.0,joinedS_3663662947_3663662948_3698084160_3698084161_#1more_0_D3.0,0,0.0,-1.0,[]
510.0,joinedS_3663662947_3663662948_3698084160_3698084161_#1more_0_D3.1,0,0.0,-1.0,[]
510.0,joinedS_3663662947_3663662948_3698084160_3698084161_#1more_0_D3.2,0,0.0,-1.0,[]
510.0,joinedS_3663662947_3663662948_3698084160_3698084161_#1more_0_D3.3,0,0.0,-1.0,[]
510.0,joinedS_3663662947_3663662948_3698084160_3698084161_#1more_0_D3.4,0,0.0,-1.0,[]
515.0,cluster_122855839_3663662942_3663662943_3663662944_#1more_0_D0.0,0,0.0,-1.0,[]
515.0,cluster_122855839_3663662942_3663662943_3663662944_#1more_0_D0.1,1,100.0,-1.0,['veh301']
515.0,cluster_122855839_3663662942_3663662943_3663662944_#1more_0_D0.2,0,0.0,-1.0,[]
515.0,cluster_122855839_3663662942_3663662943_3663662944_#1more_0_D0.3,0,0.0,-1.0,[]
515.0,cluster_122855839_3663662942_3663662943_3663662944_#1more_0_D0.4,1,100.0,-1.0,['bus26']
515.0,cluster_122855839_3663662942_3663662943_3663662944_#1more_0_D1.0,1,100.0,-1.0,['veh136']
515.0,cluster_122855839_3663662942_3663662943_3663662944_#1more_0_D1.1,0,0.0,-1.0,[]
515.0,cluster_122855839_3663662942_3663662943_3663662944_#1more_0_D1.2,0,0.0,-1.0,[]
515.0,cluster_122855839_3663662942_3663662943_3663662944_#1more_0_D2.0,0,0.0,-1.0,[]
515.0,cluster_122855839_3663662942_3663662943_3663662944_#1more_0_D2.1,0,0.0,-1.0,[]
515.0,cluster_123241924_382443557_5344542568_5546892974_#3more_0_D0.0,1,100.0,-1.0,['truck9']
515.0,cluster_123241924_382443557_5344542568_5546892974_#3more_0_D0.1,1,100.0,-1.0,['veh194']
515.0,cluster_123241924_382443557_5344542568_5546892974_#3more_0_D0.2,1,100.0,-1.0,['veh179']
515.0,cluster_123241924_382443557_5344542568_5546892974_#3more_0_D0.3,0,0.0,-1.0,[]
515.0,cluster_123241924_382443557_5344542568_5546892974_#3more_0_D0.4,0,0.0,-1.0,[]
515.0,cluster_123241924_382443557_5344542568_5546892974_#3more_0_D1.0,0,0.0,-1.0,[]
515.0,cluster_123241924_382443557_5344542568_5546892974_#3more_0_D2.0,0,0.0,-1.0,[]
515.0,cluster_123241924_382443557_5344542568_5546892974_#3more_0_D2.1,0,0.0,-1.0,[]
515.0,cluster_123241924_382443557_5344542568_5546892974_#3more_0_D2.2,0,0.0,-1.0,[]
515.0,cluster_123241924_382443557_5344542568_5546892974_#3more_0_D2.3,0,0.0,-1.0,[]
515.0,cluster_123241924_382443557_5344542568_5546892974_#3more_0_D2.4,0,0.0,-1.0,[]
515.0,cluster_123241924_382443557_5344542568_5546892974_#3more_0_D2.5,0,0.0,-1.0,[]
515.0,cluster_123241924_382443557_5344542568_5546892974_#3more_0_D3.0,0,0.0,-1.0,[]
515.0,cluster_123241924_382443557_5344542568_5546892974_#3more_0_D3.1,0,0.0,-1.0,[]
515.0,cluster_123241924_382443557_5344542568_5546892974_#3more_0_D3.2,0,0.0,-1.0,[]
515.0,cluster_123241924_382443557_5344542568_5546892974_#3more_0_D3.3,0,0.0,-1.0,[]
515.0,cluster_123241924_382443557_5344542568_5546892974_#3more_0_D3.4,0,0.0,-1.0,[]
515.0,cluster_123281084_3663662939_3664674395_3664674397_#1more_0_D0.0,0,0.0,-1.0,[]
515.0,cluster_123281084_3663662939_3664674395_3664674397_#1more_0_D0.1,0,0.0,-1.0,[]
515.0,cluster_123281084_3663662939_3664674395_3664674397_#1more_0_D0.2,0,0.0,-1.0,[]
515.0,cluster_123281084_3663662939_3664674395_3664674397_#1more_0_D0.3,0,0.0,-1.0,[]
515.0,cluster_123281084_3663662939_3664674395_3664674397_#1more_0_D0.4,0,0.0,-1.0,[]
515.0,cluster_123281084_3663662939_3664674395_3664674397_#1more_0_D1.0,0,0.0,-1.0,[]
515.0,cluster_123281084_3663662939_3664674395_3664674397_#1more_0_D1.1,0,0.0,-1.0,[]
515.0,cluster_123281084_3663662939_3664674395_3664674397_#1more_0_D2.0,0,0.0,-1.0,[]
515.0,cluster_123281084_3663662939_3664674395_3664674397_#1more_0_D2.1,0,0.0,-1.0,[]
515.0,cluster_123281085_12840608127_12840608130_12840608135_#1more_0_D0.0,1,43.35770760204696,11.531974997137407,['veh258']
515.0,cluster_123281085_12840608127_12840608130_12840608135_#1more_0_D1.0,0,0.0,-1.0,[]
515.0,cluster_123292026_3663224279_3663224280_3663662945_#1more_0_D0.0,1,40.43533822198242,8.492479774209722,['veh211']
515.0,cluster_123292026_3663224279_3663224280_3663662945_#1more_0_D0.1,0,0.0,-1.0,[]
515.0,cluster_123292026_3663224279_3663224280_3663662945_#1more_0_D1.0,0,0.0,-1.0,[]
515.0,cluster_123292026_3663224279_3663224280_3663662945_#1more_0_D1.1,0,0.0,-1.0,[]
515.0,cluster_123292026_3663224279_3663224280_3663662945_#1more_0_D1.2,0,0.0,-1.0,[]
515.0,cluster_123292026_3663224279_3663224280_3663662945_#1more_0_D1.3,0,0.0,-1.0,[]
515.0,cluster_123292026_3663224279_3663224280_3663662945_#1more_0_D2.0,0,0.0,-1.0,[]
515.0,cluster_123292026_3663224279_3663224280_3663662945_#1more_0_D2.1,0,0.0,-1.0,[]
515.0,cluster_123292029_3663224277_3663224278_5344542569_#1more_0_D0.0,1,100.0,-1.0,['veh234']
515.0,cluster_123292029_3663224277_3663224278_5344542569_#1more_0_D0.1,1,100.0,-1.0,['veh298']
515.0,cluster_123292029_3663224277_3663224278_5344542569_#1more_0_D0.2,0,0.0,-1.0,[]
515.0,cluster_123292029_3663224277_3663224278_5344542569_#1more_0_D1.0,1,0.0,-1.0,['veh273']
515.0,cluster_123292029_3663224277_3663224278_5344542569_#1more_0_D1.1,1,100.0,-1.0,['veh246']
515.0,cluster_123292029_3663224277_3663224278_5344542569_#1more_0_D2.0,1,100.0,-1.0,['veh176']
515.0,cluster_123292029_3663224277_3663224278_5344542569_#1more_0_D2.1,0,0.0,-1.0,[]
515.0,cluster_123292029_3663224277_3663224278_5344542569_#1more_0_D2.2,0,0.0,-1.0,[]
515.0,cluster_123292029_3663224277_3663224278_5344542569_#1more_0_D3.0,1,100.0,-1.0,['veh296']
515.0,cluster_123292029_3663224277_3663224278_5344542569_#1more_0_D3.1,0,0.0,-1.0,[]
515.0,cluster_123292031_3663224275_3663224276_3663662936_#1more_0_D0.0,0,0.0,-1.0,[]
515.0,cluster_123292031_3663224275_3663224276_3663662936_#1more_0_D0.1,0,0.0,-1.0,[]
515.0,cluster_123292031_3663224275_3663224276_3663662936_#1more_0_D1.0,1,55.06723333962782,8.551112640276552,['veh317']
515.0,cluster_123292031_3663224275_3663224276_3663662936_#1more_0_D2.0,0,0.0,-1.0,[]
515.0,cluster_123292031_3663224275_3663224276_3663662936_#1more_0_D2.1,1,40.242692066203745,12.424616106135343,['veh315']
515.0,cluster_123308403_3663827018_3663827019_3664674393_#1more_0_D0.0,0,0.0,-1.0,[]
515.0,cluster_123308403_3663827018_3663827019_3664674393_#1more_0_D0.1,1,46.5381150390499,8.985047214560694,['veh312']
515.0,cluster_123308403_3663827018_3663827019_3664674393_#1more_0_D1.0,0,0.0,-1.0,[]
515.0,cluster_123308403_3663827018_3663827019_3664674393_#1more_0_D1.1,0,0.0,-1.0,[]
515.0,cluster_123308403_3663827018_3663827019_3664674393_#1more_0_D1.2,0,0.0,-1.0,[]
515.0,cluster_123308403_3663827018_3663827019_3664674393_#1more_0_D1.3,0,0.0,-1.0,[]
515.0,cluster_123308403_3663827018_3663827019_3664674393_#1more_0_D2.0,0,0.0,-1.0,[]
515.0,cluster_123308403_3663827018_3663827019_3664674393_#1more_0_D2.1,0,0.0,-1.0,[]
515.0,cluster_123308403_3663827018_3663827019_3664674393_#1more_0_D2.2,0,0.0,-1.0,[]
515.0,cluster_3664723686_3698084157_3698084158_3698084159_#1more_0_D0.0,0,0.0,-1.0,[]
515.0,cluster_3664723686_3698084157_3698084158_3698084159_#1more_0_D0.1,0,0.0,-1.0,[]
515.0,cluster_3664723686_3698084157_3698084158_3698084159_#1more_0_D0.2,0,0.0,-1.0,[]
515.0,cluster_3664723686_3698084157_3698084158_3698084159_#1more_0_D1.0,0,0.0,-1.0,[]
515.0,cluster_3664723686_3698084157_3698084158_3698084159_#1more_0_D1.1,0,0.0,-1.0,[]
515.0,cluster_3664723686_3698084157_3698084158_3698084159_#1more_0_D1.2,0,0.0,-1.0,[]
515.0,joinedS_3663662947_3663662948_3698084160_3698084161_#1more_0_D0.0,0,0.0,-1.0,[]
515.0,joinedS_3663662947_3663662948_3698084160_3698084161_#1more_0_D0.1,0,0.0,-1.0,[]
515.0,joinedS_3663662947_3663662948_3698084160_3698084161_#1more_0_D0.2,0,0.0,-1.0,[]
515.0,joinedS_3663662947_3663662948_3698084160_3698084161_#1more_0_D0.3,0,0.0,-1.0,[]
515.0,joinedS_3663662947_3663662948_3698084160_3698084161_#1more_0_D1.0,0,0.0,-1.0,[]
515.0,joinedS_3663662947_3663662948_3698084160_3698084161_#1more_0_D1.1,0,0.0,-1.0,[]
515.0,joinedS_3663662947_3663662948_3698084160_3698084161_#1more_0_D1.2,0,0.0,-1.0,[]
515.0,joinedS_3663662947_3663662948_3698084160_3698084161_#1more_0_D1.3,0,0.0,-1.0,[]
515.0,joinedS_3663662947_3663662948_3698084160_3698084161_#1more_0_D2.0,0,0.0,-1.0,[]
515.0,joinedS_3663662947_3663662948_3698084160_3698084161_#1more_0_D2.1,0,0.0,-1.0,[]
515.0,joinedS_3663662947_3663662948_3698084160_3698084161_#1more_0_D2.2,0,0.0,-1.0,[]
515.0,joinedS_3663662947_3663662948_3698084160_3698084161_#1more_0_D2.3,0,0.0,-1.0,[]
515.0,joinedS_3663662947_3663662948_3698084160_3698084161_#1more_0_D3.0,0,0.0,-1.0,[]
515.0,joinedS_3663662947_3663662948_3698084160_3698084161_#1more_0_D3.1,0,0.0,-1.0,[]
515.0,joinedS_3663662947_3663662948_3698084160_3698084161_#1more_0_D3.2,0,0.0,-1.0,[]
515.0,joinedS_3663662947_3663662948_3698084160_3698084161_#1more_0_D3.3,1,100.0,-1.0,['veh318']
515.0,joinedS_3663662947_3663662948_3698084160_3698084161_#1more_0_D3.4,0,0.0,-1.0,[]
520.0,cluster_122855839_3663662942_3663662943_3663662944_#1more_0_D0.0,1,100.0,-1.0,['bus31']
520.0,cluster_122855839_3663662942_3663662943_3663662944_#1more_0_D0.1,1,100.0,-1.0,['veh301']
520.0,cluster_122855839_3663662942_3663662943_3663662944_#1more_0_D0.2,0,0.0,-1.0,[]
520.0,cluster_122855839_3663662942_3663662943_3663662944_#1more_0_D0.3,0,0.0,-1.0,[]
520.0,cluster_122855839_3663662942_3663662943_3663662944_#1more_0_D0.4,1,100.0,-1.0,['bus26']
520.0,cluster_122855839_3663662942_3663662943_3663662944_#1more_0_D1.0,1,100.0,-1.0,['veh136']
520.0,cluster_122855839_3663662942_3663662943_3663662944_#1more_0_D1.1,0,0.0,-1.0,[]
520.0,cluster_122855839_3663662942_3663662943_3663662944_#1more_0_D1.2,1,34.05584152311576,14.681769048655566,['veh244']
520.0,cluster_122855839_3663662942_3663662943_3663662944_#1more_0_D2.0,0,0.0,-1.0,[]
520.0,cluster_122855839_3663662942_3663662943_3663662944_#1more_0_D2.1,0,0.0,-1.0,[]
520.0,cluster_123241924_382443557_5344542568_5546892974_#3more_0_D0.0,1,100.0,-1.0,['truck9']
520.0,cluster_123241924_382443557_5344542568_5546892974_#3more_0_D0.1,1,100.0,-1.0,['veh194']
520.0,cluster_123241924_382443557_5344542568_5546892974_#3more_0_D0.2,1,100.0,-1.0,['veh179']
520.0,cluster_123241924_382443557_5344542568_5546892974_#3more_0_D0.3,0,0.0,-1.0,[]
520.0,cluster_123241924_382443557_5344542568_5546892974_#3more_0_D0.4,1,42.212298110871416,11.844889342123482,['veh313']
520.0,cluster_123241924_382443557_5344542568_5546892974_#3more_0_D1.0,0,0.0,-1.0,[]
520.0,cluster_123241924_382443557_5344542568_5546892974_#3more_0_D2.0,0,0.0,-1.0,[]
520.0,cluster_123241924_382443557_5344542568_5546892974_#3more_0_D2.1,0,0.0,-1.0,[]
520.0,cluster_123241924_382443557_5344542568_5546892974_#3more_0_D2.2,0,0.0,-1.0,[]
520.0,cluster_123241924_382443557_5344542568_5546892974_#3more_0_D2.3,0,0.0,-1.0,[]
520.0,cluster_123241924_382443557_5344542568_5546892974_#3more_0_D2.4,0,0.0,-1.0,[]
520.0,cluster_123241924_382443557_5344542568_5546892974_#3more_0_D2.5,0,0.0,-1.0,[]
520.0,cluster_123241924_382443557_5344542568_5546892974_#3more_0_D3.0,0,0.0,-1.0,[]
520.0,cluster_123241924_382443557_5344542568_5546892974_#3more_0_D3.1,0,0.0,-1.0,[]
520.0,cluster_123241924_382443557_5344542568_5546892974_#3more_0_D3.2,0,0.0,-1.0,[]
520.0,cluster_123241924_382443557_5344542568_5546892974_#3more_0_D3.3,0,0.0,-1.0,[]
520.0,cluster_123241924_382443557_5344542568_5546892974_#3more_0_D3.4,0,0.0,-1.0,[]
520.0,cluster_123281084_3663662939_3664674395_3664674397_#1more_0_D0.0,0,0.0,-1.0,[]
520.0,cluster_123281084_3663662939_3664674395_3664674397_#1more_0_D0.1,0,0.0,-1.0,[]
520.0,cluster_123281084_3663662939_3664674395_3664674397_#1more_0_D0.2,0,0.0,-1.0,[]
520.0,cluster_123281084_3663662939_3664674395_3664674397_#1more_0_D0.3,0,0.0,-1.0,[]
520.0,cluster_123281084_3663662939_3664674395_3664674397_#1more_0_D0.4,0,0.0,-1.0,[]
520.0,cluster_123281084_3663662939_3664674395_3664674397_#1more_0_D1.0,0,0.0,-1.0,[]
520.0,cluster_123281084_3663662939_3664674395_3664674397_#1more_0_D1.1,0,0.0,-1.0,[]
520.0,cluster_123281084_3663662939_3664674395_3664674397_#1more_0_D2.0,0,0.0,-1.0,[]
520.0,cluster_123281084_3663662939_3664674395_3664674397_#1more_0_D2.1,0,0.0,-1.0,[]
520.0,cluster_123281085_12840608127_12840608130_12840608135_#1more_0_D0.0,0,0.0,-1.0,[]
520.0,cluster_123281085_12840608127_12840608130_12840608135_#1more_0_D1.0,0,0.0,-1.0,[]
520.0,cluster_123292026_3663224279_3663224280_3663662945_#1more_0_D0.0,0,0.0,-1.0,[]
520.0,cluster_123292026_3663224279_3663224280_3663662945_#1more_0_D0.1,0,0.0,-1.0,[]
520.0,cluster_123292026_3663224279_3663224280_3663662945_#1more_0_D1.0,0,0.0,-1.0,[]
520.0,cluster_123292026_3663224279_3663224280_3663662945_#1more_0_D1.1,0,0.0,-1.0,[]
520.0,cluster_123292026_3663224279_3663224280_3663662945_#1more_0_D1.2,0,0.0,-1.0,[]
520.0,cluster_123292026_3663224279_3663224280_3663662945_#1more_0_D1.3,0,0.0,-1.0,[]
520.0,cluster_123292026_3663224279_3663224280_3663662945_#1more_0_D2.0,0,0.0,-1.0,[]
520.0,cluster_123292026_3663224279_3663224280_3663662945_#1more_0_D2.1,0,0.0,-1.0,[]
520.0,cluster_123292029_3663224277_3663224278_5344542569_#1more_0_D0.0,1,100.0,-1.0,['veh234']
520.0,cluster_123292029_3663224277_3663224278_5344542569_#1more_0_D0.1,1,100.0,-1.0,['veh298']
520.0,cluster_123292029_3663224277_3663224278_5344542569_#1more_0_D0.2,0,0.0,-1.0,[]
520.0,cluster_123292029_3663224277_3663224278_5344542569_#1more_0_D1.0,1,2.6458234489155075,1.0998913854353467,['veh274']
520.0,cluster_123292029_3663224277_3663224278_5344542569_#1more_0_D1.1,0,0.0,-1.0,[]
520.0,cluster_123292029_3663224277_3663224278_5344542569_#1more_0_D2.0,1,100.0,-1.0,['veh176']
520.0,cluster_123292029_3663224277_3663224278_5344542569_#1more_0_D2.1,0,0.0,-1.0,[]
520.0,cluster_123292029_3663224277_3663224278_5344542569_#1more_0_D2.2,0,0.0,-1.0,[]
520.0,cluster_123292029_3663224277_3663224278_5344542569_#1more_0_D3.0,0,0.0,-1.0,[]
520.0,cluster_123292029_3663224277_3663224278_5344542569_#1more_0_D3.1,0,0.0,-1.0,[]
520.0,cluster_123292031_3663224275_3663224276_3663662936_#1more_0_D0.0,0,0.0,-1.0,[]
520.0,cluster_123292031_3663224275_3663224276_3663662936_#1more_0_D0.1,0,0.0,-1.0,[]
520.0,cluster_123292031_3663224275_3663224276_3663662936_#1more_0_D1.0,1,100.0,-1.0,['truck11']
520.0,cluster_123292031_3663224275_3663224276_3663662936_#1more_0_D2.0,0,0.0,-1.0,[]
520.0,cluster_123292031_3663224275_3663224276_3663662936_#1more_0_D2.1,0,0.0,-1.0,[]
520.0,cluster_123308403_3663827018_3663827019_3664674393_#1more_0_D0.0,0,0.0,-1.0,[]
520.0,cluster_123308403_3663827018_3663827019_3664674393_#1more_0_D0.1,0,0.0,-1.0,[]
520.0,cluster_123308403_3663827018_3663827019_3664674393_#1more_0_D1.0,0,0.0,-1.0,[]
520.0,cluster_123308403_3663827018_3663827019_3664674393_#1more_0_D1.1,0,0.0,-1.0,[]
520.0,cluster_123308403_3663827018_3663827019_3664674393_#1more_0_D1.2,0,0.0,-1.0,[]
520.0,cluster_123308403_3663827018_3663827019_3664674393_#1more_0_D1.3,0,0.0,-1.0,[]
520.0,cluster_123308403_3663827018_3663827019_3664674393_#1more_0_D2.0,0,0.0,-1.0,[]
520.0,cluster_123308403_3663827018_3663827019_3664674393_#1more_0_D2.1,0,0.0,-1.0,[]
520.0,cluster_123308403_3663827018_3663827019_3664674393_#1more_0_D2.2,0,0.0,-1.0,[]
520.0,cluster_3664723686_3698084157_3698084158_3698084159_#1more_0_D0.0,0,0.0,-1.0,[]
520.0,cluster_3664723686_3698084157_3698084158_3698084159_#1more_0_D0.1,0,0.0,-1.0,[]
520.0,cluster_3664723686_3698084157_3698084158_3698084159_#1more_0_D0.2,0,0.0,-1.0,[]
520.0,cluster_3664723686_3698084157_3698084158_3698084159_#1more_0_D1.0,0,0.0,-1.0,[]
520.0,cluster_3664723686_3698084157_3698084158_3698084159_#1more_0_D1.1,0,0.0,-1.0,[]
520.0,cluster_3664723686_3698084157_3698084158_3698084159_#1more_0_D1.2,0,0.0,-1.0,[]
520.0,joinedS_3663662947_3663662948_3698084160_3698084161_#1more_0_D0.0,0,0.0,-1.0,[]
520.0,joinedS_3663662947_3663662948_3698084160_3698084161_#1more_0_D0.1,0,0.0,-1.0,[]
520.0,joinedS_3663662947_3663662948_3698084160_3698084161_#1more_0_D0.2,0,0.0,-1.0,[]
520.0,joinedS_3663662947_3663662948_3698084160_3698084161_#1more_0_D0.3,0,0.0,-1.0,[]
520.0,joinedS_3663662947_3663662948_3698084160_3698084161_#1more_0_D1.0,0,0.0,-1.0,[]
520.0,joinedS_3663662947_3663662948_3698084160_3698084161_#1more_0_D1.1,0,0.0,-1.0,[]
520.0,joinedS_3663662947_3663662948_3698084160_3698084161_#1more_0_D1.2,0,0.0,-1.0,[]
520.0,joinedS_3663662947_3663662948_3698084160_3698084161_#1more_0_D1.3,0,0.0,-1.0,[]
520.0,joinedS_3663662947_3663662948_3698084160_3698084161_#1more_0_D2.0,0,0.0,-1.0,[]
520.0,joinedS_3663662947_3663662948_3698084160_3698084161_#1more_0_D2.1,0,0.0,-1.0,[]
520.0,joinedS_3663662947_3663662948_3698084160_3698084161_#1more_0_D2.2,0,0.0,-1.0,[]
520.0,joinedS_3663662947_3663662948_3698084160_3698084161_#1more_0_D2.3,0,0.0,-1.0,[]
520.0,joinedS_3663662947_3663662948_3698084160_3698084161_#1more_0_D3.0,0,0.0,-1.0,[]
520.0,joinedS_3663662947_3663662948_3698084160_3698084161_#1more_0_D3.1,0,0.0,-1.0,[]
520.0,joinedS_3663662947_3663662948_3698084160_3698084161_#1more_0_D3.2,1,100.0,-1.0,['veh318']
520.0,joinedS_3663662947_3663662948_3698084160_3698084161_#1more_0_D3.3,1,0.0,-1.0,['veh318']
520.0,joinedS_3663662947_3663662948_3698084160_3698084161_#1more_0_D3.4,0,0.0,-1.0,[]
525.0,cluster_122855839_3663662942_3663662943_3663662944_#1more_0_D0.0,1,100.0,-1.0,['bus31']
525.0,cluster_122855839_3663662942_3663662943_3663662944_#1more_0_D0.1,1,100.0,-1.0,['veh301']
525.0,cluster_122855839_3663662942_3663662943_3663662944_#1more_0_D0.2,0,0.0,-1.0,[]
525.0,cluster_122855839_3663662942_3663662943_3663662944_#1more_0_D0.3,0,0.0,-1.0,[]
525.0,cluster_122855839_3663662942_3663662943_3663662944_#1more_0_D0.4,1,100.0,-1.0,['bus26']
525.0,cluster_122855839_3663662942_3663662943_3663662944_#1more_0_D1.0,1,100.0,-1.0,['veh136']
525.0,cluster_122855839_3663662942_3663662943_3663662944_#1more_0_D1.1,0,0.0,-1.0,[]
525.0,cluster_122855839_3663662942_3663662943_3663662944_#1more_0_D1.2,0,0.0,-1.0,[]
525.0,cluster_122855839_3663662942_3663662943_3663662944_#1more_0_D2.0,0,0.0,-1.0,[]
525.0,cluster_122855839_3663662942_3663662943_3663662944_#1more_0_D2.1,0,0.0,-1.0,[]
525.0,cluster_123241924_382443557_5344542568_5546892974_#3more_0_D0.0,1,100.0,-1.0,['truck9']
525.0,cluster_123241924_382443557_5344542568_5546892974_#3more_0_D0.1,1,100.0,-1.0,['veh194']
525.0,cluster_123241924_382443557_5344542568_5546892974_#3more_0_D0.2,1,100.0,-1.0,['veh179']
525.0,cluster_123241924_382443557_5344542568_5546892974_#3more_0_D0.3,0,0.0,-1.0,[]
525.0,cluster_123241924_382443557_5344542568_5546892974_#3more_0_D0.4,0,0.0,-1.0,[]
525.0,cluster_123241924_382443557_5344542568_5546892974_#3more_0_D1.0,0,0.0,-1.0,[]
525.0,cluster_123241924_382443557_5344542568_5546892974_#3more_0_D2.0,0,0.0,-1.0,[]
525.0,cluster_123241924_382443557_5344542568_5546892974_#3more_0_D2.1,0,0.0,-1.0,[]
525.0,cluster_123241924_382443557_5344542568_5546892974_#3more_0_D2.2,0,0.0,-1.0,[]
525.0,cluster_123241924_382443557_5344542568_5546892974_#3more_0_D2.3,0,0.0,-1.0,[]
525.0,cluster_123241924_382443557_5344542568_5546892974_#3more_0_D2.4,0,0.0,-1.0,[]
525.0,cluster_123241924_382443557_5344542568_5546892974_#3more_0_D2.5,0,0.0,-1.0,[]
525.0,cluster_123241924_382443557_5344542568_5546892974_#3more_0_D3.0,0,0.0,-1.0,[]
525.0,cluster_123241924_382443557_5344542568_5546892974_#3more_0_D3.1,0,0.0,-1.0,[]
525.0,cluster_123241924_382443557_5344542568_5546892974_#3more_0_D3.2,0,0.0,-1.0,[]
525.0,cluster_123241924_382443557_5344542568_5546892974_#3more_0_D3.3,0,0.0,-1.0,[]
525.0,cluster_123241924_382443557_5344542568_5546892974_#3more_0_D3.4,0,0.0,-1.0,[]
525.0,cluster_123281084_3663662939_3664674395_3664674397_#1more_0_D0.0,0,0.0,-1.0,[]
525.0,cluster_123281084_3663662939_3664674395_3664674397_#1more_0_D0.1,0,0.0,-1.0,[]
525.0,cluster_123281084_3663662939_3664674395_3664674397_#1more_0_D0.2,0,0.0,-1.0,[]
525.0,cluster_123281084_3663662939_3664674395_3664674397_#1more_0_D0.3,0,0.0,-1.0,[]
525.0,cluster_123281084_3663662939_3664674395_3664674397_#1more_0_D0.4,0,0.0,-1.0,[]
525.0,cluster_123281084_3663662939_3664674395_3664674397_#1more_0_D1.0,0,0.0,-1.0,[]
525.0,cluster_123281084_3663662939_3664674395_3664674397_#1more_0_D1.1,0,0.0,-1.0,[]
525.0,cluster_123281084_3663662939_3664674395_3664674397_#1more_0_D2.0,0,0.0,-1.0,[]
525.0,cluster_123281084_3663662939_3664674395_3664674397_#1more_0_D2.1,0,0.0,-1.0,[]
525.0,cluster_123281085_12840608127_12840608130_12840608135_#1more_0_D0.0,0,0.0,-1.0,[]
525.0,cluster_123281085_12840608127_12840608130_12840608135_#1more_0_D1.0,0,0.0,-1.0,[]
525.0,cluster_123292026_3663224279_3663224280_3663662945_#1more_0_D0.0,0,0.0,-1.0,[]
525.0,cluster_123292026_3663224279_3663224280_3663662945_#1more_0_D0.1,0,0.0,-1.0,[]
525.0,cluster_123292026_3663224279_3663224280_3663662945_#1more_0_D1.0,0,0.0,-1.0,[]
525.0,cluster_123292026_3663224279_3663224280_3663662945_#1more_0_D1.1,0,0.0,-1.0,[]
525.0,cluster_123292026_3663224279_3663224280_3663662945_#1more_0_D1.2,0,0.0,-1.0,[]
525.0,cluster_123292026_3663224279_3663224280_3663662945_#1more_0_D1.3,0,0.0,-1.0,[]
525.0,cluster_123292026_3663224279_3663224280_3663662945_#1more_0_D2.0,0,0.0,-1.0,[]
525.0,cluster_123292026_3663224279_3663224280_3663662945_#1more_0_D2.1,0,0.0,-1.0,[]
525.0,cluster_123292029_3663224277_3663224278_5344542569_#1more_0_D0.0,1,100.0,-1.0,['veh234']
525.0,cluster_123292029_3663224277_3663224278_5344542569_#1more_0_D0.1,1,100.0,-1.0,['veh298']
525.0,cluster_123292029_3663224277_3663224278_5344542569_#1more_0_D0.2,0,0.0,-1.0,[]
525.0,cluster_123292029_3663224277_3663224278_5344542569_#1more_0_D1.0,1,100.0,-1.0,['veh274']
525.0,cluster_123292029_3663224277_3663224278_5344542569_#1more_0_D1.1,0,0.0,-1.0,[]
525.0,cluster_123292029_3663224277_3663224278_5344542569_#1more_0_D2.0,1,100.0,-1.0,['veh176']
525.0,cluster_123292029_3663224277_3663224278_5344542569_#1more_0_D2.1,0,0.0,-1.0,[]
525.0,cluster_123292029_3663224277_3663224278_5344542569_#1more_0_D2.2,0,0.0,-1.0,[]
525.0,cluster_123292029_3663224277_3663224278_5344542569_#1more_0_D3.0,0,0.0,-1.0,[]
525.0,cluster_123292029_3663224277_3663224278_5344542569_#1more_0_D3.1,0,0.0,-1.0,[]
525.0,cluster_123292031_3663224275_3663224276_3663662936_#1more_0_D0.0,0,0.0,-1.0,[]
525.0,cluster_123292031_3663224275_3663224276_3663662936_#1more_0_D0.1,0,0.0,-1.0,[]
525.0,cluster_123292031_3663224275_3663224276_3663662936_#1more_0_D1.0,0,0.0,-1.0,[]
525.0,cluster_123292031_3663224275_3663224276_3663662936_#1more_0_D2.0,0,0.0,-1.0,[]
525.0,cluster_123292031_3663224275_3663224276_3663662936_#1more_0_D2.1,0,0.0,-1.0,[]
525.0,cluster_123308403_3663827018_3663827019_3664674393_#1more_0_D0.0,0,0.0,-1.0,[]
525.0,cluster_123308403_3663827018_3663827019_3664674393_#1more_0_D0.1,0,0.0,-1.0,[]
525.0,cluster_123308403_3663827018_3663827019_3664674393_#1more_0_D1.0,0,0.0,-1.0,[]
525.0,cluster_123308403_3663827018_3663827019_3664674393_#1more_0_D1.1,0,0.0,-1.0,[]
525.0,cluster_123308403_3663827018_3663827019_3664674393_#1more_0_D1.2,0,0.0,-1.0,[]
525.0,cluster_123308403_3663827018_3663827019_3664674393_#1more_0_D1.3,0,0.0,-1.0,[]
525.0,cluster_123308403_3663827018_3663827019_3664674393_#1more_0_D2.0,0,0.0,-1.0,[]
525.0,cluster_123308403_3663827018_3663827019_3664674393_#1more_0_D2.1,0,0.0,-1.0,[]
525.0,cluster_123308403_3663827018_3663827019_3664674393_#1more_0_D2.2,0,0.0,-1.0,[]
525.0,cluster_3664723686_3698084157_3698084158_3698084159_#1more_0_D0.0,0,0.0,-1.0,[]
525.0,cluster_3664723686_3698084157_3698084158_3698084159_#1more_0_D0.1,0,0.0,-1.0,[]
525.0,cluster_3664723686_3698084157_3698084158_3698084159_#1more_0_D0.2,0,0.0,-1.0,[]
525.0,cluster_3664723686_3698084157_3698084158_3698084159_#1more_0_D1.0,0,0.0,-1.0,[]
525.0,cluster_3664723686_3698084157_3698084158_3698084159_#1more_0_D1.1,0,0.0,-1.0,[]
525.0,cluster_3664723686_3698084157_3698084158_3698084159_#1more_0_D1.2,0,0.0,-1.0,[]
525.0,joinedS_3663662947_3663662948_3698084160_3698084161_#1more_0_D0.0,0,0.0,-1.0,[]
525.0,joinedS_3663662947_3663662948_3698084160_3698084161_#1more_0_D0.1,0,0.0,-1.0,[]
525.0,joinedS_3663662947_3663662948_3698084160_3698084161_#1more_0_D0.2,0,0.0,-1.0,[]
525.0,joinedS_3663662947_3663662948_3698084160_3698084161_#1more_0_D0.3,0,0.0,-1.0,[]
525.0,joinedS_3663662947_3663662948_3698084160_3698084161_#1more_0_D1.0,0,0.0,-1.0,[]
525.0,joinedS_3663662947_3663662948_3698084160_3698084161_#1more_0_D1.1,0,0.0,-1.0,[]
525.0,joinedS_3663662947_3663662948_3698084160_3698084161_#1more_0_D1.2,0,0.0,-1.0,[]
525.0,joinedS_3663662947_3663662948_3698084160_3698084161_#1more_0_D1.3,0,0.0,-1.0,[]
525.0,joinedS_3663662947_3663662948_3698084160_3698084161_#1more_0_D2.0,0,0.0,-1.0,[]
525.0,joinedS_3663662947_3663662948_3698084160_3698084161_#1more_0_D2.1,0,0.0,-1.0,[]
525.0,joinedS_3663662947_3663662948_3698084160_3698084161_#1more_0_D2.2,0,0.0,-1.0,[]
525.0,joinedS_3663662947_3663662948_3698084160_3698084161_#1more_0_D2.3,0,0.0,-1.0,[]
525.0,joinedS_3663662947_3663662948_3698084160_3698084161_#1more_0_D3.0,0,0.0,-1.0,[]
525.0,joinedS_3663662947_3663662948_3698084160_3698084161_#1more_0_D3.1,1,100.0,0.0,['veh318']
525.0,joinedS_3663662947_3663662948_3698084160_3698084161_#1more_0_D3.2,1,0.0,-1.0,['veh318']
525.0,joinedS_3663662947_3663662948_3698084160_3698084161_#1more_0_D3.3,0,0.0,-1.0,[]
525.0,joinedS_3663662947_3663662948_3698084160_3698084161_#1more_0_D3.4,0,0.0,-1.0,[]
530.0,cluster_122855839_3663662942_3663662943_3663662944_#1more_0_D0.0,1,100.0,-1.0,['bus31']
530.0,cluster_122855839_3663662942_3663662943_3663662944_#1more_0_D0.1,1,100.0,-1.0,['veh301']
530.0,cluster_122855839_3663662942_3663662943_3663662944_#1more_0_D0.2,0,0.0,-1.0,[]
530.0,cluster_122855839_3663662942_3663662943_3663662944_#1more_0_D0.3,0,0.0,-1.0,[]
530.0,cluster_122855839_3663662942_3663662943_3663662944_#1more_0_D0.4,1,100.0,-1.0,['bus26']
530.0,cluster_122855839_3663662942_3663662943_3663662944_#1more_0_D1.0,1,100.0,-1.0,['veh136']
530.0,cluster_122855839_3663662942_3663662943_3663662944_#1more_0_D1.1,0,0.0,-1.0,[]
530.0,cluster_122855839_3663662942_3663662943_3663662944_#1more_0_D1.2,0,0.0,-1.0,[]
530.0,cluster_122855839_3663662942_3663662943_3663662944_#1more_0_D2.0,0,0.0,-1.0,[]
530.0,cluster_122855839_3663662942_3663662943_3663662944_#1more_0_D2.1,0,0.0,-1.0,[]
530.0,cluster_123241924_382443557_5344542568_5546892974_#3more_0_D0.0,1,100.0,-1.0,['truck9']
530.0,cluster_123241924_382443557_5344542568_5546892974_#3more_0_D0.1,1,100.0,-1.0,['veh194']
530.0,cluster_123241924_382443557_5344542568_5546892974_#3more_0_D0.2,1,100.0,-1.0,['veh179']
530.0,cluster_123241924_382443557_5344542568_5546892974_#3more_0_D0.3,0,0.0,-1.0,[]
530.0,cluster_123241924_382443557_5344542568_5546892974_#3more_0_D0.4,0,0.0,-1.0,[]
530.0,cluster_123241924_382443557_5344542568_5546892974_#3more_0_D1.0,0,0.0,-1.0,[]
530.0,cluster_123241924_382443557_5344542568_5546892974_#3more_0_D2.0,0,0.0,-1.0,[]
530.0,cluster_123241924_382443557_5344542568_5546892974_#3more_0_D2.1,0,0.0,-1.0,[]
530.0,cluster_123241924_382443557_5344542568_5546892974_#3more_0_D2.2,0,0.0,-1.0,[]
530.0,cluster_123241924_382443557_5344542568_5546892974_#3more_0_D2.3,0,0.0,-1.0,[]
530.0,cluster_123241924_382443557_5344542568_5546892974_#3more_0_D2.4,0,0.0,-1.0,[]
530.0,cluster_123241924_382443557_5344542568_5546892974_#3more_0_D2.5,0,0.0,-1.0,[]
530.0,cluster_123241924_382443557_5344542568_5546892974_#3more_0_D3.0,0,0.0,-1.0,[]
530.0,cluster_123241924_382443557_5344542568_5546892974_#3more_0_D3.1,0,0.0,-1.0,[]
530.0,cluster_123241924_382443557_5344542568_5546892974_#3more_0_D3.2,0,0.0,-1.0,[]
530.0,cluster_123241924_382443557_5344542568_5546892974_#3more_0_D3.3,0,0.0,-1.0,[]
530.0,cluster_123241924_382443557_5344542568_5546892974_#3more_0_D3.4,0,0.0,-1.0,[]
530.0,cluster_123281084_3663662939_3664674395_3664674397_#1more_0_D0.0,0,0.0,-1.0,[]
530.0,cluster_123281084_3663662939_3664674395_3664674397_#1more_0_D0.1,0,0.0,-1.0,[]
530.0,cluster_123281084_3663662939_3664674395_3664674397_#1more_0_D0.2,0,0.0,-1.0,[]
530.0,cluster_123281084_3663662939_3664674395_3664674397_#1more_0_D0.3,0,0.0,-1.0,[]
530.0,cluster_123281084_3663662939_3664674395_3664674397_#1more_0_D0.4,0,0.0,-1.0,[]
530.0,cluster_123281084_3663662939_3664674395_3664674397_#1more_0_D1.0,0,0.0,-1.0,[]
530.0,cluster_123281084_3663662939_3664674395_3664674397_#1more_0_D1.1,0,0.0,-1.0,[]
530.0,cluster_123281084_3663662939_3664674395_3664674397_#1more_0_D2.0,0,0.0,-1.0,[]
530.0,cluster_123281084_3663662939_3664674395_3664674397_#1more_0_D2.1,0,0.0,-1.0,[]
530.0,cluster_123281085_12840608127_12840608130_12840608135_#1more_0_D0.0,0,0.0,-1.0,[]
530.0,cluster_123281085_12840608127_12840608130_12840608135_#1more_0_D1.0,0,0.0,-1.0,[]
530.0,cluster_123292026_3663224279_3663224280_3663662945_#1more_0_D0.0,0,0.0,-1.0,[]
530.0,cluster_123292026_3663224279_3663224280_3663662945_#1more_0_D0.1,0,0.0,-1.0,[]
530.0,cluster_123292026_3663224279_3663224280_3663662945_#1more_0_D1.0,0,0.0,-1.0,[]
530.0,cluster_123292026_3663224279_3663224280_3663662945_#1more_0_D1.1,0,0.0,-1.0,[]
530.0,cluster_123292026_3663224279_3663224280_3663662945_#1more_0_D1.2,0,0.0,-1.0,[]
530.0,cluster_123292026_3663224279_3663224280_3663662945_#1more_0_D1.3,0,0.0,-1.0,[]
530.0,cluster_123292026_3663224279_3663224280_3663662945_#1more_0_D2.0,0,0.0,-1.0,[]
530.0,cluster_123292026_3663224279_3663224280_3663662945_#1more_0_D2.1,0,0.0,-1.0,[]
530.0,cluster_123292029_3663224277_3663224278_5344542569_#1more_0_D0.0,1,100.0,-1.0,['veh234']
530.0,cluster_123292029_3663224277_3663224278_5344542569_#1more_0_D0.1,1,100.0,-1.0,['veh298']
530.0,cluster_123292029_3663224277_3663224278_5344542569_#1more_0_D0.2,0,0.0,-1.0,[]
530.0,cluster_123292029_3663224277_3663224278_5344542569_#1more_0_D1.0,0,0.0,-1.0,[]
530.0,cluster_123292029_3663224277_3663224278_5344542569_#1more_0_D1.1,1,36.58877747535598,4.924477945479899,['veh265']
530.0,cluster_123292029_3663224277_3663224278_5344542569_#1more_0_D2.0,1,100.0,-1.0,['veh176']
530.0,cluster_123292029_3663224277_3663224278_5344542569_#1more_0_D2.1,0,0.0,-1.0,[]
530.0,cluster_123292029_3663224277_3663224278_5344542569_#1more_0_D2.2,0,0.0,-1.0,[]
530.0,cluster_123292029_3663224277_3663224278_5344542569_#1more_0_D3.0,0,0.0,-1.0,[]
530.0,cluster_123292029_3663224277_3663224278_5344542569_#1more_0_D3.1,0,0.0,-1.0,[]
530.0,cluster_123292031_3663224275_3663224276_3663662936_#1more_0_D0.0,0,0.0,-1.0,[]
530.0,cluster_123292031_3663224275_3663224276_3663662936_#1more_0_D0.1,1,52.18346767951516,13.60584168841492,['truck13']
530.0,cluster_123292031_3663224275_3663224276_3663662936_#1more_0_D1.0,0,0.0,-1.0,[]
530.0,cluster_123292031_3663224275_3663224276_3663662936_#1more_0_D2.0,0,0.0,-1.0,[]
530.0,cluster_123292031_3663224275_3663224276_3663662936_#1more_0_D2.1,0,0.0,-1.0,[]
530.0,cluster_123308403_3663827018_3663827019_3664674393_#1more_0_D0.0,0,0.0,-1.0,[]
530.0,cluster_123308403_3663827018_3663827019_3664674393_#1more_0_D0.1,0,0.0,-1.0,[]
530.0,cluster_123308403_3663827018_3663827019_3664674393_#1more_0_D1.0,0,0.0,-1.0,[]
530.0,cluster_123308403_3663827018_3663827019_3664674393_#1more_0_D1.1,0,0.0,-1.0,[]
530.0,cluster_123308403_3663827018_3663827019_3664674393_#1more_0_D1.2,0,0.0,-1.0,[]
530.0,cluster_123308403_3663827018_3663827019_3664674393_#1more_0_D1.3,0,0.0,-1.0,[]
530.0,cluster_123308403_3663827018_3663827019_3664674393_#1more_0_D2.0,0,0.0,-1.0,[]
530.0,cluster_123308403_3663827018_3663827019_3664674393_#1more_0_D2.1,0,0.0,-1.0,[]
530.0,cluster_123308403_3663827018_3663827019_3664674393_#1more_0_D2.2,0,0.0,-1.0,[]
530.0,cluster_3664723686_3698084157_3698084158_3698084159_#1more_0_D0.0,0,0.0,-1.0,[]
530.0,cluster_3664723686_3698084157_3698084158_3698084159_#1more_0_D0.1,0,0.0,-1.0,[]
530.0,cluster_3664723686_3698084157_3698084158_3698084159_#1more_0_D0.2,0,0.0,-1.0,[]
530.0,cluster_3664723686_3698084157_3698084158_3698084159_#1more_0_D1.0,0,0.0,-1.0,[]
530.0,cluster_3664723686_3698084157_3698084158_3698084159_#1more_0_D1.1,0,0.0,-1.0,[]
530.0,cluster_3664723686_3698084157_3698084158_3698084159_#1more_0_D1.2,0,0.0,-1.0,[]
530.0,joinedS_3663662947_3663662948_3698084160_3698084161_#1more_0_D0.0,0,0.0,-1.0,[]
530.0,joinedS_3663662947_3663662948_3698084160_3698084161_#1more_0_D0.1,0,0.0,-1.0,[]
530.0,joinedS_3663662947_3663662948_3698084160_3698084161_#1more_0_D0.2,0,0.0,-1.0,[]
530.0,joinedS_3663662947_3663662948_3698084160_3698084161_#1more_0_D0.3,0,0.0,-1.0,[]
530.0,joinedS_3663662947_3663662948_3698084160_3698084161_#1more_0_D1.0,0,0.0,-1.0,[]
530.0,joinedS_3663662947_3663662948_3698084160_3698084161_#1more_0_D1.1,0,0.0,-1.0,[]
530.0,joinedS_3663662947_3663662948_3698084160_3698084161_#1more_0_D1.2,0,0.0,-1.0,[]
530.0,joinedS_3663662947_3663662948_3698084160_3698084161_#1more_0_D1.3,0,0.0,-1.0,[]
530.0,joinedS_3663662947_3663662948_3698084160_3698084161_#1more_0_D2.0,0,0.0,-1.0,[]
530.0,joinedS_3663662947_3663662948_3698084160_3698084161_#1more_0_D2.1,0,0.0,-1.0,[]
530.0,joinedS_3663662947_3663662948_3698084160_3698084161_#1more_0_D2.2,0,0.0,-1.0,[]
530.0,joinedS_3663662947_3663662948_3698084160_3698084161_#1more_0_D2.3,0,0.0,-1.0,[]
530.0,joinedS_3663662947_3663662948_3698084160_3698084161_#1more_0_D3.0,0,0.0,-1.0,[]
530.0,joinedS_3663662947_3663662948_3698084160_3698084161_#1more_0_D3.1,1,100.0,-1.0,['veh318']
530.0,joinedS_3663662947_3663662948_3698084160_3698084161_#1more_0_D3.2,0,0.0,-1.0,[]
530.0,joinedS_3663662947_3663662948_3698084160_3698084161_#1more_0_D3.3,0,0.0,-1.0,[]
530.0,joinedS_3663662947_3663662948_3698084160_3698084161_#1more_0_D3.4,0,0.0,-1.0,[]
535.0,cluster_122855839_3663662942_3663662943_3663662944_#1more_0_D0.0,1,100.0,-1.0,['bus31']
535.0,cluster_122855839_3663662942_3663662943_3663662944_#1more_0_D0.1,1,0.0,-1.0,['veh301']
535.0,cluster_122855839_3663662942_3663662943_3663662944_#1more_0_D0.2,0,0.0,-1.0,[]
535.0,cluster_122855839_3663662942_3663662943_3663662944_#1more_0_D0.3,0,0.0,-1.0,[]
535.0,cluster_122855839_3663662942_3663662943_3663662944_#1more_0_D0.4,1,100.0,-1.0,['bus26']
535.0,cluster_122855839_3663662942_3663662943_3663662944_#1more_0_D1.0,1,100.0,-1.0,['veh136']
535.0,cluster_122855839_3663662942_3663662943_3663662944_#1more_0_D1.1,0,0.0,-1.0,[]
535.0,cluster_122855839_3663662942_3663662943_3663662944_#1more_0_D1.2,0,0.0,-1.0,[]
535.0,cluster_122855839_3663662942_3663662943_3663662944_#1more_0_D2.0,0,0.0,-1.0,[]
535.0,cluster_122855839_3663662942_3663662943_3663662944_#1more_0_D2.1,0,0.0,-1.0,[]
535.0,cluster_123241924_382443557_5344542568_5546892974_#3more_0_D0.0,1,100.0,-1.0,['truck9']
535.0,cluster_123241924_382443557_5344542568_5546892974_#3more_0_D0.1,1,100.0,-1.0,['veh194']
535.0,cluster_123241924_382443557_5344542568_5546892974_#3more_0_D0.2,1,100.0,-1.0,['veh179']
535.0,cluster_123241924_382443557_5344542568_5546892974_#3more_0_D0.3,1,52.85899136970329,9.459128656143456,['veh264']
535.0,cluster_123241924_382443557_5344542568_5546892974_#3more_0_D0.4,0,0.0,-1.0,[]
535.0,cluster_123241924_382443557_5344542568_5546892974_#3more_0_D1.0,0,0.0,-1.0,[]
535.0,cluster_123241924_382443557_5344542568_5546892974_#3more_0_D2.0,0,0.0,-1.0,[]
535.0,cluster_123241924_382443557_5344542568_5546892974_#3more_0_D2.1,0,0.0,-1.0,[]
535.0,cluster_123241924_382443557_5344542568_5546892974_#3more_0_D2.2,0,0.0,-1.0,[]
535.0,cluster_123241924_382443557_5344542568_5546892974_#3more_0_D2.3,0,0.0,-1.0,[]
535.0,cluster_123241924_382443557_5344542568_5546892974_#3more_0_D2.4,0,0.0,-1.0,[]
535.0,cluster_123241924_382443557_5344542568_5546892974_#3more_0_D2.5,0,0.0,-1.0,[]
535.0,cluster_123241924_382443557_5344542568_5546892974_#3more_0_D3.0,0,0.0,-1.0,[]
535.0,cluster_123241924_382443557_5344542568_5546892974_#3more_0_D3.1,0,0.0,-1.0,[]
535.0,cluster_123241924_382443557_5344542568_5546892974_#3more_0_D3.2,0,0.0,-1.0,[]
535.0,cluster_123241924_382443557_5344542568_5546892974_#3more_0_D3.3,0,0.0,-1.0,[]
535.0,cluster_123241924_382443557_5344542568_5546892974_#3more_0_D3.4,0,0.0,-1.0,[]
535.0,cluster_123281084_3663662939_3664674395_3664674397_#1more_0_D0.0,0,0.0,-1.0,[]
535.0,cluster_123281084_3663662939_3664674395_3664674397_#1more_0_D0.1,0,0.0,-1.0,[]
535.0,cluster_123281084_3663662939_3664674395_3664674397_#1more_0_D0.2,0,0.0,-1.0,[]
535.0,cluster_123281084_3663662939_3664674395_3664674397_#1more_0_D0.3,0,0.0,-1.0,[]
535.0,cluster_123281084_3663662939_3664674395_3664674397_#1more_0_D0.4,0,0.0,-1.0,[]
535.0,cluster_123281084_3663662939_3664674395_3664674397_#1more_0_D1.0,1,39.856010291862276,12.545159345818641,['veh322']
535.0,cluster_123281084_3663662939_3664674395_3664674397_#1more_0_D1.1,0,0.0,-1.0,[]
535.0,cluster_123281084_3663662939_3664674395_3664674397_#1more_0_D2.0,0,0.0,-1.0,[]
535.0,cluster_123281084_3663662939_3664674395_3664674397_#1more_0_D2.1,0,0.0,-1.0,[]
535.0,cluster_123281085_12840608127_12840608130_12840608135_#1more_0_D0.0,0,0.0,-1.0,[]
535.0,cluster_123281085_12840608127_12840608130_12840608135_#1more_0_D1.0,0,0.0,-1.0,[]
535.0,cluster_123292026_3663224279_3663224280_3663662945_#1more_0_D0.0,0,0.0,-1.0,[]
535.0,cluster_123292026_3663224279_3663224280_3663662945_#1more_0_D0.1,1,44.66291978649224,11.194968944937159,['veh323']
535.0,cluster_123292026_3663224279_3663224280_3663662945_#1more_0_D1.0,0,0.0,-1.0,[]
535.0,cluster_123292026_3663224279_3663224280_3663662945_#1more_0_D1.1,0,0.0,-1.0,[]
535.0,cluster_123292026_3663224279_3663224280_3663662945_#1more_0_D1.2,0,0.0,-1.0,[]
535.0,cluster_123292026_3663224279_3663224280_3663662945_#1more_0_D1.3,0,0.0,-1.0,[]
535.0,cluster_123292026_3663224279_3663224280_3663662945_#1more_0_D2.0,0,0.0,-1.0,[]
535.0,cluster_123292026_3663224279_3663224280_3663662945_#1more_0_D2.1,0,0.0,-1.0,[]
535.0,cluster_123292029_3663224277_3663224278_5344542569_#1more_0_D0.0,1,100.0,-1.0,['veh234']
535.0,cluster_123292029_3663224277_3663224278_5344542569_#1more_0_D0.1,1,100.0,-1.0,['veh298']
535.0,cluster_123292029_3663224277_3663224278_5344542569_#1more_0_D0.2,0,0.0,-1.0,[]
535.0,cluster_123292029_3663224277_3663224278_5344542569_#1more_0_D1.0,0,0.0,-1.0,[]
535.0,cluster_123292029_3663224277_3663224278_5344542569_#1more_0_D1.1,0,0.0,-1.0,[]
535.0,cluster_123292029_3663224277_3663224278_5344542569_#1more_0_D2.0,1,100.0,-1.0,['veh176']
535.0,cluster_123292029_3663224277_3663224278_5344542569_#1more_0_D2.1,0,0.0,-1.0,[]
535.0,cluster_123292029_3663224277_3663224278_5344542569_#1more_0_D2.2,0,0.0,-1.0,[]
535.0,cluster_123292029_3663224277_3663224278_5344542569_#1more_0_D3.0,0,0.0,-1.0,[]
535.0,cluster_123292029_3663224277_3663224278_5344542569_#1more_0_D3.1,0,0.0,-1.0,[]
535.0,cluster_123292031_3663224275_3663224276_3663662936_#1more_0_D0.0,0,0.0,-1.0,[]
535.0,cluster_123292031_3663224275_3663224276_3663662936_#1more_0_D0.1,1,0.0,-1.0,['truck14']
535.0,cluster_123292031_3663224275_3663224276_3663662936_#1more_0_D1.0,0,0.0,-1.0,[]
535.0,cluster_123292031_3663224275_3663224276_3663662936_#1more_0_D2.0,0,0.0,-1.0,[]
535.0,cluster_123292031_3663224275_3663224276_3663662936_#1more_0_D2.1,0,0.0,-1.0,[]
535.0,cluster_123308403_3663827018_3663827019_3664674393_#1more_0_D0.0,0,0.0,-1.0,[]
535.0,cluster_123308403_3663827018_3663827019_3664674393_#1more_0_D0.1,0,0.0,-1.0,[]
535.0,cluster_123308403_3663827018_3663827019_3664674393_#1more_0_D1.0,0,0.0,-1.0,[]
535.0,cluster_123308403_3663827018_3663827019_3664674393_#1more_0_D1.1,0,0.0,-1.0,[]
535.0,cluster_123308403_3663827018_3663827019_3664674393_#1more_0_D1.2,0,0.0,-1.0,[]
535.0,cluster_123308403_3663827018_3663827019_3664674393_#1more_0_D1.3,0,0.0,-1.0,[]
535.0,cluster_123308403_3663827018_3663827019_3664674393_#1more_0_D2.0,0,0.0,-1.0,[]
535.0,cluster_123308403_3663827018_3663827019_3664674393_#1more_0_D2.1,0,0.0,-1.0,[]
535.0,cluster_123308403_3663827018_3663827019_3664674393_#1more_0_D2.2,0,0.0,-1.0,[]
535.0,cluster_3664723686_3698084157_3698084158_3698084159_#1more_0_D0.0,0,0.0,-1.0,[]
535.0,cluster_3664723686_3698084157_3698084158_3698084159_#1more_0_D0.1,0,0.0,-1.0,[]
535.0,cluster_3664723686_3698084157_3698084158_3698084159_#1more_0_D0.2,0,0.0,-1.0,[]
535.0,cluster_3664723686_3698084157_3698084158_3698084159_#1more_0_D1.0,0,0.0,-1.0,[]
535.0,cluster_3664723686_3698084157_3698084158_3698084159_#1more_0_D1.1,0,0.0,-1.0,[]
535.0,cluster_3664723686_3698084157_3698084158_3698084159_#1more_0_D1.2,0,0.0,-1.0,[]
535.0,joinedS_3663662947_3663662948_3698084160_3698084161_#1more_0_D0.0,0,0.0,-1.0,[]
535.0,joinedS_3663662947_3663662948_3698084160_3698084161_#1more_0_D0.1,0,0.0,-1.0,[]
535.0,joinedS_3663662947_3663662948_3698084160_3698084161_#1more_0_D0.2,0,0.0,-1.0,[]
535.0,joinedS_3663662947_3663662948_3698084160_3698084161_#1more_0_D0.3,0,0.0,-1.0,[]
535.0,joinedS_3663662947_3663662948_3698084160_3698084161_#1more_0_D1.0,0,0.0,-1.0,[]
535.0,joinedS_3663662947_3663662948_3698084160_3698084161_#1more_0_D1.1,0,0.0,-1.0,[]
535.0,joinedS_3663662947_3663662948_3698084160_3698084161_#1more_0_D1.2,0,0.0,-1.0,[]
535.0,joinedS_3663662947_3663662948_3698084160_3698084161_#1more_0_D1.3,0,0.0,-1.0,[]
535.0,joinedS_3663662947_3663662948_3698084160_3698084161_#1more_0_D2.0,0,0.0,-1.0,[]
535.0,joinedS_3663662947_3663662948_3698084160_3698084161_#1more_0_D2.1,0,0.0,-1.0,[]
535.0,joinedS_3663662947_3663662948_3698084160_3698084161_#1more_0_D2.2,0,0.0,-1.0,[]
535.0,joinedS_3663662947_3663662948_3698084160_3698084161_#1more_0_D2.3,0,0.0,-1.0,[]
535.0,joinedS_3663662947_3663662948_3698084160_3698084161_#1more_0_D3.0,0,0.0,-1.0,[]
535.0,joinedS_3663662947_3663662948_3698084160_3698084161_#1more_0_D3.1,1,100.0,-1.0,['veh318']
535.0,joinedS_3663662947_3663662948_3698084160_3698084161_#1more_0_D3.2,0,0.0,-1.0,[]
535.0,joinedS_3663662947_3663662948_3698084160_3698084161_#1more_0_D3.3,0,0.0,-1.0,[]
535.0,joinedS_3663662947_3663662948_3698084160_3698084161_#1more_0_D3.4,0,0.0,-1.0,[]
540.0,cluster_122855839_3663662942_3663662943_3663662944_#1more_0_D0.0,1,100.0,-1.0,['bus31']
540.0,cluster_122855839_3663662942_3663662943_3663662944_#1more_0_D0.1,0,0.0,-1.0,[]
540.0,cluster_122855839_3663662942_3663662943_3663662944_#1more_0_D0.2,0,0.0,-1.0,[]
540.0,cluster_122855839_3663662942_3663662943_3663662944_#1more_0_D0.3,0,0.0,-1.0,[]
540.0,cluster_122855839_3663662942_3663662943_3663662944_#1more_0_D0.4,0,0.0,-1.0,[]
540.0,cluster_122855839_3663662942_3663662943_3663662944_#1more_0_D1.0,1,100.0,-1.0,['veh136']
540.0,cluster_122855839_3663662942_3663662943_3663662944_#1more_0_D1.1,1,100.0,-1.0,['veh246']
540.0,cluster_122855839_3663662942_3663662943_3663662944_#1more_0_D1.2,0,0.0,-1.0,[]
540.0,cluster_122855839_3663662942_3663662943_3663662944_#1more_0_D2.0,0,0.0,-1.0,[]
540.0,cluster_122855839_3663662942_3663662943_3663662944_#1more_0_D2.1,0,0.0,-1.0,[]
540.0,cluster_123241924_382443557_5344542568_5546892974_#3more_0_D0.0,1,100.0,-1.0,['truck9']
540.0,cluster_123241924_382443557_5344542568_5546892974_#3more_0_D0.1,1,100.0,-1.0,['veh194']
540.0,cluster_123241924_382443557_5344542568_5546892974_#3more_0_D0.2,1,100.0,-1.0,['veh179']
540.0,cluster_123241924_382443557_5344542568_5546892974_#3more_0_D0.3,1,100.0,-1.0,['veh296']
540.0,cluster_123241924_382443557_5344542568_5546892974_#3more_0_D0.4,0,0.0,-1.0,[]
540.0,cluster_123241924_382443557_5344542568_5546892974_#3more_0_D1.0,0,0.0,-1.0,[]
540.0,cluster_123241924_382443557_5344542568_5546892974_#3more_0_D2.0,0,0.0,-1.0,[]
540.0,cluster_123241924_382443557_5344542568_5546892974_#3more_0_D2.1,0,0.0,-1.0,[]
540.0,cluster_123241924_382443557_5344542568_5546892974_#3more_0_D2.2,0,0.0,-1.0,[]
540.0,cluster_123241924_382443557_5344542568_5546892974_#3more_0_D2.3,0,0.0,-1.0,[]
540.0,cluster_123241924_382443557_5344542568_5546892974_#3more_0_D2.4,0,0.0,-1.0,[]
540.0,cluster_123241924_382443557_5344542568_5546892974_#3more_0_D2.5,0,0.0,-1.0,[]
540.0,cluster_123241924_382443557_5344542568_5546892974_#3more_0_D3.0,0,0.0,-1.0,[]
540.0,cluster_123241924_382443557_5344542568_5546892974_#3more_0_D3.1,0,0.0,-1.0,[]
540.0,cluster_123241924_382443557_5344542568_5546892974_#3more_0_D3.2,0,0.0,-1.0,[]
540.0,cluster_123241924_382443557_5344542568_5546892974_#3more_0_D3.3,0,0.0,-1.0,[]
540.0,cluster_123241924_382443557_5344542568_5546892974_#3more_0_D3.4,0,0.0,-1.0,[]
540.0,cluster_123281084_3663662939_3664674395_3664674397_#1more_0_D0.0,0,0.0,-1.0,[]
540.0,cluster_123281084_3663662939_3664674395_3664674397_#1more_0_D0.1,0,0.0,-1.0,[]
540.0,cluster_123281084_3663662939_3664674395_3664674397_#1more_0_D0.2,0,0.0,-1.0,[]
540.0,cluster_123281084_3663662939_3664674395_3664674397_#1more_0_D0.3,0,0.0,-1.0,[]
540.0,cluster_123281084_3663662939_3664674395_3664674397_#1more_0_D0.4,0,0.0,-1.0,[]
540.0,cluster_123281084_3663662939_3664674395_3664674397_#1more_0_D1.0,0,0.0,-1.0,[]
540.0,cluster_123281084_3663662939_3664674395_3664674397_#1more_0_D1.1,0,0.0,-1.0,[]
540.0,cluster_123281084_3663662939_3664674395_3664674397_#1more_0_D2.0,0,0.0,-1.0,[]
540.0,cluster_123281084_3663662939_3664674395_3664674397_#1more_0_D2.1,0,0.0,-1.0,[]
540.0,cluster_123281085_12840608127_12840608130_12840608135_#1more_0_D0.0,0,0.0,-1.0,[]
540.0,cluster_123281085_12840608127_12840608130_12840608135_#1more_0_D1.0,0,0.0,-1.0,[]
540.0,cluster_123292026_3663224279_3663224280_3663662945_#1more_0_D0.0,0,0.0,-1.0,[]
540.0,cluster_123292026_3663224279_3663224280_3663662945_#1more_0_D0.1,1,6.056335456162287,12.163852279404802,['veh273']
540.0,cluster_123292026_3663224279_3663224280_3663662945_#1more_0_D1.0,0,0.0,-1.0,[]
540.0,cluster_123292026_3663224279_3663224280_3663662945_#1more_0_D1.1,0,0.0,-1.0,[]
540.0,cluster_123292026_3663224279_3663224280_3663662945_#1more_0_D1.2,0,0.0,-1.0,[]
540.0,cluster_123292026_3663224279_3663224280_3663662945_#1more_0_D1.3,0,0.0,-1.0,[]
540.0,cluster_123292026_3663224279_3663224280_3663662945_#1more_0_D2.0,0,0.0,-1.0,[]
540.0,cluster_123292026_3663224279_3663224280_3663662945_#1more_0_D2.1,0,0.0,-1.0,[]
540.0,cluster_123292029_3663224277_3663224278_5344542569_#1more_0_D0.0,1,100.0,-1.0,['veh234']
540.0,cluster_123292029_3663224277_3663224278_5344542569_#1more_0_D0.1,1,100.0,-1.0,['veh298']
540.0,cluster_123292029_3663224277_3663224278_5344542569_#1more_0_D0.2,0,0.0,-1.0,[]
540.0,cluster_123292029_3663224277_3663224278_5344542569_#1more_0_D1.0,0,0.0,-1.0,[]
540.0,cluster_123292029_3663224277_3663224278_5344542569_#1more_0_D1.1,0,0.0,-1.0,[]
540.0,cluster_123292029_3663224277_3663224278_5344542569_#1more_0_D2.0,1,100.0,-1.0,['veh176']
540.0,cluster_123292029_3663224277_3663224278_5344542569_#1more_0_D2.1,0,0.0,-1.0,[]
540.0,cluster_123292029_3663224277_3663224278_5344542569_#1more_0_D2.2,0,0.0,-1.0,[]
540.0,cluster_123292029_3663224277_3663224278_5344542569_#1more_0_D3.0,0,0.0,-1.0,[]
540.0,cluster_123292029_3663224277_3663224278_5344542569_#1more_0_D3.1,0,0.0,-1.0,[]
540.0,cluster_123292031_3663224275_3663224276_3663662936_#1more_0_D0.0,0,0.0,-1.0,[]
540.0,cluster_123292031_3663224275_3663224276_3663662936_#1more_0_D0.1,0,0.0,-1.0,[]
540.0,cluster_123292031_3663224275_3663224276_3663662936_#1more_0_D1.0,1,100.0,-1.0,['veh228']
540.0,cluster_123292031_3663224275_3663224276_3663662936_#1more_0_D2.0,0,0.0,-1.0,[]
540.0,cluster_123292031_3663224275_3663224276_3663662936_#1more_0_D2.1,0,0.0,-1.0,[]
540.0,cluster_123308403_3663827018_3663827019_3664674393_#1more_0_D0.0,0,0.0,-1.0,[]
540.0,cluster_123308403_3663827018_3663827019_3664674393_#1more_0_D0.1,0,0.0,-1.0,[]
540.0,cluster_123308403_3663827018_3663827019_3664674393_#1more_0_D1.0,0,0.0,-1.0,[]
540.0,cluster_123308403_3663827018_3663827019_3664674393_#1more_0_D1.1,0,0.0,-1.0,[]
540.0,cluster_123308403_3663827018_3663827019_3664674393_#1more_0_D1.2,0,0.0,-1.0,[]
540.0,cluster_123308403_3663827018_3663827019_3664674393_#1more_0_D1.3,0,0.0,-1.0,[]
540.0,cluster_123308403_3663827018_3663827019_3664674393_#1more_0_D2.0,0,0.0,-1.0,[]
540.0,cluster_123308403_3663827018_3663827019_3664674393_#1more_0_D2.1,0,0.0,-1.0,[]
540.0,cluster_123308403_3663827018_3663827019_3664674393_#1more_0_D2.2,0,0.0,-1.0,[]
540.0,cluster_3664723686_3698084157_3698084158_3698084159_#1more_0_D0.0,0,0.0,-1.0,[]
540.0,cluster_3664723686_3698084157_3698084158_3698084159_#1more_0_D0.1,1,17.67495441013125,15.517257035808424,['veh294']
540.0,cluster_3664723686_3698084157_3698084158_3698084159_#1more_0_D0.2,0,0.0,-1.0,[]
540.0,cluster_3664723686_3698084157_3698084158_3698084159_#1more_0_D1.0,0,0.0,-1.0,[]
540.0,cluster_3664723686_3698084157_3698084158_3698084159_#1more_0_D1.1,0,0.0,-1.0,[]
540.0,cluster_3664723686_3698084157_3698084158_3698084159_#1more_0_D1.2,0,0.0,-1.0,[]
540.0,joinedS_3663662947_3663662948_3698084160_3698084161_#1more_0_D0.0,0,0.0,-1.0,[]
540.0,joinedS_3663662947_3663662948_3698084160_3698084161_#1more_0_D0.1,0,0.0,-1.0,[]
540.0,joinedS_3663662947_3663662948_3698084160_3698084161_#1more_0_D0.2,0,0.0,-1.0,[]
540.0,joinedS_3663662947_3663662948_3698084160_3698084161_#1more_0_D0.3,0,0.0,-1.0,[]
540.0,joinedS_3663662947_3663662948_3698084160_3698084161_#1more_0_D1.0,0,0.0,-1.0,[]
540.0,joinedS_3663662947_3663662948_3698084160_3698084161_#1more_0_D1.1,0,0.0,-1.0,[]
540.0,joinedS_3663662947_3663662948_3698084160_3698084161_#1more_0_D1.2,0,0.0,-1.0,[]
540.0,joinedS_3663662947_3663662948_3698084160_3698084161_#1more_0_D1.3,0,0.0,-1.0,[]
540.0,joinedS_3663662947_3663662948_3698084160_3698084161_#1more_0_D2.0,0,0.0,-1.0,[]
540.0,joinedS_3663662947_3663662948_3698084160_3698084161_#1more_0_D2.1,0,0.0,-1.0,[]
540.0,joinedS_3663662947_3663662948_3698084160_3698084161_#1more_0_D2.2,0,0.0,-1.0,[]
540.0,joinedS_3663662947_3663662948_3698084160_3698084161_#1more_0_D2.3,0,0.0,-1.0,[]
540.0,joinedS_3663662947_3663662948_3698084160_3698084161_#1more_0_D3.0,0,0.0,-1.0,[]
540.0,joinedS_3663662947_3663662948_3698084160_3698084161_#1more_0_D3.1,0,0.0,-1.0,[]
540.0,joinedS_3663662947_3663662948_3698084160_3698084161_#1more_0_D3.2,0,0.0,-1.0,[]
540.0,joinedS_3663662947_3663662948_3698084160_3698084161_#1more_0_D3.3,0,0.0,-1.0,[]
540.0,joinedS_3663662947_3663662948_3698084160_3698084161_#1more_0_D3.4,0,0.0,-1.0,[]
545.0,cluster_122855839_3663662942_3663662943_3663662944_#1more_0_D0.0,1,100.0,-1.0,['bus31']
545.0,cluster_122855839_3663662942_3663662943_3663662944_#1more_0_D0.1,0,0.0,-1.0,[]
545.0,cluster_122855839_3663662942_3663662943_3663662944_#1more_0_D0.2,0,0.0,-1.0,[]
545.0,cluster_122855839_3663662942_3663662943_3663662944_#1more_0_D0.3,0,0.0,-1.0,[]
545.0,cluster_122855839_3663662942_3663662943_3663662944_#1more_0_D0.4,0,0.0,-1.0,[]
545.0,cluster_122855839_3663662942_3663662943_3663662944_#1more_0_D1.0,1,100.0,-1.0,['veh136']
545.0,cluster_122855839_3663662942_3663662943_3663662944_#1more_0_D1.1,1,100.0,-1.0,['veh246']
545.0,cluster_122855839_3663662942_3663662943_3663662944_#1more_0_D1.2,0,0.0,-1.0,[]
545.0,cluster_122855839_3663662942_3663662943_3663662944_#1more_0_D2.0,0,0.0,-1.0,[]
545.0,cluster_122855839_3663662942_3663662943_3663662944_#1more_0_D2.1,0,0.0,-1.0,[]
545.0,cluster_123241924_382443557_5344542568_5546892974_#3more_0_D0.0,1,100.0,-1.0,['truck9']
545.0,cluster_123241924_382443557_5344542568_5546892974_#3more_0_D0.1,1,100.0,-1.0,['veh194']
545.0,cluster_123241924_382443557_5344542568_5546892974_#3more_0_D0.2,1,100.0,-1.0,['veh179']
545.0,cluster_123241924_382443557_5344542568_5546892974_#3more_0_D0.3,1,100.0,-1.0,['veh296']
545.0,cluster_123241924_382443557_5344542568_5546892974_#3more_0_D0.4,0,0.0,-1.0,[]
545.0,cluster_123241924_382443557_5344542568_5546892974_#3more_0_D1.0,0,0.0,-1.0,[]
545.0,cluster_123241924_382443557_5344542568_5546892974_#3more_0_D2.0,0,0.0,-1.0,[]
545.0,cluster_123241924_382443557_5344542568_5546892974_#3more_0_D2.1,0,0.0,-1.0,[]
545.0,cluster_123241924_382443557_5344542568_5546892974_#3more_0_D2.2,0,0.0,-1.0,[]
545.0,cluster_123241924_382443557_5344542568_5546892974_#3more_0_D2.3,0,0.0,-1.0,[]
545.0,cluster_123241924_382443557_5344542568_5546892974_#3more_0_D2.4,0,0.0,-1.0,[]
545.0,cluster_123241924_382443557_5344542568_5546892974_#3more_0_D2.5,0,0.0,-1.0,[]
545.0,cluster_123241924_382443557_5344542568_5546892974_#3more_0_D3.0,0,0.0,-1.0,[]
545.0,cluster_123241924_382443557_5344542568_5546892974_#3more_0_D3.1,0,0.0,-1.0,[]
545.0,cluster_123241924_382443557_5344542568_5546892974_#3more_0_D3.2,0,0.0,-1.0,[]
545.0,cluster_123241924_382443557_5344542568_5546892974_#3more_0_D3.3,0,0.0,-1.0,[]
545.0,cluster_123241924_382443557_5344542568_5546892974_#3more_0_D3.4,0,0.0,-1.0,[]
545.0,cluster_123281084_3663662939_3664674395_3664674397_#1more_0_D0.0,0,0.0,-1.0,[]
545.0,cluster_123281084_3663662939_3664674395_3664674397_#1more_0_D0.1,0,0.0,-1.0,[]
545.0,cluster_123281084_3663662939_3664674395_3664674397_#1more_0_D0.2,0,0.0,-1.0,[]
545.0,cluster_123281084_3663662939_3664674395_3664674397_#1more_0_D0.3,0,0.0,-1.0,[]
545.0,cluster_123281084_3663662939_3664674395_3664674397_#1more_0_D0.4,0,0.0,-1.0,[]
545.0,cluster_123281084_3663662939_3664674395_3664674397_#1more_0_D1.0,1,47.64463097524185,10.494361899031624,['veh312']
545.0,cluster_123281084_3663662939_3664674395_3664674397_#1more_0_D1.1,0,0.0,-1.0,[]
545.0,cluster_123281084_3663662939_3664674395_3664674397_#1more_0_D2.0,0,0.0,-1.0,[]
545.0,cluster_123281084_3663662939_3664674395_3664674397_#1more_0_D2.1,0,0.0,-1.0,[]
545.0,cluster_123281085_12840608127_12840608130_12840608135_#1more_0_D0.0,0,0.0,-1.0,[]
545.0,cluster_123281085_12840608127_12840608130_12840608135_#1more_0_D1.0,0,0.0,-1.0,[]
545.0,cluster_123292026_3663224279_3663224280_3663662945_#1more_0_D0.0,1,22.167381033636957,10.858104464840283,['veh274']
545.0,cluster_123292026_3663224279_3663224280_3663662945_#1more_0_D0.1,0,0.0,-1.0,[]
545.0,cluster_123292026_3663224279_3663224280_3663662945_#1more_0_D1.0,0,0.0,-1.0,[]
545.0,cluster_123292026_3663224279_3663224280_3663662945_#1more_0_D1.1,0,0.0,-1.0,[]
545.0,cluster_123292026_3663224279_3663224280_3663662945_#1more_0_D1.2,0,0.0,-1.0,[]
545.0,cluster_123292026_3663224279_3663224280_3663662945_#1more_0_D1.3,0,0.0,-1.0,[]
545.0,cluster_123292026_3663224279_3663224280_3663662945_#1more_0_D2.0,1,0.0,-1.0,['veh332']
545.0,cluster_123292026_3663224279_3663224280_3663662945_#1more_0_D2.1,0,0.0,-1.0,[]
545.0,cluster_123292029_3663224277_3663224278_5344542569_#1more_0_D0.0,1,100.0,-1.0,['veh234']
545.0,cluster_123292029_3663224277_3663224278_5344542569_#1more_0_D0.1,1,100.0,-1.0,['veh298']
545.0,cluster_123292029_3663224277_3663224278_5344542569_#1more_0_D0.2,0,0.0,-1.0,[]
545.0,cluster_123292029_3663224277_3663224278_5344542569_#1more_0_D1.0,0,0.0,-1.0,[]
545.0,cluster_123292029_3663224277_3663224278_5344542569_#1more_0_D1.1,1,65.51776890885321,7.63151750016989,['veh286']
545.0,cluster_123292029_3663224277_3663224278_5344542569_#1more_0_D2.0,1,100.0,-1.0,['veh176']
545.0,cluster_123292029_3663224277_3663224278_5344542569_#1more_0_D2.1,0,0.0,-1.0,[]
545.0,cluster_123292029_3663224277_3663224278_5344542569_#1more_0_D2.2,0,0.0,-1.0,[]
545.0,cluster_123292029_3663224277_3663224278_5344542569_#1more_0_D3.0,0,0.0,-1.0,[]
545.0,cluster_123292029_3663224277_3663224278_5344542569_#1more_0_D3.1,0,0.0,-1.0,[]
545.0,cluster_123292031_3663224275_3663224276_3663662936_#1more_0_D0.0,0,0.0,-1.0,[]
545.0,cluster_123292031_3663224275_3663224276_3663662936_#1more_0_D0.1,0,0.0,-1.0,[]
545.0,cluster_123292031_3663224275_3663224276_3663662936_#1more_0_D1.0,0,0.0,-1.0,[]
545.0,cluster_123292031_3663224275_3663224276_3663662936_#1more_0_D2.0,0,0.0,-1.0,[]
545.0,cluster_123292031_3663224275_3663224276_3663662936_#1more_0_D2.1,0,0.0,-1.0,[]
545.0,cluster_123308403_3663827018_3663827019_3664674393_#1more_0_D0.0,0,0.0,-1.0,[]
545.0,cluster_123308403_3663827018_3663827019_3664674393_#1more_0_D0.1,0,0.0,-1.0,[]
545.0,cluster_123308403_3663827018_3663827019_3664674393_#1more_0_D1.0,0,0.0,-1.0,[]
545.0,cluster_123308403_3663827018_3663827019_3664674393_#1more_0_D1.1,0,0.0,-1.0,[]
545.0,cluster_123308403_3663827018_3663827019_3664674393_#1more_0_D1.2,0,0.0,-1.0,[]
545.0,cluster_123308403_3663827018_3663827019_3664674393_#1more_0_D1.3,0,0.0,-1.0,[]
545.0,cluster_123308403_3663827018_3663827019_3664674393_#1more_0_D2.0,0,0.0,-1.0,[]
545.0,cluster_123308403_3663827018_3663827019_3664674393_#1more_0_D2.1,0,0.0,-1.0,[]
545.0,cluster_123308403_3663827018_3663827019_3664674393_#1more_0_D2.2,0,0.0,-1.0,[]
545.0,cluster_3664723686_3698084157_3698084158_3698084159_#1more_0_D0.0,0,0.0,-1.0,[]
545.0,cluster_3664723686_3698084157_3698084158_3698084159_#1more_0_D0.1,0,0.0,-1.0,[]
545.0,cluster_3664723686_3698084157_3698084158_3698084159_#1more_0_D0.2,0,0.0,-1.0,[]
545.0,cluster_3664723686_3698084157_3698084158_3698084159_#1more_0_D1.0,0,0.0,-1.0,[]
545.0,cluster_3664723686_3698084157_3698084158_3698084159_#1more_0_D1.1,0,0.0,-1.0,[]
545.0,cluster_3664723686_3698084157_3698084158_3698084159_#1more_0_D1.2,0,0.0,-1.0,[]
545.0,joinedS_3663662947_3663662948_3698084160_3698084161_#1more_0_D0.0,0,0.0,-1.0,[]
545.0,joinedS_3663662947_3663662948_3698084160_3698084161_#1more_0_D0.1,0,0.0,-1.0,[]
545.0,joinedS_3663662947_3663662948_3698084160_3698084161_#1more_0_D0.2,0,0.0,-1.0,[]
545.0,joinedS_3663662947_3663662948_3698084160_3698084161_#1more_0_D0.3,0,0.0,-1.0,[]
545.0,joinedS_3663662947_3663662948_3698084160_3698084161_#1more_0_D1.0,0,0.0,-1.0,[]
545.0,joinedS_3663662947_3663662948_3698084160_3698084161_#1more_0_D1.1,0,0.0,-1.0,[]
545.0,joinedS_3663662947_3663662948_3698084160_3698084161_#1more_0_D1.2,0,0.0,-1.0,[]
545.0,joinedS_3663662947_3663662948_3698084160_3698084161_#1more_0_D1.3,0,0.0,-1.0,[]
545.0,joinedS_3663662947_3663662948_3698084160_3698084161_#1more_0_D2.0,0,0.0,-1.0,[]
545.0,joinedS_3663662947_3663662948_3698084160_3698084161_#1more_0_D2.1,0,0.0,-1.0,[]
545.0,joinedS_3663662947_3663662948_3698084160_3698084161_#1more_0_D2.2,0,0.0,-1.0,[]
545.0,joinedS_3663662947_3663662948_3698084160_3698084161_#1more_0_D2.3,0,0.0,-1.0,[]
545.0,joinedS_3663662947_3663662948_3698084160_3698084161_#1more_0_D3.0,1,100.0,0.0,['veh338']
545.0,joinedS_3663662947_3663662948_3698084160_3698084161_#1more_0_D3.1,0,0.0,-1.0,[]
545.0,joinedS_3663662947_3663662948_3698084160_3698084161_#1more_0_D3.2,0,0.0,-1.0,[]
545.0,joinedS_3663662947_3663662948_3698084160_3698084161_#1more_0_D3.3,0,0.0,-1.0,[]
545.0,joinedS_3663662947_3663662948_3698084160_3698084161_#1more_0_D3.4,0,0.0,-1.0,[]
550.0,cluster_122855839_3663662942_3663662943_3663662944_#1more_0_D0.0,1,100.0,-1.0,['bus31']
550.0,cluster_122855839_3663662942_3663662943_3663662944_#1more_0_D0.1,0,0.0,-1.0,[]
550.0,cluster_122855839_3663662942_3663662943_3663662944_#1more_0_D0.2,0,0.0,-1.0,[]
550.0,cluster_122855839_3663662942_3663662943_3663662944_#1more_0_D0.3,0,0.0,-1.0,[]
550.0,cluster_122855839_3663662942_3663662943_3663662944_#1more_0_D0.4,1,56.96714792736657,5.356477802074455,['veh272']
550.0,cluster_122855839_3663662942_3663662943_3663662944_#1more_0_D1.0,1,100.0,-1.0,['veh136']
550.0,cluster_122855839_3663662942_3663662943_3663662944_#1more_0_D1.1,1,100.0,-1.0,['veh246']
550.0,cluster_122855839_3663662942_3663662943_3663662944_#1more_0_D1.2,0,0.0,-1.0,[]
550.0,cluster_122855839_3663662942_3663662943_3663662944_#1more_0_D2.0,0,0.0,-1.0,[]
550.0,cluster_122855839_3663662942_3663662943_3663662944_#1more_0_D2.1,0,0.0,-1.0,[]
550.0,cluster_123241924_382443557_5344542568_5546892974_#3more_0_D0.0,1,100.0,-1.0,['truck9']
550.0,cluster_123241924_382443557_5344542568_5546892974_#3more_0_D0.1,1,100.0,-1.0,['veh194']
550.0,cluster_123241924_382443557_5344542568_5546892974_#3more_0_D0.2,1,100.0,-1.0,['veh179']
550.0,cluster_123241924_382443557_5344542568_5546892974_#3more_0_D0.3,1,100.0,-1.0,['veh296']
550.0,cluster_123241924_382443557_5344542568_5546892974_#3more_0_D0.4,0,0.0,-1.0,[]
550.0,cluster_123241924_382443557_5344542568_5546892974_#3more_0_D1.0,0,0.0,-1.0,[]
550.0,cluster_123241924_382443557_5344542568_5546892974_#3more_0_D2.0,0,0.0,-1.0,[]
550.0,cluster_123241924_382443557_5344542568_5546892974_#3more_0_D2.1,0,0.0,-1.0,[]
550.0,cluster_123241924_382443557_5344542568_5546892974_#3more_0_D2.2,0,0.0,-1.0,[]
550.0,cluster_123241924_382443557_5344542568_5546892974_#3more_0_D2.3,0,0.0,-1.0,[]
550.0,cluster_123241924_382443557_5344542568_5546892974_#3more_0_D2.4,0,0.0,-1.0,[]
550.0,cluster_123241924_382443557_5344542568_5546892974_#3more_0_D2.5,0,0.0,-1.0,[]
550.0,cluster_123241924_382443557_5344542568_5546892974_#3more_0_D3.0,0,0.0,-1.0,[]
550.0,cluster_123241924_382443557_5344542568_5546892974_#3more_0_D3.1,0,0.0,-1.0,[]
550.0,cluster_123241924_382443557_5344542568_5546892974_#3more_0_D3.2,0,0.0,-1.0,[]
550.0,cluster_123241924_382443557_5344542568_5546892974_#3more_0_D3.3,0,0.0,-1.0,[]
550.0,cluster_123241924_382443557_5344542568_5546892974_#3more_0_D3.4,0,0.0,-1.0,[]
550.0,cluster_123281084_3663662939_3664674395_3664674397_#1more_0_D0.0,0,0.0,-1.0,[]
550.0,cluster_123281084_3663662939_3664674395_3664674397_#1more_0_D0.1,0,0.0,-1.0,[]
550.0,cluster_123281084_3663662939_3664674395_3664674397_#1more_0_D0.2,0,0.0,-1.0,[]
550.0,cluster_123281084_3663662939_3664674395_3664674397_#1more_0_D0.3,0,0.0,-1.0,[]
550.0,cluster_123281084_3663662939_3664674395_3664674397_#1more_0_D0.4,0,0.0,-1.0,[]
550.0,cluster_123281084_3663662939_3664674395_3664674397_#1more_0_D1.0,0,0.0,-1.0,[]
550.0,cluster_123281084_3663662939_3664674395_3664674397_#1more_0_D1.1,0,0.0,-1.0,[]
550.0,cluster_123281084_3663662939_3664674395_3664674397_#1more_0_D2.0,0,0.0,-1.0,[]
550.0,cluster_123281084_3663662939_3664674395_3664674397_#1more_0_D2.1,0,0.0,-1.0,[]
550.0,cluster_123281085_12840608127_12840608130_12840608135_#1more_0_D0.0,0,0.0,-1.0,[]
550.0,cluster_123281085_12840608127_12840608130_12840608135_#1more_0_D1.0,0,0.0,-1.0,[]
550.0,cluster_123292026_3663224279_3663224280_3663662945_#1more_0_D0.0,0,0.0,-1.0,[]
550.0,cluster_123292026_3663224279_3663224280_3663662945_#1more_0_D0.1,0,0.0,-1.0,[]
550.0,cluster_123292026_3663224279_3663224280_3663662945_#1more_0_D1.0,0,0.0,-1.0,[]
550.0,cluster_123292026_3663224279_3663224280_3663662945_#1more_0_D1.1,0,0.0,-1.0,[]
550.0,cluster_123292026_3663224279_3663224280_3663662945_#1more_0_D1.2,0,0.0,-1.0,[]
550.0,cluster_123292026_3663224279_3663224280_3663662945_#1more_0_D1.3,0,0.0,-1.0,[]
550.0,cluster_123292026_3663224279_3663224280_3663662945_#1more_0_D2.0,0,0.0,-1.0,[]
550.0,cluster_123292026_3663224279_3663224280_3663662945_#1more_0_D2.1,0,0.0,-1.0,[]
550.0,cluster_123292029_3663224277_3663224278_5344542569_#1more_0_D0.0,1,100.0,-1.0,['veh234']
550.0,cluster_123292029_3663224277_3663224278_5344542569_#1more_0_D0.1,1,100.0,-1.0,['veh298']
550.0,cluster_123292029_3663224277_3663224278_5344542569_#1more_0_D0.2,0,0.0,-1.0,[]
550.0,cluster_123292029_3663224277_3663224278_5344542569_#1more_0_D1.0,0,0.0,-1.0,[]
550.0,cluster_123292029_3663224277_3663224278_5344542569_#1more_0_D1.1,1,100.0,-1.0,['bus30']
550.0,cluster_123292029_3663224277_3663224278_5344542569_#1more_0_D2.0,1,100.0,-1.0,['veh176']
550.0,cluster_123292029_3663224277_3663224278_5344542569_#1more_0_D2.1,0,0.0,-1.0,[]
550.0,cluster_123292029_3663224277_3663224278_5344542569_#1more_0_D2.2,0,0.0,-1.0,[]
550.0,cluster_123292029_3663224277_3663224278_5344542569_#1more_0_D3.0,0,0.0,-1.0,[]
550.0,cluster_123292029_3663224277_3663224278_5344542569_#1more_0_D3.1,0,0.0,-1.0,[]
550.0,cluster_123292031_3663224275_3663224276_3663662936_#1more_0_D0.0,0,0.0,-1.0,[]
550.0,cluster_123292031_3663224275_3663224276_3663662936_#1more_0_D0.1,0,0.0,-1.0,[]
550.0,cluster_123292031_3663224275_3663224276_3663662936_#1more_0_D1.0,1,100.0,-1.0,['veh307']
550.0,cluster_123292031_3663224275_3663224276_3663662936_#1more_0_D2.0,0,0.0,-1.0,[]
550.0,cluster_123292031_3663224275_3663224276_3663662936_#1more_0_D2.1,0,0.0,-1.0,[]
550.0,cluster_123308403_3663827018_3663827019_3664674393_#1more_0_D0.0,0,0.0,-1.0,[]
550.0,cluster_123308403_3663827018_3663827019_3664674393_#1more_0_D0.1,0,0.0,-1.0,[]
550.0,cluster_123308403_3663827018_3663827019_3664674393_#1more_0_D1.0,0,0.0,-1.0,[]
550.0,cluster_123308403_3663827018_3663827019_3664674393_#1more_0_D1.1,0,0.0,-1.0,[]
550.0,cluster_123308403_3663827018_3663827019_3664674393_#1more_0_D1.2,1,42.418638827655286,11.787271204799236,['veh339']
550.0,cluster_123308403_3663827018_3663827019_3664674393_#1more_0_D1.3,0,0.0,-1.0,[]
550.0,cluster_123308403_3663827018_3663827019_3664674393_#1more_0_D2.0,0,0.0,-1.0,[]
550.0,cluster_123308403_3663827018_3663827019_3664674393_#1more_0_D2.1,0,0.0,-1.0,[]
550.0,cluster_123308403_3663827018_3663827019_3664674393_#1more_0_D2.2,0,0.0,-1.0,[]
550.0,cluster_3664723686_3698084157_3698084158_3698084159_#1more_0_D0.0,0,0.0,-1.0,[]
550.0,cluster_3664723686_3698084157_3698084158_3698084159_#1more_0_D0.1,0,0.0,-1.0,[]
550.0,cluster_3664723686_3698084157_3698084158_3698084159_#1more_0_D0.2,0,0.0,-1.0,[]
550.0,cluster_3664723686_3698084157_3698084158_3698084159_#1more_0_D1.0,0,0.0,-1.0,[]
550.0,cluster_3664723686_3698084157_3698084158_3698084159_#1more_0_D1.1,0,0.0,-1.0,[]
550.0,cluster_3664723686_3698084157_3698084158_3698084159_#1more_0_D1.2,0,0.0,-1.0,[]
550.0,joinedS_3663662947_3663662948_3698084160_3698084161_#1more_0_D0.0,0,0.0,-1.0,[]
550.0,joinedS_3663662947_3663662948_3698084160_3698084161_#1more_0_D0.1,0,0.0,-1.0,[]
550.0,joinedS_3663662947_3663662948_3698084160_3698084161_#1more_0_D0.2,0,0.0,-1.0,[]
550.0,joinedS_3663662947_3663662948_3698084160_3698084161_#1more_0_D0.3,0,0.0,-1.0,[]
550.0,joinedS_3663662947_3663662948_3698084160_3698084161_#1more_0_D1.0,0,0.0,-1.0,[]
550.0,joinedS_3663662947_3663662948_3698084160_3698084161_#1more_0_D1.1,0,0.0,-1.0,[]
550.0,joinedS_3663662947_3663662948_3698084160_3698084161_#1more_0_D1.2,0,0.0,-1.0,[]
550.0,joinedS_3663662947_3663662948_3698084160_3698084161_#1more_0_D1.3,0,0.0,-1.0,[]
550.0,joinedS_3663662947_3663662948_3698084160_3698084161_#1more_0_D2.0,0,0.0,-1.0,[]
550.0,joinedS_3663662947_3663662948_3698084160_3698084161_#1more_0_D2.1,0,0.0,-1.0,[]
550.0,joinedS_3663662947_3663662948_3698084160_3698084161_#1more_0_D2.2,0,0.0,-1.0,[]
550.0,joinedS_3663662947_3663662948_3698084160_3698084161_#1more_0_D2.3,0,0.0,-1.0,[]
550.0,joinedS_3663662947_3663662948_3698084160_3698084161_#1more_0_D3.0,1,100.0,-1.0,['veh338']
550.0,joinedS_3663662947_3663662948_3698084160_3698084161_#1more_0_D3.1,1,100.0,-1.0,['veh340']
550.0,joinedS_3663662947_3663662948_3698084160_3698084161_#1more_0_D3.2,0,0.0,-1.0,[]
550.0,joinedS_3663662947_3663662948_3698084160_3698084161_#1more_0_D3.3,0,0.0,-1.0,[]
550.0,joinedS_3663662947_3663662948_3698084160_3698084161_#1more_0_D3.4,0,0.0,-1.0,[]
555.0,cluster_122855839_3663662942_3663662943_3663662944_#1more_0_D0.0,1,100.0,-1.0,['bus31']
555.0,cluster_122855839_3663662942_3663662943_3663662944_#1more_0_D0.1,0,0.0,-1.0,[]
555.0,cluster_122855839_3663662942_3663662943_3663662944_#1more_0_D0.2,0,0.0,-1.0,[]
555.0,cluster_122855839_3663662942_3663662943_3663662944_#1more_0_D0.3,0,0.0,-1.0,[]
555.0,cluster_122855839_3663662942_3663662943_3663662944_#1more_0_D0.4,1,55.14529601292679,9.066956497663796,['veh268']
555.0,cluster_122855839_3663662942_3663662943_3663662944_#1more_0_D1.0,1,100.0,-1.0,['veh136']
555.0,cluster_122855839_3663662942_3663662943_3663662944_#1more_0_D1.1,1,100.0,-1.0,['veh246']
555.0,cluster_122855839_3663662942_3663662943_3663662944_#1more_0_D1.2,0,0.0,-1.0,[]
555.0,cluster_122855839_3663662942_3663662943_3663662944_#1more_0_D2.0,0,0.0,-1.0,[]
555.0,cluster_122855839_3663662942_3663662943_3663662944_#1more_0_D2.1,0,0.0,-1.0,[]
555.0,cluster_123241924_382443557_5344542568_5546892974_#3more_0_D0.0,1,100.0,-1.0,['truck9']
555.0,cluster_123241924_382443557_5344542568_5546892974_#3more_0_D0.1,1,100.0,-1.0,['veh194']
555.0,cluster_123241924_382443557_5344542568_5546892974_#3more_0_D0.2,1,100.0,-1.0,['veh179']
555.0,cluster_123241924_382443557_5344542568_5546892974_#3more_0_D0.3,1,100.0,-1.0,['veh296']
555.0,cluster_123241924_382443557_5344542568_5546892974_#3more_0_D0.4,0,0.0,-1.0,[]
555.0,cluster_123241924_382443557_5344542568_5546892974_#3more_0_D1.0,0,0.0,-1.0,[]
555.0,cluster_123241924_382443557_5344542568_5546892974_#3more_0_D2.0,0,0.0,-1.0,[]
555.0,cluster_123241924_382443557_5344542568_5546892974_#3more_0_D2.1,0,0.0,-1.0,[]
555.0,cluster_123241924_382443557_5344542568_5546892974_#3more_0_D2.2,0,0.0,-1.0,[]
555.0,cluster_123241924_382443557_5344542568_5546892974_#3more_0_D2.3,0,0.0,-1.0,[]
555.0,cluster_123241924_382443557_5344542568_5546892974_#3more_0_D2.4,0,0.0,-1.0,[]
555.0,cluster_123241924_382443557_5344542568_5546892974_#3more_0_D2.5,0,0.0,-1.0,[]
555.0,cluster_123241924_382443557_5344542568_5546892974_#3more_0_D3.0,0,0.0,-1.0,[]
555.0,cluster_123241924_382443557_5344542568_5546892974_#3more_0_D3.1,0,0.0,-1.0,[]
555.0,cluster_123241924_382443557_5344542568_5546892974_#3more_0_D3.2,0,0.0,-1.0,[]
555.0,cluster_123241924_382443557_5344542568_5546892974_#3more_0_D3.3,0,0.0,-1.0,[]
555.0,cluster_123241924_382443557_5344542568_5546892974_#3more_0_D3.4,0,0.0,-1.0,[]
555.0,cluster_123281084_3663662939_3664674395_3664674397_#1more_0_D0.0,0,0.0,-1.0,[]
555.0,cluster_123281084_3663662939_3664674395_3664674397_#1more_0_D0.1,0,0.0,-1.0,[]
555.0,cluster_123281084_3663662939_3664674395_3664674397_#1more_0_D0.2,0,0.0,-1.0,[]
555.0,cluster_123281084_3663662939_3664674395_3664674397_#1more_0_D0.3,0,0.0,-1.0,[]
555.0,cluster_123281084_3663662939_3664674395_3664674397_#1more_0_D0.4,0,0.0,-1.0,[]
555.0,cluster_123281084_3663662939_3664674395_3664674397_#1more_0_D1.0,0,0.0,-1.0,[]
555.0,cluster_123281084_3663662939_3664674395_3664674397_#1more_0_D1.1,0,0.0,-1.0,[]
555.0,cluster_123281084_3663662939_3664674395_3664674397_#1more_0_D2.0,0,0.0,-1.0,[]
555.0,cluster_123281084_3663662939_3664674395_3664674397_#1more_0_D2.1,0,0.0,-1.0,[]
555.0,cluster_123281085_12840608127_12840608130_12840608135_#1more_0_D0.0,0,0.0,-1.0,[]
555.0,cluster_123281085_12840608127_12840608130_12840608135_#1more_0_D1.0,0,0.0,-1.0,[]
555.0,cluster_123292026_3663224279_3663224280_3663662945_#1more_0_D0.0,0,0.0,-1.0,[]
555.0,cluster_123292026_3663224279_3663224280_3663662945_#1more_0_D0.1,0,0.0,-1.0,[]
555.0,cluster_123292026_3663224279_3663224280_3663662945_#1more_0_D1.0,0,0.0,-1.0,[]
555.0,cluster_123292026_3663224279_3663224280_3663662945_#1more_0_D1.1,0,0.0,-1.0,[]
555.0,cluster_123292026_3663224279_3663224280_3663662945_#1more_0_D1.2,0,0.0,-1.0,[]
555.0,cluster_123292026_3663224279_3663224280_3663662945_#1more_0_D1.3,0,0.0,-1.0,[]
555.0,cluster_123292026_3663224279_3663224280_3663662945_#1more_0_D2.0,0,0.0,-1.0,[]
555.0,cluster_123292026_3663224279_3663224280_3663662945_#1more_0_D2.1,0,0.0,-1.0,[]
555.0,cluster_123292029_3663224277_3663224278_5344542569_#1more_0_D0.0,1,100.0,-1.0,['veh234']
555.0,cluster_123292029_3663224277_3663224278_5344542569_#1more_0_D0.1,1,100.0,-1.0,['veh298']
555.0,cluster_123292029_3663224277_3663224278_5344542569_#1more_0_D0.2,0,0.0,-1.0,[]
555.0,cluster_123292029_3663224277_3663224278_5344542569_#1more_0_D1.0,0,0.0,-1.0,[]
555.0,cluster_123292029_3663224277_3663224278_5344542569_#1more_0_D1.1,1,100.0,-1.0,['bus30']
555.0,cluster_123292029_3663224277_3663224278_5344542569_#1more_0_D2.0,1,100.0,-1.0,['veh176']
555.0,cluster_123292029_3663224277_3663224278_5344542569_#1more_0_D2.1,0,0.0,-1.0,[]
555.0,cluster_123292029_3663224277_3663224278_5344542569_#1more_0_D2.2,0,0.0,-1.0,[]
555.0,cluster_123292029_3663224277_3663224278_5344542569_#1more_0_D3.0,0,0.0,-1.0,[]
555.0,cluster_123292029_3663224277_3663224278_5344542569_#1more_0_D3.1,0,0.0,-1.0,[]
555.0,cluster_123292031_3663224275_3663224276_3663662936_#1more_0_D0.0,0,0.0,-1.0,[]
555.0,cluster_123292031_3663224275_3663224276_3663662936_#1more_0_D0.1,0,0.0,-1.0,[]
555.0,cluster_123292031_3663224275_3663224276_3663662936_#1more_0_D1.0,1,100.0,-1.0,['veh307']
555.0,cluster_123292031_3663224275_3663224276_3663662936_#1more_0_D2.0,0,0.0,-1.0,[]
555.0,cluster_123292031_3663224275_3663224276_3663662936_#1more_0_D2.1,0,0.0,-1.0,[]
555.0,cluster_123308403_3663827018_3663827019_3664674393_#1more_0_D0.0,0,0.0,-1.0,[]
555.0,cluster_123308403_3663827018_3663827019_3664674393_#1more_0_D0.1,0,0.0,-1.0,[]
555.0,cluster_123308403_3663827018_3663827019_3664674393_#1more_0_D1.0,0,0.0,-1.0,[]
555.0,cluster_123308403_3663827018_3663827019_3664674393_#1more_0_D1.1,0,0.0,-1.0,[]
555.0,cluster_123308403_3663827018_3663827019_3664674393_#1more_0_D1.2,0,0.0,-1.0,[]
555.0,cluster_123308403_3663827018_3663827019_3664674393_#1more_0_D1.3,0,0.0,-1.0,[]
555.0,cluster_123308403_3663827018_3663827019_3664674393_#1more_0_D2.0,0,0.0,-1.0,[]
555.0,cluster_123308403_3663827018_3663827019_3664674393_#1more_0_D2.1,0,0.0,-1.0,[]
555.0,cluster_123308403_3663827018_3663827019_3664674393_#1more_0_D2.2,0,0.0,-1.0,[]
555.0,cluster_3664723686_3698084157_3698084158_3698084159_#1more_0_D0.0,0,0.0,-1.0,[]
555.0,cluster_3664723686_3698084157_3698084158_3698084159_#1more_0_D0.1,0,0.0,-1.0,[]
555.0,cluster_3664723686_3698084157_3698084158_3698084159_#1more_0_D0.2,0,0.0,-1.0,[]
555.0,cluster_3664723686_3698084157_3698084158_3698084159_#1more_0_D1.0,0,0.0,-1.0,[]
555.0,cluster_3664723686_3698084157_3698084158_3698084159_#1more_0_D1.1,0,0.0,-1.0,[]
555.0,cluster_3664723686_3698084157_3698084158_3698084159_#1more_0_D1.2,0,0.0,-1.0,[]
555.0,joinedS_3663662947_3663662948_3698084160_3698084161_#1more_0_D0.0,0,0.0,-1.0,[]
555.0,joinedS_3663662947_3663662948_3698084160_3698084161_#1more_0_D0.1,0,0.0,-1.0,[]
555.0,joinedS_3663662947_3663662948_3698084160_3698084161_#1more_0_D0.2,0,0.0,-1.0,[]
555.0,joinedS_3663662947_3663662948_3698084160_3698084161_#1more_0_D0.3,0,0.0,-1.0,[]
555.0,joinedS_3663662947_3663662948_3698084160_3698084161_#1more_0_D1.0,0,0.0,-1.0,[]
555.0,joinedS_3663662947_3663662948_3698084160_3698084161_#1more_0_D1.1,0,0.0,-1.0,[]
555.0,joinedS_3663662947_3663662948_3698084160_3698084161_#1more_0_D1.2,0,0.0,-1.0,[]
555.0,joinedS_3663662947_3663662948_3698084160_3698084161_#1more_0_D1.3,0,0.0,-1.0,[]
555.0,joinedS_3663662947_3663662948_3698084160_3698084161_#1more_0_D2.0,0,0.0,-1.0,[]
555.0,joinedS_3663662947_3663662948_3698084160_3698084161_#1more_0_D2.1,0,0.0,-1.0,[]
555.0,joinedS_3663662947_3663662948_3698084160_3698084161_#1more_0_D2.2,0,0.0,-1.0,[]
555.0,joinedS_3663662947_3663662948_3698084160_3698084161_#1more_0_D2.3,1,100.0,-1.0,['veh343']
555.0,joinedS_3663662947_3663662948_3698084160_3698084161_#1more_0_D3.0,1,100.0,-1.0,['veh338']
555.0,joinedS_3663662947_3663662948_3698084160_3698084161_#1more_0_D3.1,1,100.0,-1.0,['veh340']
555.0,joinedS_3663662947_3663662948_3698084160_3698084161_#1more_0_D3.2,0,0.0,-1.0,[]
555.0,joinedS_3663662947_3663662948_3698084160_3698084161_#1more_0_D3.3,0,0.0,-1.0,[]
555.0,joinedS_3663662947_3663662948_3698084160_3698084161_#1more_0_D3.4,0,0.0,-1.0,[]
560.0,cluster_122855839_3663662942_3663662943_3663662944_#1more_0_D0.0,1,100.0,-1.0,['bus31']
560.0,cluster_122855839_3663662942_3663662943_3663662944_#1more_0_D0.1,0,0.0,-1.0,[]
560.0,cluster_122855839_3663662942_3663662943_3663662944_#1more_0_D0.2,0,0.0,-1.0,[]
560.0,cluster_122855839_3663662942_3663662943_3663662944_#1more_0_D0.3,0,0.0,-1.0,[]
560.0,cluster_122855839_3663662942_3663662943_3663662944_#1more_0_D0.4,1,73.92250221344057,5.822462387508155,['veh279']
560.0,cluster_122855839_3663662942_3663662943_3663662944_#1more_0_D1.0,1,100.0,-1.0,['veh136']
560.0,cluster_122855839_3663662942_3663662943_3663662944_#1more_0_D1.1,1,100.0,-1.0,['veh246']
560.0,cluster_122855839_3663662942_3663662943_3663662944_#1more_0_D1.2,0,0.0,-1.0,[]
560.0,cluster_122855839_3663662942_3663662943_3663662944_#1more_0_D2.0,0,0.0,-1.0,[]
560.0,cluster_122855839_3663662942_3663662943_3663662944_#1more_0_D2.1,0,0.0,-1.0,[]
560.0,cluster_123241924_382443557_5344542568_5546892974_#3more_0_D0.0,1,100.0,-1.0,['truck9']
560.0,cluster_123241924_382443557_5344542568_5546892974_#3more_0_D0.1,1,100.0,-1.0,['veh194']
560.0,cluster_123241924_382443557_5344542568_5546892974_#3more_0_D0.2,1,100.0,-1.0,['veh179']
560.0,cluster_123241924_382443557_5344542568_5546892974_#3more_0_D0.3,1,100.0,-1.0,['veh296']
560.0,cluster_123241924_382443557_5344542568_5546892974_#3more_0_D0.4,0,0.0,-1.0,[]
560.0,cluster_123241924_382443557_5344542568_5546892974_#3more_0_D1.0,0,0.0,-1.0,[]
560.0,cluster_123241924_382443557_5344542568_5546892974_#3more_0_D2.0,0,0.0,-1.0,[]
560.0,cluster_123241924_382443557_5344542568_5546892974_#3more_0_D2.1,0,0.0,-1.0,[]
560.0,cluster_123241924_382443557_5344542568_5546892974_#3more_0_D2.2,0,0.0,-1.0,[]
560.0,cluster_123241924_382443557_5344542568_5546892974_#3more_0_D2.3,0,0.0,-1.0,[]
560.0,cluster_123241924_382443557_5344542568_5546892974_#3more_0_D2.4,0,0.0,-1.0,[]
560.0,cluster_123241924_382443557_5344542568_5546892974_#3more_0_D2.5,0,0.0,-1.0,[]
560.0,cluster_123241924_382443557_5344542568_5546892974_#3more_0_D3.0,0,0.0,-1.0,[]
560.0,cluster_123241924_382443557_5344542568_5546892974_#3more_0_D3.1,0,0.0,-1.0,[]
560.0,cluster_123241924_382443557_5344542568_5546892974_#3more_0_D3.2,0,0.0,-1.0,[]
560.0,cluster_123241924_382443557_5344542568_5546892974_#3more_0_D3.3,0,0.0,-1.0,[]
560.0,cluster_123241924_382443557_5344542568_5546892974_#3more_0_D3.4,0,0.0,-1.0,[]
560.0,cluster_123281084_3663662939_3664674395_3664674397_#1more_0_D0.0,0,0.0,-1.0,[]
560.0,cluster_123281084_3663662939_3664674395_3664674397_#1more_0_D0.1,0,0.0,-1.0,[]
560.0,cluster_123281084_3663662939_3664674395_3664674397_#1more_0_D0.2,0,0.0,-1.0,[]
560.0,cluster_123281084_3663662939_3664674395_3664674397_#1more_0_D0.3,0,0.0,-1.0,[]
560.0,cluster_123281084_3663662939_3664674395_3664674397_#1more_0_D0.4,0,0.0,-1.0,[]
560.0,cluster_123281084_3663662939_3664674395_3664674397_#1more_0_D1.0,0,0.0,-1.0,[]
560.0,cluster_123281084_3663662939_3664674395_3664674397_#1more_0_D1.1,0,0.0,-1.0,[]
560.0,cluster_123281084_3663662939_3664674395_3664674397_#1more_0_D2.0,0,0.0,-1.0,[]
560.0,cluster_123281084_3663662939_3664674395_3664674397_#1more_0_D2.1,0,0.0,-1.0,[]
560.0,cluster_123281085_12840608127_12840608130_12840608135_#1more_0_D0.0,0,0.0,-1.0,[]
560.0,cluster_123281085_12840608127_12840608130_12840608135_#1more_0_D1.0,0,0.0,-1.0,[]
560.0,cluster_123292026_3663224279_3663224280_3663662945_#1more_0_D0.0,0,0.0,-1.0,[]
560.0,cluster_123292026_3663224279_3663224280_3663662945_#1more_0_D0.1,0,0.0,-1.0,[]
560.0,cluster_123292026_3663224279_3663224280_3663662945_#1more_0_D1.0,0,0.0,-1.0,[]
560.0,cluster_123292026_3663224279_3663224280_3663662945_#1more_0_D1.1,0,0.0,-1.0,[]
560.0,cluster_123292026_3663224279_3663224280_3663662945_#1more_0_D1.2,0,0.0,-1.0,[]
560.0,cluster_123292026_3663224279_3663224280_3663662945_#1more_0_D1.3,0,0.0,-1.0,[]
560.0,cluster_123292026_3663224279_3663224280_3663662945_#1more_0_D2.0,0,0.0,-1.0,[]
560.0,cluster_123292026_3663224279_3663224280_3663662945_#1more_0_D2.1,0,0.0,-1.0,[]
560.0,cluster_123292029_3663224277_3663224278_5344542569_#1more_0_D0.0,1,100.0,-1.0,['veh234']
560.0,cluster_123292029_3663224277_3663224278_5344542569_#1more_0_D0.1,1,100.0,-1.0,['veh298']
560.0,cluster_123292029_3663224277_3663224278_5344542569_#1more_0_D0.2,0,0.0,-1.0,[]
560.0,cluster_123292029_3663224277_3663224278_5344542569_#1more_0_D1.0,0,0.0,-1.0,[]
560.0,cluster_123292029_3663224277_3663224278_5344542569_#1more_0_D1.1,1,100.0,-1.0,['bus30']
560.0,cluster_123292029_3663224277_3663224278_5344542569_#1more_0_D2.0,1,100.0,-1.0,['veh176']
560.0,cluster_123292029_3663224277_3663224278_5344542569_#1more_0_D2.1,0,0.0,-1.0,[]
560.0,cluster_123292029_3663224277_3663224278_5344542569_#1more_0_D2.2,0,0.0,-1.0,[]
560.0,cluster_123292029_3663224277_3663224278_5344542569_#1more_0_D3.0,0,0.0,-1.0,[]
560.0,cluster_123292029_3663224277_3663224278_5344542569_#1more_0_D3.1,0,0.0,-1.0,[]
560.0,cluster_123292031_3663224275_3663224276_3663662936_#1more_0_D0.0,0,0.0,-1.0,[]
560.0,cluster_123292031_3663224275_3663224276_3663662936_#1more_0_D0.1,0,0.0,-1.0,[]
560.0,cluster_123292031_3663224275_3663224276_3663662936_#1more_0_D1.0,0,0.0,-1.0,[]
560.0,cluster_123292031_3663224275_3663224276_3663662936_#1more_0_D2.0,0,0.0,-1.0,[]
560.0,cluster_123292031_3663224275_3663224276_3663662936_#1more_0_D2.1,0,0.0,-1.0,[]
560.0,cluster_123308403_3663827018_3663827019_3664674393_#1more_0_D0.0,0,0.0,-1.0,[]
560.0,cluster_123308403_3663827018_3663827019_3664674393_#1more_0_D0.1,0,0.0,-1.0,[]
560.0,cluster_123308403_3663827018_3663827019_3664674393_#1more_0_D1.0,0,0.0,-1.0,[]
560.0,cluster_123308403_3663827018_3663827019_3664674393_#1more_0_D1.1,0,0.0,-1.0,[]
560.0,cluster_123308403_3663827018_3663827019_3664674393_#1more_0_D1.2,0,0.0,-1.0,[]
560.0,cluster_123308403_3663827018_3663827019_3664674393_#1more_0_D1.3,0,0.0,-1.0,[]
560.0,cluster_123308403_3663827018_3663827019_3664674393_#1more_0_D2.0,0,0.0,-1.0,[]
560.0,cluster_123308403_3663827018_3663827019_3664674393_#1more_0_D2.1,0,0.0,-1.0,[]
560.0,cluster_123308403_3663827018_3663827019_3664674393_#1more_0_D2.2,0,0.0,-1.0,[]
560.0,cluster_3664723686_3698084157_3698084158_3698084159_#1more_0_D0.0,0,0.0,-1.0,[]
560.0,cluster_3664723686_3698084157_3698084158_3698084159_#1more_0_D0.1,0,0.0,-1.0,[]
560.0,cluster_3664723686_3698084157_3698084158_3698084159_#1more_0_D0.2,0,0.0,-1.0,[]
560.0,cluster_3664723686_3698084157_3698084158_3698084159_#1more_0_D1.0,0,0.0,-1.0,[]
560.0,cluster_3664723686_3698084157_3698084158_3698084159_#1more_0_D1.1,0,0.0,-1.0,[]
560.0,cluster_3664723686_3698084157_3698084158_3698084159_#1more_0_D1.2,0,0.0,-1.0,[]
560.0,joinedS_3663662947_3663662948_3698084160_3698084161_#1more_0_D0.0,0,0.0,-1.0,[]
560.0,joinedS_3663662947_3663662948_3698084160_3698084161_#1more_0_D0.1,0,0.0,-1.0,[]
560.0,joinedS_3663662947_3663662948_3698084160_3698084161_#1more_0_D0.2,0,0.0,-1.0,[]
560.0,joinedS_3663662947_3663662948_3698084160_3698084161_#1more_0_D0.3,0,0.0,-1.0,[]
560.0,joinedS_3663662947_3663662948_3698084160_3698084161_#1more_0_D1.0,0,0.0,-1.0,[]
560.0,joinedS_3663662947_3663662948_3698084160_3698084161_#1more_0_D1.1,0,0.0,-1.0,[]
560.0,joinedS_3663662947_3663662948_3698084160_3698084161_#1more_0_D1.2,0,0.0,-1.0,[]
560.0,joinedS_3663662947_3663662948_3698084160_3698084161_#1more_0_D1.3,0,0.0,-1.0,[]
560.0,joinedS_3663662947_3663662948_3698084160_3698084161_#1more_0_D2.0,0,0.0,-1.0,[]
560.0,joinedS_3663662947_3663662948_3698084160_3698084161_#1more_0_D2.1,0,0.0,-1.0,[]
560.0,joinedS_3663662947_3663662948_3698084160_3698084161_#1more_0_D2.2,0,0.0,-1.0,[]
560.0,joinedS_3663662947_3663662948_3698084160_3698084161_#1more_0_D2.3,1,100.0,-1.0,['veh343']
560.0,joinedS_3663662947_3663662948_3698084160_3698084161_#1more_0_D3.0,1,100.0,-1.0,['veh338']
560.0,joinedS_3663662947_3663662948_3698084160_3698084161_#1more_0_D3.1,1,100.0,-1.0,['veh340']
560.0,joinedS_3663662947_3663662948_3698084160_3698084161_#1more_0_D3.2,0,0.0,-1.0,[]
560.0,joinedS_3663662947_3663662948_3698084160_3698084161_#1more_0_D3.3,0,0.0,-1.0,[]
560.0,joinedS_3663662947_3663662948_3698084160_3698084161_#1more_0_D3.4,0,0.0,-1.0,[]
565.0,cluster_122855839_3663662942_3663662943_3663662944_#1more_0_D0.0,1,100.0,-1.0,['bus31']
565.0,cluster_122855839_3663662942_3663662943_3663662944_#1more_0_D0.1,0,0.0,-1.0,[]
565.0,cluster_122855839_3663662942_3663662943_3663662944_#1more_0_D0.2,0,0.0,-1.0,[]
565.0,cluster_122855839_3663662942_3663662943_3663662944_#1more_0_D0.3,0,0.0,-1.0,[]
565.0,cluster_122855839_3663662942_3663662943_3663662944_#1more_0_D0.4,1,20.088363988236324,6.1032674299926954,['veh304']
565.0,cluster_122855839_3663662942_3663662943_3663662944_#1more_0_D1.0,1,100.0,-1.0,['veh136']
565.0,cluster_122855839_3663662942_3663662943_3663662944_#1more_0_D1.1,1,100.0,-1.0,['veh246']
565.0,cluster_122855839_3663662942_3663662943_3663662944_#1more_0_D1.2,0,0.0,-1.0,[]
565.0,cluster_122855839_3663662942_3663662943_3663662944_#1more_0_D2.0,0,0.0,-1.0,[]
565.0,cluster_122855839_3663662942_3663662943_3663662944_#1more_0_D2.1,0,0.0,-1.0,[]
565.0,cluster_123241924_382443557_5344542568_5546892974_#3more_0_D0.0,1,100.0,-1.0,['truck9']
565.0,cluster_123241924_382443557_5344542568_5546892974_#3more_0_D0.1,1,100.0,-1.0,['veh194']
565.0,cluster_123241924_382443557_5344542568_5546892974_#3more_0_D0.2,1,100.0,-1.0,['veh179']
565.0,cluster_123241924_382443557_5344542568_5546892974_#3more_0_D0.3,1,100.0,-1.0,['veh296']
565.0,cluster_123241924_382443557_5344542568_5546892974_#3more_0_D0.4,0,0.0,-1.0,[]
565.0,cluster_123241924_382443557_5344542568_5546892974_#3more_0_D1.0,0,0.0,-1.0,[]
565.0,cluster_123241924_382443557_5344542568_5546892974_#3more_0_D2.0,0,0.0,-1.0,[]
565.0,cluster_123241924_382443557_5344542568_5546892974_#3more_0_D2.1,0,0.0,-1.0,[]
565.0,cluster_123241924_382443557_5344542568_5546892974_#3more_0_D2.2,0,0.0,-1.0,[]
565.0,cluster_123241924_382443557_5344542568_5546892974_#3more_0_D2.3,0,0.0,-1.0,[]
565.0,cluster_123241924_382443557_5344542568_5546892974_#3more_0_D2.4,0,0.0,-1.0,[]
565.0,cluster_123241924_382443557_5344542568_5546892974_#3more_0_D2.5,0,0.0,-1.0,[]
565.0,cluster_123241924_382443557_5344542568_5546892974_#3more_0_D3.0,0,0.0,-1.0,[]
565.0,cluster_123241924_382443557_5344542568_5546892974_#3more_0_D3.1,0,0.0,-1.0,[]
565.0,cluster_123241924_382443557_5344542568_5546892974_#3more_0_D3.2,0,0.0,-1.0,[]
565.0,cluster_123241924_382443557_5344542568_5546892974_#3more_0_D3.3,0,0.0,-1.0,[]
565.0,cluster_123241924_382443557_5344542568_5546892974_#3more_0_D3.4,0,0.0,-1.0,[]
565.0,cluster_123281084_3663662939_3664674395_3664674397_#1more_0_D0.0,0,0.0,-1.0,[]
565.0,cluster_123281084_3663662939_3664674395_3664674397_#1more_0_D0.1,0,0.0,-1.0,[]
565.0,cluster_123281084_3663662939_3664674395_3664674397_#1more_0_D0.2,0,0.0,-1.0,[]
565.0,cluster_123281084_3663662939_3664674395_3664674397_#1more_0_D0.3,0,0.0,-1.0,[]
565.0,cluster_123281084_3663662939_3664674395_3664674397_#1more_0_D0.4,0,0.0,-1.0,[]
565.0,cluster_123281084_3663662939_3664674395_3664674397_#1more_0_D1.0,1,0.0,-1.0,['veh339']
565.0,cluster_123281084_3663662939_3664674395_3664674397_#1more_0_D1.1,1,100.0,2.4741758892226824,['veh339']
565.0,cluster_123281084_3663662939_3664674395_3664674397_#1more_0_D2.0,0,0.0,-1.0,[]
565.0,cluster_123281084_3663662939_3664674395_3664674397_#1more_0_D2.1,0,0.0,-1.0,[]
565.0,cluster_123281085_12840608127_12840608130_12840608135_#1more_0_D0.0,0,0.0,-1.0,[]
565.0,cluster_123281085_12840608127_12840608130_12840608135_#1more_0_D1.0,0,0.0,-1.0,[]
565.0,cluster_123292026_3663224279_3663224280_3663662945_#1more_0_D0.0,0,0.0,-1.0,[]
565.0,cluster_123292026_3663224279_3663224280_3663662945_#1more_0_D0.1,0,0.0,-1.0,[]
565.0,cluster_123292026_3663224279_3663224280_3663662945_#1more_0_D1.0,0,0.0,-1.0,[]
565.0,cluster_123292026_3663224279_3663224280_3663662945_#1more_0_D1.1,0,0.0,-1.0,[]
565.0,cluster_123292026_3663224279_3663224280_3663662945_#1more_0_D1.2,0,0.0,-1.0,[]
565.0,cluster_123292026_3663224279_3663224280_3663662945_#1more_0_D1.3,0,0.0,-1.0,[]
565.0,cluster_123292026_3663224279_3663224280_3663662945_#1more_0_D2.0,0,0.0,-1.0,[]
565.0,cluster_123292026_3663224279_3663224280_3663662945_#1more_0_D2.1,0,0.0,-1.0,[]
565.0,cluster_123292029_3663224277_3663224278_5344542569_#1more_0_D0.0,1,100.0,-1.0,['veh234']
565.0,cluster_123292029_3663224277_3663224278_5344542569_#1more_0_D0.1,1,100.0,-1.0,['veh298']
565.0,cluster_123292029_3663224277_3663224278_5344542569_#1more_0_D0.2,0,0.0,-1.0,[]
565.0,cluster_123292029_3663224277_3663224278_5344542569_#1more_0_D1.0,0,0.0,-1.0,[]
565.0,cluster_123292029_3663224277_3663224278_5344542569_#1more_0_D1.1,1,0.0,-1.0,['veh291']
565.0,cluster_123292029_3663224277_3663224278_5344542569_#1more_0_D2.0,1,100.0,-1.0,['veh176']
565.0,cluster_123292029_3663224277_3663224278_5344542569_#1more_0_D2.1,0,0.0,-1.0,[]
565.0,cluster_123292029_3663224277_3663224278_5344542569_#1more_0_D2.2,0,0.0,-1.0,[]
565.0,cluster_123292029_3663224277_3663224278_5344542569_#1more_0_D3.0,0,0.0,-1.0,[]
565.0,cluster_123292029_3663224277_3663224278_5344542569_#1more_0_D3.1,0,0.0,-1.0,[]
565.0,cluster_123292031_3663224275_3663224276_3663662936_#1more_0_D0.0,0,0.0,-1.0,[]
565.0,cluster_123292031_3663224275_3663224276_3663662936_#1more_0_D0.1,0,0.0,-1.0,[]
565.0,cluster_123292031_3663224275_3663224276_3663662936_#1more_0_D1.0,1,0.0,-1.0,['veh314']
565.0,cluster_123292031_3663224275_3663224276_3663662936_#1more_0_D2.0,0,0.0,-1.0,[]
565.0,cluster_123292031_3663224275_3663224276_3663662936_#1more_0_D2.1,0,0.0,-1.0,[]
565.0,cluster_123308403_3663827018_3663827019_3664674393_#1more_0_D0.0,0,0.0,-1.0,[]
565.0,cluster_123308403_3663827018_3663827019_3664674393_#1more_0_D0.1,0,0.0,-1.0,[]
565.0,cluster_123308403_3663827018_3663827019_3664674393_#1more_0_D1.0,0,0.0,-1.0,[]
565.0,cluster_123308403_3663827018_3663827019_3664674393_#1more_0_D1.1,0,0.0,-1.0,[]
565.0,cluster_123308403_3663827018_3663827019_3664674393_#1more_0_D1.2,0,0.0,-1.0,[]
565.0,cluster_123308403_3663827018_3663827019_3664674393_#1more_0_D1.3,0,0.0,-1.0,[]
565.0,cluster_123308403_3663827018_3663827019_3664674393_#1more_0_D2.0,0,0.0,-1.0,[]
565.0,cluster_123308403_3663827018_3663827019_3664674393_#1more_0_D2.1,0,0.0,-1.0,[]
565.0,cluster_123308403_3663827018_3663827019_3664674393_#1more_0_D2.2,0,0.0,-1.0,[]
565.0,cluster_3664723686_3698084157_3698084158_3698084159_#1more_0_D0.0,0,0.0,-1.0,[]
565.0,cluster_3664723686_3698084157_3698084158_3698084159_#1more_0_D0.1,0,0.0,-1.0,[]
565.0,cluster_3664723686_3698084157_3698084158_3698084159_#1more_0_D0.2,0,0.0,-1.0,[]
565.0,cluster_3664723686_3698084157_3698084158_3698084159_#1more_0_D1.0,0,0.0,-1.0,[]
565.0,cluster_3664723686_3698084157_3698084158_3698084159_#1more_0_D1.1,0,0.0,-1.0,[]
565.0,cluster_3664723686_3698084157_3698084158_3698084159_#1more_0_D1.2,0,0.0,-1.0,[]
565.0,joinedS_3663662947_3663662948_3698084160_3698084161_#1more_0_D0.0,0,0.0,-1.0,[]
565.0,joinedS_3663662947_3663662948_3698084160_3698084161_#1more_0_D0.1,0,0.0,-1.0,[]
565.0,joinedS_3663662947_3663662948_3698084160_3698084161_#1more_0_D0.2,0,0.0,-1.0,[]
565.0,joinedS_3663662947_3663662948_3698084160_3698084161_#1more_0_D0.3,0,0.0,-1.0,[]
565.0,joinedS_3663662947_3663662948_3698084160_3698084161_#1more_0_D1.0,0,0.0,-1.0,[]
565.0,joinedS_3663662947_3663662948_3698084160_3698084161_#1more_0_D1.1,0,0.0,-1.0,[]
565.0,joinedS_3663662947_3663662948_3698084160_3698084161_#1more_0_D1.2,0,0.0,-1.0,[]
565.0,joinedS_3663662947_3663662948_3698084160_3698084161_#1more_0_D1.3,0,0.0,-1.0,[]
565.0,joinedS_3663662947_3663662948_3698084160_3698084161_#1more_0_D2.0,0,0.0,-1.0,[]
565.0,joinedS_3663662947_3663662948_3698084160_3698084161_#1more_0_D2.1,0,0.0,-1.0,[]
565.0,joinedS_3663662947_3663662948_3698084160_3698084161_#1more_0_D2.2,0,0.0,-1.0,[]
565.0,joinedS_3663662947_3663662948_3698084160_3698084161_#1more_0_D2.3,1,100.0,-1.0,['veh343']
565.0,joinedS_3663662947_3663662948_3698084160_3698084161_#1more_0_D3.0,1,100.0,-1.0,['veh338']
565.0,joinedS_3663662947_3663662948_3698084160_3698084161_#1more_0_D3.1,1,100.0,-1.0,['veh340']
565.0,joinedS_3663662947_3663662948_3698084160_3698084161_#1more_0_D3.2,0,0.0,-1.0,[]
565.0,joinedS_3663662947_3663662948_3698084160_3698084161_#1more_0_D3.3,0,0.0,-1.0,[]
565.0,joinedS_3663662947_3663662948_3698084160_3698084161_#1more_0_D3.4,0,0.0,-1.0,[]
570.0,cluster_122855839_3663662942_3663662943_3663662944_#1more_0_D0.0,1,100.0,-1.0,['bus31']
570.0,cluster_122855839_3663662942_3663662943_3663662944_#1more_0_D0.1,0,0.0,-1.0,[]
570.0,cluster_122855839_3663662942_3663662943_3663662944_#1more_0_D0.2,0,0.0,-1.0,[]
570.0,cluster_122855839_3663662942_3663662943_3663662944_#1more_0_D0.3,0,0.0,-1.0,[]
570.0,cluster_122855839_3663662942_3663662943_3663662944_#1more_0_D0.4,0,0.0,-1.0,[]
570.0,cluster_122855839_3663662942_3663662943_3663662944_#1more_0_D1.0,1,100.0,-1.0,['veh136']
570.0,cluster_122855839_3663662942_3663662943_3663662944_#1more_0_D1.1,1,100.0,-1.0,['veh246']
570.0,cluster_122855839_3663662942_3663662943_3663662944_#1more_0_D1.2,1,39.32982356790262,11.389758648304266,['bus24']
570.0,cluster_122855839_3663662942_3663662943_3663662944_#1more_0_D2.0,0,0.0,-1.0,[]
570.0,cluster_122855839_3663662942_3663662943_3663662944_#1more_0_D2.1,0,0.0,-1.0,[]
570.0,cluster_123241924_382443557_5344542568_5546892974_#3more_0_D0.0,1,100.0,-1.0,['truck9']
570.0,cluster_123241924_382443557_5344542568_5546892974_#3more_0_D0.1,1,100.0,-1.0,['veh194']
570.0,cluster_123241924_382443557_5344542568_5546892974_#3more_0_D0.2,1,100.0,-1.0,['veh179']
570.0,cluster_123241924_382443557_5344542568_5546892974_#3more_0_D0.3,1,100.0,-1.0,['veh296']
570.0,cluster_123241924_382443557_5344542568_5546892974_#3more_0_D0.4,0,0.0,-1.0,[]
570.0,cluster_123241924_382443557_5344542568_5546892974_#3more_0_D1.0,0,0.0,-1.0,[]
570.0,cluster_123241924_382443557_5344542568_5546892974_#3more_0_D2.0,0,0.0,-1.0,[]
570.0,cluster_123241924_382443557_5344542568_5546892974_#3more_0_D2.1,0,0.0,-1.0,[]
570.0,cluster_123241924_382443557_5344542568_5546892974_#3more_0_D2.2,0,0.0,-1.0,[]
570.0,cluster_123241924_382443557_5344542568_5546892974_#3more_0_D2.3,0,0.0,-1.0,[]
570.0,cluster_123241924_382443557_5344542568_5546892974_#3more_0_D2.4,0,0.0,-1.0,[]
570.0,cluster_123241924_382443557_5344542568_5546892974_#3more_0_D2.5,0,0.0,-1.0,[]
570.0,cluster_123241924_382443557_5344542568_5546892974_#3more_0_D3.0,0,0.0,-1.0,[]
570.0,cluster_123241924_382443557_5344542568_5546892974_#3more_0_D3.1,0,0.0,-1.0,[]
570.0,cluster_123241924_382443557_5344542568_5546892974_#3more_0_D3.2,0,0.0,-1.0,[]
570.0,cluster_123241924_382443557_5344542568_5546892974_#3more_0_D3.3,0,0.0,-1.0,[]
570.0,cluster_123241924_382443557_5344542568_5546892974_#3more_0_D3.4,0,0.0,-1.0,[]
570.0,cluster_123281084_3663662939_3664674395_3664674397_#1more_0_D0.0,0,0.0,-1.0,[]
570.0,cluster_123281084_3663662939_3664674395_3664674397_#1more_0_D0.1,0,0.0,-1.0,[]
570.0,cluster_123281084_3663662939_3664674395_3664674397_#1more_0_D0.2,0,0.0,-1.0,[]
570.0,cluster_123281084_3663662939_3664674395_3664674397_#1more_0_D0.3,0,0.0,-1.0,[]
570.0,cluster_123281084_3663662939_3664674395_3664674397_#1more_0_D0.4,0,0.0,-1.0,[]
570.0,cluster_123281084_3663662939_3664674395_3664674397_#1more_0_D1.0,0,0.0,-1.0,[]
570.0,cluster_123281084_3663662939_3664674395_3664674397_#1more_0_D1.1,0,0.0,-1.0,[]
570.0,cluster_123281084_3663662939_3664674395_3664674397_#1more_0_D2.0,0,0.0,-1.0,[]
570.0,cluster_123281084_3663662939_3664674395_3664674397_#1more_0_D2.1,0,0.0,-1.0,[]
570.0,cluster_123281085_12840608127_12840608130_12840608135_#1more_0_D0.0,0,0.0,-1.0,[]
570.0,cluster_123281085_12840608127_12840608130_12840608135_#1more_0_D1.0,0,0.0,-1.0,[]
570.0,cluster_123292026_3663224279_3663224280_3663662945_#1more_0_D0.0,0,0.0,-1.0,[]
570.0,cluster_123292026_3663224279_3663224280_3663662945_#1more_0_D0.1,0,0.0,-1.0,[]
570.0,cluster_123292026_3663224279_3663224280_3663662945_#1more_0_D1.0,0,0.0,-1.0,[]
570.0,cluster_123292026_3663224279_3663224280_3663662945_#1more_0_D1.1,0,0.0,-1.0,[]
570.0,cluster_123292026_3663224279_3663224280_3663662945_#1more_0_D1.2,0,0.0,-1.0,[]
570.0,cluster_123292026_3663224279_3663224280_3663662945_#1more_0_D1.3,0,0.0,-1.0,[]
570.0,cluster_123292026_3663224279_3663224280_3663662945_#1more_0_D2.0,0,0.0,-1.0,[]
570.0,cluster_123292026_3663224279_3663224280_3663662945_#1more_0_D2.1,0,0.0,-1.0,[]
570.0,cluster_123292029_3663224277_3663224278_5344542569_#1more_0_D0.0,1,100.0,-1.0,['veh234']
570.0,cluster_123292029_3663224277_3663224278_5344542569_#1more_0_D0.1,1,100.0,-1.0,['veh298']
570.0,cluster_123292029_3663224277_3663224278_5344542569_#1more_0_D0.2,0,0.0,-1.0,[]
570.0,cluster_123292029_3663224277_3663224278_5344542569_#1more_0_D1.0,0,0.0,-1.0,[]
570.0,cluster_123292029_3663224277_3663224278_5344542569_#1more_0_D1.1,0,0.0,-1.0,[]
570.0,cluster_123292029_3663224277_3663224278_5344542569_#1more_0_D2.0,1,100.0,-1.0,['veh176']
570.0,cluster_123292029_3663224277_3663224278_5344542569_#1more_0_D2.1,1,24.978182043537345,2.520855063654017,['veh269']
570.0,cluster_123292029_3663224277_3663224278_5344542569_#1more_0_D2.2,0,0.0,-1.0,[]
570.0,cluster_123292029_3663224277_3663224278_5344542569_#1more_0_D3.0,0,0.0,-1.0,[]
570.0,cluster_123292029_3663224277_3663224278_5344542569_#1more_0_D3.1,0,0.0,-1.0,[]
570.0,cluster_123292031_3663224275_3663224276_3663662936_#1more_0_D0.0,0,0.0,-1.0,[]
570.0,cluster_123292031_3663224275_3663224276_3663662936_#1more_0_D0.1,0,0.0,-1.0,[]
570.0,cluster_123292031_3663224275_3663224276_3663662936_#1more_0_D1.0,0,0.0,-1.0,[]
570.0,cluster_123292031_3663224275_3663224276_3663662936_#1more_0_D2.0,0,0.0,-1.0,[]
570.0,cluster_123292031_3663224275_3663224276_3663662936_#1more_0_D2.1,1,0.0,-1.0,['veh348']
570.0,cluster_123308403_3663827018_3663827019_3664674393_#1more_0_D0.0,0,0.0,-1.0,[]
570.0,cluster_123308403_3663827018_3663827019_3664674393_#1more_0_D0.1,0,0.0,-1.0,[]
570.0,cluster_123308403_3663827018_3663827019_3664674393_#1more_0_D1.0,0,0.0,-1.0,[]
570.0,cluster_123308403_3663827018_3663827019_3664674393_#1more_0_D1.1,0,0.0,-1.0,[]
570.0,cluster_123308403_3663827018_3663827019_3664674393_#1more_0_D1.2,0,0.0,-1.0,[]
570.0,cluster_123308403_3663827018_3663827019_3664674393_#1more_0_D1.3,0,0.0,-1.0,[]
570.0,cluster_123308403_3663827018_3663827019_3664674393_#1more_0_D2.0,0,0.0,-1.0,[]
570.0,cluster_123308403_3663827018_3663827019_3664674393_#1more_0_D2.1,0,0.0,-1.0,[]
570.0,cluster_123308403_3663827018_3663827019_3664674393_#1more_0_D2.2,0,0.0,-1.0,[]
570.0,cluster_3664723686_3698084157_3698084158_3698084159_#1more_0_D0.0,0,0.0,-1.0,[]
570.0,cluster_3664723686_3698084157_3698084158_3698084159_#1more_0_D0.1,0,0.0,-1.0,[]
570.0,cluster_3664723686_3698084157_3698084158_3698084159_#1more_0_D0.2,0,0.0,-1.0,[]
570.0,cluster_3664723686_3698084157_3698084158_3698084159_#1more_0_D1.0,0,0.0,-1.0,[]
570.0,cluster_3664723686_3698084157_3698084158_3698084159_#1more_0_D1.1,0,0.0,-1.0,[]
570.0,cluster_3664723686_3698084157_3698084158_3698084159_#1more_0_D1.2,0,0.0,-1.0,[]
570.0,joinedS_3663662947_3663662948_3698084160_3698084161_#1more_0_D0.0,0,0.0,-1.0,[]
570.0,joinedS_3663662947_3663662948_3698084160_3698084161_#1more_0_D0.1,0,0.0,-1.0,[]
570.0,joinedS_3663662947_3663662948_3698084160_3698084161_#1more_0_D0.2,0,0.0,-1.0,[]
570.0,joinedS_3663662947_3663662948_3698084160_3698084161_#1more_0_D0.3,0,0.0,-1.0,[]
570.0,joinedS_3663662947_3663662948_3698084160_3698084161_#1more_0_D1.0,0,0.0,-1.0,[]
570.0,joinedS_3663662947_3663662948_3698084160_3698084161_#1more_0_D1.1,1,64.04823306264689,7.806616608938138,['veh346']
570.0,joinedS_3663662947_3663662948_3698084160_3698084161_#1more_0_D1.2,0,0.0,-1.0,[]
570.0,joinedS_3663662947_3663662948_3698084160_3698084161_#1more_0_D1.3,0,0.0,-1.0,[]
570.0,joinedS_3663662947_3663662948_3698084160_3698084161_#1more_0_D2.0,0,0.0,-1.0,[]
570.0,joinedS_3663662947_3663662948_3698084160_3698084161_#1more_0_D2.1,0,0.0,-1.0,[]
570.0,joinedS_3663662947_3663662948_3698084160_3698084161_#1more_0_D2.2,0,0.0,-1.0,[]
570.0,joinedS_3663662947_3663662948_3698084160_3698084161_#1more_0_D2.3,1,100.0,-1.0,['veh343']
570.0,joinedS_3663662947_3663662948_3698084160_3698084161_#1more_0_D3.0,0,0.0,-1.0,[]
570.0,joinedS_3663662947_3663662948_3698084160_3698084161_#1more_0_D3.1,0,0.0,-1.0,[]
570.0,joinedS_3663662947_3663662948_3698084160_3698084161_#1more_0_D3.2,0,0.0,-1.0,[]
570.0,joinedS_3663662947_3663662948_3698084160_3698084161_#1more_0_D3.3,0,0.0,-1.0,[]
570.0,joinedS_3663662947_3663662948_3698084160_3698084161_#1more_0_D3.4,0,0.0,-1.0,[]
575.0,cluster_122855839_3663662942_3663662943_3663662944_#1more_0_D0.0,1,100.0,-1.0,['bus31']
575.0,cluster_122855839_3663662942_3663662943_3663662944_#1more_0_D0.1,0,0.0,-1.0,[]
575.0,cluster_122855839_3663662942_3663662943_3663662944_#1more_0_D0.2,0,0.0,-1.0,[]
575.0,cluster_122855839_3663662942_3663662943_3663662944_#1more_0_D0.3,0,0.0,-1.0,[]
575.0,cluster_122855839_3663662942_3663662943_3663662944_#1more_0_D0.4,1,45.758130969738886,6.082946590246952,['veh330']
575.0,cluster_122855839_3663662942_3663662943_3663662944_#1more_0_D1.0,1,100.0,-1.0,['veh136']
575.0,cluster_122855839_3663662942_3663662943_3663662944_#1more_0_D1.1,1,100.0,-1.0,['veh246']
575.0,cluster_122855839_3663662942_3663662943_3663662944_#1more_0_D1.2,0,0.0,-1.0,[]
575.0,cluster_122855839_3663662942_3663662943_3663662944_#1more_0_D2.0,0,0.0,-1.0,[]
575.0,cluster_122855839_3663662942_3663662943_3663662944_#1more_0_D2.1,0,0.0,-1.0,[]
575.0,cluster_123241924_382443557_5344542568_5546892974_#3more_0_D0.0,1,100.0,-1.0,['truck9']
575.0,cluster_123241924_382443557_5344542568_5546892974_#3more_0_D0.1,1,100.0,-1.0,['veh194']
575.0,cluster_123241924_382443557_5344542568_5546892974_#3more_0_D0.2,1,100.0,-1.0,['veh179']
575.0,cluster_123241924_382443557_5344542568_5546892974_#3more_0_D0.3,1,100.0,-1.0,['veh296']
575.0,cluster_123241924_382443557_5344542568_5546892974_#3more_0_D0.4,0,0.0,-1.0,[]
575.0,cluster_123241924_382443557_5344542568_5546892974_#3more_0_D1.0,0,0.0,-1.0,[]
575.0,cluster_123241924_382443557_5344542568_5546892974_#3more_0_D2.0,0,0.0,-1.0,[]
575.0,cluster_123241924_382443557_5344542568_5546892974_#3more_0_D2.1,0,0.0,-1.0,[]
575.0,cluster_123241924_382443557_5344542568_5546892974_#3more_0_D2.2,0,0.0,-1.0,[]
575.0,cluster_123241924_382443557_5344542568_5546892974_#3more_0_D2.3,0,0.0,-1.0,[]
575.0,cluster_123241924_382443557_5344542568_5546892974_#3more_0_D2.4,0,0.0,-1.0,[]
575.0,cluster_123241924_382443557_5344542568_5546892974_#3more_0_D2.5,0,0.0,-1.0,[]
575.0,cluster_123241924_382443557_5344542568_5546892974_#3more_0_D3.0,0,0.0,-1.0,[]
575.0,cluster_123241924_382443557_5344542568_5546892974_#3more_0_D3.1,0,0.0,-1.0,[]
575.0,cluster_123241924_382443557_5344542568_5546892974_#3more_0_D3.2,0,0.0,-1.0,[]
575.0,cluster_123241924_382443557_5344542568_5546892974_#3more_0_D3.3,0,0.0,-1.0,[]
575.0,cluster_123241924_382443557_5344542568_5546892974_#3more_0_D3.4,0,0.0,-1.0,[]
575.0,cluster_123281084_3663662939_3664674395_3664674397_#1more_0_D0.0,0,0.0,-1.0,[]
575.0,cluster_123281084_3663662939_3664674395_3664674397_#1more_0_D0.1,0,0.0,-1.0,[]
575.0,cluster_123281084_3663662939_3664674395_3664674397_#1more_0_D0.2,0,0.0,-1.0,[]
575.0,cluster_123281084_3663662939_3664674395_3664674397_#1more_0_D0.3,0,0.0,-1.0,[]
575.0,cluster_123281084_3663662939_3664674395_3664674397_#1more_0_D0.4,1,42.399415047657385,11.792615521652712,['veh309']
575.0,cluster_123281084_3663662939_3664674395_3664674397_#1more_0_D1.0,0,0.0,-1.0,[]
575.0,cluster_123281084_3663662939_3664674395_3664674397_#1more_0_D1.1,0,0.0,-1.0,[]
575.0,cluster_123281084_3663662939_3664674395_3664674397_#1more_0_D2.0,0,0.0,-1.0,[]
575.0,cluster_123281084_3663662939_3664674395_3664674397_#1more_0_D2.1,0,0.0,-1.0,[]
575.0,cluster_123281085_12840608127_12840608130_12840608135_#1more_0_D0.0,0,0.0,-1.0,[]
575.0,cluster_123281085_12840608127_12840608130_12840608135_#1more_0_D1.0,0,0.0,-1.0,[]
575.0,cluster_123292026_3663224279_3663224280_3663662945_#1more_0_D0.0,0,0.0,-1.0,[]
575.0,cluster_123292026_3663224279_3663224280_3663662945_#1more_0_D0.1,0,0.0,-1.0,[]
575.0,cluster_123292026_3663224279_3663224280_3663662945_#1more_0_D1.0,1,0.0,-1.0,['veh340']
575.0,cluster_123292026_3663224279_3663224280_3663662945_#1more_0_D1.1,0,0.0,-1.0,[]
575.0,cluster_123292026_3663224279_3663224280_3663662945_#1more_0_D1.2,0,0.0,-1.0,[]
575.0,cluster_123292026_3663224279_3663224280_3663662945_#1more_0_D1.3,0,0.0,-1.0,[]
575.0,cluster_123292026_3663224279_3663224280_3663662945_#1more_0_D2.0,0,0.0,-1.0,[]
575.0,cluster_123292026_3663224279_3663224280_3663662945_#1more_0_D2.1,0,0.0,-1.0,[]
575.0,cluster_123292029_3663224277_3663224278_5344542569_#1more_0_D0.0,1,99.84192557072902,4.8680514158893695,['veh262']
575.0,cluster_123292029_3663224277_3663224278_5344542569_#1more_0_D0.1,1,0.0,-1.0,['veh292']
575.0,cluster_123292029_3663224277_3663224278_5344542569_#1more_0_D0.2,0,0.0,-1.0,[]
575.0,cluster_123292029_3663224277_3663224278_5344542569_#1more_0_D1.0,0,0.0,-1.0,[]
575.0,cluster_123292029_3663224277_3663224278_5344542569_#1more_0_D1.1,1,100.0,-1.0,['veh270']
575.0,cluster_123292029_3663224277_3663224278_5344542569_#1more_0_D2.0,0,0.0,-1.0,[]
575.0,cluster_123292029_3663224277_3663224278_5344542569_#1more_0_D2.1,0,0.0,-1.0,[]
575.0,cluster_123292029_3663224277_3663224278_5344542569_#1more_0_D2.2,0,0.0,-1.0,[]
575.0,cluster_123292029_3663224277_3663224278_5344542569_#1more_0_D3.0,0,0.0,-1.0,[]
575.0,cluster_123292029_3663224277_3663224278_5344542569_#1more_0_D3.1,0,0.0,-1.0,[]
575.0,cluster_123292031_3663224275_3663224276_3663662936_#1more_0_D0.0,0,0.0,-1.0,[]
575.0,cluster_123292031_3663224275_3663224276_3663662936_#1more_0_D0.1,0,0.0,-1.0,[]
575.0,cluster_123292031_3663224275_3663224276_3663662936_#1more_0_D1.0,0,0.0,-1.0,[]
575.0,cluster_123292031_3663224275_3663224276_3663662936_#1more_0_D2.0,0,0.0,-1.0,[]
575.0,cluster_123292031_3663224275_3663224276_3663662936_#1more_0_D2.1,0,0.0,-1.0,[]
575.0,cluster_123308403_3663827018_3663827019_3664674393_#1more_0_D0.0,0,0.0,-1.0,[]
575.0,cluster_123308403_3663827018_3663827019_3664674393_#1more_0_D0.1,0,0.0,-1.0,[]
575.0,cluster_123308403_3663827018_3663827019_3664674393_#1more_0_D1.0,0,0.0,-1.0,[]
575.0,cluster_123308403_3663827018_3663827019_3664674393_#1more_0_D1.1,0,0.0,-1.0,[]
575.0,cluster_123308403_3663827018_3663827019_3664674393_#1more_0_D1.2,0,0.0,-1.0,[]
575.0,cluster_123308403_3663827018_3663827019_3664674393_#1more_0_D1.3,0,0.0,-1.0,[]
575.0,cluster_123308403_3663827018_3663827019_3664674393_#1more_0_D2.0,0,0.0,-1.0,[]
575.0,cluster_123308403_3663827018_3663827019_3664674393_#1more_0_D2.1,0,0.0,-1.0,[]
575.0,cluster_123308403_3663827018_3663827019_3664674393_#1more_0_D2.2,0,0.0,-1.0,[]
575.0,cluster_3664723686_3698084157_3698084158_3698084159_#1more_0_D0.0,0,0.0,-1.0,[]
575.0,cluster_3664723686_3698084157_3698084158_3698084159_#1more_0_D0.1,0,0.0,-1.0,[]
575.0,cluster_3664723686_3698084157_3698084158_3698084159_#1more_0_D0.2,0,0.0,-1.0,[]
575.0,cluster_3664723686_3698084157_3698084158_3698084159_#1more_0_D1.0,0,0.0,-1.0,[]
575.0,cluster_3664723686_3698084157_3698084158_3698084159_#1more_0_D1.1,0,0.0,-1.0,[]
575.0,cluster_3664723686_3698084157_3698084158_3698084159_#1more_0_D1.2,0,0.0,-1.0,[]
575.0,joinedS_3663662947_3663662948_3698084160_3698084161_#1more_0_D0.0,1,0.0,-1.0,['veh355']
575.0,joinedS_3663662947_3663662948_3698084160_3698084161_#1more_0_D0.1,0,0.0,-1.0,[]
575.0,joinedS_3663662947_3663662948_3698084160_3698084161_#1more_0_D0.2,0,0.0,-1.0,[]
575.0,joinedS_3663662947_3663662948_3698084160_3698084161_#1more_0_D0.3,0,0.0,-1.0,[]
575.0,joinedS_3663662947_3663662948_3698084160_3698084161_#1more_0_D1.0,0,0.0,-1.0,[]
575.0,joinedS_3663662947_3663662948_3698084160_3698084161_#1more_0_D1.1,0,0.0,-1.0,[]
575.0,joinedS_3663662947_3663662948_3698084160_3698084161_#1more_0_D1.2,0,0.0,-1.0,[]
575.0,joinedS_3663662947_3663662948_3698084160_3698084161_#1more_0_D1.3,0,0.0,-1.0,[]
575.0,joinedS_3663662947_3663662948_3698084160_3698084161_#1more_0_D2.0,0,0.0,-1.0,[]
575.0,joinedS_3663662947_3663662948_3698084160_3698084161_#1more_0_D2.1,0,0.0,-1.0,[]
575.0,joinedS_3663662947_3663662948_3698084160_3698084161_#1more_0_D2.2,0,0.0,-1.0,[]
575.0,joinedS_3663662947_3663662948_3698084160_3698084161_#1more_0_D2.3,1,100.0,-1.0,['veh343']
575.0,joinedS_3663662947_3663662948_3698084160_3698084161_#1more_0_D3.0,0,0.0,-1.0,[]
575.0,joinedS_3663662947_3663662948_3698084160_3698084161_#1more_0_D3.1,0,0.0,-1.0,[]
575.0,joinedS_3663662947_3663662948_3698084160_3698084161_#1more_0_D3.2,0,0.0,-1.0,[]
575.0,joinedS_3663662947_3663662948_3698084160_3698084161_#1more_0_D3.3,0,0.0,-1.0,[]
575.0,joinedS_3663662947_3663662948_3698084160_3698084161_#1more_0_D3.4,0,0.0,-1.0,[]
580.0,cluster_122855839_3663662942_3663662943_3663662944_#1more_0_D0.0,1,100.0,-1.0,['bus31']
580.0,cluster_122855839_3663662942_3663662943_3663662944_#1more_0_D0.1,0,0.0,-1.0,[]
580.0,cluster_122855839_3663662942_3663662943_3663662944_#1more_0_D0.2,0,0.0,-1.0,[]
580.0,cluster_122855839_3663662942_3663662943_3663662944_#1more_0_D0.3,0,0.0,-1.0,[]
580.0,cluster_122855839_3663662942_3663662943_3663662944_#1more_0_D0.4,1,0.0,-1.0,['veh338']
580.0,cluster_122855839_3663662942_3663662943_3663662944_#1more_0_D1.0,1,100.0,-1.0,['veh136']
580.0,cluster_122855839_3663662942_3663662943_3663662944_#1more_0_D1.1,1,100.0,-1.0,['veh246']
580.0,cluster_122855839_3663662942_3663662943_3663662944_#1more_0_D1.2,1,100.0,-1.0,['veh286']
580.0,cluster_122855839_3663662942_3663662943_3663662944_#1more_0_D2.0,0,0.0,-1.0,[]
580.0,cluster_122855839_3663662942_3663662943_3663662944_#1more_0_D2.1,0,0.0,-1.0,[]
580.0,cluster_123241924_382443557_5344542568_5546892974_#3more_0_D0.0,1,100.0,-1.0,['truck9']
580.0,cluster_123241924_382443557_5344542568_5546892974_#3more_0_D0.1,1,100.0,-1.0,['veh194']
580.0,cluster_123241924_382443557_5344542568_5546892974_#3more_0_D0.2,1,100.0,-1.0,['veh179']
580.0,cluster_123241924_382443557_5344542568_5546892974_#3more_0_D0.3,1,100.0,-1.0,['veh296']
580.0,cluster_123241924_382443557_5344542568_5546892974_#3more_0_D0.4,0,0.0,-1.0,[]
580.0,cluster_123241924_382443557_5344542568_5546892974_#3more_0_D1.0,0,0.0,-1.0,[]
580.0,cluster_123241924_382443557_5344542568_5546892974_#3more_0_D2.0,0,0.0,-1.0,[]
580.0,cluster_123241924_382443557_5344542568_5546892974_#3more_0_D2.1,0,0.0,-1.0,[]
580.0,cluster_123241924_382443557_5344542568_5546892974_#3more_0_D2.2,0,0.0,-1.0,[]
580.0,cluster_123241924_382443557_5344542568_5546892974_#3more_0_D2.3,0,0.0,-1.0,[]
580.0,cluster_123241924_382443557_5344542568_5546892974_#3more_0_D2.4,0,0.0,-1.0,[]
580.0,cluster_123241924_382443557_5344542568_5546892974_#3more_0_D2.5,0,0.0,-1.0,[]
580.0,cluster_123241924_382443557_5344542568_5546892974_#3more_0_D3.0,0,0.0,-1.0,[]
580.0,cluster_123241924_382443557_5344542568_5546892974_#3more_0_D3.1,0,0.0,-1.0,[]
580.0,cluster_123241924_382443557_5344542568_5546892974_#3more_0_D3.2,0,0.0,-1.0,[]
580.0,cluster_123241924_382443557_5344542568_5546892974_#3more_0_D3.3,0,0.0,-1.0,[]
580.0,cluster_123241924_382443557_5344542568_5546892974_#3more_0_D3.4,0,0.0,-1.0,[]
580.0,cluster_123281084_3663662939_3664674395_3664674397_#1more_0_D0.0,0,0.0,-1.0,[]
580.0,cluster_123281084_3663662939_3664674395_3664674397_#1more_0_D0.1,0,0.0,-1.0,[]
580.0,cluster_123281084_3663662939_3664674395_3664674397_#1more_0_D0.2,0,0.0,-1.0,[]
580.0,cluster_123281084_3663662939_3664674395_3664674397_#1more_0_D0.3,0,0.0,-1.0,[]
580.0,cluster_123281084_3663662939_3664674395_3664674397_#1more_0_D0.4,0,0.0,-1.0,[]
580.0,cluster_123281084_3663662939_3664674395_3664674397_#1more_0_D1.0,0,0.0,-1.0,[]
580.0,cluster_123281084_3663662939_3664674395_3664674397_#1more_0_D1.1,0,0.0,-1.0,[]
580.0,cluster_123281084_3663662939_3664674395_3664674397_#1more_0_D2.0,0,0.0,-1.0,[]
580.0,cluster_123281084_3663662939_3664674395_3664674397_#1more_0_D2.1,0,0.0,-1.0,[]
580.0,cluster_123281085_12840608127_12840608130_12840608135_#1more_0_D0.0,0,0.0,-1.0,[]
580.0,cluster_123281085_12840608127_12840608130_12840608135_#1more_0_D1.0,0,0.0,-1.0,[]
580.0,cluster_123292026_3663224279_3663224280_3663662945_#1more_0_D0.0,0,0.0,-1.0,[]
580.0,cluster_123292026_3663224279_3663224280_3663662945_#1more_0_D0.1,0,0.0,-1.0,[]
580.0,cluster_123292026_3663224279_3663224280_3663662945_#1more_0_D1.0,0,0.0,-1.0,[]
580.0,cluster_123292026_3663224279_3663224280_3663662945_#1more_0_D1.1,0,0.0,-1.0,[]
580.0,cluster_123292026_3663224279_3663224280_3663662945_#1more_0_D1.2,0,0.0,-1.0,[]
580.0,cluster_123292026_3663224279_3663224280_3663662945_#1more_0_D1.3,0,0.0,-1.0,[]
580.0,cluster_123292026_3663224279_3663224280_3663662945_#1more_0_D2.0,0,0.0,-1.0,[]
580.0,cluster_123292026_3663224279_3663224280_3663662945_#1more_0_D2.1,0,0.0,-1.0,[]
580.0,cluster_123292029_3663224277_3663224278_5344542569_#1more_0_D0.0,1,100.0,-1.0,['veh276']
580.0,cluster_123292029_3663224277_3663224278_5344542569_#1more_0_D0.1,0,0.0,-1.0,[]
580.0,cluster_123292029_3663224277_3663224278_5344542569_#1more_0_D0.2,0,0.0,-1.0,[]
580.0,cluster_123292029_3663224277_3663224278_5344542569_#1more_0_D1.0,0,0.0,-1.0,[]
580.0,cluster_123292029_3663224277_3663224278_5344542569_#1more_0_D1.1,1,100.0,-1.0,['veh270']
580.0,cluster_123292029_3663224277_3663224278_5344542569_#1more_0_D2.0,0,0.0,-1.0,[]
580.0,cluster_123292029_3663224277_3663224278_5344542569_#1more_0_D2.1,0,0.0,-1.0,[]
580.0,cluster_123292029_3663224277_3663224278_5344542569_#1more_0_D2.2,0,0.0,-1.0,[]
580.0,cluster_123292029_3663224277_3663224278_5344542569_#1more_0_D3.0,0,0.0,-1.0,[]
580.0,cluster_123292029_3663224277_3663224278_5344542569_#1more_0_D3.1,0,0.0,-1.0,[]
580.0,cluster_123292031_3663224275_3663224276_3663662936_#1more_0_D0.0,0,0.0,-1.0,[]
580.0,cluster_123292031_3663224275_3663224276_3663662936_#1more_0_D0.1,0,0.0,-1.0,[]
580.0,cluster_123292031_3663224275_3663224276_3663662936_#1more_0_D1.0,0,0.0,-1.0,[]
580.0,cluster_123292031_3663224275_3663224276_3663662936_#1more_0_D2.0,0,0.0,-1.0,[]
580.0,cluster_123292031_3663224275_3663224276_3663662936_#1more_0_D2.1,0,0.0,-1.0,[]
580.0,cluster_123308403_3663827018_3663827019_3664674393_#1more_0_D0.0,0,0.0,-1.0,[]
580.0,cluster_123308403_3663827018_3663827019_3664674393_#1more_0_D0.1,0,0.0,-1.0,[]
580.0,cluster_123308403_3663827018_3663827019_3664674393_#1more_0_D1.0,0,0.0,-1.0,[]
580.0,cluster_123308403_3663827018_3663827019_3664674393_#1more_0_D1.1,0,0.0,-1.0,[]
580.0,cluster_123308403_3663827018_3663827019_3664674393_#1more_0_D1.2,0,0.0,-1.0,[]
580.0,cluster_123308403_3663827018_3663827019_3664674393_#1more_0_D1.3,0,0.0,-1.0,[]
580.0,cluster_123308403_3663827018_3663827019_3664674393_#1more_0_D2.0,0,0.0,-1.0,[]
580.0,cluster_123308403_3663827018_3663827019_3664674393_#1more_0_D2.1,0,0.0,-1.0,[]
580.0,cluster_123308403_3663827018_3663827019_3664674393_#1more_0_D2.2,0,0.0,-1.0,[]
580.0,cluster_3664723686_3698084157_3698084158_3698084159_#1more_0_D0.0,0,0.0,-1.0,[]
580.0,cluster_3664723686_3698084157_3698084158_3698084159_#1more_0_D0.1,0,0.0,-1.0,[]
580.0,cluster_3664723686_3698084157_3698084158_3698084159_#1more_0_D0.2,0,0.0,-1.0,[]
580.0,cluster_3664723686_3698084157_3698084158_3698084159_#1more_0_D1.0,0,0.0,-1.0,[]
580.0,cluster_3664723686_3698084157_3698084158_3698084159_#1more_0_D1.1,0,0.0,-1.0,[]
580.0,cluster_3664723686_3698084157_3698084158_3698084159_#1more_0_D1.2,0,0.0,-1.0,[]
580.0,joinedS_3663662947_3663662948_3698084160_3698084161_#1more_0_D0.0,0,0.0,-1.0,[]
580.0,joinedS_3663662947_3663662948_3698084160_3698084161_#1more_0_D0.1,0,0.0,-1.0,[]
580.0,joinedS_3663662947_3663662948_3698084160_3698084161_#1more_0_D0.2,0,0.0,-1.0,[]
580.0,joinedS_3663662947_3663662948_3698084160_3698084161_#1more_0_D0.3,0,0.0,-1.0,[]
580.0,joinedS_3663662947_3663662948_3698084160_3698084161_#1more_0_D1.0,0,0.0,-1.0,[]
580.0,joinedS_3663662947_3663662948_3698084160_3698084161_#1more_0_D1.1,0,0.0,-1.0,[]
580.0,joinedS_3663662947_3663662948_3698084160_3698084161_#1more_0_D1.2,0,0.0,-1.0,[]
580.0,joinedS_3663662947_3663662948_3698084160_3698084161_#1more_0_D1.3,0,0.0,-1.0,[]
580.0,joinedS_3663662947_3663662948_3698084160_3698084161_#1more_0_D2.0,0,0.0,-1.0,[]
580.0,joinedS_3663662947_3663662948_3698084160_3698084161_#1more_0_D2.1,0,0.0,-1.0,[]
580.0,joinedS_3663662947_3663662948_3698084160_3698084161_#1more_0_D2.2,0,0.0,-1.0,[]
580.0,joinedS_3663662947_3663662948_3698084160_3698084161_#1more_0_D2.3,1,100.0,-1.0,['veh343']
580.0,joinedS_3663662947_3663662948_3698084160_3698084161_#1more_0_D3.0,0,0.0,-1.0,[]
580.0,joinedS_3663662947_3663662948_3698084160_3698084161_#1more_0_D3.1,0,0.0,-1.0,[]
580.0,joinedS_3663662947_3663662948_3698084160_3698084161_#1more_0_D3.2,0,0.0,-1.0,[]
580.0,joinedS_3663662947_3663662948_3698084160_3698084161_#1more_0_D3.3,0,0.0,-1.0,[]
580.0,joinedS_3663662947_3663662948_3698084160_3698084161_#1more_0_D3.4,0,0.0,-1.0,[]
585.0,cluster_122855839_3663662942_3663662943_3663662944_#1more_0_D0.0,1,100.0,-1.0,['bus31']
585.0,cluster_122855839_3663662942_3663662943_3663662944_#1more_0_D0.1,0,0.0,-1.0,[]
585.0,cluster_122855839_3663662942_3663662943_3663662944_#1more_0_D0.2,0,0.0,-1.0,[]
585.0,cluster_122855839_3663662942_3663662943_3663662944_#1more_0_D0.3,0,0.0,-1.0,[]
585.0,cluster_122855839_3663662942_3663662943_3663662944_#1more_0_D0.4,0,0.0,-1.0,[]
585.0,cluster_122855839_3663662942_3663662943_3663662944_#1more_0_D1.0,1,100.0,-1.0,['veh136']
585.0,cluster_122855839_3663662942_3663662943_3663662944_#1more_0_D1.1,0,0.0,-1.0,[]
585.0,cluster_122855839_3663662942_3663662943_3663662944_#1more_0_D1.2,0,0.0,-1.0,[]
585.0,cluster_122855839_3663662942_3663662943_3663662944_#1more_0_D2.0,0,0.0,-1.0,[]
585.0,cluster_122855839_3663662942_3663662943_3663662944_#1more_0_D2.1,0,0.0,-1.0,[]
585.0,cluster_123241924_382443557_5344542568_5546892974_#3more_0_D0.0,1,100.0,-1.0,['truck9']
585.0,cluster_123241924_382443557_5344542568_5546892974_#3more_0_D0.1,1,100.0,-1.0,['veh194']
585.0,cluster_123241924_382443557_5344542568_5546892974_#3more_0_D0.2,1,100.0,-1.0,['veh179']
585.0,cluster_123241924_382443557_5344542568_5546892974_#3more_0_D0.3,1,100.0,-1.0,['veh296']
585.0,cluster_123241924_382443557_5344542568_5546892974_#3more_0_D0.4,0,0.0,-1.0,[]
585.0,cluster_123241924_382443557_5344542568_5546892974_#3more_0_D1.0,0,0.0,-1.0,[]
585.0,cluster_123241924_382443557_5344542568_5546892974_#3more_0_D2.0,0,0.0,-1.0,[]
585.0,cluster_123241924_382443557_5344542568_5546892974_#3more_0_D2.1,0,0.0,-1.0,[]
585.0,cluster_123241924_382443557_5344542568_5546892974_#3more_0_D2.2,0,0.0,-1.0,[]
585.0,cluster_123241924_382443557_5344542568_5546892974_#3more_0_D2.3,0,0.0,-1.0,[]
585.0,cluster_123241924_382443557_5344542568_5546892974_#3more_0_D2.4,0,0.0,-1.0,[]
585.0,cluster_123241924_382443557_5344542568_5546892974_#3more_0_D2.5,0,0.0,-1.0,[]
585.0,cluster_123241924_382443557_5344542568_5546892974_#3more_0_D3.0,0,0.0,-1.0,[]
585.0,cluster_123241924_382443557_5344542568_5546892974_#3more_0_D3.1,1,100.0,-1.0,['bus29']
585.0,cluster_123241924_382443557_5344542568_5546892974_#3more_0_D3.2,0,0.0,-1.0,[]
585.0,cluster_123241924_382443557_5344542568_5546892974_#3more_0_D3.3,0,0.0,-1.0,[]
585.0,cluster_123241924_382443557_5344542568_5546892974_#3more_0_D3.4,0,0.0,-1.0,[]
585.0,cluster_123281084_3663662939_3664674395_3664674397_#1more_0_D0.0,0,0.0,-1.0,[]
585.0,cluster_123281084_3663662939_3664674395_3664674397_#1more_0_D0.1,1,100.0,0.0,['veh363']
585.0,cluster_123281084_3663662939_3664674395_3664674397_#1more_0_D0.2,0,0.0,-1.0,[]
585.0,cluster_123281084_3663662939_3664674395_3664674397_#1more_0_D0.3,0,0.0,-1.0,[]
585.0,cluster_123281084_3663662939_3664674395_3664674397_#1more_0_D0.4,0,0.0,-1.0,[]
585.0,cluster_123281084_3663662939_3664674395_3664674397_#1more_0_D1.0,0,0.0,-1.0,[]
585.0,cluster_123281084_3663662939_3664674395_3664674397_#1more_0_D1.1,0,0.0,-1.0,[]
585.0,cluster_123281084_3663662939_3664674395_3664674397_#1more_0_D2.0,0,0.0,-1.0,[]
585.0,cluster_123281084_3663662939_3664674395_3664674397_#1more_0_D2.1,1,68.58726808615074,7.289982732246495,['veh360']
585.0,cluster_123281085_12840608127_12840608130_12840608135_#1more_0_D0.0,1,0.0,-1.0,['veh333']
585.0,cluster_123281085_12840608127_12840608130_12840608135_#1more_0_D1.0,0,0.0,-1.0,[]
585.0,cluster_123292026_3663224279_3663224280_3663662945_#1more_0_D0.0,0,0.0,-1.0,[]
585.0,cluster_123292026_3663224279_3663224280_3663662945_#1more_0_D0.1,0,0.0,-1.0,[]
585.0,cluster_123292026_3663224279_3663224280_3663662945_#1more_0_D1.0,0,0.0,-1.0,[]
585.0,cluster_123292026_3663224279_3663224280_3663662945_#1more_0_D1.1,0,0.0,-1.0,[]
585.0,cluster_123292026_3663224279_3663224280_3663662945_#1more_0_D1.2,0,0.0,-1.0,[]
585.0,cluster_123292026_3663224279_3663224280_3663662945_#1more_0_D1.3,0,0.0,-1.0,[]
585.0,cluster_123292026_3663224279_3663224280_3663662945_#1more_0_D2.0,0,0.0,-1.0,[]
585.0,cluster_123292026_3663224279_3663224280_3663662945_#1more_0_D2.1,0,0.0,-1.0,[]
585.0,cluster_123292029_3663224277_3663224278_5344542569_#1more_0_D0.0,1,100.0,-1.0,['veh276']
585.0,cluster_123292029_3663224277_3663224278_5344542569_#1more_0_D0.1,0,0.0,-1.0,[]
585.0,cluster_123292029_3663224277_3663224278_5344542569_#1more_0_D0.2,0,0.0,-1.0,[]
585.0,cluster_123292029_3663224277_3663224278_5344542569_#1more_0_D1.0,0,0.0,-1.0,[]
585.0,cluster_123292029_3663224277_3663224278_5344542569_#1more_0_D1.1,1,100.0,-1.0,['veh270']
585.0,cluster_123292029_3663224277_3663224278_5344542569_#1more_0_D2.0,1,100.0,-1.0,['veh236']
585.0,cluster_123292029_3663224277_3663224278_5344542569_#1more_0_D2.1,0,0.0,-1.0,[]
585.0,cluster_123292029_3663224277_3663224278_5344542569_#1more_0_D2.2,0,0.0,-1.0,[]
585.0,cluster_123292029_3663224277_3663224278_5344542569_#1more_0_D3.0,0,0.0,-1.0,[]
585.0,cluster_123292029_3663224277_3663224278_5344542569_#1more_0_D3.1,0,0.0,-1.0,[]
585.0,cluster_123292031_3663224275_3663224276_3663662936_#1more_0_D0.0,0,0.0,-1.0,[]
585.0,cluster_123292031_3663224275_3663224276_3663662936_#1more_0_D0.1,0,0.0,-1.0,[]
585.0,cluster_123292031_3663224275_3663224276_3663662936_#1more_0_D1.0,0,0.0,-1.0,[]
585.0,cluster_123292031_3663224275_3663224276_3663662936_#1more_0_D2.0,0,0.0,-1.0,[]
585.0,cluster_123292031_3663224275_3663224276_3663662936_#1more_0_D2.1,0,0.0,-1.0,[]
585.0,cluster_123308403_3663827018_3663827019_3664674393_#1more_0_D0.0,0,0.0,-1.0,[]
585.0,cluster_123308403_3663827018_3663827019_3664674393_#1more_0_D0.1,0,0.0,-1.0,[]
585.0,cluster_123308403_3663827018_3663827019_3664674393_#1more_0_D1.0,0,0.0,-1.0,[]
585.0,cluster_123308403_3663827018_3663827019_3664674393_#1more_0_D1.1,0,0.0,-1.0,[]
585.0,cluster_123308403_3663827018_3663827019_3664674393_#1more_0_D1.2,0,0.0,-1.0,[]
585.0,cluster_123308403_3663827018_3663827019_3664674393_#1more_0_D1.3,0,0.0,-1.0,[]
585.0,cluster_123308403_3663827018_3663827019_3664674393_#1more_0_D2.0,0,0.0,-1.0,[]
585.0,cluster_123308403_3663827018_3663827019_3664674393_#1more_0_D2.1,0,0.0,-1.0,[]
585.0,cluster_123308403_3663827018_3663827019_3664674393_#1more_0_D2.2,0,0.0,-1.0,[]
585.0,cluster_3664723686_3698084157_3698084158_3698084159_#1more_0_D0.0,0,0.0,-1.0,[]
585.0,cluster_3664723686_3698084157_3698084158_3698084159_#1more_0_D0.1,0,0.0,-1.0,[]
585.0,cluster_3664723686_3698084157_3698084158_3698084159_#1more_0_D0.2,0,0.0,-1.0,[]
585.0,cluster_3664723686_3698084157_3698084158_3698084159_#1more_0_D1.0,0,0.0,-1.0,[]
585.0,cluster_3664723686_3698084157_3698084158_3698084159_#1more_0_D1.1,0,0.0,-1.0,[]
585.0,cluster_3664723686_3698084157_3698084158_3698084159_#1more_0_D1.2,0,0.0,-1.0,[]
585.0,joinedS_3663662947_3663662948_3698084160_3698084161_#1more_0_D0.0,0,0.0,-1.0,[]
585.0,joinedS_3663662947_3663662948_3698084160_3698084161_#1more_0_D0.1,0,0.0,-1.0,[]
585.0,joinedS_3663662947_3663662948_3698084160_3698084161_#1more_0_D0.2,0,0.0,-1.0,[]
585.0,joinedS_3663662947_3663662948_3698084160_3698084161_#1more_0_D0.3,0,0.0,-1.0,[]
585.0,joinedS_3663662947_3663662948_3698084160_3698084161_#1more_0_D1.0,0,0.0,-1.0,[]
585.0,joinedS_3663662947_3663662948_3698084160_3698084161_#1more_0_D1.1,0,0.0,-1.0,[]
585.0,joinedS_3663662947_3663662948_3698084160_3698084161_#1more_0_D1.2,0,0.0,-1.0,[]
585.0,joinedS_3663662947_3663662948_3698084160_3698084161_#1more_0_D1.3,0,0.0,-1.0,[]
585.0,joinedS_3663662947_3663662948_3698084160_3698084161_#1more_0_D2.0,0,0.0,-1.0,[]
585.0,joinedS_3663662947_3663662948_3698084160_3698084161_#1more_0_D2.1,0,0.0,-1.0,[]
585.0,joinedS_3663662947_3663662948_3698084160_3698084161_#1more_0_D2.2,0,0.0,-1.0,[]
585.0,joinedS_3663662947_3663662948_3698084160_3698084161_#1more_0_D2.3,1,100.0,-1.0,['veh343']
585.0,joinedS_3663662947_3663662948_3698084160_3698084161_#1more_0_D3.0,0,0.0,-1.0,[]
585.0,joinedS_3663662947_3663662948_3698084160_3698084161_#1more_0_D3.1,0,0.0,-1.0,[]
585.0,joinedS_3663662947_3663662948_3698084160_3698084161_#1more_0_D3.2,0,0.0,-1.0,[]
585.0,joinedS_3663662947_3663662948_3698084160_3698084161_#1more_0_D3.3,0,0.0,-1.0,[]
585.0,joinedS_3663662947_3663662948_3698084160_3698084161_#1more_0_D3.4,0,0.0,-1.0,[]
590.0,cluster_122855839_3663662942_3663662943_3663662944_#1more_0_D0.0,1,100.0,-1.0,['bus31']
590.0,cluster_122855839_3663662942_3663662943_3663662944_#1more_0_D0.1,0,0.0,-1.0,[]
590.0,cluster_122855839_3663662942_3663662943_3663662944_#1more_0_D0.2,0,0.0,-1.0,[]
590.0,cluster_122855839_3663662942_3663662943_3663662944_#1more_0_D0.3,0,0.0,-1.0,[]
590.0,cluster_122855839_3663662942_3663662943_3663662944_#1more_0_D0.4,0,0.0,-1.0,[]
590.0,cluster_122855839_3663662942_3663662943_3663662944_#1more_0_D1.0,1,100.0,-1.0,['veh136']
590.0,cluster_122855839_3663662942_3663662943_3663662944_#1more_0_D1.1,1,0.0,-1.0,['veh212']
590.0,cluster_122855839_3663662942_3663662943_3663662944_#1more_0_D1.2,1,12.647368957402705,8.727829120260957,['veh238']
590.0,cluster_122855839_3663662942_3663662943_3663662944_#1more_0_D2.0,0,0.0,-1.0,[]
590.0,cluster_122855839_3663662942_3663662943_3663662944_#1more_0_D2.1,0,0.0,-1.0,[]
590.0,cluster_123241924_382443557_5344542568_5546892974_#3more_0_D0.0,1,100.0,-1.0,['veh194']
590.0,cluster_123241924_382443557_5344542568_5546892974_#3more_0_D0.1,0,0.0,-1.0,[]
590.0,cluster_123241924_382443557_5344542568_5546892974_#3more_0_D0.2,1,100.0,-1.0,['veh296']
590.0,cluster_123241924_382443557_5344542568_5546892974_#3more_0_D0.3,1,0.0,-1.0,['veh296']
590.0,cluster_123241924_382443557_5344542568_5546892974_#3more_0_D0.4,0,0.0,-1.0,[]
590.0,cluster_123241924_382443557_5344542568_5546892974_#3more_0_D1.0,0,0.0,-1.0,[]
590.0,cluster_123241924_382443557_5344542568_5546892974_#3more_0_D2.0,0,0.0,-1.0,[]
590.0,cluster_123241924_382443557_5344542568_5546892974_#3more_0_D2.1,0,0.0,-1.0,[]
590.0,cluster_123241924_382443557_5344542568_5546892974_#3more_0_D2.2,0,0.0,-1.0,[]
590.0,cluster_123241924_382443557_5344542568_5546892974_#3more_0_D2.3,0,0.0,-1.0,[]
590.0,cluster_123241924_382443557_5344542568_5546892974_#3more_0_D2.4,0,0.0,-1.0,[]
590.0,cluster_123241924_382443557_5344542568_5546892974_#3more_0_D2.5,0,0.0,-1.0,[]
590.0,cluster_123241924_382443557_5344542568_5546892974_#3more_0_D3.0,0,0.0,-1.0,[]
590.0,cluster_123241924_382443557_5344542568_5546892974_#3more_0_D3.1,0,0.0,-1.0,[]
590.0,cluster_123241924_382443557_5344542568_5546892974_#3more_0_D3.2,0,0.0,-1.0,[]
590.0,cluster_123241924_382443557_5344542568_5546892974_#3more_0_D3.3,0,0.0,-1.0,[]
590.0,cluster_123241924_382443557_5344542568_5546892974_#3more_0_D3.4,0,0.0,-1.0,[]
590.0,cluster_123281084_3663662939_3664674395_3664674397_#1more_0_D0.0,0,0.0,-1.0,[]
590.0,cluster_123281084_3663662939_3664674395_3664674397_#1more_0_D0.1,0,0.0,-1.0,[]
590.0,cluster_123281084_3663662939_3664674395_3664674397_#1more_0_D0.2,0,0.0,-1.0,[]
590.0,cluster_123281084_3663662939_3664674395_3664674397_#1more_0_D0.3,0,0.0,-1.0,[]
590.0,cluster_123281084_3663662939_3664674395_3664674397_#1more_0_D0.4,0,0.0,-1.0,[]
590.0,cluster_123281084_3663662939_3664674395_3664674397_#1more_0_D1.0,1,39.154448337581016,5.60179480187459,['veh353']
590.0,cluster_123281084_3663662939_3664674395_3664674397_#1more_0_D1.1,1,95.23199191215781,1.8549357728541205,['veh349']
590.0,cluster_123281084_3663662939_3664674395_3664674397_#1more_0_D2.0,1,40.737690177309105,12.273646292260821,['veh161']
590.0,cluster_123281084_3663662939_3664674395_3664674397_#1more_0_D2.1,1,27.395754415670126,12.944236564527191,['veh361']
590.0,cluster_123281085_12840608127_12840608130_12840608135_#1more_0_D0.0,1,0.0,-1.0,['veh341']
590.0,cluster_123281085_12840608127_12840608130_12840608135_#1more_0_D1.0,0,0.0,-1.0,[]
590.0,cluster_123292026_3663224279_3663224280_3663662945_#1more_0_D0.0,0,0.0,-1.0,[]
590.0,cluster_123292026_3663224279_3663224280_3663662945_#1more_0_D0.1,0,0.0,-1.0,[]
590.0,cluster_123292026_3663224279_3663224280_3663662945_#1more_0_D1.0,0,0.0,-1.0,[]
590.0,cluster_123292026_3663224279_3663224280_3663662945_#1more_0_D1.1,0,0.0,-1.0,[]
590.0,cluster_123292026_3663224279_3663224280_3663662945_#1more_0_D1.2,0,0.0,-1.0,[]
590.0,cluster_123292026_3663224279_3663224280_3663662945_#1more_0_D1.3,0,0.0,-1.0,[]
590.0,cluster_123292026_3663224279_3663224280_3663662945_#1more_0_D2.0,0,0.0,-1.0,[]
590.0,cluster_123292026_3663224279_3663224280_3663662945_#1more_0_D2.1,0,0.0,-1.0,[]
590.0,cluster_123292029_3663224277_3663224278_5344542569_#1more_0_D0.0,1,100.0,-1.0,['veh284']
590.0,cluster_123292029_3663224277_3663224278_5344542569_#1more_0_D0.1,0,0.0,-1.0,[]
590.0,cluster_123292029_3663224277_3663224278_5344542569_#1more_0_D0.2,0,0.0,-1.0,[]
590.0,cluster_123292029_3663224277_3663224278_5344542569_#1more_0_D1.0,0,0.0,-1.0,[]
590.0,cluster_123292029_3663224277_3663224278_5344542569_#1more_0_D1.1,1,100.0,-1.0,['veh270']
590.0,cluster_123292029_3663224277_3663224278_5344542569_#1more_0_D2.0,0,0.0,-1.0,[]
590.0,cluster_123292029_3663224277_3663224278_5344542569_#1more_0_D2.1,1,13.461566686839888,0.8409547477831236,['veh277']
590.0,cluster_123292029_3663224277_3663224278_5344542569_#1more_0_D2.2,0,0.0,-1.0,[]
590.0,cluster_123292029_3663224277_3663224278_5344542569_#1more_0_D3.0,0,0.0,-1.0,[]
590.0,cluster_123292029_3663224277_3663224278_5344542569_#1more_0_D3.1,0,0.0,-1.0,[]
590.0,cluster_123292031_3663224275_3663224276_3663662936_#1more_0_D0.0,0,0.0,-1.0,[]
590.0,cluster_123292031_3663224275_3663224276_3663662936_#1more_0_D0.1,0,0.0,-1.0,[]
590.0,cluster_123292031_3663224275_3663224276_3663662936_#1more_0_D1.0,0,0.0,-1.0,[]
590.0,cluster_123292031_3663224275_3663224276_3663662936_#1more_0_D2.0,0,0.0,-1.0,[]
590.0,cluster_123292031_3663224275_3663224276_3663662936_#1more_0_D2.1,0,0.0,-1.0,[]
590.0,cluster_123308403_3663827018_3663827019_3664674393_#1more_0_D0.0,0,0.0,-1.0,[]
590.0,cluster_123308403_3663827018_3663827019_3664674393_#1more_0_D0.1,0,0.0,-1.0,[]
590.0,cluster_123308403_3663827018_3663827019_3664674393_#1more_0_D1.0,0,0.0,-1.0,[]
590.0,cluster_123308403_3663827018_3663827019_3664674393_#1more_0_D1.1,0,0.0,-1.0,[]
590.0,cluster_123308403_3663827018_3663827019_3664674393_#1more_0_D1.2,0,0.0,-1.0,[]
590.0,cluster_123308403_3663827018_3663827019_3664674393_#1more_0_D1.3,0,0.0,-1.0,[]
590.0,cluster_123308403_3663827018_3663827019_3664674393_#1more_0_D2.0,0,0.0,-1.0,[]
590.0,cluster_123308403_3663827018_3663827019_3664674393_#1more_0_D2.1,0,0.0,-1.0,[]
590.0,cluster_123308403_3663827018_3663827019_3664674393_#1more_0_D2.2,0,0.0,-1.0,[]
590.0,cluster_3664723686_3698084157_3698084158_3698084159_#1more_0_D0.0,0,0.0,-1.0,[]
590.0,cluster_3664723686_3698084157_3698084158_3698084159_#1more_0_D0.1,0,0.0,-1.0,[]
590.0,cluster_3664723686_3698084157_3698084158_3698084159_#1more_0_D0.2,0,0.0,-1.0,[]
590.0,cluster_3664723686_3698084157_3698084158_3698084159_#1more_0_D1.0,0,0.0,-1.0,[]
590.0,cluster_3664723686_3698084157_3698084158_3698084159_#1more_0_D1.1,0,0.0,-1.0,[]
590.0,cluster_3664723686_3698084157_3698084158_3698084159_#1more_0_D1.2,0,0.0,-1.0,[]
590.0,joinedS_3663662947_3663662948_3698084160_3698084161_#1more_0_D0.0,0,0.0,-1.0,[]
590.0,joinedS_3663662947_3663662948_3698084160_3698084161_#1more_0_D0.1,0,0.0,-1.0,[]
590.0,joinedS_3663662947_3663662948_3698084160_3698084161_#1more_0_D0.2,0,0.0,-1.0,[]
590.0,joinedS_3663662947_3663662948_3698084160_3698084161_#1more_0_D0.3,0,0.0,-1.0,[]
590.0,joinedS_3663662947_3663662948_3698084160_3698084161_#1more_0_D1.0,0,0.0,-1.0,[]
590.0,joinedS_3663662947_3663662948_3698084160_3698084161_#1more_0_D1.1,0,0.0,-1.0,[]
590.0,joinedS_3663662947_3663662948_3698084160_3698084161_#1more_0_D1.2,0,0.0,-1.0,[]
590.0,joinedS_3663662947_3663662948_3698084160_3698084161_#1more_0_D1.3,0,0.0,-1.0,[]
590.0,joinedS_3663662947_3663662948_3698084160_3698084161_#1more_0_D2.0,0,0.0,-1.0,[]
590.0,joinedS_3663662947_3663662948_3698084160_3698084161_#1more_0_D2.1,0,0.0,-1.0,[]
590.0,joinedS_3663662947_3663662948_3698084160_3698084161_#1more_0_D2.2,0,0.0,-1.0,[]
590.0,joinedS_3663662947_3663662948_3698084160_3698084161_#1more_0_D2.3,0,0.0,-1.0,[]
590.0,joinedS_3663662947_3663662948_3698084160_3698084161_#1more_0_D3.0,0,0.0,-1.0,[]
590.0,joinedS_3663662947_3663662948_3698084160_3698084161_#1more_0_D3.1,1,100.0,-1.0,['veh364']
590.0,joinedS_3663662947_3663662948_3698084160_3698084161_#1more_0_D3.2,0,0.0,-1.0,[]
590.0,joinedS_3663662947_3663662948_3698084160_3698084161_#1more_0_D3.3,0,0.0,-1.0,[]
590.0,joinedS_3663662947_3663662948_3698084160_3698084161_#1more_0_D3.4,0,0.0,-1.0,[]
595.0,cluster_122855839_3663662942_3663662943_3663662944_#1more_0_D0.0,1,100.0,-1.0,['bus31']
595.0,cluster_122855839_3663662942_3663662943_3663662944_#1more_0_D0.1,0,0.0,-1.0,[]
595.0,cluster_122855839_3663662942_3663662943_3663662944_#1more_0_D0.2,0,0.0,-1.0,[]
595.0,cluster_122855839_3663662942_3663662943_3663662944_#1more_0_D0.3,0,0.0,-1.0,[]
595.0,cluster_122855839_3663662942_3663662943_3663662944_#1more_0_D0.4,0,0.0,-1.0,[]
595.0,cluster_122855839_3663662942_3663662943_3663662944_#1more_0_D1.0,1,100.0,-1.0,['veh136']
595.0,cluster_122855839_3663662942_3663662943_3663662944_#1more_0_D1.1,1,100.0,-1.0,['veh265']
595.0,cluster_122855839_3663662942_3663662943_3663662944_#1more_0_D1.2,1,26.910305476110352,7.847058913067557,['veh298']
595.0,cluster_122855839_3663662942_3663662943_3663662944_#1more_0_D2.0,0,0.0,-1.0,[]
595.0,cluster_122855839_3663662942_3663662943_3663662944_#1more_0_D2.1,0,0.0,-1.0,[]
595.0,cluster_123241924_382443557_5344542568_5546892974_#3more_0_D0.0,1,0.0,-1.0,['veh194']
595.0,cluster_123241924_382443557_5344542568_5546892974_#3more_0_D0.1,0,0.0,-1.0,[]
595.0,cluster_123241924_382443557_5344542568_5546892974_#3more_0_D0.2,1,100.0,-1.0,['veh296']
595.0,cluster_123241924_382443557_5344542568_5546892974_#3more_0_D0.3,1,100.0,-1.0,['veh192']
595.0,cluster_123241924_382443557_5344542568_5546892974_#3more_0_D0.4,0,0.0,-1.0,[]
595.0,cluster_123241924_382443557_5344542568_5546892974_#3more_0_D1.0,0,0.0,-1.0,[]
595.0,cluster_123241924_382443557_5344542568_5546892974_#3more_0_D2.0,0,0.0,-1.0,[]
595.0,cluster_123241924_382443557_5344542568_5546892974_#3more_0_D2.1,0,0.0,-1.0,[]
595.0,cluster_123241924_382443557_5344542568_5546892974_#3more_0_D2.2,0,0.0,-1.0,[]
595.0,cluster_123241924_382443557_5344542568_5546892974_#3more_0_D2.3,0,0.0,-1.0,[]
595.0,cluster_123241924_382443557_5344542568_5546892974_#3more_0_D2.4,0,0.0,-1.0,[]
595.0,cluster_123241924_382443557_5344542568_5546892974_#3more_0_D2.5,0,0.0,-1.0,[]
595.0,cluster_123241924_382443557_5344542568_5546892974_#3more_0_D3.0,0,0.0,-1.0,[]
595.0,cluster_123241924_382443557_5344542568_5546892974_#3more_0_D3.1,0,0.0,-1.0,[]
595.0,cluster_123241924_382443557_5344542568_5546892974_#3more_0_D3.2,0,0.0,-1.0,[]
595.0,cluster_123241924_382443557_5344542568_5546892974_#3more_0_D3.3,0,0.0,-1.0,[]
595.0,cluster_123241924_382443557_5344542568_5546892974_#3more_0_D3.4,1,35.26915761849523,14.176692435029944,['veh264']
595.0,cluster_123281084_3663662939_3664674395_3664674397_#1more_0_D0.0,0,0.0,-1.0,[]
595.0,cluster_123281084_3663662939_3664674395_3664674397_#1more_0_D0.1,0,0.0,-1.0,[]
595.0,cluster_123281084_3663662939_3664674395_3664674397_#1more_0_D0.2,0,0.0,-1.0,[]
595.0,cluster_123281084_3663662939_3664674395_3664674397_#1more_0_D0.3,0,0.0,-1.0,[]
595.0,cluster_123281084_3663662939_3664674395_3664674397_#1more_0_D0.4,0,0.0,-1.0,[]
595.0,cluster_123281084_3663662939_3664674395_3664674397_#1more_0_D1.0,1,100.0,-1.0,['veh353']
595.0,cluster_123281084_3663662939_3664674395_3664674397_#1more_0_D1.1,1,100.0,-1.0,['veh349']
595.0,cluster_123281084_3663662939_3664674395_3664674397_#1more_0_D2.0,0,0.0,-1.0,[]
595.0,cluster_123281084_3663662939_3664674395_3664674397_#1more_0_D2.1,0,0.0,-1.0,[]
595.0,cluster_123281085_12840608127_12840608130_12840608135_#1more_0_D0.0,0,0.0,-1.0,[]
595.0,cluster_123281085_12840608127_12840608130_12840608135_#1more_0_D1.0,0,0.0,-1.0,[]
595.0,cluster_123292026_3663224279_3663224280_3663662945_#1more_0_D0.0,0,0.0,-1.0,[]
595.0,cluster_123292026_3663224279_3663224280_3663662945_#1more_0_D0.1,0,0.0,-1.0,[]
595.0,cluster_123292026_3663224279_3663224280_3663662945_#1more_0_D1.0,0,0.0,-1.0,[]
595.0,cluster_123292026_3663224279_3663224280_3663662945_#1more_0_D1.1,0,0.0,-1.0,[]
595.0,cluster_123292026_3663224279_3663224280_3663662945_#1more_0_D1.2,0,0.0,-1.0,[]
595.0,cluster_123292026_3663224279_3663224280_3663662945_#1more_0_D1.3,0,0.0,-1.0,[]
595.0,cluster_123292026_3663224279_3663224280_3663662945_#1more_0_D2.0,0,0.0,-1.0,[]
595.0,cluster_123292026_3663224279_3663224280_3663662945_#1more_0_D2.1,0,0.0,-1.0,[]
595.0,cluster_123292029_3663224277_3663224278_5344542569_#1more_0_D0.0,1,100.0,-1.0,['veh284']
595.0,cluster_123292029_3663224277_3663224278_5344542569_#1more_0_D0.1,0,0.0,-1.0,[]
595.0,cluster_123292029_3663224277_3663224278_5344542569_#1more_0_D0.2,0,0.0,-1.0,[]
595.0,cluster_123292029_3663224277_3663224278_5344542569_#1more_0_D1.0,1,0.0,-1.0,['veh327']
595.0,cluster_123292029_3663224277_3663224278_5344542569_#1more_0_D1.1,1,100.0,-1.0,['veh270']
595.0,cluster_123292029_3663224277_3663224278_5344542569_#1more_0_D2.0,1,100.0,0.0,['veh277']
595.0,cluster_123292029_3663224277_3663224278_5344542569_#1more_0_D2.1,1,0.0,-1.0,['veh277']
595.0,cluster_123292029_3663224277_3663224278_5344542569_#1more_0_D2.2,0,0.0,-1.0,[]
595.0,cluster_123292029_3663224277_3663224278_5344542569_#1more_0_D3.0,0,0.0,-1.0,[]
595.0,cluster_123292029_3663224277_3663224278_5344542569_#1more_0_D3.1,0,0.0,-1.0,[]
595.0,cluster_123292031_3663224275_3663224276_3663662936_#1more_0_D0.0,0,0.0,-1.0,[]
595.0,cluster_123292031_3663224275_3663224276_3663662936_#1more_0_D0.1,0,0.0,-1.0,[]
595.0,cluster_123292031_3663224275_3663224276_3663662936_#1more_0_D1.0,0,0.0,-1.0,[]
595.0,cluster_123292031_3663224275_3663224276_3663662936_#1more_0_D2.0,0,0.0,-1.0,[]
595.0,cluster_123292031_3663224275_3663224276_3663662936_#1more_0_D2.1,0,0.0,-1.0,[]
595.0,cluster_123308403_3663827018_3663827019_3664674393_#1more_0_D0.0,0,0.0,-1.0,[]
595.0,cluster_123308403_3663827018_3663827019_3664674393_#1more_0_D0.1,0,0.0,-1.0,[]
595.0,cluster_123308403_3663827018_3663827019_3664674393_#1more_0_D1.0,0,0.0,-1.0,[]
595.0,cluster_123308403_3663827018_3663827019_3664674393_#1more_0_D1.1,0,0.0,-1.0,[]
595.0,cluster_123308403_3663827018_3663827019_3664674393_#1more_0_D1.2,0,0.0,-1.0,[]
595.0,cluster_123308403_3663827018_3663827019_3664674393_#1more_0_D1.3,0,0.0,-1.0,[]
595.0,cluster_123308403_3663827018_3663827019_3664674393_#1more_0_D2.0,0,0.0,-1.0,[]
595.0,cluster_123308403_3663827018_3663827019_3664674393_#1more_0_D2.1,0,0.0,-1.0,[]
595.0,cluster_123308403_3663827018_3663827019_3664674393_#1more_0_D2.2,0,0.0,-1.0,[]
595.0,cluster_3664723686_3698084157_3698084158_3698084159_#1more_0_D0.0,1,0.0,-1.0,['veh274']
595.0,cluster_3664723686_3698084157_3698084158_3698084159_#1more_0_D0.1,0,0.0,-1.0,[]
595.0,cluster_3664723686_3698084157_3698084158_3698084159_#1more_0_D0.2,0,0.0,-1.0,[]
595.0,cluster_3664723686_3698084157_3698084158_3698084159_#1more_0_D1.0,0,0.0,-1.0,[]
595.0,cluster_3664723686_3698084157_3698084158_3698084159_#1more_0_D1.1,0,0.0,-1.0,[]
595.0,cluster_3664723686_3698084157_3698084158_3698084159_#1more_0_D1.2,0,0.0,-1.0,[]
595.0,joinedS_3663662947_3663662948_3698084160_3698084161_#1more_0_D0.0,0,0.0,-1.0,[]
595.0,joinedS_3663662947_3663662948_3698084160_3698084161_#1more_0_D0.1,0,0.0,-1.0,[]
595.0,joinedS_3663662947_3663662948_3698084160_3698084161_#1more_0_D0.2,0,0.0,-1.0,[]
595.0,joinedS_3663662947_3663662948_3698084160_3698084161_#1more_0_D0.3,0,0.0,-1.0,[]
595.0,joinedS_3663662947_3663662948_3698084160_3698084161_#1more_0_D1.0,0,0.0,-1.0,[]
595.0,joinedS_3663662947_3663662948_3698084160_3698084161_#1more_0_D1.1,0,0.0,-1.0,[]
595.0,joinedS_3663662947_3663662948_3698084160_3698084161_#1more_0_D1.2,0,0.0,-1.0,[]
595.0,joinedS_3663662947_3663662948_3698084160_3698084161_#1more_0_D1.3,0,0.0,-1.0,[]
595.0,joinedS_3663662947_3663662948_3698084160_3698084161_#1more_0_D2.0,0,0.0,-1.0,[]
595.0,joinedS_3663662947_3663662948_3698084160_3698084161_#1more_0_D2.1,0,0.0,-1.0,[]
595.0,joinedS_3663662947_3663662948_3698084160_3698084161_#1more_0_D2.2,0,0.0,-1.0,[]
595.0,joinedS_3663662947_3663662948_3698084160_3698084161_#1more_0_D2.3,0,0.0,-1.0,[]
595.0,joinedS_3663662947_3663662948_3698084160_3698084161_#1more_0_D3.0,1,100.0,0.0,['veh369']
595.0,joinedS_3663662947_3663662948_3698084160_3698084161_#1more_0_D3.1,1,100.0,-1.0,['veh364']
595.0,joinedS_3663662947_3663662948_3698084160_3698084161_#1more_0_D3.2,0,0.0,-1.0,[]
595.0,joinedS_3663662947_3663662948_3698084160_3698084161_#1more_0_D3.3,0,0.0,-1.0,[]
595.0,joinedS_3663662947_3663662948_3698084160_3698084161_#1more_0_D3.4,0,0.0,-1.0,[]
600.0,cluster_122855839_3663662942_3663662943_3663662944_#1more_0_D0.0,1,100.0,-1.0,['bus31']
600.0,cluster_122855839_3663662942_3663662943_3663662944_#1more_0_D0.1,0,0.0,-1.0,[]
600.0,cluster_122855839_3663662942_3663662943_3663662944_#1more_0_D0.2,0,0.0,-1.0,[]
600.0,cluster_122855839_3663662942_3663662943_3663662944_#1more_0_D0.3,0,0.0,-1.0,[]
600.0,cluster_122855839_3663662942_3663662943_3663662944_#1more_0_D0.4,0,0.0,-1.0,[]
600.0,cluster_122855839_3663662942_3663662943_3663662944_#1more_0_D1.0,1,100.0,-1.0,['veh136']
600.0,cluster_122855839_3663662942_3663662943_3663662944_#1more_0_D1.1,1,100.0,-1.0,['veh265']
600.0,cluster_122855839_3663662942_3663662943_3663662944_#1more_0_D1.2,0,0.0,-1.0,[]
600.0,cluster_122855839_3663662942_3663662943_3663662944_#1more_0_D2.0,0,0.0,-1.0,[]
600.0,cluster_122855839_3663662942_3663662943_3663662944_#1more_0_D2.1,0,0.0,-1.0,[]
600.0,cluster_123241924_382443557_5344542568_5546892974_#3more_0_D0.0,1,100.0,-1.0,['bus17']
600.0,cluster_123241924_382443557_5344542568_5546892974_#3more_0_D0.1,1,100.0,-1.0,['veh296']
600.0,cluster_123241924_382443557_5344542568_5546892974_#3more_0_D0.2,2,100.0,-1.0,"['veh296', 'veh192']"
600.0,cluster_123241924_382443557_5344542568_5546892974_#3more_0_D0.3,1,0.0,-1.0,['veh192']
600.0,cluster_123241924_382443557_5344542568_5546892974_#3more_0_D0.4,0,0.0,-1.0,[]
600.0,cluster_123241924_382443557_5344542568_5546892974_#3more_0_D1.0,0,0.0,-1.0,[]
600.0,cluster_123241924_382443557_5344542568_5546892974_#3more_0_D2.0,0,0.0,-1.0,[]
600.0,cluster_123241924_382443557_5344542568_5546892974_#3more_0_D2.1,0,0.0,-1.0,[]
600.0,cluster_123241924_382443557_5344542568_5546892974_#3more_0_D2.2,0,0.0,-1.0,[]
600.0,cluster_123241924_382443557_5344542568_5546892974_#3more_0_D2.3,0,0.0,-1.0,[]
600.0,cluster_123241924_382443557_5344542568_5546892974_#3more_0_D2.4,0,0.0,-1.0,[]
600.0,cluster_123241924_382443557_5344542568_5546892974_#3more_0_D2.5,0,0.0,-1.0,[]
600.0,cluster_123241924_382443557_5344542568_5546892974_#3more_0_D3.0,0,0.0,-1.0,[]
600.0,cluster_123241924_382443557_5344542568_5546892974_#3more_0_D3.1,0,0.0,-1.0,[]
600.0,cluster_123241924_382443557_5344542568_5546892974_#3more_0_D3.2,0,0.0,-1.0,[]
600.0,cluster_123241924_382443557_5344542568_5546892974_#3more_0_D3.3,0,0.0,-1.0,[]
600.0,cluster_123241924_382443557_5344542568_5546892974_#3more_0_D3.4,0,0.0,-1.0,[]
600.0,cluster_123281084_3663662939_3664674395_3664674397_#1more_0_D0.0,0,0.0,-1.0,[]
600.0,cluster_123281084_3663662939_3664674395_3664674397_#1more_0_D0.1,0,0.0,-1.0,[]
600.0,cluster_123281084_3663662939_3664674395_3664674397_#1more_0_D0.2,0,0.0,-1.0,[]
600.0,cluster_123281084_3663662939_3664674395_3664674397_#1more_0_D0.3,0,0.0,-1.0,[]
600.0,cluster_123281084_3663662939_3664674395_3664674397_#1more_0_D0.4,0,0.0,-1.0,[]
600.0,cluster_123281084_3663662939_3664674395_3664674397_#1more_0_D1.0,1,100.0,-1.0,['veh353']
600.0,cluster_123281084_3663662939_3664674395_3664674397_#1more_0_D1.1,1,100.0,-1.0,['veh349']
600.0,cluster_123281084_3663662939_3664674395_3664674397_#1more_0_D2.0,0,0.0,-1.0,[]
600.0,cluster_123281084_3663662939_3664674395_3664674397_#1more_0_D2.1,0,0.0,-1.0,[]
600.0,cluster_123281085_12840608127_12840608130_12840608135_#1more_0_D0.0,0,0.0,-1.0,[]
600.0,cluster_123281085_12840608127_12840608130_12840608135_#1more_0_D1.0,0,0.0,-1.0,[]
600.0,cluster_123292026_3663224279_3663224280_3663662945_#1more_0_D0.0,0,0.0,-1.0,[]
600.0,cluster_123292026_3663224279_3663224280_3663662945_#1more_0_D0.1,0,0.0,-1.0,[]
600.0,cluster_123292026_3663224279_3663224280_3663662945_#1more_0_D1.0,0,0.0,-1.0,[]
600.0,cluster_123292026_3663224279_3663224280_3663662945_#1more_0_D1.1,0,0.0,-1.0,[]
600.0,cluster_123292026_3663224279_3663224280_3663662945_#1more_0_D1.2,0,0.0,-1.0,[]
600.0,cluster_123292026_3663224279_3663224280_3663662945_#1more_0_D1.3,0,0.0,-1.0,[]
600.0,cluster_123292026_3663224279_3663224280_3663662945_#1more_0_D2.0,0,0.0,-1.0,[]
600.0,cluster_123292026_3663224279_3663224280_3663662945_#1more_0_D2.1,0,0.0,-1.0,[]
600.0,cluster_123292029_3663224277_3663224278_5344542569_#1more_0_D0.0,0,0.0,-1.0,[]
600.0,cluster_123292029_3663224277_3663224278_5344542569_#1more_0_D0.1,0,0.0,-1.0,[]
600.0,cluster_123292029_3663224277_3663224278_5344542569_#1more_0_D0.2,0,0.0,-1.0,[]
600.0,cluster_123292029_3663224277_3663224278_5344542569_#1more_0_D1.0,0,0.0,-1.0,[]
600.0,cluster_123292029_3663224277_3663224278_5344542569_#1more_0_D1.1,1,100.0,-1.0,['veh270']
600.0,cluster_123292029_3663224277_3663224278_5344542569_#1more_0_D2.0,0,0.0,-1.0,[]
600.0,cluster_123292029_3663224277_3663224278_5344542569_#1more_0_D2.1,0,0.0,-1.0,[]
600.0,cluster_123292029_3663224277_3663224278_5344542569_#1more_0_D2.2,0,0.0,-1.0,[]
600.0,cluster_123292029_3663224277_3663224278_5344542569_#1more_0_D3.0,0,0.0,-1.0,[]
600.0,cluster_123292029_3663224277_3663224278_5344542569_#1more_0_D3.1,1,21.94632769630971,13.425254472261296,['bus35']
600.0,cluster_123292031_3663224275_3663224276_3663662936_#1more_0_D0.0,1,33.41694076945032,8.670529256900139,['veh269']
600.0,cluster_123292031_3663224275_3663224276_3663662936_#1more_0_D0.1,0,0.0,-1.0,[]
600.0,cluster_123292031_3663224275_3663224276_3663662936_#1more_0_D1.0,1,10.163976709884537,13.284698466671884,['veh341']
600.0,cluster_123292031_3663224275_3663224276_3663662936_#1more_0_D2.0,0,0.0,-1.0,[]
600.0,cluster_123292031_3663224275_3663224276_3663662936_#1more_0_D2.1,0,0.0,-1.0,[]
600.0,cluster_123308403_3663827018_3663827019_3664674393_#1more_0_D0.0,0,0.0,-1.0,[]
600.0,cluster_123308403_3663827018_3663827019_3664674393_#1more_0_D0.1,0,0.0,-1.0,[]
600.0,cluster_123308403_3663827018_3663827019_3664674393_#1more_0_D1.0,0,0.0,-1.0,[]
600.0,cluster_123308403_3663827018_3663827019_3664674393_#1more_0_D1.1,0,0.0,-1.0,[]
600.0,cluster_123308403_3663827018_3663827019_3664674393_#1more_0_D1.2,0,0.0,-1.0,[]
600.0,cluster_123308403_3663827018_3663827019_3664674393_#1more_0_D1.3,0,0.0,-1.0,[]
600.0,cluster_123308403_3663827018_3663827019_3664674393_#1more_0_D2.0,0,0.0,-1.0,[]
600.0,cluster_123308403_3663827018_3663827019_3664674393_#1more_0_D2.1,1,32.25133050253817,15.503236369136777,['veh318']
600.0,cluster_123308403_3663827018_3663827019_3664674393_#1more_0_D2.2,0,0.0,-1.0,[]
600.0,cluster_3664723686_3698084157_3698084158_3698084159_#1more_0_D0.0,0,0.0,-1.0,[]
600.0,cluster_3664723686_3698084157_3698084158_3698084159_#1more_0_D0.1,0,0.0,-1.0,[]
600.0,cluster_3664723686_3698084157_3698084158_3698084159_#1more_0_D0.2,0,0.0,-1.0,[]
600.0,cluster_3664723686_3698084157_3698084158_3698084159_#1more_0_D1.0,0,0.0,-1.0,[]
600.0,cluster_3664723686_3698084157_3698084158_3698084159_#1more_0_D1.1,0,0.0,-1.0,[]
600.0,cluster_3664723686_3698084157_3698084158_3698084159_#1more_0_D1.2,0,0.0,-1.0,[]
600.0,joinedS_3663662947_3663662948_3698084160_3698084161_#1more_0_D0.0,0,0.0,-1.0,[]
600.0,joinedS_3663662947_3663662948_3698084160_3698084161_#1more_0_D0.1,0,0.0,-1.0,[]
600.0,joinedS_3663662947_3663662948_3698084160_3698084161_#1more_0_D0.2,0,0.0,-1.0,[]
600.0,joinedS_3663662947_3663662948_3698084160_3698084161_#1more_0_D0.3,0,0.0,-1.0,[]
600.0,joinedS_3663662947_3663662948_3698084160_3698084161_#1more_0_D1.0,0,0.0,-1.0,[]
600.0,joinedS_3663662947_3663662948_3698084160_3698084161_#1more_0_D1.1,0,0.0,-1.0,[]
600.0,joinedS_3663662947_3663662948_3698084160_3698084161_#1more_0_D1.2,0,0.0,-1.0,[]
600.0,joinedS_3663662947_3663662948_3698084160_3698084161_#1more_0_D1.3,0,0.0,-1.0,[]
600.0,joinedS_3663662947_3663662948_3698084160_3698084161_#1more_0_D2.0,0,0.0,-1.0,[]
600.0,joinedS_3663662947_3663662948_3698084160_3698084161_#1more_0_D2.1,0,0.0,-1.0,[]
600.0,joinedS_3663662947_3663662948_3698084160_3698084161_#1more_0_D2.2,0,0.0,-1.0,[]
600.0,joinedS_3663662947_3663662948_3698084160_3698084161_#1more_0_D2.3,1,100.0,-1.0,['veh371']
600.0,joinedS_3663662947_3663662948_3698084160_3698084161_#1more_0_D3.0,1,100.0,-1.0,['veh369']
600.0,joinedS_3663662947_3663662948_3698084160_3698084161_#1more_0_D3.1,1,100.0,-1.0,['veh364']
600.0,joinedS_3663662947_3663662948_3698084160_3698084161_#1more_0_D3.2,0,0.0,-1.0,[]
600.0,joinedS_3663662947_3663662948_3698084160_3698084161_#1more_0_D3.3,0,0.0,-1.0,[]
600.0,joinedS_3663662947_3663662948_3698084160_3698084161_#1more_0_D3.4,0,0.0,-1.0,[]
