time,detector_id,vehicle_count,occupancy,mean_speed,vehicle_ids
5.0,cluster_122855839_3663662942_3663662943_3663662944_#1more_0_D0.0,0,0.0,-1.0,[]
5.0,cluster_122855839_3663662942_3663662943_3663662944_#1more_0_D0.1,0,0.0,-1.0,[]
5.0,cluster_122855839_3663662942_3663662943_3663662944_#1more_0_D0.2,0,0.0,-1.0,[]
5.0,cluster_122855839_3663662942_3663662943_3663662944_#1more_0_D0.3,0,0.0,-1.0,[]
5.0,cluster_122855839_3663662942_3663662943_3663662944_#1more_0_D0.4,0,0.0,-1.0,[]
5.0,cluster_122855839_3663662942_3663662943_3663662944_#1more_0_D1.0,0,0.0,-1.0,[]
5.0,cluster_122855839_3663662942_3663662943_3663662944_#1more_0_D1.1,0,0.0,-1.0,[]
5.0,cluster_122855839_3663662942_3663662943_3663662944_#1more_0_D1.2,0,0.0,-1.0,[]
5.0,cluster_122855839_3663662942_3663662943_3663662944_#1more_0_D2.0,0,0.0,-1.0,[]
5.0,cluster_122855839_3663662942_3663662943_3663662944_#1more_0_D2.1,0,0.0,-1.0,[]
5.0,cluster_123241924_382443557_5344542568_5546892974_#3more_0_D0.0,0,0.0,-1.0,[]
5.0,cluster_123241924_382443557_5344542568_5546892974_#3more_0_D0.1,0,0.0,-1.0,[]
5.0,cluster_123241924_382443557_5344542568_5546892974_#3more_0_D0.2,0,0.0,-1.0,[]
5.0,cluster_123241924_382443557_5344542568_5546892974_#3more_0_D0.3,0,0.0,-1.0,[]
5.0,cluster_123241924_382443557_5344542568_5546892974_#3more_0_D0.4,0,0.0,-1.0,[]
5.0,cluster_123241924_382443557_5344542568_5546892974_#3more_0_D1.0,0,0.0,-1.0,[]
5.0,cluster_123241924_382443557_5344542568_5546892974_#3more_0_D2.0,0,0.0,-1.0,[]
5.0,cluster_123241924_382443557_5344542568_5546892974_#3more_0_D2.1,0,0.0,-1.0,[]
5.0,cluster_123241924_382443557_5344542568_5546892974_#3more_0_D2.2,0,0.0,-1.0,[]
5.0,cluster_123241924_382443557_5344542568_5546892974_#3more_0_D2.3,0,0.0,-1.0,[]
5.0,cluster_123241924_382443557_5344542568_5546892974_#3more_0_D2.4,0,0.0,-1.0,[]
5.0,cluster_123241924_382443557_5344542568_5546892974_#3more_0_D2.5,0,0.0,-1.0,[]
5.0,cluster_123241924_382443557_5344542568_5546892974_#3more_0_D3.0,0,0.0,-1.0,[]
5.0,cluster_123241924_382443557_5344542568_5546892974_#3more_0_D3.1,0,0.0,-1.0,[]
5.0,cluster_123241924_382443557_5344542568_5546892974_#3more_0_D3.2,0,0.0,-1.0,[]
5.0,cluster_123241924_382443557_5344542568_5546892974_#3more_0_D3.3,0,0.0,-1.0,[]
5.0,cluster_123241924_382443557_5344542568_5546892974_#3more_0_D3.4,0,0.0,-1.0,[]
5.0,cluster_123281084_3663662939_3664674395_3664674397_#1more_0_D0.0,0,0.0,-1.0,[]
5.0,cluster_123281084_3663662939_3664674395_3664674397_#1more_0_D0.1,0,0.0,-1.0,[]
5.0,cluster_123281084_3663662939_3664674395_3664674397_#1more_0_D0.2,0,0.0,-1.0,[]
5.0,cluster_123281084_3663662939_3664674395_3664674397_#1more_0_D0.3,0,0.0,-1.0,[]
5.0,cluster_123281084_3663662939_3664674395_3664674397_#1more_0_D0.4,0,0.0,-1.0,[]
5.0,cluster_123281084_3663662939_3664674395_3664674397_#1more_0_D1.0,0,0.0,-1.0,[]
5.0,cluster_123281084_3663662939_3664674395_3664674397_#1more_0_D1.1,0,0.0,-1.0,[]
5.0,cluster_123281084_3663662939_3664674395_3664674397_#1more_0_D2.0,0,0.0,-1.0,[]
5.0,cluster_123281084_3663662939_3664674395_3664674397_#1more_0_D2.1,0,0.0,-1.0,[]
5.0,cluster_123281085_12840608127_12840608130_12840608135_#1more_0_D0.0,0,0.0,-1.0,[]
5.0,cluster_123281085_12840608127_12840608130_12840608135_#1more_0_D1.0,0,0.0,-1.0,[]
5.0,cluster_123292026_3663224279_3663224280_3663662945_#1more_0_D0.0,0,0.0,-1.0,[]
5.0,cluster_123292026_3663224279_3663224280_3663662945_#1more_0_D0.1,0,0.0,-1.0,[]
5.0,cluster_123292026_3663224279_3663224280_3663662945_#1more_0_D1.0,0,0.0,-1.0,[]
5.0,cluster_123292026_3663224279_3663224280_3663662945_#1more_0_D1.1,0,0.0,-1.0,[]
5.0,cluster_123292026_3663224279_3663224280_3663662945_#1more_0_D1.2,0,0.0,-1.0,[]
5.0,cluster_123292026_3663224279_3663224280_3663662945_#1more_0_D1.3,0,0.0,-1.0,[]
5.0,cluster_123292026_3663224279_3663224280_3663662945_#1more_0_D2.0,0,0.0,-1.0,[]
5.0,cluster_123292026_3663224279_3663224280_3663662945_#1more_0_D2.1,0,0.0,-1.0,[]
5.0,cluster_123292029_3663224277_3663224278_5344542569_#1more_0_D0.0,0,0.0,-1.0,[]
5.0,cluster_123292029_3663224277_3663224278_5344542569_#1more_0_D0.1,0,0.0,-1.0,[]
5.0,cluster_123292029_3663224277_3663224278_5344542569_#1more_0_D0.2,0,0.0,-1.0,[]
5.0,cluster_123292029_3663224277_3663224278_5344542569_#1more_0_D1.0,0,0.0,-1.0,[]
5.0,cluster_123292029_3663224277_3663224278_5344542569_#1more_0_D1.1,0,0.0,-1.0,[]
5.0,cluster_123292029_3663224277_3663224278_5344542569_#1more_0_D2.0,0,0.0,-1.0,[]
5.0,cluster_123292029_3663224277_3663224278_5344542569_#1more_0_D2.1,0,0.0,-1.0,[]
5.0,cluster_123292029_3663224277_3663224278_5344542569_#1more_0_D2.2,0,0.0,-1.0,[]
5.0,cluster_123292029_3663224277_3663224278_5344542569_#1more_0_D3.0,0,0.0,-1.0,[]
5.0,cluster_123292029_3663224277_3663224278_5344542569_#1more_0_D3.1,0,0.0,-1.0,[]
5.0,cluster_123292031_3663224275_3663224276_3663662936_#1more_0_D0.0,0,0.0,-1.0,[]
5.0,cluster_123292031_3663224275_3663224276_3663662936_#1more_0_D0.1,0,0.0,-1.0,[]
5.0,cluster_123292031_3663224275_3663224276_3663662936_#1more_0_D1.0,0,0.0,-1.0,[]
5.0,cluster_123292031_3663224275_3663224276_3663662936_#1more_0_D2.0,0,0.0,-1.0,[]
5.0,cluster_123292031_3663224275_3663224276_3663662936_#1more_0_D2.1,0,0.0,-1.0,[]
5.0,cluster_123308403_3663827018_3663827019_3664674393_#1more_0_D0.0,0,0.0,-1.0,[]
5.0,cluster_123308403_3663827018_3663827019_3664674393_#1more_0_D0.1,0,0.0,-1.0,[]
5.0,cluster_123308403_3663827018_3663827019_3664674393_#1more_0_D1.0,0,0.0,-1.0,[]
5.0,cluster_123308403_3663827018_3663827019_3664674393_#1more_0_D1.1,0,0.0,-1.0,[]
5.0,cluster_123308403_3663827018_3663827019_3664674393_#1more_0_D1.2,1,0.0,-1.0,['bus0']
5.0,cluster_123308403_3663827018_3663827019_3664674393_#1more_0_D1.3,0,0.0,-1.0,[]
5.0,cluster_123308403_3663827018_3663827019_3664674393_#1more_0_D2.0,0,0.0,-1.0,[]
5.0,cluster_123308403_3663827018_3663827019_3664674393_#1more_0_D2.1,0,0.0,-1.0,[]
5.0,cluster_123308403_3663827018_3663827019_3664674393_#1more_0_D2.2,0,0.0,-1.0,[]
5.0,cluster_3664723686_3698084157_3698084158_3698084159_#1more_0_D0.0,0,0.0,-1.0,[]
5.0,cluster_3664723686_3698084157_3698084158_3698084159_#1more_0_D0.1,0,0.0,-1.0,[]
5.0,cluster_3664723686_3698084157_3698084158_3698084159_#1more_0_D0.2,0,0.0,-1.0,[]
5.0,cluster_3664723686_3698084157_3698084158_3698084159_#1more_0_D1.0,0,0.0,-1.0,[]
5.0,cluster_3664723686_3698084157_3698084158_3698084159_#1more_0_D1.1,0,0.0,-1.0,[]
5.0,cluster_3664723686_3698084157_3698084158_3698084159_#1more_0_D1.2,0,0.0,-1.0,[]
5.0,joinedS_3663662947_3663662948_3698084160_3698084161_#1more_0_D0.0,0,0.0,-1.0,[]
5.0,joinedS_3663662947_3663662948_3698084160_3698084161_#1more_0_D0.1,0,0.0,-1.0,[]
5.0,joinedS_3663662947_3663662948_3698084160_3698084161_#1more_0_D0.2,0,0.0,-1.0,[]
5.0,joinedS_3663662947_3663662948_3698084160_3698084161_#1more_0_D0.3,0,0.0,-1.0,[]
5.0,joinedS_3663662947_3663662948_3698084160_3698084161_#1more_0_D1.0,0,0.0,-1.0,[]
5.0,joinedS_3663662947_3663662948_3698084160_3698084161_#1more_0_D1.1,0,0.0,-1.0,[]
5.0,joinedS_3663662947_3663662948_3698084160_3698084161_#1more_0_D1.2,0,0.0,-1.0,[]
5.0,joinedS_3663662947_3663662948_3698084160_3698084161_#1more_0_D1.3,0,0.0,-1.0,[]
5.0,joinedS_3663662947_3663662948_3698084160_3698084161_#1more_0_D2.0,0,0.0,-1.0,[]
5.0,joinedS_3663662947_3663662948_3698084160_3698084161_#1more_0_D2.1,0,0.0,-1.0,[]
5.0,joinedS_3663662947_3663662948_3698084160_3698084161_#1more_0_D2.2,0,0.0,-1.0,[]
5.0,joinedS_3663662947_3663662948_3698084160_3698084161_#1more_0_D2.3,0,0.0,-1.0,[]
5.0,joinedS_3663662947_3663662948_3698084160_3698084161_#1more_0_D3.0,0,0.0,-1.0,[]
5.0,joinedS_3663662947_3663662948_3698084160_3698084161_#1more_0_D3.1,0,0.0,-1.0,[]
5.0,joinedS_3663662947_3663662948_3698084160_3698084161_#1more_0_D3.2,0,0.0,-1.0,[]
5.0,joinedS_3663662947_3663662948_3698084160_3698084161_#1more_0_D3.3,0,0.0,-1.0,[]
5.0,joinedS_3663662947_3663662948_3698084160_3698084161_#1more_0_D3.4,0,0.0,-1.0,[]
10.0,cluster_122855839_3663662942_3663662943_3663662944_#1more_0_D0.0,0,0.0,-1.0,[]
10.0,cluster_122855839_3663662942_3663662943_3663662944_#1more_0_D0.1,0,0.0,-1.0,[]
10.0,cluster_122855839_3663662942_3663662943_3663662944_#1more_0_D0.2,0,0.0,-1.0,[]
10.0,cluster_122855839_3663662942_3663662943_3663662944_#1more_0_D0.3,0,0.0,-1.0,[]
10.0,cluster_122855839_3663662942_3663662943_3663662944_#1more_0_D0.4,0,0.0,-1.0,[]
10.0,cluster_122855839_3663662942_3663662943_3663662944_#1more_0_D1.0,0,0.0,-1.0,[]
10.0,cluster_122855839_3663662942_3663662943_3663662944_#1more_0_D1.1,0,0.0,-1.0,[]
10.0,cluster_122855839_3663662942_3663662943_3663662944_#1more_0_D1.2,0,0.0,-1.0,[]
10.0,cluster_122855839_3663662942_3663662943_3663662944_#1more_0_D2.0,0,0.0,-1.0,[]
10.0,cluster_122855839_3663662942_3663662943_3663662944_#1more_0_D2.1,1,0.0,-1.0,['veh0']
10.0,cluster_123241924_382443557_5344542568_5546892974_#3more_0_D0.0,0,0.0,-1.0,[]
10.0,cluster_123241924_382443557_5344542568_5546892974_#3more_0_D0.1,0,0.0,-1.0,[]
10.0,cluster_123241924_382443557_5344542568_5546892974_#3more_0_D0.2,0,0.0,-1.0,[]
10.0,cluster_123241924_382443557_5344542568_5546892974_#3more_0_D0.3,0,0.0,-1.0,[]
10.0,cluster_123241924_382443557_5344542568_5546892974_#3more_0_D0.4,0,0.0,-1.0,[]
10.0,cluster_123241924_382443557_5344542568_5546892974_#3more_0_D1.0,0,0.0,-1.0,[]
10.0,cluster_123241924_382443557_5344542568_5546892974_#3more_0_D2.0,0,0.0,-1.0,[]
10.0,cluster_123241924_382443557_5344542568_5546892974_#3more_0_D2.1,0,0.0,-1.0,[]
10.0,cluster_123241924_382443557_5344542568_5546892974_#3more_0_D2.2,0,0.0,-1.0,[]
10.0,cluster_123241924_382443557_5344542568_5546892974_#3more_0_D2.3,0,0.0,-1.0,[]
10.0,cluster_123241924_382443557_5344542568_5546892974_#3more_0_D2.4,0,0.0,-1.0,[]
10.0,cluster_123241924_382443557_5344542568_5546892974_#3more_0_D2.5,0,0.0,-1.0,[]
10.0,cluster_123241924_382443557_5344542568_5546892974_#3more_0_D3.0,0,0.0,-1.0,[]
10.0,cluster_123241924_382443557_5344542568_5546892974_#3more_0_D3.1,0,0.0,-1.0,[]
10.0,cluster_123241924_382443557_5344542568_5546892974_#3more_0_D3.2,0,0.0,-1.0,[]
10.0,cluster_123241924_382443557_5344542568_5546892974_#3more_0_D3.3,0,0.0,-1.0,[]
10.0,cluster_123241924_382443557_5344542568_5546892974_#3more_0_D3.4,0,0.0,-1.0,[]
10.0,cluster_123281084_3663662939_3664674395_3664674397_#1more_0_D0.0,0,0.0,-1.0,[]
10.0,cluster_123281084_3663662939_3664674395_3664674397_#1more_0_D0.1,0,0.0,-1.0,[]
10.0,cluster_123281084_3663662939_3664674395_3664674397_#1more_0_D0.2,0,0.0,-1.0,[]
10.0,cluster_123281084_3663662939_3664674395_3664674397_#1more_0_D0.3,0,0.0,-1.0,[]
10.0,cluster_123281084_3663662939_3664674395_3664674397_#1more_0_D0.4,0,0.0,-1.0,[]
10.0,cluster_123281084_3663662939_3664674395_3664674397_#1more_0_D1.0,0,0.0,-1.0,[]
10.0,cluster_123281084_3663662939_3664674395_3664674397_#1more_0_D1.1,0,0.0,-1.0,[]
10.0,cluster_123281084_3663662939_3664674395_3664674397_#1more_0_D2.0,0,0.0,-1.0,[]
10.0,cluster_123281084_3663662939_3664674395_3664674397_#1more_0_D2.1,0,0.0,-1.0,[]
10.0,cluster_123281085_12840608127_12840608130_12840608135_#1more_0_D0.0,0,0.0,-1.0,[]
10.0,cluster_123281085_12840608127_12840608130_12840608135_#1more_0_D1.0,0,0.0,-1.0,[]
10.0,cluster_123292026_3663224279_3663224280_3663662945_#1more_0_D0.0,0,0.0,-1.0,[]
10.0,cluster_123292026_3663224279_3663224280_3663662945_#1more_0_D0.1,0,0.0,-1.0,[]
10.0,cluster_123292026_3663224279_3663224280_3663662945_#1more_0_D1.0,0,0.0,-1.0,[]
10.0,cluster_123292026_3663224279_3663224280_3663662945_#1more_0_D1.1,0,0.0,-1.0,[]
10.0,cluster_123292026_3663224279_3663224280_3663662945_#1more_0_D1.2,0,0.0,-1.0,[]
10.0,cluster_123292026_3663224279_3663224280_3663662945_#1more_0_D1.3,0,0.0,-1.0,[]
10.0,cluster_123292026_3663224279_3663224280_3663662945_#1more_0_D2.0,0,0.0,-1.0,[]
10.0,cluster_123292026_3663224279_3663224280_3663662945_#1more_0_D2.1,0,0.0,-1.0,[]
10.0,cluster_123292029_3663224277_3663224278_5344542569_#1more_0_D0.0,0,0.0,-1.0,[]
10.0,cluster_123292029_3663224277_3663224278_5344542569_#1more_0_D0.1,0,0.0,-1.0,[]
10.0,cluster_123292029_3663224277_3663224278_5344542569_#1more_0_D0.2,0,0.0,-1.0,[]
10.0,cluster_123292029_3663224277_3663224278_5344542569_#1more_0_D1.0,0,0.0,-1.0,[]
10.0,cluster_123292029_3663224277_3663224278_5344542569_#1more_0_D1.1,0,0.0,-1.0,[]
10.0,cluster_123292029_3663224277_3663224278_5344542569_#1more_0_D2.0,0,0.0,-1.0,[]
10.0,cluster_123292029_3663224277_3663224278_5344542569_#1more_0_D2.1,0,0.0,-1.0,[]
10.0,cluster_123292029_3663224277_3663224278_5344542569_#1more_0_D2.2,0,0.0,-1.0,[]
10.0,cluster_123292029_3663224277_3663224278_5344542569_#1more_0_D3.0,0,0.0,-1.0,[]
10.0,cluster_123292029_3663224277_3663224278_5344542569_#1more_0_D3.1,0,0.0,-1.0,[]
10.0,cluster_123292031_3663224275_3663224276_3663662936_#1more_0_D0.0,0,0.0,-1.0,[]
10.0,cluster_123292031_3663224275_3663224276_3663662936_#1more_0_D0.1,0,0.0,-1.0,[]
10.0,cluster_123292031_3663224275_3663224276_3663662936_#1more_0_D1.0,0,0.0,-1.0,[]
10.0,cluster_123292031_3663224275_3663224276_3663662936_#1more_0_D2.0,0,0.0,-1.0,[]
10.0,cluster_123292031_3663224275_3663224276_3663662936_#1more_0_D2.1,1,39.639265953367975,12.613755274585683,['veh1']
10.0,cluster_123308403_3663827018_3663827019_3664674393_#1more_0_D0.0,0,0.0,-1.0,[]
10.0,cluster_123308403_3663827018_3663827019_3664674393_#1more_0_D0.1,0,0.0,-1.0,[]
10.0,cluster_123308403_3663827018_3663827019_3664674393_#1more_0_D1.0,0,0.0,-1.0,[]
10.0,cluster_123308403_3663827018_3663827019_3664674393_#1more_0_D1.1,0,0.0,-1.0,[]
10.0,cluster_123308403_3663827018_3663827019_3664674393_#1more_0_D1.2,0,0.0,-1.0,[]
10.0,cluster_123308403_3663827018_3663827019_3664674393_#1more_0_D1.3,0,0.0,-1.0,[]
10.0,cluster_123308403_3663827018_3663827019_3664674393_#1more_0_D2.0,0,0.0,-1.0,[]
10.0,cluster_123308403_3663827018_3663827019_3664674393_#1more_0_D2.1,0,0.0,-1.0,[]
10.0,cluster_123308403_3663827018_3663827019_3664674393_#1more_0_D2.2,0,0.0,-1.0,[]
10.0,cluster_3664723686_3698084157_3698084158_3698084159_#1more_0_D0.0,0,0.0,-1.0,[]
10.0,cluster_3664723686_3698084157_3698084158_3698084159_#1more_0_D0.1,0,0.0,-1.0,[]
10.0,cluster_3664723686_3698084157_3698084158_3698084159_#1more_0_D0.2,0,0.0,-1.0,[]
10.0,cluster_3664723686_3698084157_3698084158_3698084159_#1more_0_D1.0,0,0.0,-1.0,[]
10.0,cluster_3664723686_3698084157_3698084158_3698084159_#1more_0_D1.1,0,0.0,-1.0,[]
10.0,cluster_3664723686_3698084157_3698084158_3698084159_#1more_0_D1.2,0,0.0,-1.0,[]
10.0,joinedS_3663662947_3663662948_3698084160_3698084161_#1more_0_D0.0,0,0.0,-1.0,[]
10.0,joinedS_3663662947_3663662948_3698084160_3698084161_#1more_0_D0.1,0,0.0,-1.0,[]
10.0,joinedS_3663662947_3663662948_3698084160_3698084161_#1more_0_D0.2,0,0.0,-1.0,[]
10.0,joinedS_3663662947_3663662948_3698084160_3698084161_#1more_0_D0.3,0,0.0,-1.0,[]
10.0,joinedS_3663662947_3663662948_3698084160_3698084161_#1more_0_D1.0,0,0.0,-1.0,[]
10.0,joinedS_3663662947_3663662948_3698084160_3698084161_#1more_0_D1.1,0,0.0,-1.0,[]
10.0,joinedS_3663662947_3663662948_3698084160_3698084161_#1more_0_D1.2,0,0.0,-1.0,[]
10.0,joinedS_3663662947_3663662948_3698084160_3698084161_#1more_0_D1.3,0,0.0,-1.0,[]
10.0,joinedS_3663662947_3663662948_3698084160_3698084161_#1more_0_D2.0,0,0.0,-1.0,[]
10.0,joinedS_3663662947_3663662948_3698084160_3698084161_#1more_0_D2.1,0,0.0,-1.0,[]
10.0,joinedS_3663662947_3663662948_3698084160_3698084161_#1more_0_D2.2,0,0.0,-1.0,[]
10.0,joinedS_3663662947_3663662948_3698084160_3698084161_#1more_0_D2.3,1,100.0,0.0,['veh5']
10.0,joinedS_3663662947_3663662948_3698084160_3698084161_#1more_0_D3.0,0,0.0,-1.0,[]
10.0,joinedS_3663662947_3663662948_3698084160_3698084161_#1more_0_D3.1,0,0.0,-1.0,[]
10.0,joinedS_3663662947_3663662948_3698084160_3698084161_#1more_0_D3.2,0,0.0,-1.0,[]
10.0,joinedS_3663662947_3663662948_3698084160_3698084161_#1more_0_D3.3,0,0.0,-1.0,[]
10.0,joinedS_3663662947_3663662948_3698084160_3698084161_#1more_0_D3.4,0,0.0,-1.0,[]
15.0,cluster_122855839_3663662942_3663662943_3663662944_#1more_0_D0.0,0,0.0,-1.0,[]
15.0,cluster_122855839_3663662942_3663662943_3663662944_#1more_0_D0.1,0,0.0,-1.0,[]
15.0,cluster_122855839_3663662942_3663662943_3663662944_#1more_0_D0.2,0,0.0,-1.0,[]
15.0,cluster_122855839_3663662942_3663662943_3663662944_#1more_0_D0.3,0,0.0,-1.0,[]
15.0,cluster_122855839_3663662942_3663662943_3663662944_#1more_0_D0.4,0,0.0,-1.0,[]
15.0,cluster_122855839_3663662942_3663662943_3663662944_#1more_0_D1.0,0,0.0,-1.0,[]
15.0,cluster_122855839_3663662942_3663662943_3663662944_#1more_0_D1.1,0,0.0,-1.0,[]
15.0,cluster_122855839_3663662942_3663662943_3663662944_#1more_0_D1.2,0,0.0,-1.0,[]
15.0,cluster_122855839_3663662942_3663662943_3663662944_#1more_0_D2.0,0,0.0,-1.0,[]
15.0,cluster_122855839_3663662942_3663662943_3663662944_#1more_0_D2.1,0,0.0,-1.0,[]
15.0,cluster_123241924_382443557_5344542568_5546892974_#3more_0_D0.0,0,0.0,-1.0,[]
15.0,cluster_123241924_382443557_5344542568_5546892974_#3more_0_D0.1,0,0.0,-1.0,[]
15.0,cluster_123241924_382443557_5344542568_5546892974_#3more_0_D0.2,0,0.0,-1.0,[]
15.0,cluster_123241924_382443557_5344542568_5546892974_#3more_0_D0.3,0,0.0,-1.0,[]
15.0,cluster_123241924_382443557_5344542568_5546892974_#3more_0_D0.4,0,0.0,-1.0,[]
15.0,cluster_123241924_382443557_5344542568_5546892974_#3more_0_D1.0,0,0.0,-1.0,[]
15.0,cluster_123241924_382443557_5344542568_5546892974_#3more_0_D2.0,0,0.0,-1.0,[]
15.0,cluster_123241924_382443557_5344542568_5546892974_#3more_0_D2.1,0,0.0,-1.0,[]
15.0,cluster_123241924_382443557_5344542568_5546892974_#3more_0_D2.2,0,0.0,-1.0,[]
15.0,cluster_123241924_382443557_5344542568_5546892974_#3more_0_D2.3,0,0.0,-1.0,[]
15.0,cluster_123241924_382443557_5344542568_5546892974_#3more_0_D2.4,0,0.0,-1.0,[]
15.0,cluster_123241924_382443557_5344542568_5546892974_#3more_0_D2.5,0,0.0,-1.0,[]
15.0,cluster_123241924_382443557_5344542568_5546892974_#3more_0_D3.0,0,0.0,-1.0,[]
15.0,cluster_123241924_382443557_5344542568_5546892974_#3more_0_D3.1,0,0.0,-1.0,[]
15.0,cluster_123241924_382443557_5344542568_5546892974_#3more_0_D3.2,0,0.0,-1.0,[]
15.0,cluster_123241924_382443557_5344542568_5546892974_#3more_0_D3.3,0,0.0,-1.0,[]
15.0,cluster_123241924_382443557_5344542568_5546892974_#3more_0_D3.4,0,0.0,-1.0,[]
15.0,cluster_123281084_3663662939_3664674395_3664674397_#1more_0_D0.0,0,0.0,-1.0,[]
15.0,cluster_123281084_3663662939_3664674395_3664674397_#1more_0_D0.1,0,0.0,-1.0,[]
15.0,cluster_123281084_3663662939_3664674395_3664674397_#1more_0_D0.2,0,0.0,-1.0,[]
15.0,cluster_123281084_3663662939_3664674395_3664674397_#1more_0_D0.3,0,0.0,-1.0,[]
15.0,cluster_123281084_3663662939_3664674395_3664674397_#1more_0_D0.4,0,0.0,-1.0,[]
15.0,cluster_123281084_3663662939_3664674395_3664674397_#1more_0_D1.0,0,0.0,-1.0,[]
15.0,cluster_123281084_3663662939_3664674395_3664674397_#1more_0_D1.1,0,0.0,-1.0,[]
15.0,cluster_123281084_3663662939_3664674395_3664674397_#1more_0_D2.0,0,0.0,-1.0,[]
15.0,cluster_123281084_3663662939_3664674395_3664674397_#1more_0_D2.1,0,0.0,-1.0,[]
15.0,cluster_123281085_12840608127_12840608130_12840608135_#1more_0_D0.0,0,0.0,-1.0,[]
15.0,cluster_123281085_12840608127_12840608130_12840608135_#1more_0_D1.0,0,0.0,-1.0,[]
15.0,cluster_123292026_3663224279_3663224280_3663662945_#1more_0_D0.0,0,0.0,-1.0,[]
15.0,cluster_123292026_3663224279_3663224280_3663662945_#1more_0_D0.1,0,0.0,-1.0,[]
15.0,cluster_123292026_3663224279_3663224280_3663662945_#1more_0_D1.0,0,0.0,-1.0,[]
15.0,cluster_123292026_3663224279_3663224280_3663662945_#1more_0_D1.1,0,0.0,-1.0,[]
15.0,cluster_123292026_3663224279_3663224280_3663662945_#1more_0_D1.2,0,0.0,-1.0,[]
15.0,cluster_123292026_3663224279_3663224280_3663662945_#1more_0_D1.3,0,0.0,-1.0,[]
15.0,cluster_123292026_3663224279_3663224280_3663662945_#1more_0_D2.0,0,0.0,-1.0,[]
15.0,cluster_123292026_3663224279_3663224280_3663662945_#1more_0_D2.1,0,0.0,-1.0,[]
15.0,cluster_123292029_3663224277_3663224278_5344542569_#1more_0_D0.0,0,0.0,-1.0,[]
15.0,cluster_123292029_3663224277_3663224278_5344542569_#1more_0_D0.1,0,0.0,-1.0,[]
15.0,cluster_123292029_3663224277_3663224278_5344542569_#1more_0_D0.2,0,0.0,-1.0,[]
15.0,cluster_123292029_3663224277_3663224278_5344542569_#1more_0_D1.0,0,0.0,-1.0,[]
15.0,cluster_123292029_3663224277_3663224278_5344542569_#1more_0_D1.1,0,0.0,-1.0,[]
15.0,cluster_123292029_3663224277_3663224278_5344542569_#1more_0_D2.0,0,0.0,-1.0,[]
15.0,cluster_123292029_3663224277_3663224278_5344542569_#1more_0_D2.1,0,0.0,-1.0,[]
15.0,cluster_123292029_3663224277_3663224278_5344542569_#1more_0_D2.2,0,0.0,-1.0,[]
15.0,cluster_123292029_3663224277_3663224278_5344542569_#1more_0_D3.0,0,0.0,-1.0,[]
15.0,cluster_123292029_3663224277_3663224278_5344542569_#1more_0_D3.1,0,0.0,-1.0,[]
15.0,cluster_123292031_3663224275_3663224276_3663662936_#1more_0_D0.0,0,0.0,-1.0,[]
15.0,cluster_123292031_3663224275_3663224276_3663662936_#1more_0_D0.1,0,0.0,-1.0,[]
15.0,cluster_123292031_3663224275_3663224276_3663662936_#1more_0_D1.0,0,0.0,-1.0,[]
15.0,cluster_123292031_3663224275_3663224276_3663662936_#1more_0_D2.0,0,0.0,-1.0,[]
15.0,cluster_123292031_3663224275_3663224276_3663662936_#1more_0_D2.1,0,0.0,-1.0,[]
15.0,cluster_123308403_3663827018_3663827019_3664674393_#1more_0_D0.0,0,0.0,-1.0,[]
15.0,cluster_123308403_3663827018_3663827019_3664674393_#1more_0_D0.1,0,0.0,-1.0,[]
15.0,cluster_123308403_3663827018_3663827019_3664674393_#1more_0_D1.0,0,0.0,-1.0,[]
15.0,cluster_123308403_3663827018_3663827019_3664674393_#1more_0_D1.1,0,0.0,-1.0,[]
15.0,cluster_123308403_3663827018_3663827019_3664674393_#1more_0_D1.2,0,0.0,-1.0,[]
15.0,cluster_123308403_3663827018_3663827019_3664674393_#1more_0_D1.3,0,0.0,-1.0,[]
15.0,cluster_123308403_3663827018_3663827019_3664674393_#1more_0_D2.0,0,0.0,-1.0,[]
15.0,cluster_123308403_3663827018_3663827019_3664674393_#1more_0_D2.1,0,0.0,-1.0,[]
15.0,cluster_123308403_3663827018_3663827019_3664674393_#1more_0_D2.2,0,0.0,-1.0,[]
15.0,cluster_3664723686_3698084157_3698084158_3698084159_#1more_0_D0.0,0,0.0,-1.0,[]
15.0,cluster_3664723686_3698084157_3698084158_3698084159_#1more_0_D0.1,0,0.0,-1.0,[]
15.0,cluster_3664723686_3698084157_3698084158_3698084159_#1more_0_D0.2,0,0.0,-1.0,[]
15.0,cluster_3664723686_3698084157_3698084158_3698084159_#1more_0_D1.0,0,0.0,-1.0,[]
15.0,cluster_3664723686_3698084157_3698084158_3698084159_#1more_0_D1.1,0,0.0,-1.0,[]
15.0,cluster_3664723686_3698084157_3698084158_3698084159_#1more_0_D1.2,0,0.0,-1.0,[]
15.0,joinedS_3663662947_3663662948_3698084160_3698084161_#1more_0_D0.0,0,0.0,-1.0,[]
15.0,joinedS_3663662947_3663662948_3698084160_3698084161_#1more_0_D0.1,0,0.0,-1.0,[]
15.0,joinedS_3663662947_3663662948_3698084160_3698084161_#1more_0_D0.2,0,0.0,-1.0,[]
15.0,joinedS_3663662947_3663662948_3698084160_3698084161_#1more_0_D0.3,0,0.0,-1.0,[]
15.0,joinedS_3663662947_3663662948_3698084160_3698084161_#1more_0_D1.0,0,0.0,-1.0,[]
15.0,joinedS_3663662947_3663662948_3698084160_3698084161_#1more_0_D1.1,0,0.0,-1.0,[]
15.0,joinedS_3663662947_3663662948_3698084160_3698084161_#1more_0_D1.2,0,0.0,-1.0,[]
15.0,joinedS_3663662947_3663662948_3698084160_3698084161_#1more_0_D1.3,0,0.0,-1.0,[]
15.0,joinedS_3663662947_3663662948_3698084160_3698084161_#1more_0_D2.0,0,0.0,-1.0,[]
15.0,joinedS_3663662947_3663662948_3698084160_3698084161_#1more_0_D2.1,0,0.0,-1.0,[]
15.0,joinedS_3663662947_3663662948_3698084160_3698084161_#1more_0_D2.2,0,0.0,-1.0,[]
15.0,joinedS_3663662947_3663662948_3698084160_3698084161_#1more_0_D2.3,1,100.0,-1.0,['veh5']
15.0,joinedS_3663662947_3663662948_3698084160_3698084161_#1more_0_D3.0,0,0.0,-1.0,[]
15.0,joinedS_3663662947_3663662948_3698084160_3698084161_#1more_0_D3.1,0,0.0,-1.0,[]
15.0,joinedS_3663662947_3663662948_3698084160_3698084161_#1more_0_D3.2,0,0.0,-1.0,[]
15.0,joinedS_3663662947_3663662948_3698084160_3698084161_#1more_0_D3.3,0,0.0,-1.0,[]
15.0,joinedS_3663662947_3663662948_3698084160_3698084161_#1more_0_D3.4,0,0.0,-1.0,[]
20.0,cluster_122855839_3663662942_3663662943_3663662944_#1more_0_D0.0,0,0.0,-1.0,[]
20.0,cluster_122855839_3663662942_3663662943_3663662944_#1more_0_D0.1,0,0.0,-1.0,[]
20.0,cluster_122855839_3663662942_3663662943_3663662944_#1more_0_D0.2,0,0.0,-1.0,[]
20.0,cluster_122855839_3663662942_3663662943_3663662944_#1more_0_D0.3,0,0.0,-1.0,[]
20.0,cluster_122855839_3663662942_3663662943_3663662944_#1more_0_D0.4,1,15.203790559648311,12.570530911606363,['veh3']
20.0,cluster_122855839_3663662942_3663662943_3663662944_#1more_0_D1.0,0,0.0,-1.0,[]
20.0,cluster_122855839_3663662942_3663662943_3663662944_#1more_0_D1.1,0,0.0,-1.0,[]
20.0,cluster_122855839_3663662942_3663662943_3663662944_#1more_0_D1.2,0,0.0,-1.0,[]
20.0,cluster_122855839_3663662942_3663662943_3663662944_#1more_0_D2.0,0,0.0,-1.0,[]
20.0,cluster_122855839_3663662942_3663662943_3663662944_#1more_0_D2.1,0,0.0,-1.0,[]
20.0,cluster_123241924_382443557_5344542568_5546892974_#3more_0_D0.0,0,0.0,-1.0,[]
20.0,cluster_123241924_382443557_5344542568_5546892974_#3more_0_D0.1,0,0.0,-1.0,[]
20.0,cluster_123241924_382443557_5344542568_5546892974_#3more_0_D0.2,0,0.0,-1.0,[]
20.0,cluster_123241924_382443557_5344542568_5546892974_#3more_0_D0.3,0,0.0,-1.0,[]
20.0,cluster_123241924_382443557_5344542568_5546892974_#3more_0_D0.4,0,0.0,-1.0,[]
20.0,cluster_123241924_382443557_5344542568_5546892974_#3more_0_D1.0,0,0.0,-1.0,[]
20.0,cluster_123241924_382443557_5344542568_5546892974_#3more_0_D2.0,0,0.0,-1.0,[]
20.0,cluster_123241924_382443557_5344542568_5546892974_#3more_0_D2.1,0,0.0,-1.0,[]
20.0,cluster_123241924_382443557_5344542568_5546892974_#3more_0_D2.2,0,0.0,-1.0,[]
20.0,cluster_123241924_382443557_5344542568_5546892974_#3more_0_D2.3,0,0.0,-1.0,[]
20.0,cluster_123241924_382443557_5344542568_5546892974_#3more_0_D2.4,0,0.0,-1.0,[]
20.0,cluster_123241924_382443557_5344542568_5546892974_#3more_0_D2.5,0,0.0,-1.0,[]
20.0,cluster_123241924_382443557_5344542568_5546892974_#3more_0_D3.0,0,0.0,-1.0,[]
20.0,cluster_123241924_382443557_5344542568_5546892974_#3more_0_D3.1,0,0.0,-1.0,[]
20.0,cluster_123241924_382443557_5344542568_5546892974_#3more_0_D3.2,0,0.0,-1.0,[]
20.0,cluster_123241924_382443557_5344542568_5546892974_#3more_0_D3.3,0,0.0,-1.0,[]
20.0,cluster_123241924_382443557_5344542568_5546892974_#3more_0_D3.4,0,0.0,-1.0,[]
20.0,cluster_123281084_3663662939_3664674395_3664674397_#1more_0_D0.0,0,0.0,-1.0,[]
20.0,cluster_123281084_3663662939_3664674395_3664674397_#1more_0_D0.1,0,0.0,-1.0,[]
20.0,cluster_123281084_3663662939_3664674395_3664674397_#1more_0_D0.2,0,0.0,-1.0,[]
20.0,cluster_123281084_3663662939_3664674395_3664674397_#1more_0_D0.3,0,0.0,-1.0,[]
20.0,cluster_123281084_3663662939_3664674395_3664674397_#1more_0_D0.4,0,0.0,-1.0,[]
20.0,cluster_123281084_3663662939_3664674395_3664674397_#1more_0_D1.0,0,0.0,-1.0,[]
20.0,cluster_123281084_3663662939_3664674395_3664674397_#1more_0_D1.1,0,0.0,-1.0,[]
20.0,cluster_123281084_3663662939_3664674395_3664674397_#1more_0_D2.0,0,0.0,-1.0,[]
20.0,cluster_123281084_3663662939_3664674395_3664674397_#1more_0_D2.1,0,0.0,-1.0,[]
20.0,cluster_123281085_12840608127_12840608130_12840608135_#1more_0_D0.0,0,0.0,-1.0,[]
20.0,cluster_123281085_12840608127_12840608130_12840608135_#1more_0_D1.0,0,0.0,-1.0,[]
20.0,cluster_123292026_3663224279_3663224280_3663662945_#1more_0_D0.0,0,0.0,-1.0,[]
20.0,cluster_123292026_3663224279_3663224280_3663662945_#1more_0_D0.1,0,0.0,-1.0,[]
20.0,cluster_123292026_3663224279_3663224280_3663662945_#1more_0_D1.0,0,0.0,-1.0,[]
20.0,cluster_123292026_3663224279_3663224280_3663662945_#1more_0_D1.1,0,0.0,-1.0,[]
20.0,cluster_123292026_3663224279_3663224280_3663662945_#1more_0_D1.2,0,0.0,-1.0,[]
20.0,cluster_123292026_3663224279_3663224280_3663662945_#1more_0_D1.3,0,0.0,-1.0,[]
20.0,cluster_123292026_3663224279_3663224280_3663662945_#1more_0_D2.0,0,0.0,-1.0,[]
20.0,cluster_123292026_3663224279_3663224280_3663662945_#1more_0_D2.1,0,0.0,-1.0,[]
20.0,cluster_123292029_3663224277_3663224278_5344542569_#1more_0_D0.0,0,0.0,-1.0,[]
20.0,cluster_123292029_3663224277_3663224278_5344542569_#1more_0_D0.1,0,0.0,-1.0,[]
20.0,cluster_123292029_3663224277_3663224278_5344542569_#1more_0_D0.2,0,0.0,-1.0,[]
20.0,cluster_123292029_3663224277_3663224278_5344542569_#1more_0_D1.0,0,0.0,-1.0,[]
20.0,cluster_123292029_3663224277_3663224278_5344542569_#1more_0_D1.1,0,0.0,-1.0,[]
20.0,cluster_123292029_3663224277_3663224278_5344542569_#1more_0_D2.0,0,0.0,-1.0,[]
20.0,cluster_123292029_3663224277_3663224278_5344542569_#1more_0_D2.1,0,0.0,-1.0,[]
20.0,cluster_123292029_3663224277_3663224278_5344542569_#1more_0_D2.2,0,0.0,-1.0,[]
20.0,cluster_123292029_3663224277_3663224278_5344542569_#1more_0_D3.0,0,0.0,-1.0,[]
20.0,cluster_123292029_3663224277_3663224278_5344542569_#1more_0_D3.1,0,0.0,-1.0,[]
20.0,cluster_123292031_3663224275_3663224276_3663662936_#1more_0_D0.0,0,0.0,-1.0,[]
20.0,cluster_123292031_3663224275_3663224276_3663662936_#1more_0_D0.1,0,0.0,-1.0,[]
20.0,cluster_123292031_3663224275_3663224276_3663662936_#1more_0_D1.0,0,0.0,-1.0,[]
20.0,cluster_123292031_3663224275_3663224276_3663662936_#1more_0_D2.0,0,0.0,-1.0,[]
20.0,cluster_123292031_3663224275_3663224276_3663662936_#1more_0_D2.1,1,0.947637033171489,10.197470395086896,['veh8']
20.0,cluster_123308403_3663827018_3663827019_3664674393_#1more_0_D0.0,0,0.0,-1.0,[]
20.0,cluster_123308403_3663827018_3663827019_3664674393_#1more_0_D0.1,0,0.0,-1.0,[]
20.0,cluster_123308403_3663827018_3663827019_3664674393_#1more_0_D1.0,0,0.0,-1.0,[]
20.0,cluster_123308403_3663827018_3663827019_3664674393_#1more_0_D1.1,0,0.0,-1.0,[]
20.0,cluster_123308403_3663827018_3663827019_3664674393_#1more_0_D1.2,0,0.0,-1.0,[]
20.0,cluster_123308403_3663827018_3663827019_3664674393_#1more_0_D1.3,0,0.0,-1.0,[]
20.0,cluster_123308403_3663827018_3663827019_3664674393_#1more_0_D2.0,0,0.0,-1.0,[]
20.0,cluster_123308403_3663827018_3663827019_3664674393_#1more_0_D2.1,0,0.0,-1.0,[]
20.0,cluster_123308403_3663827018_3663827019_3664674393_#1more_0_D2.2,0,0.0,-1.0,[]
20.0,cluster_3664723686_3698084157_3698084158_3698084159_#1more_0_D0.0,0,0.0,-1.0,[]
20.0,cluster_3664723686_3698084157_3698084158_3698084159_#1more_0_D0.1,0,0.0,-1.0,[]
20.0,cluster_3664723686_3698084157_3698084158_3698084159_#1more_0_D0.2,0,0.0,-1.0,[]
20.0,cluster_3664723686_3698084157_3698084158_3698084159_#1more_0_D1.0,0,0.0,-1.0,[]
20.0,cluster_3664723686_3698084157_3698084158_3698084159_#1more_0_D1.1,0,0.0,-1.0,[]
20.0,cluster_3664723686_3698084157_3698084158_3698084159_#1more_0_D1.2,0,0.0,-1.0,[]
20.0,joinedS_3663662947_3663662948_3698084160_3698084161_#1more_0_D0.0,0,0.0,-1.0,[]
20.0,joinedS_3663662947_3663662948_3698084160_3698084161_#1more_0_D0.1,0,0.0,-1.0,[]
20.0,joinedS_3663662947_3663662948_3698084160_3698084161_#1more_0_D0.2,1,74.3716101012982,5.7240744668641135,['veh5']
20.0,joinedS_3663662947_3663662948_3698084160_3698084161_#1more_0_D0.3,0,0.0,-1.0,[]
20.0,joinedS_3663662947_3663662948_3698084160_3698084161_#1more_0_D1.0,0,0.0,-1.0,[]
20.0,joinedS_3663662947_3663662948_3698084160_3698084161_#1more_0_D1.1,0,0.0,-1.0,[]
20.0,joinedS_3663662947_3663662948_3698084160_3698084161_#1more_0_D1.2,0,0.0,-1.0,[]
20.0,joinedS_3663662947_3663662948_3698084160_3698084161_#1more_0_D1.3,0,0.0,-1.0,[]
20.0,joinedS_3663662947_3663662948_3698084160_3698084161_#1more_0_D2.0,0,0.0,-1.0,[]
20.0,joinedS_3663662947_3663662948_3698084160_3698084161_#1more_0_D2.1,0,0.0,-1.0,[]
20.0,joinedS_3663662947_3663662948_3698084160_3698084161_#1more_0_D2.2,0,0.0,-1.0,[]
20.0,joinedS_3663662947_3663662948_3698084160_3698084161_#1more_0_D2.3,0,0.0,-1.0,[]
20.0,joinedS_3663662947_3663662948_3698084160_3698084161_#1more_0_D3.0,0,0.0,-1.0,[]
20.0,joinedS_3663662947_3663662948_3698084160_3698084161_#1more_0_D3.1,0,0.0,-1.0,[]
20.0,joinedS_3663662947_3663662948_3698084160_3698084161_#1more_0_D3.2,1,100.0,-1.0,['veh11']
20.0,joinedS_3663662947_3663662948_3698084160_3698084161_#1more_0_D3.3,0,0.0,-1.0,[]
20.0,joinedS_3663662947_3663662948_3698084160_3698084161_#1more_0_D3.4,0,0.0,-1.0,[]
25.0,cluster_122855839_3663662942_3663662943_3663662944_#1more_0_D0.0,0,0.0,-1.0,[]
25.0,cluster_122855839_3663662942_3663662943_3663662944_#1more_0_D0.1,0,0.0,-1.0,[]
25.0,cluster_122855839_3663662942_3663662943_3663662944_#1more_0_D0.2,0,0.0,-1.0,[]
25.0,cluster_122855839_3663662942_3663662943_3663662944_#1more_0_D0.3,0,0.0,-1.0,[]
25.0,cluster_122855839_3663662942_3663662943_3663662944_#1more_0_D0.4,0,0.0,-1.0,[]
25.0,cluster_122855839_3663662942_3663662943_3663662944_#1more_0_D1.0,0,0.0,-1.0,[]
25.0,cluster_122855839_3663662942_3663662943_3663662944_#1more_0_D1.1,0,0.0,-1.0,[]
25.0,cluster_122855839_3663662942_3663662943_3663662944_#1more_0_D1.2,0,0.0,-1.0,[]
25.0,cluster_122855839_3663662942_3663662943_3663662944_#1more_0_D2.0,0,0.0,-1.0,[]
25.0,cluster_122855839_3663662942_3663662943_3663662944_#1more_0_D2.1,0,0.0,-1.0,[]
25.0,cluster_123241924_382443557_5344542568_5546892974_#3more_0_D0.0,0,0.0,-1.0,[]
25.0,cluster_123241924_382443557_5344542568_5546892974_#3more_0_D0.1,0,0.0,-1.0,[]
25.0,cluster_123241924_382443557_5344542568_5546892974_#3more_0_D0.2,0,0.0,-1.0,[]
25.0,cluster_123241924_382443557_5344542568_5546892974_#3more_0_D0.3,0,0.0,-1.0,[]
25.0,cluster_123241924_382443557_5344542568_5546892974_#3more_0_D0.4,0,0.0,-1.0,[]
25.0,cluster_123241924_382443557_5344542568_5546892974_#3more_0_D1.0,0,0.0,-1.0,[]
25.0,cluster_123241924_382443557_5344542568_5546892974_#3more_0_D2.0,0,0.0,-1.0,[]
25.0,cluster_123241924_382443557_5344542568_5546892974_#3more_0_D2.1,0,0.0,-1.0,[]
25.0,cluster_123241924_382443557_5344542568_5546892974_#3more_0_D2.2,0,0.0,-1.0,[]
25.0,cluster_123241924_382443557_5344542568_5546892974_#3more_0_D2.3,0,0.0,-1.0,[]
25.0,cluster_123241924_382443557_5344542568_5546892974_#3more_0_D2.4,0,0.0,-1.0,[]
25.0,cluster_123241924_382443557_5344542568_5546892974_#3more_0_D2.5,0,0.0,-1.0,[]
25.0,cluster_123241924_382443557_5344542568_5546892974_#3more_0_D3.0,0,0.0,-1.0,[]
25.0,cluster_123241924_382443557_5344542568_5546892974_#3more_0_D3.1,0,0.0,-1.0,[]
25.0,cluster_123241924_382443557_5344542568_5546892974_#3more_0_D3.2,0,0.0,-1.0,[]
25.0,cluster_123241924_382443557_5344542568_5546892974_#3more_0_D3.3,0,0.0,-1.0,[]
25.0,cluster_123241924_382443557_5344542568_5546892974_#3more_0_D3.4,0,0.0,-1.0,[]
25.0,cluster_123281084_3663662939_3664674395_3664674397_#1more_0_D0.0,0,0.0,-1.0,[]
25.0,cluster_123281084_3663662939_3664674395_3664674397_#1more_0_D0.1,0,0.0,-1.0,[]
25.0,cluster_123281084_3663662939_3664674395_3664674397_#1more_0_D0.2,0,0.0,-1.0,[]
25.0,cluster_123281084_3663662939_3664674395_3664674397_#1more_0_D0.3,0,0.0,-1.0,[]
25.0,cluster_123281084_3663662939_3664674395_3664674397_#1more_0_D0.4,0,0.0,-1.0,[]
25.0,cluster_123281084_3663662939_3664674395_3664674397_#1more_0_D1.0,0,0.0,-1.0,[]
25.0,cluster_123281084_3663662939_3664674395_3664674397_#1more_0_D1.1,0,0.0,-1.0,[]
25.0,cluster_123281084_3663662939_3664674395_3664674397_#1more_0_D2.0,0,0.0,-1.0,[]
25.0,cluster_123281084_3663662939_3664674395_3664674397_#1more_0_D2.1,0,0.0,-1.0,[]
25.0,cluster_123281085_12840608127_12840608130_12840608135_#1more_0_D0.0,0,0.0,-1.0,[]
25.0,cluster_123281085_12840608127_12840608130_12840608135_#1more_0_D1.0,0,0.0,-1.0,[]
25.0,cluster_123292026_3663224279_3663224280_3663662945_#1more_0_D0.0,0,0.0,-1.0,[]
25.0,cluster_123292026_3663224279_3663224280_3663662945_#1more_0_D0.1,0,0.0,-1.0,[]
25.0,cluster_123292026_3663224279_3663224280_3663662945_#1more_0_D1.0,0,0.0,-1.0,[]
25.0,cluster_123292026_3663224279_3663224280_3663662945_#1more_0_D1.1,0,0.0,-1.0,[]
25.0,cluster_123292026_3663224279_3663224280_3663662945_#1more_0_D1.2,1,37.988151670706216,13.161998623522521,['veh9']
25.0,cluster_123292026_3663224279_3663224280_3663662945_#1more_0_D1.3,0,0.0,-1.0,[]
25.0,cluster_123292026_3663224279_3663224280_3663662945_#1more_0_D2.0,0,0.0,-1.0,[]
25.0,cluster_123292026_3663224279_3663224280_3663662945_#1more_0_D2.1,0,0.0,-1.0,[]
25.0,cluster_123292029_3663224277_3663224278_5344542569_#1more_0_D0.0,0,0.0,-1.0,[]
25.0,cluster_123292029_3663224277_3663224278_5344542569_#1more_0_D0.1,0,0.0,-1.0,[]
25.0,cluster_123292029_3663224277_3663224278_5344542569_#1more_0_D0.2,0,0.0,-1.0,[]
25.0,cluster_123292029_3663224277_3663224278_5344542569_#1more_0_D1.0,0,0.0,-1.0,[]
25.0,cluster_123292029_3663224277_3663224278_5344542569_#1more_0_D1.1,0,0.0,-1.0,[]
25.0,cluster_123292029_3663224277_3663224278_5344542569_#1more_0_D2.0,0,0.0,-1.0,[]
25.0,cluster_123292029_3663224277_3663224278_5344542569_#1more_0_D2.1,0,0.0,-1.0,[]
25.0,cluster_123292029_3663224277_3663224278_5344542569_#1more_0_D2.2,0,0.0,-1.0,[]
25.0,cluster_123292029_3663224277_3663224278_5344542569_#1more_0_D3.0,0,0.0,-1.0,[]
25.0,cluster_123292029_3663224277_3663224278_5344542569_#1more_0_D3.1,0,0.0,-1.0,[]
25.0,cluster_123292031_3663224275_3663224276_3663662936_#1more_0_D0.0,0,0.0,-1.0,[]
25.0,cluster_123292031_3663224275_3663224276_3663662936_#1more_0_D0.1,0,0.0,-1.0,[]
25.0,cluster_123292031_3663224275_3663224276_3663662936_#1more_0_D1.0,1,0.0,-1.0,['truck0']
25.0,cluster_123292031_3663224275_3663224276_3663662936_#1more_0_D2.0,0,0.0,-1.0,[]
25.0,cluster_123292031_3663224275_3663224276_3663662936_#1more_0_D2.1,0,0.0,-1.0,[]
25.0,cluster_123308403_3663827018_3663827019_3664674393_#1more_0_D0.0,0,0.0,-1.0,[]
25.0,cluster_123308403_3663827018_3663827019_3664674393_#1more_0_D0.1,0,0.0,-1.0,[]
25.0,cluster_123308403_3663827018_3663827019_3664674393_#1more_0_D1.0,0,0.0,-1.0,[]
25.0,cluster_123308403_3663827018_3663827019_3664674393_#1more_0_D1.1,0,0.0,-1.0,[]
25.0,cluster_123308403_3663827018_3663827019_3664674393_#1more_0_D1.2,0,0.0,-1.0,[]
25.0,cluster_123308403_3663827018_3663827019_3664674393_#1more_0_D1.3,0,0.0,-1.0,[]
25.0,cluster_123308403_3663827018_3663827019_3664674393_#1more_0_D2.0,0,0.0,-1.0,[]
25.0,cluster_123308403_3663827018_3663827019_3664674393_#1more_0_D2.1,0,0.0,-1.0,[]
25.0,cluster_123308403_3663827018_3663827019_3664674393_#1more_0_D2.2,0,0.0,-1.0,[]
25.0,cluster_3664723686_3698084157_3698084158_3698084159_#1more_0_D0.0,0,0.0,-1.0,[]
25.0,cluster_3664723686_3698084157_3698084158_3698084159_#1more_0_D0.1,0,0.0,-1.0,[]
25.0,cluster_3664723686_3698084157_3698084158_3698084159_#1more_0_D0.2,0,0.0,-1.0,[]
25.0,cluster_3664723686_3698084157_3698084158_3698084159_#1more_0_D1.0,0,0.0,-1.0,[]
25.0,cluster_3664723686_3698084157_3698084158_3698084159_#1more_0_D1.1,0,0.0,-1.0,[]
25.0,cluster_3664723686_3698084157_3698084158_3698084159_#1more_0_D1.2,0,0.0,-1.0,[]
25.0,joinedS_3663662947_3663662948_3698084160_3698084161_#1more_0_D0.0,0,0.0,-1.0,[]
25.0,joinedS_3663662947_3663662948_3698084160_3698084161_#1more_0_D0.1,0,0.0,-1.0,[]
25.0,joinedS_3663662947_3663662948_3698084160_3698084161_#1more_0_D0.2,0,0.0,-1.0,[]
25.0,joinedS_3663662947_3663662948_3698084160_3698084161_#1more_0_D0.3,0,0.0,-1.0,[]
25.0,joinedS_3663662947_3663662948_3698084160_3698084161_#1more_0_D1.0,0,0.0,-1.0,[]
25.0,joinedS_3663662947_3663662948_3698084160_3698084161_#1more_0_D1.1,0,0.0,-1.0,[]
25.0,joinedS_3663662947_3663662948_3698084160_3698084161_#1more_0_D1.2,0,0.0,-1.0,[]
25.0,joinedS_3663662947_3663662948_3698084160_3698084161_#1more_0_D1.3,0,0.0,-1.0,[]
25.0,joinedS_3663662947_3663662948_3698084160_3698084161_#1more_0_D2.0,0,0.0,-1.0,[]
25.0,joinedS_3663662947_3663662948_3698084160_3698084161_#1more_0_D2.1,0,0.0,-1.0,[]
25.0,joinedS_3663662947_3663662948_3698084160_3698084161_#1more_0_D2.2,0,0.0,-1.0,[]
25.0,joinedS_3663662947_3663662948_3698084160_3698084161_#1more_0_D2.3,0,0.0,-1.0,[]
25.0,joinedS_3663662947_3663662948_3698084160_3698084161_#1more_0_D3.0,1,100.0,-1.0,['veh14']
25.0,joinedS_3663662947_3663662948_3698084160_3698084161_#1more_0_D3.1,1,100.0,0.0,['veh11']
25.0,joinedS_3663662947_3663662948_3698084160_3698084161_#1more_0_D3.2,1,0.0,-1.0,['veh11']
25.0,joinedS_3663662947_3663662948_3698084160_3698084161_#1more_0_D3.3,0,0.0,-1.0,[]
25.0,joinedS_3663662947_3663662948_3698084160_3698084161_#1more_0_D3.4,0,0.0,-1.0,[]
30.0,cluster_122855839_3663662942_3663662943_3663662944_#1more_0_D0.0,0,0.0,-1.0,[]
30.0,cluster_122855839_3663662942_3663662943_3663662944_#1more_0_D0.1,0,0.0,-1.0,[]
30.0,cluster_122855839_3663662942_3663662943_3663662944_#1more_0_D0.2,0,0.0,-1.0,[]
30.0,cluster_122855839_3663662942_3663662943_3663662944_#1more_0_D0.3,0,0.0,-1.0,[]
30.0,cluster_122855839_3663662942_3663662943_3663662944_#1more_0_D0.4,0,0.0,-1.0,[]
30.0,cluster_122855839_3663662942_3663662943_3663662944_#1more_0_D1.0,0,0.0,-1.0,[]
30.0,cluster_122855839_3663662942_3663662943_3663662944_#1more_0_D1.1,0,0.0,-1.0,[]
30.0,cluster_122855839_3663662942_3663662943_3663662944_#1more_0_D1.2,0,0.0,-1.0,[]
30.0,cluster_122855839_3663662942_3663662943_3663662944_#1more_0_D2.0,0,0.0,-1.0,[]
30.0,cluster_122855839_3663662942_3663662943_3663662944_#1more_0_D2.1,0,0.0,-1.0,[]
30.0,cluster_123241924_382443557_5344542568_5546892974_#3more_0_D0.0,0,0.0,-1.0,[]
30.0,cluster_123241924_382443557_5344542568_5546892974_#3more_0_D0.1,0,0.0,-1.0,[]
30.0,cluster_123241924_382443557_5344542568_5546892974_#3more_0_D0.2,0,0.0,-1.0,[]
30.0,cluster_123241924_382443557_5344542568_5546892974_#3more_0_D0.3,0,0.0,-1.0,[]
30.0,cluster_123241924_382443557_5344542568_5546892974_#3more_0_D0.4,0,0.0,-1.0,[]
30.0,cluster_123241924_382443557_5344542568_5546892974_#3more_0_D1.0,0,0.0,-1.0,[]
30.0,cluster_123241924_382443557_5344542568_5546892974_#3more_0_D2.0,0,0.0,-1.0,[]
30.0,cluster_123241924_382443557_5344542568_5546892974_#3more_0_D2.1,0,0.0,-1.0,[]
30.0,cluster_123241924_382443557_5344542568_5546892974_#3more_0_D2.2,0,0.0,-1.0,[]
30.0,cluster_123241924_382443557_5344542568_5546892974_#3more_0_D2.3,0,0.0,-1.0,[]
30.0,cluster_123241924_382443557_5344542568_5546892974_#3more_0_D2.4,0,0.0,-1.0,[]
30.0,cluster_123241924_382443557_5344542568_5546892974_#3more_0_D2.5,0,0.0,-1.0,[]
30.0,cluster_123241924_382443557_5344542568_5546892974_#3more_0_D3.0,0,0.0,-1.0,[]
30.0,cluster_123241924_382443557_5344542568_5546892974_#3more_0_D3.1,0,0.0,-1.0,[]
30.0,cluster_123241924_382443557_5344542568_5546892974_#3more_0_D3.2,0,0.0,-1.0,[]
30.0,cluster_123241924_382443557_5344542568_5546892974_#3more_0_D3.3,0,0.0,-1.0,[]
30.0,cluster_123241924_382443557_5344542568_5546892974_#3more_0_D3.4,0,0.0,-1.0,[]
30.0,cluster_123281084_3663662939_3664674395_3664674397_#1more_0_D0.0,0,0.0,-1.0,[]
30.0,cluster_123281084_3663662939_3664674395_3664674397_#1more_0_D0.1,0,0.0,-1.0,[]
30.0,cluster_123281084_3663662939_3664674395_3664674397_#1more_0_D0.2,0,0.0,-1.0,[]
30.0,cluster_123281084_3663662939_3664674395_3664674397_#1more_0_D0.3,0,0.0,-1.0,[]
30.0,cluster_123281084_3663662939_3664674395_3664674397_#1more_0_D0.4,0,0.0,-1.0,[]
30.0,cluster_123281084_3663662939_3664674395_3664674397_#1more_0_D1.0,1,0.0,-1.0,['bus0']
30.0,cluster_123281084_3663662939_3664674395_3664674397_#1more_0_D1.1,0,0.0,-1.0,[]
30.0,cluster_123281084_3663662939_3664674395_3664674397_#1more_0_D2.0,0,0.0,-1.0,[]
30.0,cluster_123281084_3663662939_3664674395_3664674397_#1more_0_D2.1,0,0.0,-1.0,[]
30.0,cluster_123281085_12840608127_12840608130_12840608135_#1more_0_D0.0,0,0.0,-1.0,[]
30.0,cluster_123281085_12840608127_12840608130_12840608135_#1more_0_D1.0,0,0.0,-1.0,[]
30.0,cluster_123292026_3663224279_3663224280_3663662945_#1more_0_D0.0,0,0.0,-1.0,[]
30.0,cluster_123292026_3663224279_3663224280_3663662945_#1more_0_D0.1,0,0.0,-1.0,[]
30.0,cluster_123292026_3663224279_3663224280_3663662945_#1more_0_D1.0,0,0.0,-1.0,[]
30.0,cluster_123292026_3663224279_3663224280_3663662945_#1more_0_D1.1,0,0.0,-1.0,[]
30.0,cluster_123292026_3663224279_3663224280_3663662945_#1more_0_D1.2,0,0.0,-1.0,[]
30.0,cluster_123292026_3663224279_3663224280_3663662945_#1more_0_D1.3,0,0.0,-1.0,[]
30.0,cluster_123292026_3663224279_3663224280_3663662945_#1more_0_D2.0,0,0.0,-1.0,[]
30.0,cluster_123292026_3663224279_3663224280_3663662945_#1more_0_D2.1,0,0.0,-1.0,[]
30.0,cluster_123292029_3663224277_3663224278_5344542569_#1more_0_D0.0,0,0.0,-1.0,[]
30.0,cluster_123292029_3663224277_3663224278_5344542569_#1more_0_D0.1,0,0.0,-1.0,[]
30.0,cluster_123292029_3663224277_3663224278_5344542569_#1more_0_D0.2,0,0.0,-1.0,[]
30.0,cluster_123292029_3663224277_3663224278_5344542569_#1more_0_D1.0,0,0.0,-1.0,[]
30.0,cluster_123292029_3663224277_3663224278_5344542569_#1more_0_D1.1,0,0.0,-1.0,[]
30.0,cluster_123292029_3663224277_3663224278_5344542569_#1more_0_D2.0,0,0.0,-1.0,[]
30.0,cluster_123292029_3663224277_3663224278_5344542569_#1more_0_D2.1,0,0.0,-1.0,[]
30.0,cluster_123292029_3663224277_3663224278_5344542569_#1more_0_D2.2,0,0.0,-1.0,[]
30.0,cluster_123292029_3663224277_3663224278_5344542569_#1more_0_D3.0,0,0.0,-1.0,[]
30.0,cluster_123292029_3663224277_3663224278_5344542569_#1more_0_D3.1,0,0.0,-1.0,[]
30.0,cluster_123292031_3663224275_3663224276_3663662936_#1more_0_D0.0,0,0.0,-1.0,[]
30.0,cluster_123292031_3663224275_3663224276_3663662936_#1more_0_D0.1,0,0.0,-1.0,[]
30.0,cluster_123292031_3663224275_3663224276_3663662936_#1more_0_D1.0,0,0.0,-1.0,[]
30.0,cluster_123292031_3663224275_3663224276_3663662936_#1more_0_D2.0,0,0.0,-1.0,[]
30.0,cluster_123292031_3663224275_3663224276_3663662936_#1more_0_D2.1,0,0.0,-1.0,[]
30.0,cluster_123308403_3663827018_3663827019_3664674393_#1more_0_D0.0,0,0.0,-1.0,[]
30.0,cluster_123308403_3663827018_3663827019_3664674393_#1more_0_D0.1,0,0.0,-1.0,[]
30.0,cluster_123308403_3663827018_3663827019_3664674393_#1more_0_D1.0,0,0.0,-1.0,[]
30.0,cluster_123308403_3663827018_3663827019_3664674393_#1more_0_D1.1,0,0.0,-1.0,[]
30.0,cluster_123308403_3663827018_3663827019_3664674393_#1more_0_D1.2,0,0.0,-1.0,[]
30.0,cluster_123308403_3663827018_3663827019_3664674393_#1more_0_D1.3,0,0.0,-1.0,[]
30.0,cluster_123308403_3663827018_3663827019_3664674393_#1more_0_D2.0,0,0.0,-1.0,[]
30.0,cluster_123308403_3663827018_3663827019_3664674393_#1more_0_D2.1,0,0.0,-1.0,[]
30.0,cluster_123308403_3663827018_3663827019_3664674393_#1more_0_D2.2,0,0.0,-1.0,[]
30.0,cluster_3664723686_3698084157_3698084158_3698084159_#1more_0_D0.0,0,0.0,-1.0,[]
30.0,cluster_3664723686_3698084157_3698084158_3698084159_#1more_0_D0.1,0,0.0,-1.0,[]
30.0,cluster_3664723686_3698084157_3698084158_3698084159_#1more_0_D0.2,0,0.0,-1.0,[]
30.0,cluster_3664723686_3698084157_3698084158_3698084159_#1more_0_D1.0,0,0.0,-1.0,[]
30.0,cluster_3664723686_3698084157_3698084158_3698084159_#1more_0_D1.1,0,0.0,-1.0,[]
30.0,cluster_3664723686_3698084157_3698084158_3698084159_#1more_0_D1.2,0,0.0,-1.0,[]
30.0,joinedS_3663662947_3663662948_3698084160_3698084161_#1more_0_D0.0,0,0.0,-1.0,[]
30.0,joinedS_3663662947_3663662948_3698084160_3698084161_#1more_0_D0.1,0,0.0,-1.0,[]
30.0,joinedS_3663662947_3663662948_3698084160_3698084161_#1more_0_D0.2,0,0.0,-1.0,[]
30.0,joinedS_3663662947_3663662948_3698084160_3698084161_#1more_0_D0.3,0,0.0,-1.0,[]
30.0,joinedS_3663662947_3663662948_3698084160_3698084161_#1more_0_D1.0,0,0.0,-1.0,[]
30.0,joinedS_3663662947_3663662948_3698084160_3698084161_#1more_0_D1.1,0,0.0,-1.0,[]
30.0,joinedS_3663662947_3663662948_3698084160_3698084161_#1more_0_D1.2,0,0.0,-1.0,[]
30.0,joinedS_3663662947_3663662948_3698084160_3698084161_#1more_0_D1.3,0,0.0,-1.0,[]
30.0,joinedS_3663662947_3663662948_3698084160_3698084161_#1more_0_D2.0,0,0.0,-1.0,[]
30.0,joinedS_3663662947_3663662948_3698084160_3698084161_#1more_0_D2.1,0,0.0,-1.0,[]
30.0,joinedS_3663662947_3663662948_3698084160_3698084161_#1more_0_D2.2,0,0.0,-1.0,[]
30.0,joinedS_3663662947_3663662948_3698084160_3698084161_#1more_0_D2.3,0,0.0,-1.0,[]
30.0,joinedS_3663662947_3663662948_3698084160_3698084161_#1more_0_D3.0,1,100.0,-1.0,['veh14']
30.0,joinedS_3663662947_3663662948_3698084160_3698084161_#1more_0_D3.1,1,100.0,-1.0,['veh11']
30.0,joinedS_3663662947_3663662948_3698084160_3698084161_#1more_0_D3.2,0,0.0,-1.0,[]
30.0,joinedS_3663662947_3663662948_3698084160_3698084161_#1more_0_D3.3,0,0.0,-1.0,[]
30.0,joinedS_3663662947_3663662948_3698084160_3698084161_#1more_0_D3.4,0,0.0,-1.0,[]
35.0,cluster_122855839_3663662942_3663662943_3663662944_#1more_0_D0.0,0,0.0,-1.0,[]
35.0,cluster_122855839_3663662942_3663662943_3663662944_#1more_0_D0.1,1,40.12080662819315,12.462361602885789,['veh12']
35.0,cluster_122855839_3663662942_3663662943_3663662944_#1more_0_D0.2,0,0.0,-1.0,[]
35.0,cluster_122855839_3663662942_3663662943_3663662944_#1more_0_D0.3,0,0.0,-1.0,[]
35.0,cluster_122855839_3663662942_3663662943_3663662944_#1more_0_D0.4,0,0.0,-1.0,[]
35.0,cluster_122855839_3663662942_3663662943_3663662944_#1more_0_D1.0,0,0.0,-1.0,[]
35.0,cluster_122855839_3663662942_3663662943_3663662944_#1more_0_D1.1,0,0.0,-1.0,[]
35.0,cluster_122855839_3663662942_3663662943_3663662944_#1more_0_D1.2,0,0.0,-1.0,[]
35.0,cluster_122855839_3663662942_3663662943_3663662944_#1more_0_D2.0,0,0.0,-1.0,[]
35.0,cluster_122855839_3663662942_3663662943_3663662944_#1more_0_D2.1,0,0.0,-1.0,[]
35.0,cluster_123241924_382443557_5344542568_5546892974_#3more_0_D0.0,0,0.0,-1.0,[]
35.0,cluster_123241924_382443557_5344542568_5546892974_#3more_0_D0.1,0,0.0,-1.0,[]
35.0,cluster_123241924_382443557_5344542568_5546892974_#3more_0_D0.2,0,0.0,-1.0,[]
35.0,cluster_123241924_382443557_5344542568_5546892974_#3more_0_D0.3,0,0.0,-1.0,[]
35.0,cluster_123241924_382443557_5344542568_5546892974_#3more_0_D0.4,0,0.0,-1.0,[]
35.0,cluster_123241924_382443557_5344542568_5546892974_#3more_0_D1.0,0,0.0,-1.0,[]
35.0,cluster_123241924_382443557_5344542568_5546892974_#3more_0_D2.0,0,0.0,-1.0,[]
35.0,cluster_123241924_382443557_5344542568_5546892974_#3more_0_D2.1,0,0.0,-1.0,[]
35.0,cluster_123241924_382443557_5344542568_5546892974_#3more_0_D2.2,0,0.0,-1.0,[]
35.0,cluster_123241924_382443557_5344542568_5546892974_#3more_0_D2.3,0,0.0,-1.0,[]
35.0,cluster_123241924_382443557_5344542568_5546892974_#3more_0_D2.4,0,0.0,-1.0,[]
35.0,cluster_123241924_382443557_5344542568_5546892974_#3more_0_D2.5,0,0.0,-1.0,[]
35.0,cluster_123241924_382443557_5344542568_5546892974_#3more_0_D3.0,0,0.0,-1.0,[]
35.0,cluster_123241924_382443557_5344542568_5546892974_#3more_0_D3.1,0,0.0,-1.0,[]
35.0,cluster_123241924_382443557_5344542568_5546892974_#3more_0_D3.2,0,0.0,-1.0,[]
35.0,cluster_123241924_382443557_5344542568_5546892974_#3more_0_D3.3,0,0.0,-1.0,[]
35.0,cluster_123241924_382443557_5344542568_5546892974_#3more_0_D3.4,0,0.0,-1.0,[]
35.0,cluster_123281084_3663662939_3664674395_3664674397_#1more_0_D0.0,0,0.0,-1.0,[]
35.0,cluster_123281084_3663662939_3664674395_3664674397_#1more_0_D0.1,0,0.0,-1.0,[]
35.0,cluster_123281084_3663662939_3664674395_3664674397_#1more_0_D0.2,0,0.0,-1.0,[]
35.0,cluster_123281084_3663662939_3664674395_3664674397_#1more_0_D0.3,0,0.0,-1.0,[]
35.0,cluster_123281084_3663662939_3664674395_3664674397_#1more_0_D0.4,0,0.0,-1.0,[]
35.0,cluster_123281084_3663662939_3664674395_3664674397_#1more_0_D1.0,0,0.0,-1.0,[]
35.0,cluster_123281084_3663662939_3664674395_3664674397_#1more_0_D1.1,0,0.0,-1.0,[]
35.0,cluster_123281084_3663662939_3664674395_3664674397_#1more_0_D2.0,0,0.0,-1.0,[]
35.0,cluster_123281084_3663662939_3664674395_3664674397_#1more_0_D2.1,0,0.0,-1.0,[]
35.0,cluster_123281085_12840608127_12840608130_12840608135_#1more_0_D0.0,0,0.0,-1.0,[]
35.0,cluster_123281085_12840608127_12840608130_12840608135_#1more_0_D1.0,0,0.0,-1.0,[]
35.0,cluster_123292026_3663224279_3663224280_3663662945_#1more_0_D0.0,0,0.0,-1.0,[]
35.0,cluster_123292026_3663224279_3663224280_3663662945_#1more_0_D0.1,0,0.0,-1.0,[]
35.0,cluster_123292026_3663224279_3663224280_3663662945_#1more_0_D1.0,0,0.0,-1.0,[]
35.0,cluster_123292026_3663224279_3663224280_3663662945_#1more_0_D1.1,0,0.0,-1.0,[]
35.0,cluster_123292026_3663224279_3663224280_3663662945_#1more_0_D1.2,0,0.0,-1.0,[]
35.0,cluster_123292026_3663224279_3663224280_3663662945_#1more_0_D1.3,0,0.0,-1.0,[]
35.0,cluster_123292026_3663224279_3663224280_3663662945_#1more_0_D2.0,0,0.0,-1.0,[]
35.0,cluster_123292026_3663224279_3663224280_3663662945_#1more_0_D2.1,0,0.0,-1.0,[]
35.0,cluster_123292029_3663224277_3663224278_5344542569_#1more_0_D0.0,0,0.0,-1.0,[]
35.0,cluster_123292029_3663224277_3663224278_5344542569_#1more_0_D0.1,0,0.0,-1.0,[]
35.0,cluster_123292029_3663224277_3663224278_5344542569_#1more_0_D0.2,0,0.0,-1.0,[]
35.0,cluster_123292029_3663224277_3663224278_5344542569_#1more_0_D1.0,0,0.0,-1.0,[]
35.0,cluster_123292029_3663224277_3663224278_5344542569_#1more_0_D1.1,0,0.0,-1.0,[]
35.0,cluster_123292029_3663224277_3663224278_5344542569_#1more_0_D2.0,0,0.0,-1.0,[]
35.0,cluster_123292029_3663224277_3663224278_5344542569_#1more_0_D2.1,0,0.0,-1.0,[]
35.0,cluster_123292029_3663224277_3663224278_5344542569_#1more_0_D2.2,0,0.0,-1.0,[]
35.0,cluster_123292029_3663224277_3663224278_5344542569_#1more_0_D3.0,0,0.0,-1.0,[]
35.0,cluster_123292029_3663224277_3663224278_5344542569_#1more_0_D3.1,0,0.0,-1.0,[]
35.0,cluster_123292031_3663224275_3663224276_3663662936_#1more_0_D0.0,0,0.0,-1.0,[]
35.0,cluster_123292031_3663224275_3663224276_3663662936_#1more_0_D0.1,0,0.0,-1.0,[]
35.0,cluster_123292031_3663224275_3663224276_3663662936_#1more_0_D1.0,0,0.0,-1.0,[]
35.0,cluster_123292031_3663224275_3663224276_3663662936_#1more_0_D2.0,0,0.0,-1.0,[]
35.0,cluster_123292031_3663224275_3663224276_3663662936_#1more_0_D2.1,0,0.0,-1.0,[]
35.0,cluster_123308403_3663827018_3663827019_3664674393_#1more_0_D0.0,0,0.0,-1.0,[]
35.0,cluster_123308403_3663827018_3663827019_3664674393_#1more_0_D0.1,0,0.0,-1.0,[]
35.0,cluster_123308403_3663827018_3663827019_3664674393_#1more_0_D1.0,0,0.0,-1.0,[]
35.0,cluster_123308403_3663827018_3663827019_3664674393_#1more_0_D1.1,0,0.0,-1.0,[]
35.0,cluster_123308403_3663827018_3663827019_3664674393_#1more_0_D1.2,0,0.0,-1.0,[]
35.0,cluster_123308403_3663827018_3663827019_3664674393_#1more_0_D1.3,0,0.0,-1.0,[]
35.0,cluster_123308403_3663827018_3663827019_3664674393_#1more_0_D2.0,0,0.0,-1.0,[]
35.0,cluster_123308403_3663827018_3663827019_3664674393_#1more_0_D2.1,0,0.0,-1.0,[]
35.0,cluster_123308403_3663827018_3663827019_3664674393_#1more_0_D2.2,0,0.0,-1.0,[]
35.0,cluster_3664723686_3698084157_3698084158_3698084159_#1more_0_D0.0,0,0.0,-1.0,[]
35.0,cluster_3664723686_3698084157_3698084158_3698084159_#1more_0_D0.1,0,0.0,-1.0,[]
35.0,cluster_3664723686_3698084157_3698084158_3698084159_#1more_0_D0.2,0,0.0,-1.0,[]
35.0,cluster_3664723686_3698084157_3698084158_3698084159_#1more_0_D1.0,0,0.0,-1.0,[]
35.0,cluster_3664723686_3698084157_3698084158_3698084159_#1more_0_D1.1,0,0.0,-1.0,[]
35.0,cluster_3664723686_3698084157_3698084158_3698084159_#1more_0_D1.2,0,0.0,-1.0,[]
35.0,joinedS_3663662947_3663662948_3698084160_3698084161_#1more_0_D0.0,0,0.0,-1.0,[]
35.0,joinedS_3663662947_3663662948_3698084160_3698084161_#1more_0_D0.1,0,0.0,-1.0,[]
35.0,joinedS_3663662947_3663662948_3698084160_3698084161_#1more_0_D0.2,0,0.0,-1.0,[]
35.0,joinedS_3663662947_3663662948_3698084160_3698084161_#1more_0_D0.3,0,0.0,-1.0,[]
35.0,joinedS_3663662947_3663662948_3698084160_3698084161_#1more_0_D1.0,0,0.0,-1.0,[]
35.0,joinedS_3663662947_3663662948_3698084160_3698084161_#1more_0_D1.1,0,0.0,-1.0,[]
35.0,joinedS_3663662947_3663662948_3698084160_3698084161_#1more_0_D1.2,0,0.0,-1.0,[]
35.0,joinedS_3663662947_3663662948_3698084160_3698084161_#1more_0_D1.3,0,0.0,-1.0,[]
35.0,joinedS_3663662947_3663662948_3698084160_3698084161_#1more_0_D2.0,0,0.0,-1.0,[]
35.0,joinedS_3663662947_3663662948_3698084160_3698084161_#1more_0_D2.1,1,100.0,0.0,['veh21']
35.0,joinedS_3663662947_3663662948_3698084160_3698084161_#1more_0_D2.2,0,0.0,-1.0,[]
35.0,joinedS_3663662947_3663662948_3698084160_3698084161_#1more_0_D2.3,1,100.0,-1.0,['veh20']
35.0,joinedS_3663662947_3663662948_3698084160_3698084161_#1more_0_D3.0,1,100.0,-1.0,['veh14']
35.0,joinedS_3663662947_3663662948_3698084160_3698084161_#1more_0_D3.1,1,100.0,-1.0,['veh11']
35.0,joinedS_3663662947_3663662948_3698084160_3698084161_#1more_0_D3.2,0,0.0,-1.0,[]
35.0,joinedS_3663662947_3663662948_3698084160_3698084161_#1more_0_D3.3,0,0.0,-1.0,[]
35.0,joinedS_3663662947_3663662948_3698084160_3698084161_#1more_0_D3.4,0,0.0,-1.0,[]
40.0,cluster_122855839_3663662942_3663662943_3663662944_#1more_0_D0.0,0,0.0,-1.0,[]
40.0,cluster_122855839_3663662942_3663662943_3663662944_#1more_0_D0.1,0,0.0,-1.0,[]
40.0,cluster_122855839_3663662942_3663662943_3663662944_#1more_0_D0.2,0,0.0,-1.0,[]
40.0,cluster_122855839_3663662942_3663662943_3663662944_#1more_0_D0.3,0,0.0,-1.0,[]
40.0,cluster_122855839_3663662942_3663662943_3663662944_#1more_0_D0.4,0,0.0,-1.0,[]
40.0,cluster_122855839_3663662942_3663662943_3663662944_#1more_0_D1.0,0,0.0,-1.0,[]
40.0,cluster_122855839_3663662942_3663662943_3663662944_#1more_0_D1.1,0,0.0,-1.0,[]
40.0,cluster_122855839_3663662942_3663662943_3663662944_#1more_0_D1.2,0,0.0,-1.0,[]
40.0,cluster_122855839_3663662942_3663662943_3663662944_#1more_0_D2.0,0,0.0,-1.0,[]
40.0,cluster_122855839_3663662942_3663662943_3663662944_#1more_0_D2.1,0,0.0,-1.0,[]
40.0,cluster_123241924_382443557_5344542568_5546892974_#3more_0_D0.0,0,0.0,-1.0,[]
40.0,cluster_123241924_382443557_5344542568_5546892974_#3more_0_D0.1,0,0.0,-1.0,[]
40.0,cluster_123241924_382443557_5344542568_5546892974_#3more_0_D0.2,0,0.0,-1.0,[]
40.0,cluster_123241924_382443557_5344542568_5546892974_#3more_0_D0.3,0,0.0,-1.0,[]
40.0,cluster_123241924_382443557_5344542568_5546892974_#3more_0_D0.4,0,0.0,-1.0,[]
40.0,cluster_123241924_382443557_5344542568_5546892974_#3more_0_D1.0,0,0.0,-1.0,[]
40.0,cluster_123241924_382443557_5344542568_5546892974_#3more_0_D2.0,0,0.0,-1.0,[]
40.0,cluster_123241924_382443557_5344542568_5546892974_#3more_0_D2.1,0,0.0,-1.0,[]
40.0,cluster_123241924_382443557_5344542568_5546892974_#3more_0_D2.2,0,0.0,-1.0,[]
40.0,cluster_123241924_382443557_5344542568_5546892974_#3more_0_D2.3,0,0.0,-1.0,[]
40.0,cluster_123241924_382443557_5344542568_5546892974_#3more_0_D2.4,0,0.0,-1.0,[]
40.0,cluster_123241924_382443557_5344542568_5546892974_#3more_0_D2.5,0,0.0,-1.0,[]
40.0,cluster_123241924_382443557_5344542568_5546892974_#3more_0_D3.0,0,0.0,-1.0,[]
40.0,cluster_123241924_382443557_5344542568_5546892974_#3more_0_D3.1,0,0.0,-1.0,[]
40.0,cluster_123241924_382443557_5344542568_5546892974_#3more_0_D3.2,0,0.0,-1.0,[]
40.0,cluster_123241924_382443557_5344542568_5546892974_#3more_0_D3.3,0,0.0,-1.0,[]
40.0,cluster_123241924_382443557_5344542568_5546892974_#3more_0_D3.4,0,0.0,-1.0,[]
40.0,cluster_123281084_3663662939_3664674395_3664674397_#1more_0_D0.0,0,0.0,-1.0,[]
40.0,cluster_123281084_3663662939_3664674395_3664674397_#1more_0_D0.1,0,0.0,-1.0,[]
40.0,cluster_123281084_3663662939_3664674395_3664674397_#1more_0_D0.2,0,0.0,-1.0,[]
40.0,cluster_123281084_3663662939_3664674395_3664674397_#1more_0_D0.3,0,0.0,-1.0,[]
40.0,cluster_123281084_3663662939_3664674395_3664674397_#1more_0_D0.4,0,0.0,-1.0,[]
40.0,cluster_123281084_3663662939_3664674395_3664674397_#1more_0_D1.0,0,0.0,-1.0,[]
40.0,cluster_123281084_3663662939_3664674395_3664674397_#1more_0_D1.1,0,0.0,-1.0,[]
40.0,cluster_123281084_3663662939_3664674395_3664674397_#1more_0_D2.0,0,0.0,-1.0,[]
40.0,cluster_123281084_3663662939_3664674395_3664674397_#1more_0_D2.1,0,0.0,-1.0,[]
40.0,cluster_123281085_12840608127_12840608130_12840608135_#1more_0_D0.0,0,0.0,-1.0,[]
40.0,cluster_123281085_12840608127_12840608130_12840608135_#1more_0_D1.0,0,0.0,-1.0,[]
40.0,cluster_123292026_3663224279_3663224280_3663662945_#1more_0_D0.0,0,0.0,-1.0,[]
40.0,cluster_123292026_3663224279_3663224280_3663662945_#1more_0_D0.1,0,0.0,-1.0,[]
40.0,cluster_123292026_3663224279_3663224280_3663662945_#1more_0_D1.0,0,0.0,-1.0,[]
40.0,cluster_123292026_3663224279_3663224280_3663662945_#1more_0_D1.1,0,0.0,-1.0,[]
40.0,cluster_123292026_3663224279_3663224280_3663662945_#1more_0_D1.2,0,0.0,-1.0,[]
40.0,cluster_123292026_3663224279_3663224280_3663662945_#1more_0_D1.3,0,0.0,-1.0,[]
40.0,cluster_123292026_3663224279_3663224280_3663662945_#1more_0_D2.0,0,0.0,-1.0,[]
40.0,cluster_123292026_3663224279_3663224280_3663662945_#1more_0_D2.1,0,0.0,-1.0,[]
40.0,cluster_123292029_3663224277_3663224278_5344542569_#1more_0_D0.0,1,0.0,-1.0,['bus0']
40.0,cluster_123292029_3663224277_3663224278_5344542569_#1more_0_D0.1,0,0.0,-1.0,[]
40.0,cluster_123292029_3663224277_3663224278_5344542569_#1more_0_D0.2,0,0.0,-1.0,[]
40.0,cluster_123292029_3663224277_3663224278_5344542569_#1more_0_D1.0,1,29.925005709136343,14.596561663911272,['veh15']
40.0,cluster_123292029_3663224277_3663224278_5344542569_#1more_0_D1.1,0,0.0,-1.0,[]
40.0,cluster_123292029_3663224277_3663224278_5344542569_#1more_0_D2.0,0,0.0,-1.0,[]
40.0,cluster_123292029_3663224277_3663224278_5344542569_#1more_0_D2.1,0,0.0,-1.0,[]
40.0,cluster_123292029_3663224277_3663224278_5344542569_#1more_0_D2.2,0,0.0,-1.0,[]
40.0,cluster_123292029_3663224277_3663224278_5344542569_#1more_0_D3.0,0,0.0,-1.0,[]
40.0,cluster_123292029_3663224277_3663224278_5344542569_#1more_0_D3.1,0,0.0,-1.0,[]
40.0,cluster_123292031_3663224275_3663224276_3663662936_#1more_0_D0.0,0,0.0,-1.0,[]
40.0,cluster_123292031_3663224275_3663224276_3663662936_#1more_0_D0.1,0,0.0,-1.0,[]
40.0,cluster_123292031_3663224275_3663224276_3663662936_#1more_0_D1.0,0,0.0,-1.0,[]
40.0,cluster_123292031_3663224275_3663224276_3663662936_#1more_0_D2.0,0,0.0,-1.0,[]
40.0,cluster_123292031_3663224275_3663224276_3663662936_#1more_0_D2.1,0,0.0,-1.0,[]
40.0,cluster_123308403_3663827018_3663827019_3664674393_#1more_0_D0.0,0,0.0,-1.0,[]
40.0,cluster_123308403_3663827018_3663827019_3664674393_#1more_0_D0.1,0,0.0,-1.0,[]
40.0,cluster_123308403_3663827018_3663827019_3664674393_#1more_0_D1.0,0,0.0,-1.0,[]
40.0,cluster_123308403_3663827018_3663827019_3664674393_#1more_0_D1.1,0,0.0,-1.0,[]
40.0,cluster_123308403_3663827018_3663827019_3664674393_#1more_0_D1.2,0,0.0,-1.0,[]
40.0,cluster_123308403_3663827018_3663827019_3664674393_#1more_0_D1.3,0,0.0,-1.0,[]
40.0,cluster_123308403_3663827018_3663827019_3664674393_#1more_0_D2.0,0,0.0,-1.0,[]
40.0,cluster_123308403_3663827018_3663827019_3664674393_#1more_0_D2.1,0,0.0,-1.0,[]
40.0,cluster_123308403_3663827018_3663827019_3664674393_#1more_0_D2.2,0,0.0,-1.0,[]
40.0,cluster_3664723686_3698084157_3698084158_3698084159_#1more_0_D0.0,0,0.0,-1.0,[]
40.0,cluster_3664723686_3698084157_3698084158_3698084159_#1more_0_D0.1,0,0.0,-1.0,[]
40.0,cluster_3664723686_3698084157_3698084158_3698084159_#1more_0_D0.2,0,0.0,-1.0,[]
40.0,cluster_3664723686_3698084157_3698084158_3698084159_#1more_0_D1.0,0,0.0,-1.0,[]
40.0,cluster_3664723686_3698084157_3698084158_3698084159_#1more_0_D1.1,0,0.0,-1.0,[]
40.0,cluster_3664723686_3698084157_3698084158_3698084159_#1more_0_D1.2,0,0.0,-1.0,[]
40.0,joinedS_3663662947_3663662948_3698084160_3698084161_#1more_0_D0.0,0,0.0,-1.0,[]
40.0,joinedS_3663662947_3663662948_3698084160_3698084161_#1more_0_D0.1,0,0.0,-1.0,[]
40.0,joinedS_3663662947_3663662948_3698084160_3698084161_#1more_0_D0.2,0,0.0,-1.0,[]
40.0,joinedS_3663662947_3663662948_3698084160_3698084161_#1more_0_D0.3,0,0.0,-1.0,[]
40.0,joinedS_3663662947_3663662948_3698084160_3698084161_#1more_0_D1.0,0,0.0,-1.0,[]
40.0,joinedS_3663662947_3663662948_3698084160_3698084161_#1more_0_D1.1,0,0.0,-1.0,[]
40.0,joinedS_3663662947_3663662948_3698084160_3698084161_#1more_0_D1.2,0,0.0,-1.0,[]
40.0,joinedS_3663662947_3663662948_3698084160_3698084161_#1more_0_D1.3,0,0.0,-1.0,[]
40.0,joinedS_3663662947_3663662948_3698084160_3698084161_#1more_0_D2.0,0,0.0,-1.0,[]
40.0,joinedS_3663662947_3663662948_3698084160_3698084161_#1more_0_D2.1,1,100.0,-1.0,['veh21']
40.0,joinedS_3663662947_3663662948_3698084160_3698084161_#1more_0_D2.2,0,0.0,-1.0,[]
40.0,joinedS_3663662947_3663662948_3698084160_3698084161_#1more_0_D2.3,1,100.0,-1.0,['veh20']
40.0,joinedS_3663662947_3663662948_3698084160_3698084161_#1more_0_D3.0,1,100.0,-1.0,['veh14']
40.0,joinedS_3663662947_3663662948_3698084160_3698084161_#1more_0_D3.1,1,100.0,-1.0,['veh11']
40.0,joinedS_3663662947_3663662948_3698084160_3698084161_#1more_0_D3.2,0,0.0,-1.0,[]
40.0,joinedS_3663662947_3663662948_3698084160_3698084161_#1more_0_D3.3,0,0.0,-1.0,[]
40.0,joinedS_3663662947_3663662948_3698084160_3698084161_#1more_0_D3.4,0,0.0,-1.0,[]
45.0,cluster_122855839_3663662942_3663662943_3663662944_#1more_0_D0.0,0,0.0,-1.0,[]
45.0,cluster_122855839_3663662942_3663662943_3663662944_#1more_0_D0.1,0,0.0,-1.0,[]
45.0,cluster_122855839_3663662942_3663662943_3663662944_#1more_0_D0.2,0,0.0,-1.0,[]
45.0,cluster_122855839_3663662942_3663662943_3663662944_#1more_0_D0.3,0,0.0,-1.0,[]
45.0,cluster_122855839_3663662942_3663662943_3663662944_#1more_0_D0.4,0,0.0,-1.0,[]
45.0,cluster_122855839_3663662942_3663662943_3663662944_#1more_0_D1.0,0,0.0,-1.0,[]
45.0,cluster_122855839_3663662942_3663662943_3663662944_#1more_0_D1.1,0,0.0,-1.0,[]
45.0,cluster_122855839_3663662942_3663662943_3663662944_#1more_0_D1.2,0,0.0,-1.0,[]
45.0,cluster_122855839_3663662942_3663662943_3663662944_#1more_0_D2.0,0,0.0,-1.0,[]
45.0,cluster_122855839_3663662942_3663662943_3663662944_#1more_0_D2.1,0,0.0,-1.0,[]
45.0,cluster_123241924_382443557_5344542568_5546892974_#3more_0_D0.0,0,0.0,-1.0,[]
45.0,cluster_123241924_382443557_5344542568_5546892974_#3more_0_D0.1,0,0.0,-1.0,[]
45.0,cluster_123241924_382443557_5344542568_5546892974_#3more_0_D0.2,0,0.0,-1.0,[]
45.0,cluster_123241924_382443557_5344542568_5546892974_#3more_0_D0.3,0,0.0,-1.0,[]
45.0,cluster_123241924_382443557_5344542568_5546892974_#3more_0_D0.4,0,0.0,-1.0,[]
45.0,cluster_123241924_382443557_5344542568_5546892974_#3more_0_D1.0,0,0.0,-1.0,[]
45.0,cluster_123241924_382443557_5344542568_5546892974_#3more_0_D2.0,0,0.0,-1.0,[]
45.0,cluster_123241924_382443557_5344542568_5546892974_#3more_0_D2.1,0,0.0,-1.0,[]
45.0,cluster_123241924_382443557_5344542568_5546892974_#3more_0_D2.2,0,0.0,-1.0,[]
45.0,cluster_123241924_382443557_5344542568_5546892974_#3more_0_D2.3,0,0.0,-1.0,[]
45.0,cluster_123241924_382443557_5344542568_5546892974_#3more_0_D2.4,0,0.0,-1.0,[]
45.0,cluster_123241924_382443557_5344542568_5546892974_#3more_0_D2.5,0,0.0,-1.0,[]
45.0,cluster_123241924_382443557_5344542568_5546892974_#3more_0_D3.0,0,0.0,-1.0,[]
45.0,cluster_123241924_382443557_5344542568_5546892974_#3more_0_D3.1,0,0.0,-1.0,[]
45.0,cluster_123241924_382443557_5344542568_5546892974_#3more_0_D3.2,0,0.0,-1.0,[]
45.0,cluster_123241924_382443557_5344542568_5546892974_#3more_0_D3.3,0,0.0,-1.0,[]
45.0,cluster_123241924_382443557_5344542568_5546892974_#3more_0_D3.4,0,0.0,-1.0,[]
45.0,cluster_123281084_3663662939_3664674395_3664674397_#1more_0_D0.0,0,0.0,-1.0,[]
45.0,cluster_123281084_3663662939_3664674395_3664674397_#1more_0_D0.1,0,0.0,-1.0,[]
45.0,cluster_123281084_3663662939_3664674395_3664674397_#1more_0_D0.2,0,0.0,-1.0,[]
45.0,cluster_123281084_3663662939_3664674395_3664674397_#1more_0_D0.3,0,0.0,-1.0,[]
45.0,cluster_123281084_3663662939_3664674395_3664674397_#1more_0_D0.4,0,0.0,-1.0,[]
45.0,cluster_123281084_3663662939_3664674395_3664674397_#1more_0_D1.0,0,0.0,-1.0,[]
45.0,cluster_123281084_3663662939_3664674395_3664674397_#1more_0_D1.1,0,0.0,-1.0,[]
45.0,cluster_123281084_3663662939_3664674395_3664674397_#1more_0_D2.0,0,0.0,-1.0,[]
45.0,cluster_123281084_3663662939_3664674395_3664674397_#1more_0_D2.1,0,0.0,-1.0,[]
45.0,cluster_123281085_12840608127_12840608130_12840608135_#1more_0_D0.0,0,0.0,-1.0,[]
45.0,cluster_123281085_12840608127_12840608130_12840608135_#1more_0_D1.0,0,0.0,-1.0,[]
45.0,cluster_123292026_3663224279_3663224280_3663662945_#1more_0_D0.0,0,0.0,-1.0,[]
45.0,cluster_123292026_3663224279_3663224280_3663662945_#1more_0_D0.1,0,0.0,-1.0,[]
45.0,cluster_123292026_3663224279_3663224280_3663662945_#1more_0_D1.0,0,0.0,-1.0,[]
45.0,cluster_123292026_3663224279_3663224280_3663662945_#1more_0_D1.1,0,0.0,-1.0,[]
45.0,cluster_123292026_3663224279_3663224280_3663662945_#1more_0_D1.2,0,0.0,-1.0,[]
45.0,cluster_123292026_3663224279_3663224280_3663662945_#1more_0_D1.3,0,0.0,-1.0,[]
45.0,cluster_123292026_3663224279_3663224280_3663662945_#1more_0_D2.0,0,0.0,-1.0,[]
45.0,cluster_123292026_3663224279_3663224280_3663662945_#1more_0_D2.1,0,0.0,-1.0,[]
45.0,cluster_123292029_3663224277_3663224278_5344542569_#1more_0_D0.0,0,0.0,-1.0,[]
45.0,cluster_123292029_3663224277_3663224278_5344542569_#1more_0_D0.1,0,0.0,-1.0,[]
45.0,cluster_123292029_3663224277_3663224278_5344542569_#1more_0_D0.2,0,0.0,-1.0,[]
45.0,cluster_123292029_3663224277_3663224278_5344542569_#1more_0_D1.0,0,0.0,-1.0,[]
45.0,cluster_123292029_3663224277_3663224278_5344542569_#1more_0_D1.1,1,33.685302956512686,12.441664336992696,['veh1']
45.0,cluster_123292029_3663224277_3663224278_5344542569_#1more_0_D2.0,1,0.0,-1.0,['veh7']
45.0,cluster_123292029_3663224277_3663224278_5344542569_#1more_0_D2.1,0,0.0,-1.0,[]
45.0,cluster_123292029_3663224277_3663224278_5344542569_#1more_0_D2.2,0,0.0,-1.0,[]
45.0,cluster_123292029_3663224277_3663224278_5344542569_#1more_0_D3.0,0,0.0,-1.0,[]
45.0,cluster_123292029_3663224277_3663224278_5344542569_#1more_0_D3.1,0,0.0,-1.0,[]
45.0,cluster_123292031_3663224275_3663224276_3663662936_#1more_0_D0.0,0,0.0,-1.0,[]
45.0,cluster_123292031_3663224275_3663224276_3663662936_#1more_0_D0.1,0,0.0,-1.0,[]
45.0,cluster_123292031_3663224275_3663224276_3663662936_#1more_0_D1.0,1,100.0,-1.0,['veh10']
45.0,cluster_123292031_3663224275_3663224276_3663662936_#1more_0_D2.0,0,0.0,-1.0,[]
45.0,cluster_123292031_3663224275_3663224276_3663662936_#1more_0_D2.1,0,0.0,-1.0,[]
45.0,cluster_123308403_3663827018_3663827019_3664674393_#1more_0_D0.0,0,0.0,-1.0,[]
45.0,cluster_123308403_3663827018_3663827019_3664674393_#1more_0_D0.1,0,0.0,-1.0,[]
45.0,cluster_123308403_3663827018_3663827019_3664674393_#1more_0_D1.0,0,0.0,-1.0,[]
45.0,cluster_123308403_3663827018_3663827019_3664674393_#1more_0_D1.1,0,0.0,-1.0,[]
45.0,cluster_123308403_3663827018_3663827019_3664674393_#1more_0_D1.2,0,0.0,-1.0,[]
45.0,cluster_123308403_3663827018_3663827019_3664674393_#1more_0_D1.3,0,0.0,-1.0,[]
45.0,cluster_123308403_3663827018_3663827019_3664674393_#1more_0_D2.0,0,0.0,-1.0,[]
45.0,cluster_123308403_3663827018_3663827019_3664674393_#1more_0_D2.1,0,0.0,-1.0,[]
45.0,cluster_123308403_3663827018_3663827019_3664674393_#1more_0_D2.2,0,0.0,-1.0,[]
45.0,cluster_3664723686_3698084157_3698084158_3698084159_#1more_0_D0.0,0,0.0,-1.0,[]
45.0,cluster_3664723686_3698084157_3698084158_3698084159_#1more_0_D0.1,0,0.0,-1.0,[]
45.0,cluster_3664723686_3698084157_3698084158_3698084159_#1more_0_D0.2,1,23.5409119990301,14.815053143481476,['veh9']
45.0,cluster_3664723686_3698084157_3698084158_3698084159_#1more_0_D1.0,0,0.0,-1.0,[]
45.0,cluster_3664723686_3698084157_3698084158_3698084159_#1more_0_D1.1,0,0.0,-1.0,[]
45.0,cluster_3664723686_3698084157_3698084158_3698084159_#1more_0_D1.2,0,0.0,-1.0,[]
45.0,joinedS_3663662947_3663662948_3698084160_3698084161_#1more_0_D0.0,1,50.48187955003911,9.904544055345353,['veh11']
45.0,joinedS_3663662947_3663662948_3698084160_3698084161_#1more_0_D0.1,0,0.0,-1.0,[]
45.0,joinedS_3663662947_3663662948_3698084160_3698084161_#1more_0_D0.2,0,0.0,-1.0,[]
45.0,joinedS_3663662947_3663662948_3698084160_3698084161_#1more_0_D0.3,0,0.0,-1.0,[]
45.0,joinedS_3663662947_3663662948_3698084160_3698084161_#1more_0_D1.0,0,0.0,-1.0,[]
45.0,joinedS_3663662947_3663662948_3698084160_3698084161_#1more_0_D1.1,0,0.0,-1.0,[]
45.0,joinedS_3663662947_3663662948_3698084160_3698084161_#1more_0_D1.2,0,0.0,-1.0,[]
45.0,joinedS_3663662947_3663662948_3698084160_3698084161_#1more_0_D1.3,1,0.0,-1.0,['veh26']
45.0,joinedS_3663662947_3663662948_3698084160_3698084161_#1more_0_D2.0,0,0.0,-1.0,[]
45.0,joinedS_3663662947_3663662948_3698084160_3698084161_#1more_0_D2.1,1,100.0,-1.0,['veh21']
45.0,joinedS_3663662947_3663662948_3698084160_3698084161_#1more_0_D2.2,0,0.0,-1.0,[]
45.0,joinedS_3663662947_3663662948_3698084160_3698084161_#1more_0_D2.3,1,100.0,-1.0,['veh20']
45.0,joinedS_3663662947_3663662948_3698084160_3698084161_#1more_0_D3.0,1,100.0,-1.0,['bus2']
45.0,joinedS_3663662947_3663662948_3698084160_3698084161_#1more_0_D3.1,0,0.0,-1.0,[]
45.0,joinedS_3663662947_3663662948_3698084160_3698084161_#1more_0_D3.2,0,0.0,-1.0,[]
45.0,joinedS_3663662947_3663662948_3698084160_3698084161_#1more_0_D3.3,0,0.0,-1.0,[]
45.0,joinedS_3663662947_3663662948_3698084160_3698084161_#1more_0_D3.4,0,0.0,-1.0,[]
50.0,cluster_122855839_3663662942_3663662943_3663662944_#1more_0_D0.0,0,0.0,-1.0,[]
50.0,cluster_122855839_3663662942_3663662943_3663662944_#1more_0_D0.1,0,0.0,-1.0,[]
50.0,cluster_122855839_3663662942_3663662943_3663662944_#1more_0_D0.2,0,0.0,-1.0,[]
50.0,cluster_122855839_3663662942_3663662943_3663662944_#1more_0_D0.3,0,0.0,-1.0,[]
50.0,cluster_122855839_3663662942_3663662943_3663662944_#1more_0_D0.4,0,0.0,-1.0,[]
50.0,cluster_122855839_3663662942_3663662943_3663662944_#1more_0_D1.0,0,0.0,-1.0,[]
50.0,cluster_122855839_3663662942_3663662943_3663662944_#1more_0_D1.1,1,0.0,-1.0,['veh2']
50.0,cluster_122855839_3663662942_3663662943_3663662944_#1more_0_D1.2,0,0.0,-1.0,[]
50.0,cluster_122855839_3663662942_3663662943_3663662944_#1more_0_D2.0,0,0.0,-1.0,[]
50.0,cluster_122855839_3663662942_3663662943_3663662944_#1more_0_D2.1,0,0.0,-1.0,[]
50.0,cluster_123241924_382443557_5344542568_5546892974_#3more_0_D0.0,0,0.0,-1.0,[]
50.0,cluster_123241924_382443557_5344542568_5546892974_#3more_0_D0.1,0,0.0,-1.0,[]
50.0,cluster_123241924_382443557_5344542568_5546892974_#3more_0_D0.2,0,0.0,-1.0,[]
50.0,cluster_123241924_382443557_5344542568_5546892974_#3more_0_D0.3,0,0.0,-1.0,[]
50.0,cluster_123241924_382443557_5344542568_5546892974_#3more_0_D0.4,0,0.0,-1.0,[]
50.0,cluster_123241924_382443557_5344542568_5546892974_#3more_0_D1.0,0,0.0,-1.0,[]
50.0,cluster_123241924_382443557_5344542568_5546892974_#3more_0_D2.0,0,0.0,-1.0,[]
50.0,cluster_123241924_382443557_5344542568_5546892974_#3more_0_D2.1,0,0.0,-1.0,[]
50.0,cluster_123241924_382443557_5344542568_5546892974_#3more_0_D2.2,0,0.0,-1.0,[]
50.0,cluster_123241924_382443557_5344542568_5546892974_#3more_0_D2.3,0,0.0,-1.0,[]
50.0,cluster_123241924_382443557_5344542568_5546892974_#3more_0_D2.4,0,0.0,-1.0,[]
50.0,cluster_123241924_382443557_5344542568_5546892974_#3more_0_D2.5,0,0.0,-1.0,[]
50.0,cluster_123241924_382443557_5344542568_5546892974_#3more_0_D3.0,0,0.0,-1.0,[]
50.0,cluster_123241924_382443557_5344542568_5546892974_#3more_0_D3.1,0,0.0,-1.0,[]
50.0,cluster_123241924_382443557_5344542568_5546892974_#3more_0_D3.2,0,0.0,-1.0,[]
50.0,cluster_123241924_382443557_5344542568_5546892974_#3more_0_D3.3,0,0.0,-1.0,[]
50.0,cluster_123241924_382443557_5344542568_5546892974_#3more_0_D3.4,0,0.0,-1.0,[]
50.0,cluster_123281084_3663662939_3664674395_3664674397_#1more_0_D0.0,0,0.0,-1.0,[]
50.0,cluster_123281084_3663662939_3664674395_3664674397_#1more_0_D0.1,0,0.0,-1.0,[]
50.0,cluster_123281084_3663662939_3664674395_3664674397_#1more_0_D0.2,0,0.0,-1.0,[]
50.0,cluster_123281084_3663662939_3664674395_3664674397_#1more_0_D0.3,0,0.0,-1.0,[]
50.0,cluster_123281084_3663662939_3664674395_3664674397_#1more_0_D0.4,0,0.0,-1.0,[]
50.0,cluster_123281084_3663662939_3664674395_3664674397_#1more_0_D1.0,0,0.0,-1.0,[]
50.0,cluster_123281084_3663662939_3664674395_3664674397_#1more_0_D1.1,0,0.0,-1.0,[]
50.0,cluster_123281084_3663662939_3664674395_3664674397_#1more_0_D2.0,0,0.0,-1.0,[]
50.0,cluster_123281084_3663662939_3664674395_3664674397_#1more_0_D2.1,0,0.0,-1.0,[]
50.0,cluster_123281085_12840608127_12840608130_12840608135_#1more_0_D0.0,0,0.0,-1.0,[]
50.0,cluster_123281085_12840608127_12840608130_12840608135_#1more_0_D1.0,0,0.0,-1.0,[]
50.0,cluster_123292026_3663224279_3663224280_3663662945_#1more_0_D0.0,0,0.0,-1.0,[]
50.0,cluster_123292026_3663224279_3663224280_3663662945_#1more_0_D0.1,0,0.0,-1.0,[]
50.0,cluster_123292026_3663224279_3663224280_3663662945_#1more_0_D1.0,0,0.0,-1.0,[]
50.0,cluster_123292026_3663224279_3663224280_3663662945_#1more_0_D1.1,1,24.616996820495274,14.16474869273331,['veh11']
50.0,cluster_123292026_3663224279_3663224280_3663662945_#1more_0_D1.2,0,0.0,-1.0,[]
50.0,cluster_123292026_3663224279_3663224280_3663662945_#1more_0_D1.3,0,0.0,-1.0,[]
50.0,cluster_123292026_3663224279_3663224280_3663662945_#1more_0_D2.0,0,0.0,-1.0,[]
50.0,cluster_123292026_3663224279_3663224280_3663662945_#1more_0_D2.1,0,0.0,-1.0,[]
50.0,cluster_123292029_3663224277_3663224278_5344542569_#1more_0_D0.0,0,0.0,-1.0,[]
50.0,cluster_123292029_3663224277_3663224278_5344542569_#1more_0_D0.1,0,0.0,-1.0,[]
50.0,cluster_123292029_3663224277_3663224278_5344542569_#1more_0_D0.2,0,0.0,-1.0,[]
50.0,cluster_123292029_3663224277_3663224278_5344542569_#1more_0_D1.0,0,0.0,-1.0,[]
50.0,cluster_123292029_3663224277_3663224278_5344542569_#1more_0_D1.1,1,0.0,-1.0,['veh6']
50.0,cluster_123292029_3663224277_3663224278_5344542569_#1more_0_D2.0,0,0.0,-1.0,[]
50.0,cluster_123292029_3663224277_3663224278_5344542569_#1more_0_D2.1,0,0.0,-1.0,[]
50.0,cluster_123292029_3663224277_3663224278_5344542569_#1more_0_D2.2,0,0.0,-1.0,[]
50.0,cluster_123292029_3663224277_3663224278_5344542569_#1more_0_D3.0,0,0.0,-1.0,[]
50.0,cluster_123292029_3663224277_3663224278_5344542569_#1more_0_D3.1,0,0.0,-1.0,[]
50.0,cluster_123292031_3663224275_3663224276_3663662936_#1more_0_D0.0,0,0.0,-1.0,[]
50.0,cluster_123292031_3663224275_3663224276_3663662936_#1more_0_D0.1,0,0.0,-1.0,[]
50.0,cluster_123292031_3663224275_3663224276_3663662936_#1more_0_D1.0,0,0.0,-1.0,[]
50.0,cluster_123292031_3663224275_3663224276_3663662936_#1more_0_D2.0,0,0.0,-1.0,[]
50.0,cluster_123292031_3663224275_3663224276_3663662936_#1more_0_D2.1,0,0.0,-1.0,[]
50.0,cluster_123308403_3663827018_3663827019_3664674393_#1more_0_D0.0,0,0.0,-1.0,[]
50.0,cluster_123308403_3663827018_3663827019_3664674393_#1more_0_D0.1,0,0.0,-1.0,[]
50.0,cluster_123308403_3663827018_3663827019_3664674393_#1more_0_D1.0,0,0.0,-1.0,[]
50.0,cluster_123308403_3663827018_3663827019_3664674393_#1more_0_D1.1,0,0.0,-1.0,[]
50.0,cluster_123308403_3663827018_3663827019_3664674393_#1more_0_D1.2,0,0.0,-1.0,[]
50.0,cluster_123308403_3663827018_3663827019_3664674393_#1more_0_D1.3,0,0.0,-1.0,[]
50.0,cluster_123308403_3663827018_3663827019_3664674393_#1more_0_D2.0,0,0.0,-1.0,[]
50.0,cluster_123308403_3663827018_3663827019_3664674393_#1more_0_D2.1,0,0.0,-1.0,[]
50.0,cluster_123308403_3663827018_3663827019_3664674393_#1more_0_D2.2,0,0.0,-1.0,[]
50.0,cluster_3664723686_3698084157_3698084158_3698084159_#1more_0_D0.0,0,0.0,-1.0,[]
50.0,cluster_3664723686_3698084157_3698084158_3698084159_#1more_0_D0.1,0,0.0,-1.0,[]
50.0,cluster_3664723686_3698084157_3698084158_3698084159_#1more_0_D0.2,0,0.0,-1.0,[]
50.0,cluster_3664723686_3698084157_3698084158_3698084159_#1more_0_D1.0,0,0.0,-1.0,[]
50.0,cluster_3664723686_3698084157_3698084158_3698084159_#1more_0_D1.1,0,0.0,-1.0,[]
50.0,cluster_3664723686_3698084157_3698084158_3698084159_#1more_0_D1.2,0,0.0,-1.0,[]
50.0,joinedS_3663662947_3663662948_3698084160_3698084161_#1more_0_D0.0,0,0.0,-1.0,[]
50.0,joinedS_3663662947_3663662948_3698084160_3698084161_#1more_0_D0.1,0,0.0,-1.0,[]
50.0,joinedS_3663662947_3663662948_3698084160_3698084161_#1more_0_D0.2,0,0.0,-1.0,[]
50.0,joinedS_3663662947_3663662948_3698084160_3698084161_#1more_0_D0.3,0,0.0,-1.0,[]
50.0,joinedS_3663662947_3663662948_3698084160_3698084161_#1more_0_D1.0,1,100.0,-1.0,['bus2']
50.0,joinedS_3663662947_3663662948_3698084160_3698084161_#1more_0_D1.1,0,0.0,-1.0,[]
50.0,joinedS_3663662947_3663662948_3698084160_3698084161_#1more_0_D1.2,0,0.0,-1.0,[]
50.0,joinedS_3663662947_3663662948_3698084160_3698084161_#1more_0_D1.3,0,0.0,-1.0,[]
50.0,joinedS_3663662947_3663662948_3698084160_3698084161_#1more_0_D2.0,0,0.0,-1.0,[]
50.0,joinedS_3663662947_3663662948_3698084160_3698084161_#1more_0_D2.1,1,100.0,-1.0,['veh21']
50.0,joinedS_3663662947_3663662948_3698084160_3698084161_#1more_0_D2.2,0,0.0,-1.0,[]
50.0,joinedS_3663662947_3663662948_3698084160_3698084161_#1more_0_D2.3,1,100.0,-1.0,['veh20']
50.0,joinedS_3663662947_3663662948_3698084160_3698084161_#1more_0_D3.0,0,0.0,-1.0,[]
50.0,joinedS_3663662947_3663662948_3698084160_3698084161_#1more_0_D3.1,0,0.0,-1.0,[]
50.0,joinedS_3663662947_3663662948_3698084160_3698084161_#1more_0_D3.2,0,0.0,-1.0,[]
50.0,joinedS_3663662947_3663662948_3698084160_3698084161_#1more_0_D3.3,0,0.0,-1.0,[]
50.0,joinedS_3663662947_3663662948_3698084160_3698084161_#1more_0_D3.4,0,0.0,-1.0,[]
55.0,cluster_122855839_3663662942_3663662943_3663662944_#1more_0_D0.0,0,0.0,-1.0,[]
55.0,cluster_122855839_3663662942_3663662943_3663662944_#1more_0_D0.1,0,0.0,-1.0,[]
55.0,cluster_122855839_3663662942_3663662943_3663662944_#1more_0_D0.2,0,0.0,-1.0,[]
55.0,cluster_122855839_3663662942_3663662943_3663662944_#1more_0_D0.3,0,0.0,-1.0,[]
55.0,cluster_122855839_3663662942_3663662943_3663662944_#1more_0_D0.4,1,36.75587897075516,13.603266035287179,['veh14']
55.0,cluster_122855839_3663662942_3663662943_3663662944_#1more_0_D1.0,0,0.0,-1.0,[]
55.0,cluster_122855839_3663662942_3663662943_3663662944_#1more_0_D1.1,0,0.0,-1.0,[]
55.0,cluster_122855839_3663662942_3663662943_3663662944_#1more_0_D1.2,0,0.0,-1.0,[]
55.0,cluster_122855839_3663662942_3663662943_3663662944_#1more_0_D2.0,0,0.0,-1.0,[]
55.0,cluster_122855839_3663662942_3663662943_3663662944_#1more_0_D2.1,0,0.0,-1.0,[]
55.0,cluster_123241924_382443557_5344542568_5546892974_#3more_0_D0.0,0,0.0,-1.0,[]
55.0,cluster_123241924_382443557_5344542568_5546892974_#3more_0_D0.1,0,0.0,-1.0,[]
55.0,cluster_123241924_382443557_5344542568_5546892974_#3more_0_D0.2,0,0.0,-1.0,[]
55.0,cluster_123241924_382443557_5344542568_5546892974_#3more_0_D0.3,0,0.0,-1.0,[]
55.0,cluster_123241924_382443557_5344542568_5546892974_#3more_0_D0.4,0,0.0,-1.0,[]
55.0,cluster_123241924_382443557_5344542568_5546892974_#3more_0_D1.0,0,0.0,-1.0,[]
55.0,cluster_123241924_382443557_5344542568_5546892974_#3more_0_D2.0,0,0.0,-1.0,[]
55.0,cluster_123241924_382443557_5344542568_5546892974_#3more_0_D2.1,0,0.0,-1.0,[]
55.0,cluster_123241924_382443557_5344542568_5546892974_#3more_0_D2.2,0,0.0,-1.0,[]
55.0,cluster_123241924_382443557_5344542568_5546892974_#3more_0_D2.3,0,0.0,-1.0,[]
55.0,cluster_123241924_382443557_5344542568_5546892974_#3more_0_D2.4,0,0.0,-1.0,[]
55.0,cluster_123241924_382443557_5344542568_5546892974_#3more_0_D2.5,0,0.0,-1.0,[]
55.0,cluster_123241924_382443557_5344542568_5546892974_#3more_0_D3.0,0,0.0,-1.0,[]
55.0,cluster_123241924_382443557_5344542568_5546892974_#3more_0_D3.1,0,0.0,-1.0,[]
55.0,cluster_123241924_382443557_5344542568_5546892974_#3more_0_D3.2,0,0.0,-1.0,[]
55.0,cluster_123241924_382443557_5344542568_5546892974_#3more_0_D3.3,0,0.0,-1.0,[]
55.0,cluster_123241924_382443557_5344542568_5546892974_#3more_0_D3.4,0,0.0,-1.0,[]
55.0,cluster_123281084_3663662939_3664674395_3664674397_#1more_0_D0.0,1,35.53549412512993,14.07043893182875,['veh25']
55.0,cluster_123281084_3663662939_3664674395_3664674397_#1more_0_D0.1,0,0.0,-1.0,[]
55.0,cluster_123281084_3663662939_3664674395_3664674397_#1more_0_D0.2,0,0.0,-1.0,[]
55.0,cluster_123281084_3663662939_3664674395_3664674397_#1more_0_D0.3,0,0.0,-1.0,[]
55.0,cluster_123281084_3663662939_3664674395_3664674397_#1more_0_D0.4,0,0.0,-1.0,[]
55.0,cluster_123281084_3663662939_3664674395_3664674397_#1more_0_D1.0,0,0.0,-1.0,[]
55.0,cluster_123281084_3663662939_3664674395_3664674397_#1more_0_D1.1,1,0.0,-1.0,['truck1']
55.0,cluster_123281084_3663662939_3664674395_3664674397_#1more_0_D2.0,0,0.0,-1.0,[]
55.0,cluster_123281084_3663662939_3664674395_3664674397_#1more_0_D2.1,0,0.0,-1.0,[]
55.0,cluster_123281085_12840608127_12840608130_12840608135_#1more_0_D0.0,0,0.0,-1.0,[]
55.0,cluster_123281085_12840608127_12840608130_12840608135_#1more_0_D1.0,0,0.0,-1.0,[]
55.0,cluster_123292026_3663224279_3663224280_3663662945_#1more_0_D0.0,0,0.0,-1.0,[]
55.0,cluster_123292026_3663224279_3663224280_3663662945_#1more_0_D0.1,0,0.0,-1.0,[]
55.0,cluster_123292026_3663224279_3663224280_3663662945_#1more_0_D1.0,0,0.0,-1.0,[]
55.0,cluster_123292026_3663224279_3663224280_3663662945_#1more_0_D1.1,0,0.0,-1.0,[]
55.0,cluster_123292026_3663224279_3663224280_3663662945_#1more_0_D1.2,0,0.0,-1.0,[]
55.0,cluster_123292026_3663224279_3663224280_3663662945_#1more_0_D1.3,0,0.0,-1.0,[]
55.0,cluster_123292026_3663224279_3663224280_3663662945_#1more_0_D2.0,0,0.0,-1.0,[]
55.0,cluster_123292026_3663224279_3663224280_3663662945_#1more_0_D2.1,0,0.0,-1.0,[]
55.0,cluster_123292029_3663224277_3663224278_5344542569_#1more_0_D0.0,0,0.0,-1.0,[]
55.0,cluster_123292029_3663224277_3663224278_5344542569_#1more_0_D0.1,0,0.0,-1.0,[]
55.0,cluster_123292029_3663224277_3663224278_5344542569_#1more_0_D0.2,0,0.0,-1.0,[]
55.0,cluster_123292029_3663224277_3663224278_5344542569_#1more_0_D1.0,0,0.0,-1.0,[]
55.0,cluster_123292029_3663224277_3663224278_5344542569_#1more_0_D1.1,0,0.0,-1.0,[]
55.0,cluster_123292029_3663224277_3663224278_5344542569_#1more_0_D2.0,0,0.0,-1.0,[]
55.0,cluster_123292029_3663224277_3663224278_5344542569_#1more_0_D2.1,0,0.0,-1.0,[]
55.0,cluster_123292029_3663224277_3663224278_5344542569_#1more_0_D2.2,0,0.0,-1.0,[]
55.0,cluster_123292029_3663224277_3663224278_5344542569_#1more_0_D3.0,0,0.0,-1.0,[]
55.0,cluster_123292029_3663224277_3663224278_5344542569_#1more_0_D3.1,0,0.0,-1.0,[]
55.0,cluster_123292031_3663224275_3663224276_3663662936_#1more_0_D0.0,0,0.0,-1.0,[]
55.0,cluster_123292031_3663224275_3663224276_3663662936_#1more_0_D0.1,0,0.0,-1.0,[]
55.0,cluster_123292031_3663224275_3663224276_3663662936_#1more_0_D1.0,0,0.0,-1.0,[]
55.0,cluster_123292031_3663224275_3663224276_3663662936_#1more_0_D2.0,0,0.0,-1.0,[]
55.0,cluster_123292031_3663224275_3663224276_3663662936_#1more_0_D2.1,0,0.0,-1.0,[]
55.0,cluster_123308403_3663827018_3663827019_3664674393_#1more_0_D0.0,0,0.0,-1.0,[]
55.0,cluster_123308403_3663827018_3663827019_3664674393_#1more_0_D0.1,0,0.0,-1.0,[]
55.0,cluster_123308403_3663827018_3663827019_3664674393_#1more_0_D1.0,0,0.0,-1.0,[]
55.0,cluster_123308403_3663827018_3663827019_3664674393_#1more_0_D1.1,0,0.0,-1.0,[]
55.0,cluster_123308403_3663827018_3663827019_3664674393_#1more_0_D1.2,0,0.0,-1.0,[]
55.0,cluster_123308403_3663827018_3663827019_3664674393_#1more_0_D1.3,0,0.0,-1.0,[]
55.0,cluster_123308403_3663827018_3663827019_3664674393_#1more_0_D2.0,0,0.0,-1.0,[]
55.0,cluster_123308403_3663827018_3663827019_3664674393_#1more_0_D2.1,0,0.0,-1.0,[]
55.0,cluster_123308403_3663827018_3663827019_3664674393_#1more_0_D2.2,0,0.0,-1.0,[]
55.0,cluster_3664723686_3698084157_3698084158_3698084159_#1more_0_D0.0,0,0.0,-1.0,[]
55.0,cluster_3664723686_3698084157_3698084158_3698084159_#1more_0_D0.1,0,0.0,-1.0,[]
55.0,cluster_3664723686_3698084157_3698084158_3698084159_#1more_0_D0.2,0,0.0,-1.0,[]
55.0,cluster_3664723686_3698084157_3698084158_3698084159_#1more_0_D1.0,0,0.0,-1.0,[]
55.0,cluster_3664723686_3698084157_3698084158_3698084159_#1more_0_D1.1,0,0.0,-1.0,[]
55.0,cluster_3664723686_3698084157_3698084158_3698084159_#1more_0_D1.2,0,0.0,-1.0,[]
55.0,joinedS_3663662947_3663662948_3698084160_3698084161_#1more_0_D0.0,0,0.0,-1.0,[]
55.0,joinedS_3663662947_3663662948_3698084160_3698084161_#1more_0_D0.1,0,0.0,-1.0,[]
55.0,joinedS_3663662947_3663662948_3698084160_3698084161_#1more_0_D0.2,0,0.0,-1.0,[]
55.0,joinedS_3663662947_3663662948_3698084160_3698084161_#1more_0_D0.3,0,0.0,-1.0,[]
55.0,joinedS_3663662947_3663662948_3698084160_3698084161_#1more_0_D1.0,0,0.0,-1.0,[]
55.0,joinedS_3663662947_3663662948_3698084160_3698084161_#1more_0_D1.1,0,0.0,-1.0,[]
55.0,joinedS_3663662947_3663662948_3698084160_3698084161_#1more_0_D1.2,0,0.0,-1.0,[]
55.0,joinedS_3663662947_3663662948_3698084160_3698084161_#1more_0_D1.3,0,0.0,-1.0,[]
55.0,joinedS_3663662947_3663662948_3698084160_3698084161_#1more_0_D2.0,0,0.0,-1.0,[]
55.0,joinedS_3663662947_3663662948_3698084160_3698084161_#1more_0_D2.1,1,100.0,-1.0,['veh21']
55.0,joinedS_3663662947_3663662948_3698084160_3698084161_#1more_0_D2.2,0,0.0,-1.0,[]
55.0,joinedS_3663662947_3663662948_3698084160_3698084161_#1more_0_D2.3,1,100.0,-1.0,['veh20']
55.0,joinedS_3663662947_3663662948_3698084160_3698084161_#1more_0_D3.0,0,0.0,-1.0,[]
55.0,joinedS_3663662947_3663662948_3698084160_3698084161_#1more_0_D3.1,0,0.0,-1.0,[]
55.0,joinedS_3663662947_3663662948_3698084160_3698084161_#1more_0_D3.2,0,0.0,-1.0,[]
55.0,joinedS_3663662947_3663662948_3698084160_3698084161_#1more_0_D3.3,0,0.0,-1.0,[]
55.0,joinedS_3663662947_3663662948_3698084160_3698084161_#1more_0_D3.4,0,0.0,-1.0,[]
60.0,cluster_122855839_3663662942_3663662943_3663662944_#1more_0_D0.0,0,0.0,-1.0,[]
60.0,cluster_122855839_3663662942_3663662943_3663662944_#1more_0_D0.1,0,0.0,-1.0,[]
60.0,cluster_122855839_3663662942_3663662943_3663662944_#1more_0_D0.2,0,0.0,-1.0,[]
60.0,cluster_122855839_3663662942_3663662943_3663662944_#1more_0_D0.3,0,0.0,-1.0,[]
60.0,cluster_122855839_3663662942_3663662943_3663662944_#1more_0_D0.4,0,0.0,-1.0,[]
60.0,cluster_122855839_3663662942_3663662943_3663662944_#1more_0_D1.0,0,0.0,-1.0,[]
60.0,cluster_122855839_3663662942_3663662943_3663662944_#1more_0_D1.1,0,0.0,-1.0,[]
60.0,cluster_122855839_3663662942_3663662943_3663662944_#1more_0_D1.2,0,0.0,-1.0,[]
60.0,cluster_122855839_3663662942_3663662943_3663662944_#1more_0_D2.0,0,0.0,-1.0,[]
60.0,cluster_122855839_3663662942_3663662943_3663662944_#1more_0_D2.1,0,0.0,-1.0,[]
60.0,cluster_123241924_382443557_5344542568_5546892974_#3more_0_D0.0,0,0.0,-1.0,[]
60.0,cluster_123241924_382443557_5344542568_5546892974_#3more_0_D0.1,0,0.0,-1.0,[]
60.0,cluster_123241924_382443557_5344542568_5546892974_#3more_0_D0.2,0,0.0,-1.0,[]
60.0,cluster_123241924_382443557_5344542568_5546892974_#3more_0_D0.3,0,0.0,-1.0,[]
60.0,cluster_123241924_382443557_5344542568_5546892974_#3more_0_D0.4,0,0.0,-1.0,[]
60.0,cluster_123241924_382443557_5344542568_5546892974_#3more_0_D1.0,0,0.0,-1.0,[]
60.0,cluster_123241924_382443557_5344542568_5546892974_#3more_0_D2.0,0,0.0,-1.0,[]
60.0,cluster_123241924_382443557_5344542568_5546892974_#3more_0_D2.1,0,0.0,-1.0,[]
60.0,cluster_123241924_382443557_5344542568_5546892974_#3more_0_D2.2,0,0.0,-1.0,[]
60.0,cluster_123241924_382443557_5344542568_5546892974_#3more_0_D2.3,0,0.0,-1.0,[]
60.0,cluster_123241924_382443557_5344542568_5546892974_#3more_0_D2.4,0,0.0,-1.0,[]
60.0,cluster_123241924_382443557_5344542568_5546892974_#3more_0_D2.5,0,0.0,-1.0,[]
60.0,cluster_123241924_382443557_5344542568_5546892974_#3more_0_D3.0,0,0.0,-1.0,[]
60.0,cluster_123241924_382443557_5344542568_5546892974_#3more_0_D3.1,0,0.0,-1.0,[]
60.0,cluster_123241924_382443557_5344542568_5546892974_#3more_0_D3.2,0,0.0,-1.0,[]
60.0,cluster_123241924_382443557_5344542568_5546892974_#3more_0_D3.3,0,0.0,-1.0,[]
60.0,cluster_123241924_382443557_5344542568_5546892974_#3more_0_D3.4,0,0.0,-1.0,[]
60.0,cluster_123281084_3663662939_3664674395_3664674397_#1more_0_D0.0,0,0.0,-1.0,[]
60.0,cluster_123281084_3663662939_3664674395_3664674397_#1more_0_D0.1,0,0.0,-1.0,[]
60.0,cluster_123281084_3663662939_3664674395_3664674397_#1more_0_D0.2,0,0.0,-1.0,[]
60.0,cluster_123281084_3663662939_3664674395_3664674397_#1more_0_D0.3,0,0.0,-1.0,[]
60.0,cluster_123281084_3663662939_3664674395_3664674397_#1more_0_D0.4,0,0.0,-1.0,[]
60.0,cluster_123281084_3663662939_3664674395_3664674397_#1more_0_D1.0,0,0.0,-1.0,[]
60.0,cluster_123281084_3663662939_3664674395_3664674397_#1more_0_D1.1,0,0.0,-1.0,[]
60.0,cluster_123281084_3663662939_3664674395_3664674397_#1more_0_D2.0,0,0.0,-1.0,[]
60.0,cluster_123281084_3663662939_3664674395_3664674397_#1more_0_D2.1,0,0.0,-1.0,[]
60.0,cluster_123281085_12840608127_12840608130_12840608135_#1more_0_D0.0,1,39.40107281536811,7.435851413419856,['veh30']
60.0,cluster_123281085_12840608127_12840608130_12840608135_#1more_0_D1.0,0,0.0,-1.0,[]
60.0,cluster_123292026_3663224279_3663224280_3663662945_#1more_0_D0.0,0,0.0,-1.0,[]
60.0,cluster_123292026_3663224279_3663224280_3663662945_#1more_0_D0.1,0,0.0,-1.0,[]
60.0,cluster_123292026_3663224279_3663224280_3663662945_#1more_0_D1.0,0,0.0,-1.0,[]
60.0,cluster_123292026_3663224279_3663224280_3663662945_#1more_0_D1.1,0,0.0,-1.0,[]
60.0,cluster_123292026_3663224279_3663224280_3663662945_#1more_0_D1.2,0,0.0,-1.0,[]
60.0,cluster_123292026_3663224279_3663224280_3663662945_#1more_0_D1.3,0,0.0,-1.0,[]
60.0,cluster_123292026_3663224279_3663224280_3663662945_#1more_0_D2.0,0,0.0,-1.0,[]
60.0,cluster_123292026_3663224279_3663224280_3663662945_#1more_0_D2.1,0,0.0,-1.0,[]
60.0,cluster_123292029_3663224277_3663224278_5344542569_#1more_0_D0.0,0,0.0,-1.0,[]
60.0,cluster_123292029_3663224277_3663224278_5344542569_#1more_0_D0.1,0,0.0,-1.0,[]
60.0,cluster_123292029_3663224277_3663224278_5344542569_#1more_0_D0.2,0,0.0,-1.0,[]
60.0,cluster_123292029_3663224277_3663224278_5344542569_#1more_0_D1.0,0,0.0,-1.0,[]
60.0,cluster_123292029_3663224277_3663224278_5344542569_#1more_0_D1.1,0,0.0,-1.0,[]
60.0,cluster_123292029_3663224277_3663224278_5344542569_#1more_0_D2.0,0,0.0,-1.0,[]
60.0,cluster_123292029_3663224277_3663224278_5344542569_#1more_0_D2.1,0,0.0,-1.0,[]
60.0,cluster_123292029_3663224277_3663224278_5344542569_#1more_0_D2.2,0,0.0,-1.0,[]
60.0,cluster_123292029_3663224277_3663224278_5344542569_#1more_0_D3.0,0,0.0,-1.0,[]
60.0,cluster_123292029_3663224277_3663224278_5344542569_#1more_0_D3.1,0,0.0,-1.0,[]
60.0,cluster_123292031_3663224275_3663224276_3663662936_#1more_0_D0.0,0,0.0,-1.0,[]
60.0,cluster_123292031_3663224275_3663224276_3663662936_#1more_0_D0.1,0,0.0,-1.0,[]
60.0,cluster_123292031_3663224275_3663224276_3663662936_#1more_0_D1.0,0,0.0,-1.0,[]
60.0,cluster_123292031_3663224275_3663224276_3663662936_#1more_0_D2.0,0,0.0,-1.0,[]
60.0,cluster_123292031_3663224275_3663224276_3663662936_#1more_0_D2.1,0,0.0,-1.0,[]
60.0,cluster_123308403_3663827018_3663827019_3664674393_#1more_0_D0.0,0,0.0,-1.0,[]
60.0,cluster_123308403_3663827018_3663827019_3664674393_#1more_0_D0.1,0,0.0,-1.0,[]
60.0,cluster_123308403_3663827018_3663827019_3664674393_#1more_0_D1.0,0,0.0,-1.0,[]
60.0,cluster_123308403_3663827018_3663827019_3664674393_#1more_0_D1.1,0,0.0,-1.0,[]
60.0,cluster_123308403_3663827018_3663827019_3664674393_#1more_0_D1.2,0,0.0,-1.0,[]
60.0,cluster_123308403_3663827018_3663827019_3664674393_#1more_0_D1.3,0,0.0,-1.0,[]
60.0,cluster_123308403_3663827018_3663827019_3664674393_#1more_0_D2.0,0,0.0,-1.0,[]
60.0,cluster_123308403_3663827018_3663827019_3664674393_#1more_0_D2.1,0,0.0,-1.0,[]
60.0,cluster_123308403_3663827018_3663827019_3664674393_#1more_0_D2.2,0,0.0,-1.0,[]
60.0,cluster_3664723686_3698084157_3698084158_3698084159_#1more_0_D0.0,0,0.0,-1.0,[]
60.0,cluster_3664723686_3698084157_3698084158_3698084159_#1more_0_D0.1,1,43.15645041103693,11.585753583481205,['veh11']
60.0,cluster_3664723686_3698084157_3698084158_3698084159_#1more_0_D0.2,0,0.0,-1.0,[]
60.0,cluster_3664723686_3698084157_3698084158_3698084159_#1more_0_D1.0,0,0.0,-1.0,[]
60.0,cluster_3664723686_3698084157_3698084158_3698084159_#1more_0_D1.1,0,0.0,-1.0,[]
60.0,cluster_3664723686_3698084157_3698084158_3698084159_#1more_0_D1.2,0,0.0,-1.0,[]
60.0,joinedS_3663662947_3663662948_3698084160_3698084161_#1more_0_D0.0,0,0.0,-1.0,[]
60.0,joinedS_3663662947_3663662948_3698084160_3698084161_#1more_0_D0.1,0,0.0,-1.0,[]
60.0,joinedS_3663662947_3663662948_3698084160_3698084161_#1more_0_D0.2,0,0.0,-1.0,[]
60.0,joinedS_3663662947_3663662948_3698084160_3698084161_#1more_0_D0.3,0,0.0,-1.0,[]
60.0,joinedS_3663662947_3663662948_3698084160_3698084161_#1more_0_D1.0,0,0.0,-1.0,[]
60.0,joinedS_3663662947_3663662948_3698084160_3698084161_#1more_0_D1.1,0,0.0,-1.0,[]
60.0,joinedS_3663662947_3663662948_3698084160_3698084161_#1more_0_D1.2,0,0.0,-1.0,[]
60.0,joinedS_3663662947_3663662948_3698084160_3698084161_#1more_0_D1.3,0,0.0,-1.0,[]
60.0,joinedS_3663662947_3663662948_3698084160_3698084161_#1more_0_D2.0,0,0.0,-1.0,[]
60.0,joinedS_3663662947_3663662948_3698084160_3698084161_#1more_0_D2.1,1,0.0,-1.0,['veh21']
60.0,joinedS_3663662947_3663662948_3698084160_3698084161_#1more_0_D2.2,0,0.0,-1.0,[]
60.0,joinedS_3663662947_3663662948_3698084160_3698084161_#1more_0_D2.3,0,0.0,-1.0,[]
60.0,joinedS_3663662947_3663662948_3698084160_3698084161_#1more_0_D3.0,0,0.0,-1.0,[]
60.0,joinedS_3663662947_3663662948_3698084160_3698084161_#1more_0_D3.1,0,0.0,-1.0,[]
60.0,joinedS_3663662947_3663662948_3698084160_3698084161_#1more_0_D3.2,0,0.0,-1.0,[]
60.0,joinedS_3663662947_3663662948_3698084160_3698084161_#1more_0_D3.3,0,0.0,-1.0,[]
60.0,joinedS_3663662947_3663662948_3698084160_3698084161_#1more_0_D3.4,0,0.0,-1.0,[]
65.0,cluster_122855839_3663662942_3663662943_3663662944_#1more_0_D0.0,1,0.0,-1.0,['bus2']
65.0,cluster_122855839_3663662942_3663662943_3663662944_#1more_0_D0.1,0,0.0,-1.0,[]
65.0,cluster_122855839_3663662942_3663662943_3663662944_#1more_0_D0.2,0,0.0,-1.0,[]
65.0,cluster_122855839_3663662942_3663662943_3663662944_#1more_0_D0.3,0,0.0,-1.0,[]
65.0,cluster_122855839_3663662942_3663662943_3663662944_#1more_0_D0.4,0,0.0,-1.0,[]
65.0,cluster_122855839_3663662942_3663662943_3663662944_#1more_0_D1.0,0,0.0,-1.0,[]
65.0,cluster_122855839_3663662942_3663662943_3663662944_#1more_0_D1.1,0,0.0,-1.0,[]
65.0,cluster_122855839_3663662942_3663662943_3663662944_#1more_0_D1.2,0,0.0,-1.0,[]
65.0,cluster_122855839_3663662942_3663662943_3663662944_#1more_0_D2.0,0,0.0,-1.0,[]
65.0,cluster_122855839_3663662942_3663662943_3663662944_#1more_0_D2.1,0,0.0,-1.0,[]
65.0,cluster_123241924_382443557_5344542568_5546892974_#3more_0_D0.0,0,0.0,-1.0,[]
65.0,cluster_123241924_382443557_5344542568_5546892974_#3more_0_D0.1,0,0.0,-1.0,[]
65.0,cluster_123241924_382443557_5344542568_5546892974_#3more_0_D0.2,0,0.0,-1.0,[]
65.0,cluster_123241924_382443557_5344542568_5546892974_#3more_0_D0.3,0,0.0,-1.0,[]
65.0,cluster_123241924_382443557_5344542568_5546892974_#3more_0_D0.4,0,0.0,-1.0,[]
65.0,cluster_123241924_382443557_5344542568_5546892974_#3more_0_D1.0,0,0.0,-1.0,[]
65.0,cluster_123241924_382443557_5344542568_5546892974_#3more_0_D2.0,0,0.0,-1.0,[]
65.0,cluster_123241924_382443557_5344542568_5546892974_#3more_0_D2.1,0,0.0,-1.0,[]
65.0,cluster_123241924_382443557_5344542568_5546892974_#3more_0_D2.2,0,0.0,-1.0,[]
65.0,cluster_123241924_382443557_5344542568_5546892974_#3more_0_D2.3,0,0.0,-1.0,[]
65.0,cluster_123241924_382443557_5344542568_5546892974_#3more_0_D2.4,0,0.0,-1.0,[]
65.0,cluster_123241924_382443557_5344542568_5546892974_#3more_0_D2.5,0,0.0,-1.0,[]
65.0,cluster_123241924_382443557_5344542568_5546892974_#3more_0_D3.0,0,0.0,-1.0,[]
65.0,cluster_123241924_382443557_5344542568_5546892974_#3more_0_D3.1,1,0.0,-1.0,['bus3']
65.0,cluster_123241924_382443557_5344542568_5546892974_#3more_0_D3.2,0,0.0,-1.0,[]
65.0,cluster_123241924_382443557_5344542568_5546892974_#3more_0_D3.3,0,0.0,-1.0,[]
65.0,cluster_123241924_382443557_5344542568_5546892974_#3more_0_D3.4,0,0.0,-1.0,[]
65.0,cluster_123281084_3663662939_3664674395_3664674397_#1more_0_D0.0,0,0.0,-1.0,[]
65.0,cluster_123281084_3663662939_3664674395_3664674397_#1more_0_D0.1,0,0.0,-1.0,[]
65.0,cluster_123281084_3663662939_3664674395_3664674397_#1more_0_D0.2,0,0.0,-1.0,[]
65.0,cluster_123281084_3663662939_3664674395_3664674397_#1more_0_D0.3,0,0.0,-1.0,[]
65.0,cluster_123281084_3663662939_3664674395_3664674397_#1more_0_D0.4,0,0.0,-1.0,[]
65.0,cluster_123281084_3663662939_3664674395_3664674397_#1more_0_D1.0,0,0.0,-1.0,[]
65.0,cluster_123281084_3663662939_3664674395_3664674397_#1more_0_D1.1,0,0.0,-1.0,[]
65.0,cluster_123281084_3663662939_3664674395_3664674397_#1more_0_D2.0,0,0.0,-1.0,[]
65.0,cluster_123281084_3663662939_3664674395_3664674397_#1more_0_D2.1,0,0.0,-1.0,[]
65.0,cluster_123281085_12840608127_12840608130_12840608135_#1more_0_D0.0,0,0.0,-1.0,[]
65.0,cluster_123281085_12840608127_12840608130_12840608135_#1more_0_D1.0,0,0.0,-1.0,[]
65.0,cluster_123292026_3663224279_3663224280_3663662945_#1more_0_D0.0,0,0.0,-1.0,[]
65.0,cluster_123292026_3663224279_3663224280_3663662945_#1more_0_D0.1,0,0.0,-1.0,[]
65.0,cluster_123292026_3663224279_3663224280_3663662945_#1more_0_D1.0,0,0.0,-1.0,[]
65.0,cluster_123292026_3663224279_3663224280_3663662945_#1more_0_D1.1,0,0.0,-1.0,[]
65.0,cluster_123292026_3663224279_3663224280_3663662945_#1more_0_D1.2,0,0.0,-1.0,[]
65.0,cluster_123292026_3663224279_3663224280_3663662945_#1more_0_D1.3,0,0.0,-1.0,[]
65.0,cluster_123292026_3663224279_3663224280_3663662945_#1more_0_D2.0,1,0.0,-1.0,['veh35']
65.0,cluster_123292026_3663224279_3663224280_3663662945_#1more_0_D2.1,0,0.0,-1.0,[]
65.0,cluster_123292029_3663224277_3663224278_5344542569_#1more_0_D0.0,0,0.0,-1.0,[]
65.0,cluster_123292029_3663224277_3663224278_5344542569_#1more_0_D0.1,0,0.0,-1.0,[]
65.0,cluster_123292029_3663224277_3663224278_5344542569_#1more_0_D0.2,0,0.0,-1.0,[]
65.0,cluster_123292029_3663224277_3663224278_5344542569_#1more_0_D1.0,0,0.0,-1.0,[]
65.0,cluster_123292029_3663224277_3663224278_5344542569_#1more_0_D1.1,0,0.0,-1.0,[]
65.0,cluster_123292029_3663224277_3663224278_5344542569_#1more_0_D2.0,0,0.0,-1.0,[]
65.0,cluster_123292029_3663224277_3663224278_5344542569_#1more_0_D2.1,0,0.0,-1.0,[]
65.0,cluster_123292029_3663224277_3663224278_5344542569_#1more_0_D2.2,0,0.0,-1.0,[]
65.0,cluster_123292029_3663224277_3663224278_5344542569_#1more_0_D3.0,0,0.0,-1.0,[]
65.0,cluster_123292029_3663224277_3663224278_5344542569_#1more_0_D3.1,0,0.0,-1.0,[]
65.0,cluster_123292031_3663224275_3663224276_3663662936_#1more_0_D0.0,0,0.0,-1.0,[]
65.0,cluster_123292031_3663224275_3663224276_3663662936_#1more_0_D0.1,0,0.0,-1.0,[]
65.0,cluster_123292031_3663224275_3663224276_3663662936_#1more_0_D1.0,0,0.0,-1.0,[]
65.0,cluster_123292031_3663224275_3663224276_3663662936_#1more_0_D2.0,0,0.0,-1.0,[]
65.0,cluster_123292031_3663224275_3663224276_3663662936_#1more_0_D2.1,0,0.0,-1.0,[]
65.0,cluster_123308403_3663827018_3663827019_3664674393_#1more_0_D0.0,0,0.0,-1.0,[]
65.0,cluster_123308403_3663827018_3663827019_3664674393_#1more_0_D0.1,0,0.0,-1.0,[]
65.0,cluster_123308403_3663827018_3663827019_3664674393_#1more_0_D1.0,0,0.0,-1.0,[]
65.0,cluster_123308403_3663827018_3663827019_3664674393_#1more_0_D1.1,0,0.0,-1.0,[]
65.0,cluster_123308403_3663827018_3663827019_3664674393_#1more_0_D1.2,0,0.0,-1.0,[]
65.0,cluster_123308403_3663827018_3663827019_3664674393_#1more_0_D1.3,0,0.0,-1.0,[]
65.0,cluster_123308403_3663827018_3663827019_3664674393_#1more_0_D2.0,0,0.0,-1.0,[]
65.0,cluster_123308403_3663827018_3663827019_3664674393_#1more_0_D2.1,0,0.0,-1.0,[]
65.0,cluster_123308403_3663827018_3663827019_3664674393_#1more_0_D2.2,0,0.0,-1.0,[]
65.0,cluster_3664723686_3698084157_3698084158_3698084159_#1more_0_D0.0,0,0.0,-1.0,[]
65.0,cluster_3664723686_3698084157_3698084158_3698084159_#1more_0_D0.1,0,0.0,-1.0,[]
65.0,cluster_3664723686_3698084157_3698084158_3698084159_#1more_0_D0.2,0,0.0,-1.0,[]
65.0,cluster_3664723686_3698084157_3698084158_3698084159_#1more_0_D1.0,0,0.0,-1.0,[]
65.0,cluster_3664723686_3698084157_3698084158_3698084159_#1more_0_D1.1,0,0.0,-1.0,[]
65.0,cluster_3664723686_3698084157_3698084158_3698084159_#1more_0_D1.2,0,0.0,-1.0,[]
65.0,joinedS_3663662947_3663662948_3698084160_3698084161_#1more_0_D0.0,0,0.0,-1.0,[]
65.0,joinedS_3663662947_3663662948_3698084160_3698084161_#1more_0_D0.1,0,0.0,-1.0,[]
65.0,joinedS_3663662947_3663662948_3698084160_3698084161_#1more_0_D0.2,0,0.0,-1.0,[]
65.0,joinedS_3663662947_3663662948_3698084160_3698084161_#1more_0_D0.3,0,0.0,-1.0,[]
65.0,joinedS_3663662947_3663662948_3698084160_3698084161_#1more_0_D1.0,0,0.0,-1.0,[]
65.0,joinedS_3663662947_3663662948_3698084160_3698084161_#1more_0_D1.1,0,0.0,-1.0,[]
65.0,joinedS_3663662947_3663662948_3698084160_3698084161_#1more_0_D1.2,0,0.0,-1.0,[]
65.0,joinedS_3663662947_3663662948_3698084160_3698084161_#1more_0_D1.3,0,0.0,-1.0,[]
65.0,joinedS_3663662947_3663662948_3698084160_3698084161_#1more_0_D2.0,0,0.0,-1.0,[]
65.0,joinedS_3663662947_3663662948_3698084160_3698084161_#1more_0_D2.1,0,0.0,-1.0,[]
65.0,joinedS_3663662947_3663662948_3698084160_3698084161_#1more_0_D2.2,0,0.0,-1.0,[]
65.0,joinedS_3663662947_3663662948_3698084160_3698084161_#1more_0_D2.3,0,0.0,-1.0,[]
65.0,joinedS_3663662947_3663662948_3698084160_3698084161_#1more_0_D3.0,0,0.0,-1.0,[]
65.0,joinedS_3663662947_3663662948_3698084160_3698084161_#1more_0_D3.1,0,0.0,-1.0,[]
65.0,joinedS_3663662947_3663662948_3698084160_3698084161_#1more_0_D3.2,0,0.0,-1.0,[]
65.0,joinedS_3663662947_3663662948_3698084160_3698084161_#1more_0_D3.3,0,0.0,-1.0,[]
65.0,joinedS_3663662947_3663662948_3698084160_3698084161_#1more_0_D3.4,0,0.0,-1.0,[]
70.0,cluster_122855839_3663662942_3663662943_3663662944_#1more_0_D0.0,0,0.0,-1.0,[]
70.0,cluster_122855839_3663662942_3663662943_3663662944_#1more_0_D0.1,0,0.0,-1.0,[]
70.0,cluster_122855839_3663662942_3663662943_3663662944_#1more_0_D0.2,0,0.0,-1.0,[]
70.0,cluster_122855839_3663662942_3663662943_3663662944_#1more_0_D0.3,0,0.0,-1.0,[]
70.0,cluster_122855839_3663662942_3663662943_3663662944_#1more_0_D0.4,0,0.0,-1.0,[]
70.0,cluster_122855839_3663662942_3663662943_3663662944_#1more_0_D1.0,0,0.0,-1.0,[]
70.0,cluster_122855839_3663662942_3663662943_3663662944_#1more_0_D1.1,0,0.0,-1.0,[]
70.0,cluster_122855839_3663662942_3663662943_3663662944_#1more_0_D1.2,0,0.0,-1.0,[]
70.0,cluster_122855839_3663662942_3663662943_3663662944_#1more_0_D2.0,0,0.0,-1.0,[]
70.0,cluster_122855839_3663662942_3663662943_3663662944_#1more_0_D2.1,0,0.0,-1.0,[]
70.0,cluster_123241924_382443557_5344542568_5546892974_#3more_0_D0.0,0,0.0,-1.0,[]
70.0,cluster_123241924_382443557_5344542568_5546892974_#3more_0_D0.1,0,0.0,-1.0,[]
70.0,cluster_123241924_382443557_5344542568_5546892974_#3more_0_D0.2,0,0.0,-1.0,[]
70.0,cluster_123241924_382443557_5344542568_5546892974_#3more_0_D0.3,0,0.0,-1.0,[]
70.0,cluster_123241924_382443557_5344542568_5546892974_#3more_0_D0.4,0,0.0,-1.0,[]
70.0,cluster_123241924_382443557_5344542568_5546892974_#3more_0_D1.0,0,0.0,-1.0,[]
70.0,cluster_123241924_382443557_5344542568_5546892974_#3more_0_D2.0,0,0.0,-1.0,[]
70.0,cluster_123241924_382443557_5344542568_5546892974_#3more_0_D2.1,0,0.0,-1.0,[]
70.0,cluster_123241924_382443557_5344542568_5546892974_#3more_0_D2.2,0,0.0,-1.0,[]
70.0,cluster_123241924_382443557_5344542568_5546892974_#3more_0_D2.3,0,0.0,-1.0,[]
70.0,cluster_123241924_382443557_5344542568_5546892974_#3more_0_D2.4,0,0.0,-1.0,[]
70.0,cluster_123241924_382443557_5344542568_5546892974_#3more_0_D2.5,0,0.0,-1.0,[]
70.0,cluster_123241924_382443557_5344542568_5546892974_#3more_0_D3.0,0,0.0,-1.0,[]
70.0,cluster_123241924_382443557_5344542568_5546892974_#3more_0_D3.1,0,0.0,-1.0,[]
70.0,cluster_123241924_382443557_5344542568_5546892974_#3more_0_D3.2,0,0.0,-1.0,[]
70.0,cluster_123241924_382443557_5344542568_5546892974_#3more_0_D3.3,0,0.0,-1.0,[]
70.0,cluster_123241924_382443557_5344542568_5546892974_#3more_0_D3.4,0,0.0,-1.0,[]
70.0,cluster_123281084_3663662939_3664674395_3664674397_#1more_0_D0.0,0,0.0,-1.0,[]
70.0,cluster_123281084_3663662939_3664674395_3664674397_#1more_0_D0.1,0,0.0,-1.0,[]
70.0,cluster_123281084_3663662939_3664674395_3664674397_#1more_0_D0.2,0,0.0,-1.0,[]
70.0,cluster_123281084_3663662939_3664674395_3664674397_#1more_0_D0.3,0,0.0,-1.0,[]
70.0,cluster_123281084_3663662939_3664674395_3664674397_#1more_0_D0.4,0,0.0,-1.0,[]
70.0,cluster_123281084_3663662939_3664674395_3664674397_#1more_0_D1.0,0,0.0,-1.0,[]
70.0,cluster_123281084_3663662939_3664674395_3664674397_#1more_0_D1.1,0,0.0,-1.0,[]
70.0,cluster_123281084_3663662939_3664674395_3664674397_#1more_0_D2.0,0,0.0,-1.0,[]
70.0,cluster_123281084_3663662939_3664674395_3664674397_#1more_0_D2.1,0,0.0,-1.0,[]
70.0,cluster_123281085_12840608127_12840608130_12840608135_#1more_0_D0.0,0,0.0,-1.0,[]
70.0,cluster_123281085_12840608127_12840608130_12840608135_#1more_0_D1.0,0,0.0,-1.0,[]
70.0,cluster_123292026_3663224279_3663224280_3663662945_#1more_0_D0.0,0,0.0,-1.0,[]
70.0,cluster_123292026_3663224279_3663224280_3663662945_#1more_0_D0.1,0,0.0,-1.0,[]
70.0,cluster_123292026_3663224279_3663224280_3663662945_#1more_0_D1.0,0,0.0,-1.0,[]
70.0,cluster_123292026_3663224279_3663224280_3663662945_#1more_0_D1.1,0,0.0,-1.0,[]
70.0,cluster_123292026_3663224279_3663224280_3663662945_#1more_0_D1.2,0,0.0,-1.0,[]
70.0,cluster_123292026_3663224279_3663224280_3663662945_#1more_0_D1.3,0,0.0,-1.0,[]
70.0,cluster_123292026_3663224279_3663224280_3663662945_#1more_0_D2.0,0,0.0,-1.0,[]
70.0,cluster_123292026_3663224279_3663224280_3663662945_#1more_0_D2.1,0,0.0,-1.0,[]
70.0,cluster_123292029_3663224277_3663224278_5344542569_#1more_0_D0.0,0,0.0,-1.0,[]
70.0,cluster_123292029_3663224277_3663224278_5344542569_#1more_0_D0.1,0,0.0,-1.0,[]
70.0,cluster_123292029_3663224277_3663224278_5344542569_#1more_0_D0.2,0,0.0,-1.0,[]
70.0,cluster_123292029_3663224277_3663224278_5344542569_#1more_0_D1.0,0,0.0,-1.0,[]
70.0,cluster_123292029_3663224277_3663224278_5344542569_#1more_0_D1.1,1,100.0,-1.0,['veh8']
70.0,cluster_123292029_3663224277_3663224278_5344542569_#1more_0_D2.0,0,0.0,-1.0,[]
70.0,cluster_123292029_3663224277_3663224278_5344542569_#1more_0_D2.1,1,48.14052989626134,10.386258752810917,['veh33']
70.0,cluster_123292029_3663224277_3663224278_5344542569_#1more_0_D2.2,0,0.0,-1.0,[]
70.0,cluster_123292029_3663224277_3663224278_5344542569_#1more_0_D3.0,0,0.0,-1.0,[]
70.0,cluster_123292029_3663224277_3663224278_5344542569_#1more_0_D3.1,0,0.0,-1.0,[]
70.0,cluster_123292031_3663224275_3663224276_3663662936_#1more_0_D0.0,0,0.0,-1.0,[]
70.0,cluster_123292031_3663224275_3663224276_3663662936_#1more_0_D0.1,0,0.0,-1.0,[]
70.0,cluster_123292031_3663224275_3663224276_3663662936_#1more_0_D1.0,0,0.0,-1.0,[]
70.0,cluster_123292031_3663224275_3663224276_3663662936_#1more_0_D2.0,0,0.0,-1.0,[]
70.0,cluster_123292031_3663224275_3663224276_3663662936_#1more_0_D2.1,0,0.0,-1.0,[]
70.0,cluster_123308403_3663827018_3663827019_3664674393_#1more_0_D0.0,0,0.0,-1.0,[]
70.0,cluster_123308403_3663827018_3663827019_3664674393_#1more_0_D0.1,0,0.0,-1.0,[]
70.0,cluster_123308403_3663827018_3663827019_3664674393_#1more_0_D1.0,0,0.0,-1.0,[]
70.0,cluster_123308403_3663827018_3663827019_3664674393_#1more_0_D1.1,0,0.0,-1.0,[]
70.0,cluster_123308403_3663827018_3663827019_3664674393_#1more_0_D1.2,0,0.0,-1.0,[]
70.0,cluster_123308403_3663827018_3663827019_3664674393_#1more_0_D1.3,0,0.0,-1.0,[]
70.0,cluster_123308403_3663827018_3663827019_3664674393_#1more_0_D2.0,0,0.0,-1.0,[]
70.0,cluster_123308403_3663827018_3663827019_3664674393_#1more_0_D2.1,0,0.0,-1.0,[]
70.0,cluster_123308403_3663827018_3663827019_3664674393_#1more_0_D2.2,0,0.0,-1.0,[]
70.0,cluster_3664723686_3698084157_3698084158_3698084159_#1more_0_D0.0,0,0.0,-1.0,[]
70.0,cluster_3664723686_3698084157_3698084158_3698084159_#1more_0_D0.1,0,0.0,-1.0,[]
70.0,cluster_3664723686_3698084157_3698084158_3698084159_#1more_0_D0.2,0,0.0,-1.0,[]
70.0,cluster_3664723686_3698084157_3698084158_3698084159_#1more_0_D1.0,0,0.0,-1.0,[]
70.0,cluster_3664723686_3698084157_3698084158_3698084159_#1more_0_D1.1,0,0.0,-1.0,[]
70.0,cluster_3664723686_3698084157_3698084158_3698084159_#1more_0_D1.2,0,0.0,-1.0,[]
70.0,joinedS_3663662947_3663662948_3698084160_3698084161_#1more_0_D0.0,0,0.0,-1.0,[]
70.0,joinedS_3663662947_3663662948_3698084160_3698084161_#1more_0_D0.1,0,0.0,-1.0,[]
70.0,joinedS_3663662947_3663662948_3698084160_3698084161_#1more_0_D0.2,0,0.0,-1.0,[]
70.0,joinedS_3663662947_3663662948_3698084160_3698084161_#1more_0_D0.3,0,0.0,-1.0,[]
70.0,joinedS_3663662947_3663662948_3698084160_3698084161_#1more_0_D1.0,0,0.0,-1.0,[]
70.0,joinedS_3663662947_3663662948_3698084160_3698084161_#1more_0_D1.1,0,0.0,-1.0,[]
70.0,joinedS_3663662947_3663662948_3698084160_3698084161_#1more_0_D1.2,0,0.0,-1.0,[]
70.0,joinedS_3663662947_3663662948_3698084160_3698084161_#1more_0_D1.3,0,0.0,-1.0,[]
70.0,joinedS_3663662947_3663662948_3698084160_3698084161_#1more_0_D2.0,0,0.0,-1.0,[]
70.0,joinedS_3663662947_3663662948_3698084160_3698084161_#1more_0_D2.1,0,0.0,-1.0,[]
70.0,joinedS_3663662947_3663662948_3698084160_3698084161_#1more_0_D2.2,0,0.0,-1.0,[]
70.0,joinedS_3663662947_3663662948_3698084160_3698084161_#1more_0_D2.3,0,0.0,-1.0,[]
70.0,joinedS_3663662947_3663662948_3698084160_3698084161_#1more_0_D3.0,1,100.0,-1.0,['veh40']
70.0,joinedS_3663662947_3663662948_3698084160_3698084161_#1more_0_D3.1,0,0.0,-1.0,[]
70.0,joinedS_3663662947_3663662948_3698084160_3698084161_#1more_0_D3.2,0,0.0,-1.0,[]
70.0,joinedS_3663662947_3663662948_3698084160_3698084161_#1more_0_D3.3,0,0.0,-1.0,[]
70.0,joinedS_3663662947_3663662948_3698084160_3698084161_#1more_0_D3.4,0,0.0,-1.0,[]
75.0,cluster_122855839_3663662942_3663662943_3663662944_#1more_0_D0.0,0,0.0,-1.0,[]
75.0,cluster_122855839_3663662942_3663662943_3663662944_#1more_0_D0.1,1,0.0,-1.0,['veh21']
75.0,cluster_122855839_3663662942_3663662943_3663662944_#1more_0_D0.2,0,0.0,-1.0,[]
75.0,cluster_122855839_3663662942_3663662943_3663662944_#1more_0_D0.3,0,0.0,-1.0,[]
75.0,cluster_122855839_3663662942_3663662943_3663662944_#1more_0_D0.4,0,0.0,-1.0,[]
75.0,cluster_122855839_3663662942_3663662943_3663662944_#1more_0_D1.0,0,0.0,-1.0,[]
75.0,cluster_122855839_3663662942_3663662943_3663662944_#1more_0_D1.1,0,0.0,-1.0,[]
75.0,cluster_122855839_3663662942_3663662943_3663662944_#1more_0_D1.2,0,0.0,-1.0,[]
75.0,cluster_122855839_3663662942_3663662943_3663662944_#1more_0_D2.0,0,0.0,-1.0,[]
75.0,cluster_122855839_3663662942_3663662943_3663662944_#1more_0_D2.1,0,0.0,-1.0,[]
75.0,cluster_123241924_382443557_5344542568_5546892974_#3more_0_D0.0,0,0.0,-1.0,[]
75.0,cluster_123241924_382443557_5344542568_5546892974_#3more_0_D0.1,0,0.0,-1.0,[]
75.0,cluster_123241924_382443557_5344542568_5546892974_#3more_0_D0.2,0,0.0,-1.0,[]
75.0,cluster_123241924_382443557_5344542568_5546892974_#3more_0_D0.3,0,0.0,-1.0,[]
75.0,cluster_123241924_382443557_5344542568_5546892974_#3more_0_D0.4,0,0.0,-1.0,[]
75.0,cluster_123241924_382443557_5344542568_5546892974_#3more_0_D1.0,0,0.0,-1.0,[]
75.0,cluster_123241924_382443557_5344542568_5546892974_#3more_0_D2.0,0,0.0,-1.0,[]
75.0,cluster_123241924_382443557_5344542568_5546892974_#3more_0_D2.1,0,0.0,-1.0,[]
75.0,cluster_123241924_382443557_5344542568_5546892974_#3more_0_D2.2,0,0.0,-1.0,[]
75.0,cluster_123241924_382443557_5344542568_5546892974_#3more_0_D2.3,0,0.0,-1.0,[]
75.0,cluster_123241924_382443557_5344542568_5546892974_#3more_0_D2.4,0,0.0,-1.0,[]
75.0,cluster_123241924_382443557_5344542568_5546892974_#3more_0_D2.5,0,0.0,-1.0,[]
75.0,cluster_123241924_382443557_5344542568_5546892974_#3more_0_D3.0,0,0.0,-1.0,[]
75.0,cluster_123241924_382443557_5344542568_5546892974_#3more_0_D3.1,0,0.0,-1.0,[]
75.0,cluster_123241924_382443557_5344542568_5546892974_#3more_0_D3.2,0,0.0,-1.0,[]
75.0,cluster_123241924_382443557_5344542568_5546892974_#3more_0_D3.3,0,0.0,-1.0,[]
75.0,cluster_123241924_382443557_5344542568_5546892974_#3more_0_D3.4,0,0.0,-1.0,[]
75.0,cluster_123281084_3663662939_3664674395_3664674397_#1more_0_D0.0,0,0.0,-1.0,[]
75.0,cluster_123281084_3663662939_3664674395_3664674397_#1more_0_D0.1,0,0.0,-1.0,[]
75.0,cluster_123281084_3663662939_3664674395_3664674397_#1more_0_D0.2,0,0.0,-1.0,[]
75.0,cluster_123281084_3663662939_3664674395_3664674397_#1more_0_D0.3,0,0.0,-1.0,[]
75.0,cluster_123281084_3663662939_3664674395_3664674397_#1more_0_D0.4,0,0.0,-1.0,[]
75.0,cluster_123281084_3663662939_3664674395_3664674397_#1more_0_D1.0,0,0.0,-1.0,[]
75.0,cluster_123281084_3663662939_3664674395_3664674397_#1more_0_D1.1,0,0.0,-1.0,[]
75.0,cluster_123281084_3663662939_3664674395_3664674397_#1more_0_D2.0,0,0.0,-1.0,[]
75.0,cluster_123281084_3663662939_3664674395_3664674397_#1more_0_D2.1,0,0.0,-1.0,[]
75.0,cluster_123281085_12840608127_12840608130_12840608135_#1more_0_D0.0,1,0.0,-1.0,['veh27']
75.0,cluster_123281085_12840608127_12840608130_12840608135_#1more_0_D1.0,0,0.0,-1.0,[]
75.0,cluster_123292026_3663224279_3663224280_3663662945_#1more_0_D0.0,0,0.0,-1.0,[]
75.0,cluster_123292026_3663224279_3663224280_3663662945_#1more_0_D0.1,0,0.0,-1.0,[]
75.0,cluster_123292026_3663224279_3663224280_3663662945_#1more_0_D1.0,0,0.0,-1.0,[]
75.0,cluster_123292026_3663224279_3663224280_3663662945_#1more_0_D1.1,0,0.0,-1.0,[]
75.0,cluster_123292026_3663224279_3663224280_3663662945_#1more_0_D1.2,0,0.0,-1.0,[]
75.0,cluster_123292026_3663224279_3663224280_3663662945_#1more_0_D1.3,0,0.0,-1.0,[]
75.0,cluster_123292026_3663224279_3663224280_3663662945_#1more_0_D2.0,0,0.0,-1.0,[]
75.0,cluster_123292026_3663224279_3663224280_3663662945_#1more_0_D2.1,0,0.0,-1.0,[]
75.0,cluster_123292029_3663224277_3663224278_5344542569_#1more_0_D0.0,0,0.0,-1.0,[]
75.0,cluster_123292029_3663224277_3663224278_5344542569_#1more_0_D0.1,0,0.0,-1.0,[]
75.0,cluster_123292029_3663224277_3663224278_5344542569_#1more_0_D0.2,0,0.0,-1.0,[]
75.0,cluster_123292029_3663224277_3663224278_5344542569_#1more_0_D1.0,0,0.0,-1.0,[]
75.0,cluster_123292029_3663224277_3663224278_5344542569_#1more_0_D1.1,1,0.0,-1.0,['truck0']
75.0,cluster_123292029_3663224277_3663224278_5344542569_#1more_0_D2.0,0,0.0,-1.0,[]
75.0,cluster_123292029_3663224277_3663224278_5344542569_#1more_0_D2.1,0,0.0,-1.0,[]
75.0,cluster_123292029_3663224277_3663224278_5344542569_#1more_0_D2.2,0,0.0,-1.0,[]
75.0,cluster_123292029_3663224277_3663224278_5344542569_#1more_0_D3.0,0,0.0,-1.0,[]
75.0,cluster_123292029_3663224277_3663224278_5344542569_#1more_0_D3.1,0,0.0,-1.0,[]
75.0,cluster_123292031_3663224275_3663224276_3663662936_#1more_0_D0.0,0,0.0,-1.0,[]
75.0,cluster_123292031_3663224275_3663224276_3663662936_#1more_0_D0.1,0,0.0,-1.0,[]
75.0,cluster_123292031_3663224275_3663224276_3663662936_#1more_0_D1.0,0,0.0,-1.0,[]
75.0,cluster_123292031_3663224275_3663224276_3663662936_#1more_0_D2.0,0,0.0,-1.0,[]
75.0,cluster_123292031_3663224275_3663224276_3663662936_#1more_0_D2.1,0,0.0,-1.0,[]
75.0,cluster_123308403_3663827018_3663827019_3664674393_#1more_0_D0.0,0,0.0,-1.0,[]
75.0,cluster_123308403_3663827018_3663827019_3664674393_#1more_0_D0.1,0,0.0,-1.0,[]
75.0,cluster_123308403_3663827018_3663827019_3664674393_#1more_0_D1.0,0,0.0,-1.0,[]
75.0,cluster_123308403_3663827018_3663827019_3664674393_#1more_0_D1.1,0,0.0,-1.0,[]
75.0,cluster_123308403_3663827018_3663827019_3664674393_#1more_0_D1.2,0,0.0,-1.0,[]
75.0,cluster_123308403_3663827018_3663827019_3664674393_#1more_0_D1.3,0,0.0,-1.0,[]
75.0,cluster_123308403_3663827018_3663827019_3664674393_#1more_0_D2.0,0,0.0,-1.0,[]
75.0,cluster_123308403_3663827018_3663827019_3664674393_#1more_0_D2.1,0,0.0,-1.0,[]
75.0,cluster_123308403_3663827018_3663827019_3664674393_#1more_0_D2.2,0,0.0,-1.0,[]
75.0,cluster_3664723686_3698084157_3698084158_3698084159_#1more_0_D0.0,0,0.0,-1.0,[]
75.0,cluster_3664723686_3698084157_3698084158_3698084159_#1more_0_D0.1,0,0.0,-1.0,[]
75.0,cluster_3664723686_3698084157_3698084158_3698084159_#1more_0_D0.2,0,0.0,-1.0,[]
75.0,cluster_3664723686_3698084157_3698084158_3698084159_#1more_0_D1.0,0,0.0,-1.0,[]
75.0,cluster_3664723686_3698084157_3698084158_3698084159_#1more_0_D1.1,0,0.0,-1.0,[]
75.0,cluster_3664723686_3698084157_3698084158_3698084159_#1more_0_D1.2,0,0.0,-1.0,[]
75.0,joinedS_3663662947_3663662948_3698084160_3698084161_#1more_0_D0.0,0,0.0,-1.0,[]
75.0,joinedS_3663662947_3663662948_3698084160_3698084161_#1more_0_D0.1,0,0.0,-1.0,[]
75.0,joinedS_3663662947_3663662948_3698084160_3698084161_#1more_0_D0.2,0,0.0,-1.0,[]
75.0,joinedS_3663662947_3663662948_3698084160_3698084161_#1more_0_D0.3,0,0.0,-1.0,[]
75.0,joinedS_3663662947_3663662948_3698084160_3698084161_#1more_0_D1.0,0,0.0,-1.0,[]
75.0,joinedS_3663662947_3663662948_3698084160_3698084161_#1more_0_D1.1,0,0.0,-1.0,[]
75.0,joinedS_3663662947_3663662948_3698084160_3698084161_#1more_0_D1.2,0,0.0,-1.0,[]
75.0,joinedS_3663662947_3663662948_3698084160_3698084161_#1more_0_D1.3,0,0.0,-1.0,[]
75.0,joinedS_3663662947_3663662948_3698084160_3698084161_#1more_0_D2.0,1,100.0,-1.0,['veh45']
75.0,joinedS_3663662947_3663662948_3698084160_3698084161_#1more_0_D2.1,1,100.0,-1.0,['veh43']
75.0,joinedS_3663662947_3663662948_3698084160_3698084161_#1more_0_D2.2,0,0.0,-1.0,[]
75.0,joinedS_3663662947_3663662948_3698084160_3698084161_#1more_0_D2.3,0,0.0,-1.0,[]
75.0,joinedS_3663662947_3663662948_3698084160_3698084161_#1more_0_D3.0,1,100.0,-1.0,['veh40']
75.0,joinedS_3663662947_3663662948_3698084160_3698084161_#1more_0_D3.1,0,0.0,-1.0,[]
75.0,joinedS_3663662947_3663662948_3698084160_3698084161_#1more_0_D3.2,0,0.0,-1.0,[]
75.0,joinedS_3663662947_3663662948_3698084160_3698084161_#1more_0_D3.3,0,0.0,-1.0,[]
75.0,joinedS_3663662947_3663662948_3698084160_3698084161_#1more_0_D3.4,0,0.0,-1.0,[]
80.0,cluster_122855839_3663662942_3663662943_3663662944_#1more_0_D0.0,0,0.0,-1.0,[]
80.0,cluster_122855839_3663662942_3663662943_3663662944_#1more_0_D0.1,0,0.0,-1.0,[]
80.0,cluster_122855839_3663662942_3663662943_3663662944_#1more_0_D0.2,0,0.0,-1.0,[]
80.0,cluster_122855839_3663662942_3663662943_3663662944_#1more_0_D0.3,0,0.0,-1.0,[]
80.0,cluster_122855839_3663662942_3663662943_3663662944_#1more_0_D0.4,0,0.0,-1.0,[]
80.0,cluster_122855839_3663662942_3663662943_3663662944_#1more_0_D1.0,0,0.0,-1.0,[]
80.0,cluster_122855839_3663662942_3663662943_3663662944_#1more_0_D1.1,0,0.0,-1.0,[]
80.0,cluster_122855839_3663662942_3663662943_3663662944_#1more_0_D1.2,0,0.0,-1.0,[]
80.0,cluster_122855839_3663662942_3663662943_3663662944_#1more_0_D2.0,0,0.0,-1.0,[]
80.0,cluster_122855839_3663662942_3663662943_3663662944_#1more_0_D2.1,0,0.0,-1.0,[]
80.0,cluster_123241924_382443557_5344542568_5546892974_#3more_0_D0.0,0,0.0,-1.0,[]
80.0,cluster_123241924_382443557_5344542568_5546892974_#3more_0_D0.1,0,0.0,-1.0,[]
80.0,cluster_123241924_382443557_5344542568_5546892974_#3more_0_D0.2,0,0.0,-1.0,[]
80.0,cluster_123241924_382443557_5344542568_5546892974_#3more_0_D0.3,0,0.0,-1.0,[]
80.0,cluster_123241924_382443557_5344542568_5546892974_#3more_0_D0.4,0,0.0,-1.0,[]
80.0,cluster_123241924_382443557_5344542568_5546892974_#3more_0_D1.0,0,0.0,-1.0,[]
80.0,cluster_123241924_382443557_5344542568_5546892974_#3more_0_D2.0,0,0.0,-1.0,[]
80.0,cluster_123241924_382443557_5344542568_5546892974_#3more_0_D2.1,0,0.0,-1.0,[]
80.0,cluster_123241924_382443557_5344542568_5546892974_#3more_0_D2.2,0,0.0,-1.0,[]
80.0,cluster_123241924_382443557_5344542568_5546892974_#3more_0_D2.3,0,0.0,-1.0,[]
80.0,cluster_123241924_382443557_5344542568_5546892974_#3more_0_D2.4,0,0.0,-1.0,[]
80.0,cluster_123241924_382443557_5344542568_5546892974_#3more_0_D2.5,0,0.0,-1.0,[]
80.0,cluster_123241924_382443557_5344542568_5546892974_#3more_0_D3.0,0,0.0,-1.0,[]
80.0,cluster_123241924_382443557_5344542568_5546892974_#3more_0_D3.1,0,0.0,-1.0,[]
80.0,cluster_123241924_382443557_5344542568_5546892974_#3more_0_D3.2,0,0.0,-1.0,[]
80.0,cluster_123241924_382443557_5344542568_5546892974_#3more_0_D3.3,0,0.0,-1.0,[]
80.0,cluster_123241924_382443557_5344542568_5546892974_#3more_0_D3.4,0,0.0,-1.0,[]
80.0,cluster_123281084_3663662939_3664674395_3664674397_#1more_0_D0.0,0,0.0,-1.0,[]
80.0,cluster_123281084_3663662939_3664674395_3664674397_#1more_0_D0.1,0,0.0,-1.0,[]
80.0,cluster_123281084_3663662939_3664674395_3664674397_#1more_0_D0.2,0,0.0,-1.0,[]
80.0,cluster_123281084_3663662939_3664674395_3664674397_#1more_0_D0.3,0,0.0,-1.0,[]
80.0,cluster_123281084_3663662939_3664674395_3664674397_#1more_0_D0.4,0,0.0,-1.0,[]
80.0,cluster_123281084_3663662939_3664674395_3664674397_#1more_0_D1.0,0,0.0,-1.0,[]
80.0,cluster_123281084_3663662939_3664674395_3664674397_#1more_0_D1.1,0,0.0,-1.0,[]
80.0,cluster_123281084_3663662939_3664674395_3664674397_#1more_0_D2.0,0,0.0,-1.0,[]
80.0,cluster_123281084_3663662939_3664674395_3664674397_#1more_0_D2.1,0,0.0,-1.0,[]
80.0,cluster_123281085_12840608127_12840608130_12840608135_#1more_0_D0.0,1,0.0,-1.0,['veh36']
80.0,cluster_123281085_12840608127_12840608130_12840608135_#1more_0_D1.0,0,0.0,-1.0,[]
80.0,cluster_123292026_3663224279_3663224280_3663662945_#1more_0_D0.0,1,7.928359570712473,15.538249758103818,['veh15']
80.0,cluster_123292026_3663224279_3663224280_3663662945_#1more_0_D0.1,0,0.0,-1.0,[]
80.0,cluster_123292026_3663224279_3663224280_3663662945_#1more_0_D1.0,0,0.0,-1.0,[]
80.0,cluster_123292026_3663224279_3663224280_3663662945_#1more_0_D1.1,0,0.0,-1.0,[]
80.0,cluster_123292026_3663224279_3663224280_3663662945_#1more_0_D1.2,0,0.0,-1.0,[]
80.0,cluster_123292026_3663224279_3663224280_3663662945_#1more_0_D1.3,0,0.0,-1.0,[]
80.0,cluster_123292026_3663224279_3663224280_3663662945_#1more_0_D2.0,0,0.0,-1.0,[]
80.0,cluster_123292026_3663224279_3663224280_3663662945_#1more_0_D2.1,0,0.0,-1.0,[]
80.0,cluster_123292029_3663224277_3663224278_5344542569_#1more_0_D0.0,1,26.8654085406979,4.279645518231592,['truck1']
80.0,cluster_123292029_3663224277_3663224278_5344542569_#1more_0_D0.1,0,0.0,-1.0,[]
80.0,cluster_123292029_3663224277_3663224278_5344542569_#1more_0_D0.2,0,0.0,-1.0,[]
80.0,cluster_123292029_3663224277_3663224278_5344542569_#1more_0_D1.0,0,0.0,-1.0,[]
80.0,cluster_123292029_3663224277_3663224278_5344542569_#1more_0_D1.1,0,0.0,-1.0,[]
80.0,cluster_123292029_3663224277_3663224278_5344542569_#1more_0_D2.0,1,4.987605897476044,11.874715222569526,['veh28']
80.0,cluster_123292029_3663224277_3663224278_5344542569_#1more_0_D2.1,0,0.0,-1.0,[]
80.0,cluster_123292029_3663224277_3663224278_5344542569_#1more_0_D2.2,0,0.0,-1.0,[]
80.0,cluster_123292029_3663224277_3663224278_5344542569_#1more_0_D3.0,0,0.0,-1.0,[]
80.0,cluster_123292029_3663224277_3663224278_5344542569_#1more_0_D3.1,0,0.0,-1.0,[]
80.0,cluster_123292031_3663224275_3663224276_3663662936_#1more_0_D0.0,0,0.0,-1.0,[]
80.0,cluster_123292031_3663224275_3663224276_3663662936_#1more_0_D0.1,0,0.0,-1.0,[]
80.0,cluster_123292031_3663224275_3663224276_3663662936_#1more_0_D1.0,0,0.0,-1.0,[]
80.0,cluster_123292031_3663224275_3663224276_3663662936_#1more_0_D2.0,0,0.0,-1.0,[]
80.0,cluster_123292031_3663224275_3663224276_3663662936_#1more_0_D2.1,0,0.0,-1.0,[]
80.0,cluster_123308403_3663827018_3663827019_3664674393_#1more_0_D0.0,0,0.0,-1.0,[]
80.0,cluster_123308403_3663827018_3663827019_3664674393_#1more_0_D0.1,0,0.0,-1.0,[]
80.0,cluster_123308403_3663827018_3663827019_3664674393_#1more_0_D1.0,0,0.0,-1.0,[]
80.0,cluster_123308403_3663827018_3663827019_3664674393_#1more_0_D1.1,0,0.0,-1.0,[]
80.0,cluster_123308403_3663827018_3663827019_3664674393_#1more_0_D1.2,0,0.0,-1.0,[]
80.0,cluster_123308403_3663827018_3663827019_3664674393_#1more_0_D1.3,0,0.0,-1.0,[]
80.0,cluster_123308403_3663827018_3663827019_3664674393_#1more_0_D2.0,0,0.0,-1.0,[]
80.0,cluster_123308403_3663827018_3663827019_3664674393_#1more_0_D2.1,0,0.0,-1.0,[]
80.0,cluster_123308403_3663827018_3663827019_3664674393_#1more_0_D2.2,0,0.0,-1.0,[]
80.0,cluster_3664723686_3698084157_3698084158_3698084159_#1more_0_D0.0,0,0.0,-1.0,[]
80.0,cluster_3664723686_3698084157_3698084158_3698084159_#1more_0_D0.1,0,0.0,-1.0,[]
80.0,cluster_3664723686_3698084157_3698084158_3698084159_#1more_0_D0.2,0,0.0,-1.0,[]
80.0,cluster_3664723686_3698084157_3698084158_3698084159_#1more_0_D1.0,0,0.0,-1.0,[]
80.0,cluster_3664723686_3698084157_3698084158_3698084159_#1more_0_D1.1,0,0.0,-1.0,[]
80.0,cluster_3664723686_3698084157_3698084158_3698084159_#1more_0_D1.2,0,0.0,-1.0,[]
80.0,joinedS_3663662947_3663662948_3698084160_3698084161_#1more_0_D0.0,0,0.0,-1.0,[]
80.0,joinedS_3663662947_3663662948_3698084160_3698084161_#1more_0_D0.1,0,0.0,-1.0,[]
80.0,joinedS_3663662947_3663662948_3698084160_3698084161_#1more_0_D0.2,0,0.0,-1.0,[]
80.0,joinedS_3663662947_3663662948_3698084160_3698084161_#1more_0_D0.3,0,0.0,-1.0,[]
80.0,joinedS_3663662947_3663662948_3698084160_3698084161_#1more_0_D1.0,0,0.0,-1.0,[]
80.0,joinedS_3663662947_3663662948_3698084160_3698084161_#1more_0_D1.1,0,0.0,-1.0,[]
80.0,joinedS_3663662947_3663662948_3698084160_3698084161_#1more_0_D1.2,0,0.0,-1.0,[]
80.0,joinedS_3663662947_3663662948_3698084160_3698084161_#1more_0_D1.3,0,0.0,-1.0,[]
80.0,joinedS_3663662947_3663662948_3698084160_3698084161_#1more_0_D2.0,1,100.0,-1.0,['veh45']
80.0,joinedS_3663662947_3663662948_3698084160_3698084161_#1more_0_D2.1,1,100.0,-1.0,['veh43']
80.0,joinedS_3663662947_3663662948_3698084160_3698084161_#1more_0_D2.2,0,0.0,-1.0,[]
80.0,joinedS_3663662947_3663662948_3698084160_3698084161_#1more_0_D2.3,0,0.0,-1.0,[]
80.0,joinedS_3663662947_3663662948_3698084160_3698084161_#1more_0_D3.0,1,100.0,-1.0,['veh40']
80.0,joinedS_3663662947_3663662948_3698084160_3698084161_#1more_0_D3.1,0,0.0,-1.0,[]
80.0,joinedS_3663662947_3663662948_3698084160_3698084161_#1more_0_D3.2,0,0.0,-1.0,[]
80.0,joinedS_3663662947_3663662948_3698084160_3698084161_#1more_0_D3.3,0,0.0,-1.0,[]
80.0,joinedS_3663662947_3663662948_3698084160_3698084161_#1more_0_D3.4,0,0.0,-1.0,[]
85.0,cluster_122855839_3663662942_3663662943_3663662944_#1more_0_D0.0,0,0.0,-1.0,[]
85.0,cluster_122855839_3663662942_3663662943_3663662944_#1more_0_D0.1,0,0.0,-1.0,[]
85.0,cluster_122855839_3663662942_3663662943_3663662944_#1more_0_D0.2,0,0.0,-1.0,[]
85.0,cluster_122855839_3663662942_3663662943_3663662944_#1more_0_D0.3,0,0.0,-1.0,[]
85.0,cluster_122855839_3663662942_3663662943_3663662944_#1more_0_D0.4,0,0.0,-1.0,[]
85.0,cluster_122855839_3663662942_3663662943_3663662944_#1more_0_D1.0,0,0.0,-1.0,[]
85.0,cluster_122855839_3663662942_3663662943_3663662944_#1more_0_D1.1,0,0.0,-1.0,[]
85.0,cluster_122855839_3663662942_3663662943_3663662944_#1more_0_D1.2,0,0.0,-1.0,[]
85.0,cluster_122855839_3663662942_3663662943_3663662944_#1more_0_D2.0,0,0.0,-1.0,[]
85.0,cluster_122855839_3663662942_3663662943_3663662944_#1more_0_D2.1,0,0.0,-1.0,[]
85.0,cluster_123241924_382443557_5344542568_5546892974_#3more_0_D0.0,0,0.0,-1.0,[]
85.0,cluster_123241924_382443557_5344542568_5546892974_#3more_0_D0.1,0,0.0,-1.0,[]
85.0,cluster_123241924_382443557_5344542568_5546892974_#3more_0_D0.2,0,0.0,-1.0,[]
85.0,cluster_123241924_382443557_5344542568_5546892974_#3more_0_D0.3,0,0.0,-1.0,[]
85.0,cluster_123241924_382443557_5344542568_5546892974_#3more_0_D0.4,0,0.0,-1.0,[]
85.0,cluster_123241924_382443557_5344542568_5546892974_#3more_0_D1.0,0,0.0,-1.0,[]
85.0,cluster_123241924_382443557_5344542568_5546892974_#3more_0_D2.0,0,0.0,-1.0,[]
85.0,cluster_123241924_382443557_5344542568_5546892974_#3more_0_D2.1,0,0.0,-1.0,[]
85.0,cluster_123241924_382443557_5344542568_5546892974_#3more_0_D2.2,0,0.0,-1.0,[]
85.0,cluster_123241924_382443557_5344542568_5546892974_#3more_0_D2.3,0,0.0,-1.0,[]
85.0,cluster_123241924_382443557_5344542568_5546892974_#3more_0_D2.4,0,0.0,-1.0,[]
85.0,cluster_123241924_382443557_5344542568_5546892974_#3more_0_D2.5,0,0.0,-1.0,[]
85.0,cluster_123241924_382443557_5344542568_5546892974_#3more_0_D3.0,0,0.0,-1.0,[]
85.0,cluster_123241924_382443557_5344542568_5546892974_#3more_0_D3.1,0,0.0,-1.0,[]
85.0,cluster_123241924_382443557_5344542568_5546892974_#3more_0_D3.2,0,0.0,-1.0,[]
85.0,cluster_123241924_382443557_5344542568_5546892974_#3more_0_D3.3,0,0.0,-1.0,[]
85.0,cluster_123241924_382443557_5344542568_5546892974_#3more_0_D3.4,0,0.0,-1.0,[]
85.0,cluster_123281084_3663662939_3664674395_3664674397_#1more_0_D0.0,0,0.0,-1.0,[]
85.0,cluster_123281084_3663662939_3664674395_3664674397_#1more_0_D0.1,0,0.0,-1.0,[]
85.0,cluster_123281084_3663662939_3664674395_3664674397_#1more_0_D0.2,0,0.0,-1.0,[]
85.0,cluster_123281084_3663662939_3664674395_3664674397_#1more_0_D0.3,0,0.0,-1.0,[]
85.0,cluster_123281084_3663662939_3664674395_3664674397_#1more_0_D0.4,0,0.0,-1.0,[]
85.0,cluster_123281084_3663662939_3664674395_3664674397_#1more_0_D1.0,0,0.0,-1.0,[]
85.0,cluster_123281084_3663662939_3664674395_3664674397_#1more_0_D1.1,0,0.0,-1.0,[]
85.0,cluster_123281084_3663662939_3664674395_3664674397_#1more_0_D2.0,0,0.0,-1.0,[]
85.0,cluster_123281084_3663662939_3664674395_3664674397_#1more_0_D2.1,0,0.0,-1.0,[]
85.0,cluster_123281085_12840608127_12840608130_12840608135_#1more_0_D0.0,0,0.0,-1.0,[]
85.0,cluster_123281085_12840608127_12840608130_12840608135_#1more_0_D1.0,0,0.0,-1.0,[]
85.0,cluster_123292026_3663224279_3663224280_3663662945_#1more_0_D0.0,0,0.0,-1.0,[]
85.0,cluster_123292026_3663224279_3663224280_3663662945_#1more_0_D0.1,0,0.0,-1.0,[]
85.0,cluster_123292026_3663224279_3663224280_3663662945_#1more_0_D1.0,0,0.0,-1.0,[]
85.0,cluster_123292026_3663224279_3663224280_3663662945_#1more_0_D1.1,0,0.0,-1.0,[]
85.0,cluster_123292026_3663224279_3663224280_3663662945_#1more_0_D1.2,0,0.0,-1.0,[]
85.0,cluster_123292026_3663224279_3663224280_3663662945_#1more_0_D1.3,0,0.0,-1.0,[]
85.0,cluster_123292026_3663224279_3663224280_3663662945_#1more_0_D2.0,0,0.0,-1.0,[]
85.0,cluster_123292026_3663224279_3663224280_3663662945_#1more_0_D2.1,0,0.0,-1.0,[]
85.0,cluster_123292029_3663224277_3663224278_5344542569_#1more_0_D0.0,1,100.0,-1.0,['truck1']
85.0,cluster_123292029_3663224277_3663224278_5344542569_#1more_0_D0.1,0,0.0,-1.0,[]
85.0,cluster_123292029_3663224277_3663224278_5344542569_#1more_0_D0.2,0,0.0,-1.0,[]
85.0,cluster_123292029_3663224277_3663224278_5344542569_#1more_0_D1.0,0,0.0,-1.0,[]
85.0,cluster_123292029_3663224277_3663224278_5344542569_#1more_0_D1.1,1,100.0,-1.0,['veh22']
85.0,cluster_123292029_3663224277_3663224278_5344542569_#1more_0_D2.0,0,0.0,-1.0,[]
85.0,cluster_123292029_3663224277_3663224278_5344542569_#1more_0_D2.1,0,0.0,-1.0,[]
85.0,cluster_123292029_3663224277_3663224278_5344542569_#1more_0_D2.2,0,0.0,-1.0,[]
85.0,cluster_123292029_3663224277_3663224278_5344542569_#1more_0_D3.0,0,0.0,-1.0,[]
85.0,cluster_123292029_3663224277_3663224278_5344542569_#1more_0_D3.1,0,0.0,-1.0,[]
85.0,cluster_123292031_3663224275_3663224276_3663662936_#1more_0_D0.0,0,0.0,-1.0,[]
85.0,cluster_123292031_3663224275_3663224276_3663662936_#1more_0_D0.1,0,0.0,-1.0,[]
85.0,cluster_123292031_3663224275_3663224276_3663662936_#1more_0_D1.0,1,31.956773599299027,14.367832822515725,['veh27']
85.0,cluster_123292031_3663224275_3663224276_3663662936_#1more_0_D2.0,0,0.0,-1.0,[]
85.0,cluster_123292031_3663224275_3663224276_3663662936_#1more_0_D2.1,0,0.0,-1.0,[]
85.0,cluster_123308403_3663827018_3663827019_3664674393_#1more_0_D0.0,0,0.0,-1.0,[]
85.0,cluster_123308403_3663827018_3663827019_3664674393_#1more_0_D0.1,0,0.0,-1.0,[]
85.0,cluster_123308403_3663827018_3663827019_3664674393_#1more_0_D1.0,0,0.0,-1.0,[]
85.0,cluster_123308403_3663827018_3663827019_3664674393_#1more_0_D1.1,0,0.0,-1.0,[]
85.0,cluster_123308403_3663827018_3663827019_3664674393_#1more_0_D1.2,1,84.2414895344831,11.629438575735781,['bus5']
85.0,cluster_123308403_3663827018_3663827019_3664674393_#1more_0_D1.3,0,0.0,-1.0,[]
85.0,cluster_123308403_3663827018_3663827019_3664674393_#1more_0_D2.0,0,0.0,-1.0,[]
85.0,cluster_123308403_3663827018_3663827019_3664674393_#1more_0_D2.1,0,0.0,-1.0,[]
85.0,cluster_123308403_3663827018_3663827019_3664674393_#1more_0_D2.2,0,0.0,-1.0,[]
85.0,cluster_3664723686_3698084157_3698084158_3698084159_#1more_0_D0.0,0,0.0,-1.0,[]
85.0,cluster_3664723686_3698084157_3698084158_3698084159_#1more_0_D0.1,0,0.0,-1.0,[]
85.0,cluster_3664723686_3698084157_3698084158_3698084159_#1more_0_D0.2,0,0.0,-1.0,[]
85.0,cluster_3664723686_3698084157_3698084158_3698084159_#1more_0_D1.0,0,0.0,-1.0,[]
85.0,cluster_3664723686_3698084157_3698084158_3698084159_#1more_0_D1.1,0,0.0,-1.0,[]
85.0,cluster_3664723686_3698084157_3698084158_3698084159_#1more_0_D1.2,0,0.0,-1.0,[]
85.0,joinedS_3663662947_3663662948_3698084160_3698084161_#1more_0_D0.0,0,0.0,-1.0,[]
85.0,joinedS_3663662947_3663662948_3698084160_3698084161_#1more_0_D0.1,0,0.0,-1.0,[]
85.0,joinedS_3663662947_3663662948_3698084160_3698084161_#1more_0_D0.2,0,0.0,-1.0,[]
85.0,joinedS_3663662947_3663662948_3698084160_3698084161_#1more_0_D0.3,0,0.0,-1.0,[]
85.0,joinedS_3663662947_3663662948_3698084160_3698084161_#1more_0_D1.0,0,0.0,-1.0,[]
85.0,joinedS_3663662947_3663662948_3698084160_3698084161_#1more_0_D1.1,0,0.0,-1.0,[]
85.0,joinedS_3663662947_3663662948_3698084160_3698084161_#1more_0_D1.2,0,0.0,-1.0,[]
85.0,joinedS_3663662947_3663662948_3698084160_3698084161_#1more_0_D1.3,0,0.0,-1.0,[]
85.0,joinedS_3663662947_3663662948_3698084160_3698084161_#1more_0_D2.0,1,100.0,-1.0,['veh45']
85.0,joinedS_3663662947_3663662948_3698084160_3698084161_#1more_0_D2.1,1,100.0,-1.0,['veh43']
85.0,joinedS_3663662947_3663662948_3698084160_3698084161_#1more_0_D2.2,0,0.0,-1.0,[]
85.0,joinedS_3663662947_3663662948_3698084160_3698084161_#1more_0_D2.3,0,0.0,-1.0,[]
85.0,joinedS_3663662947_3663662948_3698084160_3698084161_#1more_0_D3.0,1,0.0,-1.0,['truck2']
85.0,joinedS_3663662947_3663662948_3698084160_3698084161_#1more_0_D3.1,0,0.0,-1.0,[]
85.0,joinedS_3663662947_3663662948_3698084160_3698084161_#1more_0_D3.2,0,0.0,-1.0,[]
85.0,joinedS_3663662947_3663662948_3698084160_3698084161_#1more_0_D3.3,0,0.0,-1.0,[]
85.0,joinedS_3663662947_3663662948_3698084160_3698084161_#1more_0_D3.4,0,0.0,-1.0,[]
90.0,cluster_122855839_3663662942_3663662943_3663662944_#1more_0_D0.0,0,0.0,-1.0,[]
90.0,cluster_122855839_3663662942_3663662943_3663662944_#1more_0_D0.1,0,0.0,-1.0,[]
90.0,cluster_122855839_3663662942_3663662943_3663662944_#1more_0_D0.2,0,0.0,-1.0,[]
90.0,cluster_122855839_3663662942_3663662943_3663662944_#1more_0_D0.3,0,0.0,-1.0,[]
90.0,cluster_122855839_3663662942_3663662943_3663662944_#1more_0_D0.4,1,0.0,-1.0,['veh42']
90.0,cluster_122855839_3663662942_3663662943_3663662944_#1more_0_D1.0,0,0.0,-1.0,[]
90.0,cluster_122855839_3663662942_3663662943_3663662944_#1more_0_D1.1,0,0.0,-1.0,[]
90.0,cluster_122855839_3663662942_3663662943_3663662944_#1more_0_D1.2,0,0.0,-1.0,[]
90.0,cluster_122855839_3663662942_3663662943_3663662944_#1more_0_D2.0,0,0.0,-1.0,[]
90.0,cluster_122855839_3663662942_3663662943_3663662944_#1more_0_D2.1,0,0.0,-1.0,[]
90.0,cluster_123241924_382443557_5344542568_5546892974_#3more_0_D0.0,1,49.72311528676414,11.954763174714651,['bus2']
90.0,cluster_123241924_382443557_5344542568_5546892974_#3more_0_D0.1,0,0.0,-1.0,[]
90.0,cluster_123241924_382443557_5344542568_5546892974_#3more_0_D0.2,0,0.0,-1.0,[]
90.0,cluster_123241924_382443557_5344542568_5546892974_#3more_0_D0.3,0,0.0,-1.0,[]
90.0,cluster_123241924_382443557_5344542568_5546892974_#3more_0_D0.4,0,0.0,-1.0,[]
90.0,cluster_123241924_382443557_5344542568_5546892974_#3more_0_D1.0,0,0.0,-1.0,[]
90.0,cluster_123241924_382443557_5344542568_5546892974_#3more_0_D2.0,0,0.0,-1.0,[]
90.0,cluster_123241924_382443557_5344542568_5546892974_#3more_0_D2.1,0,0.0,-1.0,[]
90.0,cluster_123241924_382443557_5344542568_5546892974_#3more_0_D2.2,0,0.0,-1.0,[]
90.0,cluster_123241924_382443557_5344542568_5546892974_#3more_0_D2.3,0,0.0,-1.0,[]
90.0,cluster_123241924_382443557_5344542568_5546892974_#3more_0_D2.4,0,0.0,-1.0,[]
90.0,cluster_123241924_382443557_5344542568_5546892974_#3more_0_D2.5,0,0.0,-1.0,[]
90.0,cluster_123241924_382443557_5344542568_5546892974_#3more_0_D3.0,0,0.0,-1.0,[]
90.0,cluster_123241924_382443557_5344542568_5546892974_#3more_0_D3.1,0,0.0,-1.0,[]
90.0,cluster_123241924_382443557_5344542568_5546892974_#3more_0_D3.2,0,0.0,-1.0,[]
90.0,cluster_123241924_382443557_5344542568_5546892974_#3more_0_D3.3,0,0.0,-1.0,[]
90.0,cluster_123241924_382443557_5344542568_5546892974_#3more_0_D3.4,0,0.0,-1.0,[]
90.0,cluster_123281084_3663662939_3664674395_3664674397_#1more_0_D0.0,0,0.0,-1.0,[]
90.0,cluster_123281084_3663662939_3664674395_3664674397_#1more_0_D0.1,0,0.0,-1.0,[]
90.0,cluster_123281084_3663662939_3664674395_3664674397_#1more_0_D0.2,0,0.0,-1.0,[]
90.0,cluster_123281084_3663662939_3664674395_3664674397_#1more_0_D0.3,0,0.0,-1.0,[]
90.0,cluster_123281084_3663662939_3664674395_3664674397_#1more_0_D0.4,0,0.0,-1.0,[]
90.0,cluster_123281084_3663662939_3664674395_3664674397_#1more_0_D1.0,0,0.0,-1.0,[]
90.0,cluster_123281084_3663662939_3664674395_3664674397_#1more_0_D1.1,0,0.0,-1.0,[]
90.0,cluster_123281084_3663662939_3664674395_3664674397_#1more_0_D2.0,0,0.0,-1.0,[]
90.0,cluster_123281084_3663662939_3664674395_3664674397_#1more_0_D2.1,0,0.0,-1.0,[]
90.0,cluster_123281085_12840608127_12840608130_12840608135_#1more_0_D0.0,0,0.0,-1.0,[]
90.0,cluster_123281085_12840608127_12840608130_12840608135_#1more_0_D1.0,0,0.0,-1.0,[]
90.0,cluster_123292026_3663224279_3663224280_3663662945_#1more_0_D0.0,0,0.0,-1.0,[]
90.0,cluster_123292026_3663224279_3663224280_3663662945_#1more_0_D0.1,0,0.0,-1.0,[]
90.0,cluster_123292026_3663224279_3663224280_3663662945_#1more_0_D1.0,0,0.0,-1.0,[]
90.0,cluster_123292026_3663224279_3663224280_3663662945_#1more_0_D1.1,0,0.0,-1.0,[]
90.0,cluster_123292026_3663224279_3663224280_3663662945_#1more_0_D1.2,0,0.0,-1.0,[]
90.0,cluster_123292026_3663224279_3663224280_3663662945_#1more_0_D1.3,0,0.0,-1.0,[]
90.0,cluster_123292026_3663224279_3663224280_3663662945_#1more_0_D2.0,0,0.0,-1.0,[]
90.0,cluster_123292026_3663224279_3663224280_3663662945_#1more_0_D2.1,0,0.0,-1.0,[]
90.0,cluster_123292029_3663224277_3663224278_5344542569_#1more_0_D0.0,1,100.0,-1.0,['truck1']
90.0,cluster_123292029_3663224277_3663224278_5344542569_#1more_0_D0.1,0,0.0,-1.0,[]
90.0,cluster_123292029_3663224277_3663224278_5344542569_#1more_0_D0.2,0,0.0,-1.0,[]
90.0,cluster_123292029_3663224277_3663224278_5344542569_#1more_0_D1.0,0,0.0,-1.0,[]
90.0,cluster_123292029_3663224277_3663224278_5344542569_#1more_0_D1.1,1,12.80748355184187,2.3110794581944196,['veh29']
90.0,cluster_123292029_3663224277_3663224278_5344542569_#1more_0_D2.0,0,0.0,-1.0,[]
90.0,cluster_123292029_3663224277_3663224278_5344542569_#1more_0_D2.1,0,0.0,-1.0,[]
90.0,cluster_123292029_3663224277_3663224278_5344542569_#1more_0_D2.2,0,0.0,-1.0,[]
90.0,cluster_123292029_3663224277_3663224278_5344542569_#1more_0_D3.0,0,0.0,-1.0,[]
90.0,cluster_123292029_3663224277_3663224278_5344542569_#1more_0_D3.1,0,0.0,-1.0,[]
90.0,cluster_123292031_3663224275_3663224276_3663662936_#1more_0_D0.0,0,0.0,-1.0,[]
90.0,cluster_123292031_3663224275_3663224276_3663662936_#1more_0_D0.1,0,0.0,-1.0,[]
90.0,cluster_123292031_3663224275_3663224276_3663662936_#1more_0_D1.0,0,0.0,-1.0,[]
90.0,cluster_123292031_3663224275_3663224276_3663662936_#1more_0_D2.0,0,0.0,-1.0,[]
90.0,cluster_123292031_3663224275_3663224276_3663662936_#1more_0_D2.1,0,0.0,-1.0,[]
90.0,cluster_123308403_3663827018_3663827019_3664674393_#1more_0_D0.0,0,0.0,-1.0,[]
90.0,cluster_123308403_3663827018_3663827019_3664674393_#1more_0_D0.1,0,0.0,-1.0,[]
90.0,cluster_123308403_3663827018_3663827019_3664674393_#1more_0_D1.0,0,0.0,-1.0,[]
90.0,cluster_123308403_3663827018_3663827019_3664674393_#1more_0_D1.1,0,0.0,-1.0,[]
90.0,cluster_123308403_3663827018_3663827019_3664674393_#1more_0_D1.2,1,21.974097753310673,9.121428413814817,['veh53']
90.0,cluster_123308403_3663827018_3663827019_3664674393_#1more_0_D1.3,0,0.0,-1.0,[]
90.0,cluster_123308403_3663827018_3663827019_3664674393_#1more_0_D2.0,0,0.0,-1.0,[]
90.0,cluster_123308403_3663827018_3663827019_3664674393_#1more_0_D2.1,0,0.0,-1.0,[]
90.0,cluster_123308403_3663827018_3663827019_3664674393_#1more_0_D2.2,0,0.0,-1.0,[]
90.0,cluster_3664723686_3698084157_3698084158_3698084159_#1more_0_D0.0,0,0.0,-1.0,[]
90.0,cluster_3664723686_3698084157_3698084158_3698084159_#1more_0_D0.1,0,0.0,-1.0,[]
90.0,cluster_3664723686_3698084157_3698084158_3698084159_#1more_0_D0.2,0,0.0,-1.0,[]
90.0,cluster_3664723686_3698084157_3698084158_3698084159_#1more_0_D1.0,0,0.0,-1.0,[]
90.0,cluster_3664723686_3698084157_3698084158_3698084159_#1more_0_D1.1,0,0.0,-1.0,[]
90.0,cluster_3664723686_3698084157_3698084158_3698084159_#1more_0_D1.2,0,0.0,-1.0,[]
90.0,joinedS_3663662947_3663662948_3698084160_3698084161_#1more_0_D0.0,0,0.0,-1.0,[]
90.0,joinedS_3663662947_3663662948_3698084160_3698084161_#1more_0_D0.1,0,0.0,-1.0,[]
90.0,joinedS_3663662947_3663662948_3698084160_3698084161_#1more_0_D0.2,0,0.0,-1.0,[]
90.0,joinedS_3663662947_3663662948_3698084160_3698084161_#1more_0_D0.3,0,0.0,-1.0,[]
90.0,joinedS_3663662947_3663662948_3698084160_3698084161_#1more_0_D1.0,0,0.0,-1.0,[]
90.0,joinedS_3663662947_3663662948_3698084160_3698084161_#1more_0_D1.1,1,0.0,-1.0,['veh50']
90.0,joinedS_3663662947_3663662948_3698084160_3698084161_#1more_0_D1.2,0,0.0,-1.0,[]
90.0,joinedS_3663662947_3663662948_3698084160_3698084161_#1more_0_D1.3,0,0.0,-1.0,[]
90.0,joinedS_3663662947_3663662948_3698084160_3698084161_#1more_0_D2.0,1,100.0,-1.0,['veh45']
90.0,joinedS_3663662947_3663662948_3698084160_3698084161_#1more_0_D2.1,1,100.0,-1.0,['veh43']
90.0,joinedS_3663662947_3663662948_3698084160_3698084161_#1more_0_D2.2,0,0.0,-1.0,[]
90.0,joinedS_3663662947_3663662948_3698084160_3698084161_#1more_0_D2.3,0,0.0,-1.0,[]
90.0,joinedS_3663662947_3663662948_3698084160_3698084161_#1more_0_D3.0,1,100.0,5.287027387968449,['veh51']
90.0,joinedS_3663662947_3663662948_3698084160_3698084161_#1more_0_D3.1,0,0.0,-1.0,[]
90.0,joinedS_3663662947_3663662948_3698084160_3698084161_#1more_0_D3.2,0,0.0,-1.0,[]
90.0,joinedS_3663662947_3663662948_3698084160_3698084161_#1more_0_D3.3,0,0.0,-1.0,[]
90.0,joinedS_3663662947_3663662948_3698084160_3698084161_#1more_0_D3.4,0,0.0,-1.0,[]
95.0,cluster_122855839_3663662942_3663662943_3663662944_#1more_0_D0.0,0,0.0,-1.0,[]
95.0,cluster_122855839_3663662942_3663662943_3663662944_#1more_0_D0.1,0,0.0,-1.0,[]
95.0,cluster_122855839_3663662942_3663662943_3663662944_#1more_0_D0.2,0,0.0,-1.0,[]
95.0,cluster_122855839_3663662942_3663662943_3663662944_#1more_0_D0.3,0,0.0,-1.0,[]
95.0,cluster_122855839_3663662942_3663662943_3663662944_#1more_0_D0.4,0,0.0,-1.0,[]
95.0,cluster_122855839_3663662942_3663662943_3663662944_#1more_0_D1.0,0,0.0,-1.0,[]
95.0,cluster_122855839_3663662942_3663662943_3663662944_#1more_0_D1.1,0,0.0,-1.0,[]
95.0,cluster_122855839_3663662942_3663662943_3663662944_#1more_0_D1.2,0,0.0,-1.0,[]
95.0,cluster_122855839_3663662942_3663662943_3663662944_#1more_0_D2.0,0,0.0,-1.0,[]
95.0,cluster_122855839_3663662942_3663662943_3663662944_#1more_0_D2.1,0,0.0,-1.0,[]
95.0,cluster_123241924_382443557_5344542568_5546892974_#3more_0_D0.0,0,0.0,-1.0,[]
95.0,cluster_123241924_382443557_5344542568_5546892974_#3more_0_D0.1,0,0.0,-1.0,[]
95.0,cluster_123241924_382443557_5344542568_5546892974_#3more_0_D0.2,0,0.0,-1.0,[]
95.0,cluster_123241924_382443557_5344542568_5546892974_#3more_0_D0.3,0,0.0,-1.0,[]
95.0,cluster_123241924_382443557_5344542568_5546892974_#3more_0_D0.4,0,0.0,-1.0,[]
95.0,cluster_123241924_382443557_5344542568_5546892974_#3more_0_D1.0,0,0.0,-1.0,[]
95.0,cluster_123241924_382443557_5344542568_5546892974_#3more_0_D2.0,0,0.0,-1.0,[]
95.0,cluster_123241924_382443557_5344542568_5546892974_#3more_0_D2.1,0,0.0,-1.0,[]
95.0,cluster_123241924_382443557_5344542568_5546892974_#3more_0_D2.2,0,0.0,-1.0,[]
95.0,cluster_123241924_382443557_5344542568_5546892974_#3more_0_D2.3,0,0.0,-1.0,[]
95.0,cluster_123241924_382443557_5344542568_5546892974_#3more_0_D2.4,0,0.0,-1.0,[]
95.0,cluster_123241924_382443557_5344542568_5546892974_#3more_0_D2.5,0,0.0,-1.0,[]
95.0,cluster_123241924_382443557_5344542568_5546892974_#3more_0_D3.0,0,0.0,-1.0,[]
95.0,cluster_123241924_382443557_5344542568_5546892974_#3more_0_D3.1,0,0.0,-1.0,[]
95.0,cluster_123241924_382443557_5344542568_5546892974_#3more_0_D3.2,0,0.0,-1.0,[]
95.0,cluster_123241924_382443557_5344542568_5546892974_#3more_0_D3.3,0,0.0,-1.0,[]
95.0,cluster_123241924_382443557_5344542568_5546892974_#3more_0_D3.4,0,0.0,-1.0,[]
95.0,cluster_123281084_3663662939_3664674395_3664674397_#1more_0_D0.0,0,0.0,-1.0,[]
95.0,cluster_123281084_3663662939_3664674395_3664674397_#1more_0_D0.1,0,0.0,-1.0,[]
95.0,cluster_123281084_3663662939_3664674395_3664674397_#1more_0_D0.2,0,0.0,-1.0,[]
95.0,cluster_123281084_3663662939_3664674395_3664674397_#1more_0_D0.3,0,0.0,-1.0,[]
95.0,cluster_123281084_3663662939_3664674395_3664674397_#1more_0_D0.4,0,0.0,-1.0,[]
95.0,cluster_123281084_3663662939_3664674395_3664674397_#1more_0_D1.0,0,0.0,-1.0,[]
95.0,cluster_123281084_3663662939_3664674395_3664674397_#1more_0_D1.1,0,0.0,-1.0,[]
95.0,cluster_123281084_3663662939_3664674395_3664674397_#1more_0_D2.0,0,0.0,-1.0,[]
95.0,cluster_123281084_3663662939_3664674395_3664674397_#1more_0_D2.1,0,0.0,-1.0,[]
95.0,cluster_123281085_12840608127_12840608130_12840608135_#1more_0_D0.0,0,0.0,-1.0,[]
95.0,cluster_123281085_12840608127_12840608130_12840608135_#1more_0_D1.0,0,0.0,-1.0,[]
95.0,cluster_123292026_3663224279_3663224280_3663662945_#1more_0_D0.0,0,0.0,-1.0,[]
95.0,cluster_123292026_3663224279_3663224280_3663662945_#1more_0_D0.1,0,0.0,-1.0,[]
95.0,cluster_123292026_3663224279_3663224280_3663662945_#1more_0_D1.0,0,0.0,-1.0,[]
95.0,cluster_123292026_3663224279_3663224280_3663662945_#1more_0_D1.1,0,0.0,-1.0,[]
95.0,cluster_123292026_3663224279_3663224280_3663662945_#1more_0_D1.2,0,0.0,-1.0,[]
95.0,cluster_123292026_3663224279_3663224280_3663662945_#1more_0_D1.3,0,0.0,-1.0,[]
95.0,cluster_123292026_3663224279_3663224280_3663662945_#1more_0_D2.0,0,0.0,-1.0,[]
95.0,cluster_123292026_3663224279_3663224280_3663662945_#1more_0_D2.1,0,0.0,-1.0,[]
95.0,cluster_123292029_3663224277_3663224278_5344542569_#1more_0_D0.0,1,100.0,-1.0,['truck1']
95.0,cluster_123292029_3663224277_3663224278_5344542569_#1more_0_D0.1,0,0.0,-1.0,[]
95.0,cluster_123292029_3663224277_3663224278_5344542569_#1more_0_D0.2,0,0.0,-1.0,[]
95.0,cluster_123292029_3663224277_3663224278_5344542569_#1more_0_D1.0,0,0.0,-1.0,[]
95.0,cluster_123292029_3663224277_3663224278_5344542569_#1more_0_D1.1,1,0.0,-1.0,['veh44']
95.0,cluster_123292029_3663224277_3663224278_5344542569_#1more_0_D2.0,1,12.215956870663547,6.722350080115937,['veh14']
95.0,cluster_123292029_3663224277_3663224278_5344542569_#1more_0_D2.1,0,0.0,-1.0,[]
95.0,cluster_123292029_3663224277_3663224278_5344542569_#1more_0_D2.2,0,0.0,-1.0,[]
95.0,cluster_123292029_3663224277_3663224278_5344542569_#1more_0_D3.0,0,0.0,-1.0,[]
95.0,cluster_123292029_3663224277_3663224278_5344542569_#1more_0_D3.1,0,0.0,-1.0,[]
95.0,cluster_123292031_3663224275_3663224276_3663662936_#1more_0_D0.0,0,0.0,-1.0,[]
95.0,cluster_123292031_3663224275_3663224276_3663662936_#1more_0_D0.1,0,0.0,-1.0,[]
95.0,cluster_123292031_3663224275_3663224276_3663662936_#1more_0_D1.0,0,0.0,-1.0,[]
95.0,cluster_123292031_3663224275_3663224276_3663662936_#1more_0_D2.0,0,0.0,-1.0,[]
95.0,cluster_123292031_3663224275_3663224276_3663662936_#1more_0_D2.1,0,0.0,-1.0,[]
95.0,cluster_123308403_3663827018_3663827019_3664674393_#1more_0_D0.0,0,0.0,-1.0,[]
95.0,cluster_123308403_3663827018_3663827019_3664674393_#1more_0_D0.1,0,0.0,-1.0,[]
95.0,cluster_123308403_3663827018_3663827019_3664674393_#1more_0_D1.0,0,0.0,-1.0,[]
95.0,cluster_123308403_3663827018_3663827019_3664674393_#1more_0_D1.1,0,0.0,-1.0,[]
95.0,cluster_123308403_3663827018_3663827019_3664674393_#1more_0_D1.2,1,100.0,-1.0,['veh54']
95.0,cluster_123308403_3663827018_3663827019_3664674393_#1more_0_D1.3,0,0.0,-1.0,[]
95.0,cluster_123308403_3663827018_3663827019_3664674393_#1more_0_D2.0,0,0.0,-1.0,[]
95.0,cluster_123308403_3663827018_3663827019_3664674393_#1more_0_D2.1,0,0.0,-1.0,[]
95.0,cluster_123308403_3663827018_3663827019_3664674393_#1more_0_D2.2,0,0.0,-1.0,[]
95.0,cluster_3664723686_3698084157_3698084158_3698084159_#1more_0_D0.0,0,0.0,-1.0,[]
95.0,cluster_3664723686_3698084157_3698084158_3698084159_#1more_0_D0.1,0,0.0,-1.0,[]
95.0,cluster_3664723686_3698084157_3698084158_3698084159_#1more_0_D0.2,0,0.0,-1.0,[]
95.0,cluster_3664723686_3698084157_3698084158_3698084159_#1more_0_D1.0,0,0.0,-1.0,[]
95.0,cluster_3664723686_3698084157_3698084158_3698084159_#1more_0_D1.1,0,0.0,-1.0,[]
95.0,cluster_3664723686_3698084157_3698084158_3698084159_#1more_0_D1.2,0,0.0,-1.0,[]
95.0,joinedS_3663662947_3663662948_3698084160_3698084161_#1more_0_D0.0,0,0.0,-1.0,[]
95.0,joinedS_3663662947_3663662948_3698084160_3698084161_#1more_0_D0.1,0,0.0,-1.0,[]
95.0,joinedS_3663662947_3663662948_3698084160_3698084161_#1more_0_D0.2,0,0.0,-1.0,[]
95.0,joinedS_3663662947_3663662948_3698084160_3698084161_#1more_0_D0.3,0,0.0,-1.0,[]
95.0,joinedS_3663662947_3663662948_3698084160_3698084161_#1more_0_D1.0,0,0.0,-1.0,[]
95.0,joinedS_3663662947_3663662948_3698084160_3698084161_#1more_0_D1.1,0,0.0,-1.0,[]
95.0,joinedS_3663662947_3663662948_3698084160_3698084161_#1more_0_D1.2,0,0.0,-1.0,[]
95.0,joinedS_3663662947_3663662948_3698084160_3698084161_#1more_0_D1.3,0,0.0,-1.0,[]
95.0,joinedS_3663662947_3663662948_3698084160_3698084161_#1more_0_D2.0,1,100.0,-1.0,['veh45']
95.0,joinedS_3663662947_3663662948_3698084160_3698084161_#1more_0_D2.1,1,100.0,-1.0,['veh43']
95.0,joinedS_3663662947_3663662948_3698084160_3698084161_#1more_0_D2.2,0,0.0,-1.0,[]
95.0,joinedS_3663662947_3663662948_3698084160_3698084161_#1more_0_D2.3,0,0.0,-1.0,[]
95.0,joinedS_3663662947_3663662948_3698084160_3698084161_#1more_0_D3.0,0,0.0,-1.0,[]
95.0,joinedS_3663662947_3663662948_3698084160_3698084161_#1more_0_D3.1,0,0.0,-1.0,[]
95.0,joinedS_3663662947_3663662948_3698084160_3698084161_#1more_0_D3.2,0,0.0,-1.0,[]
95.0,joinedS_3663662947_3663662948_3698084160_3698084161_#1more_0_D3.3,0,0.0,-1.0,[]
95.0,joinedS_3663662947_3663662948_3698084160_3698084161_#1more_0_D3.4,0,0.0,-1.0,[]
100.0,cluster_122855839_3663662942_3663662943_3663662944_#1more_0_D0.0,0,0.0,-1.0,[]
100.0,cluster_122855839_3663662942_3663662943_3663662944_#1more_0_D0.1,0,0.0,-1.0,[]
100.0,cluster_122855839_3663662942_3663662943_3663662944_#1more_0_D0.2,0,0.0,-1.0,[]
100.0,cluster_122855839_3663662942_3663662943_3663662944_#1more_0_D0.3,0,0.0,-1.0,[]
100.0,cluster_122855839_3663662942_3663662943_3663662944_#1more_0_D0.4,0,0.0,-1.0,[]
100.0,cluster_122855839_3663662942_3663662943_3663662944_#1more_0_D1.0,0,0.0,-1.0,[]
100.0,cluster_122855839_3663662942_3663662943_3663662944_#1more_0_D1.1,0,0.0,-1.0,[]
100.0,cluster_122855839_3663662942_3663662943_3663662944_#1more_0_D1.2,0,0.0,-1.0,[]
100.0,cluster_122855839_3663662942_3663662943_3663662944_#1more_0_D2.0,0,0.0,-1.0,[]
100.0,cluster_122855839_3663662942_3663662943_3663662944_#1more_0_D2.1,0,0.0,-1.0,[]
100.0,cluster_123241924_382443557_5344542568_5546892974_#3more_0_D0.0,0,0.0,-1.0,[]
100.0,cluster_123241924_382443557_5344542568_5546892974_#3more_0_D0.1,0,0.0,-1.0,[]
100.0,cluster_123241924_382443557_5344542568_5546892974_#3more_0_D0.2,0,0.0,-1.0,[]
100.0,cluster_123241924_382443557_5344542568_5546892974_#3more_0_D0.3,0,0.0,-1.0,[]
100.0,cluster_123241924_382443557_5344542568_5546892974_#3more_0_D0.4,0,0.0,-1.0,[]
100.0,cluster_123241924_382443557_5344542568_5546892974_#3more_0_D1.0,0,0.0,-1.0,[]
100.0,cluster_123241924_382443557_5344542568_5546892974_#3more_0_D2.0,0,0.0,-1.0,[]
100.0,cluster_123241924_382443557_5344542568_5546892974_#3more_0_D2.1,0,0.0,-1.0,[]
100.0,cluster_123241924_382443557_5344542568_5546892974_#3more_0_D2.2,0,0.0,-1.0,[]
100.0,cluster_123241924_382443557_5344542568_5546892974_#3more_0_D2.3,0,0.0,-1.0,[]
100.0,cluster_123241924_382443557_5344542568_5546892974_#3more_0_D2.4,0,0.0,-1.0,[]
100.0,cluster_123241924_382443557_5344542568_5546892974_#3more_0_D2.5,0,0.0,-1.0,[]
100.0,cluster_123241924_382443557_5344542568_5546892974_#3more_0_D3.0,0,0.0,-1.0,[]
100.0,cluster_123241924_382443557_5344542568_5546892974_#3more_0_D3.1,0,0.0,-1.0,[]
100.0,cluster_123241924_382443557_5344542568_5546892974_#3more_0_D3.2,0,0.0,-1.0,[]
100.0,cluster_123241924_382443557_5344542568_5546892974_#3more_0_D3.3,0,0.0,-1.0,[]
100.0,cluster_123241924_382443557_5344542568_5546892974_#3more_0_D3.4,0,0.0,-1.0,[]
100.0,cluster_123281084_3663662939_3664674395_3664674397_#1more_0_D0.0,0,0.0,-1.0,[]
100.0,cluster_123281084_3663662939_3664674395_3664674397_#1more_0_D0.1,0,0.0,-1.0,[]
100.0,cluster_123281084_3663662939_3664674395_3664674397_#1more_0_D0.2,0,0.0,-1.0,[]
100.0,cluster_123281084_3663662939_3664674395_3664674397_#1more_0_D0.3,0,0.0,-1.0,[]
100.0,cluster_123281084_3663662939_3664674395_3664674397_#1more_0_D0.4,0,0.0,-1.0,[]
100.0,cluster_123281084_3663662939_3664674395_3664674397_#1more_0_D1.0,1,0.0,-1.0,['veh58']
100.0,cluster_123281084_3663662939_3664674395_3664674397_#1more_0_D1.1,0,0.0,-1.0,[]
100.0,cluster_123281084_3663662939_3664674395_3664674397_#1more_0_D2.0,0,0.0,-1.0,[]
100.0,cluster_123281084_3663662939_3664674395_3664674397_#1more_0_D2.1,0,0.0,-1.0,[]
100.0,cluster_123281085_12840608127_12840608130_12840608135_#1more_0_D0.0,0,0.0,-1.0,[]
100.0,cluster_123281085_12840608127_12840608130_12840608135_#1more_0_D1.0,0,0.0,-1.0,[]
100.0,cluster_123292026_3663224279_3663224280_3663662945_#1more_0_D0.0,0,0.0,-1.0,[]
100.0,cluster_123292026_3663224279_3663224280_3663662945_#1more_0_D0.1,0,0.0,-1.0,[]
100.0,cluster_123292026_3663224279_3663224280_3663662945_#1more_0_D1.0,0,0.0,-1.0,[]
100.0,cluster_123292026_3663224279_3663224280_3663662945_#1more_0_D1.1,0,0.0,-1.0,[]
100.0,cluster_123292026_3663224279_3663224280_3663662945_#1more_0_D1.2,0,0.0,-1.0,[]
100.0,cluster_123292026_3663224279_3663224280_3663662945_#1more_0_D1.3,0,0.0,-1.0,[]
100.0,cluster_123292026_3663224279_3663224280_3663662945_#1more_0_D2.0,0,0.0,-1.0,[]
100.0,cluster_123292026_3663224279_3663224280_3663662945_#1more_0_D2.1,0,0.0,-1.0,[]
100.0,cluster_123292029_3663224277_3663224278_5344542569_#1more_0_D0.0,1,100.0,-1.0,['truck1']
100.0,cluster_123292029_3663224277_3663224278_5344542569_#1more_0_D0.1,0,0.0,-1.0,[]
100.0,cluster_123292029_3663224277_3663224278_5344542569_#1more_0_D0.2,0,0.0,-1.0,[]
100.0,cluster_123292029_3663224277_3663224278_5344542569_#1more_0_D1.0,0,0.0,-1.0,[]
100.0,cluster_123292029_3663224277_3663224278_5344542569_#1more_0_D1.1,1,0.0,-1.0,['veh30']
100.0,cluster_123292029_3663224277_3663224278_5344542569_#1more_0_D2.0,1,100.0,-1.0,['veh14']
100.0,cluster_123292029_3663224277_3663224278_5344542569_#1more_0_D2.1,0,0.0,-1.0,[]
100.0,cluster_123292029_3663224277_3663224278_5344542569_#1more_0_D2.2,0,0.0,-1.0,[]
100.0,cluster_123292029_3663224277_3663224278_5344542569_#1more_0_D3.0,0,0.0,-1.0,[]
100.0,cluster_123292029_3663224277_3663224278_5344542569_#1more_0_D3.1,0,0.0,-1.0,[]
100.0,cluster_123292031_3663224275_3663224276_3663662936_#1more_0_D0.0,0,0.0,-1.0,[]
100.0,cluster_123292031_3663224275_3663224276_3663662936_#1more_0_D0.1,0,0.0,-1.0,[]
100.0,cluster_123292031_3663224275_3663224276_3663662936_#1more_0_D1.0,0,0.0,-1.0,[]
100.0,cluster_123292031_3663224275_3663224276_3663662936_#1more_0_D2.0,0,0.0,-1.0,[]
100.0,cluster_123292031_3663224275_3663224276_3663662936_#1more_0_D2.1,0,0.0,-1.0,[]
100.0,cluster_123308403_3663827018_3663827019_3664674393_#1more_0_D0.0,0,0.0,-1.0,[]
100.0,cluster_123308403_3663827018_3663827019_3664674393_#1more_0_D0.1,0,0.0,-1.0,[]
100.0,cluster_123308403_3663827018_3663827019_3664674393_#1more_0_D1.0,0,0.0,-1.0,[]
100.0,cluster_123308403_3663827018_3663827019_3664674393_#1more_0_D1.1,0,0.0,-1.0,[]
100.0,cluster_123308403_3663827018_3663827019_3664674393_#1more_0_D1.2,1,0.0,-1.0,['veh54']
100.0,cluster_123308403_3663827018_3663827019_3664674393_#1more_0_D1.3,1,100.0,0.0,['veh54']
100.0,cluster_123308403_3663827018_3663827019_3664674393_#1more_0_D2.0,0,0.0,-1.0,[]
100.0,cluster_123308403_3663827018_3663827019_3664674393_#1more_0_D2.1,0,0.0,-1.0,[]
100.0,cluster_123308403_3663827018_3663827019_3664674393_#1more_0_D2.2,0,0.0,-1.0,[]
100.0,cluster_3664723686_3698084157_3698084158_3698084159_#1more_0_D0.0,0,0.0,-1.0,[]
100.0,cluster_3664723686_3698084157_3698084158_3698084159_#1more_0_D0.1,0,0.0,-1.0,[]
100.0,cluster_3664723686_3698084157_3698084158_3698084159_#1more_0_D0.2,0,0.0,-1.0,[]
100.0,cluster_3664723686_3698084157_3698084158_3698084159_#1more_0_D1.0,0,0.0,-1.0,[]
100.0,cluster_3664723686_3698084157_3698084158_3698084159_#1more_0_D1.1,0,0.0,-1.0,[]
100.0,cluster_3664723686_3698084157_3698084158_3698084159_#1more_0_D1.2,0,0.0,-1.0,[]
100.0,joinedS_3663662947_3663662948_3698084160_3698084161_#1more_0_D0.0,0,0.0,-1.0,[]
100.0,joinedS_3663662947_3663662948_3698084160_3698084161_#1more_0_D0.1,0,0.0,-1.0,[]
100.0,joinedS_3663662947_3663662948_3698084160_3698084161_#1more_0_D0.2,0,0.0,-1.0,[]
100.0,joinedS_3663662947_3663662948_3698084160_3698084161_#1more_0_D0.3,0,0.0,-1.0,[]
100.0,joinedS_3663662947_3663662948_3698084160_3698084161_#1more_0_D1.0,0,0.0,-1.0,[]
100.0,joinedS_3663662947_3663662948_3698084160_3698084161_#1more_0_D1.1,0,0.0,-1.0,[]
100.0,joinedS_3663662947_3663662948_3698084160_3698084161_#1more_0_D1.2,0,0.0,-1.0,[]
100.0,joinedS_3663662947_3663662948_3698084160_3698084161_#1more_0_D1.3,1,0.0,-1.0,['veh60']
100.0,joinedS_3663662947_3663662948_3698084160_3698084161_#1more_0_D2.0,1,100.0,-1.0,['veh45']
100.0,joinedS_3663662947_3663662948_3698084160_3698084161_#1more_0_D2.1,1,100.0,-1.0,['veh43']
100.0,joinedS_3663662947_3663662948_3698084160_3698084161_#1more_0_D2.2,0,0.0,-1.0,[]
100.0,joinedS_3663662947_3663662948_3698084160_3698084161_#1more_0_D2.3,0,0.0,-1.0,[]
100.0,joinedS_3663662947_3663662948_3698084160_3698084161_#1more_0_D3.0,0,0.0,-1.0,[]
100.0,joinedS_3663662947_3663662948_3698084160_3698084161_#1more_0_D3.1,0,0.0,-1.0,[]
100.0,joinedS_3663662947_3663662948_3698084160_3698084161_#1more_0_D3.2,0,0.0,-1.0,[]
100.0,joinedS_3663662947_3663662948_3698084160_3698084161_#1more_0_D3.3,0,0.0,-1.0,[]
100.0,joinedS_3663662947_3663662948_3698084160_3698084161_#1more_0_D3.4,0,0.0,-1.0,[]
105.0,cluster_122855839_3663662942_3663662943_3663662944_#1more_0_D0.0,0,0.0,-1.0,[]
105.0,cluster_122855839_3663662942_3663662943_3663662944_#1more_0_D0.1,0,0.0,-1.0,[]
105.0,cluster_122855839_3663662942_3663662943_3663662944_#1more_0_D0.2,0,0.0,-1.0,[]
105.0,cluster_122855839_3663662942_3663662943_3663662944_#1more_0_D0.3,0,0.0,-1.0,[]
105.0,cluster_122855839_3663662942_3663662943_3663662944_#1more_0_D0.4,0,0.0,-1.0,[]
105.0,cluster_122855839_3663662942_3663662943_3663662944_#1more_0_D1.0,0,0.0,-1.0,[]
105.0,cluster_122855839_3663662942_3663662943_3663662944_#1more_0_D1.1,0,0.0,-1.0,[]
105.0,cluster_122855839_3663662942_3663662943_3663662944_#1more_0_D1.2,0,0.0,-1.0,[]
105.0,cluster_122855839_3663662942_3663662943_3663662944_#1more_0_D2.0,1,100.0,-1.0,['veh55']
105.0,cluster_122855839_3663662942_3663662943_3663662944_#1more_0_D2.1,0,0.0,-1.0,[]
105.0,cluster_123241924_382443557_5344542568_5546892974_#3more_0_D0.0,0,0.0,-1.0,[]
105.0,cluster_123241924_382443557_5344542568_5546892974_#3more_0_D0.1,0,0.0,-1.0,[]
105.0,cluster_123241924_382443557_5344542568_5546892974_#3more_0_D0.2,0,0.0,-1.0,[]
105.0,cluster_123241924_382443557_5344542568_5546892974_#3more_0_D0.3,0,0.0,-1.0,[]
105.0,cluster_123241924_382443557_5344542568_5546892974_#3more_0_D0.4,0,0.0,-1.0,[]
105.0,cluster_123241924_382443557_5344542568_5546892974_#3more_0_D1.0,0,0.0,-1.0,[]
105.0,cluster_123241924_382443557_5344542568_5546892974_#3more_0_D2.0,0,0.0,-1.0,[]
105.0,cluster_123241924_382443557_5344542568_5546892974_#3more_0_D2.1,0,0.0,-1.0,[]
105.0,cluster_123241924_382443557_5344542568_5546892974_#3more_0_D2.2,0,0.0,-1.0,[]
105.0,cluster_123241924_382443557_5344542568_5546892974_#3more_0_D2.3,0,0.0,-1.0,[]
105.0,cluster_123241924_382443557_5344542568_5546892974_#3more_0_D2.4,0,0.0,-1.0,[]
105.0,cluster_123241924_382443557_5344542568_5546892974_#3more_0_D2.5,0,0.0,-1.0,[]
105.0,cluster_123241924_382443557_5344542568_5546892974_#3more_0_D3.0,0,0.0,-1.0,[]
105.0,cluster_123241924_382443557_5344542568_5546892974_#3more_0_D3.1,0,0.0,-1.0,[]
105.0,cluster_123241924_382443557_5344542568_5546892974_#3more_0_D3.2,0,0.0,-1.0,[]
105.0,cluster_123241924_382443557_5344542568_5546892974_#3more_0_D3.3,0,0.0,-1.0,[]
105.0,cluster_123241924_382443557_5344542568_5546892974_#3more_0_D3.4,0,0.0,-1.0,[]
105.0,cluster_123281084_3663662939_3664674395_3664674397_#1more_0_D0.0,0,0.0,-1.0,[]
105.0,cluster_123281084_3663662939_3664674395_3664674397_#1more_0_D0.1,0,0.0,-1.0,[]
105.0,cluster_123281084_3663662939_3664674395_3664674397_#1more_0_D0.2,0,0.0,-1.0,[]
105.0,cluster_123281084_3663662939_3664674395_3664674397_#1more_0_D0.3,0,0.0,-1.0,[]
105.0,cluster_123281084_3663662939_3664674395_3664674397_#1more_0_D0.4,0,0.0,-1.0,[]
105.0,cluster_123281084_3663662939_3664674395_3664674397_#1more_0_D1.0,0,0.0,-1.0,[]
105.0,cluster_123281084_3663662939_3664674395_3664674397_#1more_0_D1.1,0,0.0,-1.0,[]
105.0,cluster_123281084_3663662939_3664674395_3664674397_#1more_0_D2.0,0,0.0,-1.0,[]
105.0,cluster_123281084_3663662939_3664674395_3664674397_#1more_0_D2.1,0,0.0,-1.0,[]
105.0,cluster_123281085_12840608127_12840608130_12840608135_#1more_0_D0.0,0,0.0,-1.0,[]
105.0,cluster_123281085_12840608127_12840608130_12840608135_#1more_0_D1.0,0,0.0,-1.0,[]
105.0,cluster_123292026_3663224279_3663224280_3663662945_#1more_0_D0.0,0,0.0,-1.0,[]
105.0,cluster_123292026_3663224279_3663224280_3663662945_#1more_0_D0.1,0,0.0,-1.0,[]
105.0,cluster_123292026_3663224279_3663224280_3663662945_#1more_0_D1.0,0,0.0,-1.0,[]
105.0,cluster_123292026_3663224279_3663224280_3663662945_#1more_0_D1.1,0,0.0,-1.0,[]
105.0,cluster_123292026_3663224279_3663224280_3663662945_#1more_0_D1.2,0,0.0,-1.0,[]
105.0,cluster_123292026_3663224279_3663224280_3663662945_#1more_0_D1.3,0,0.0,-1.0,[]
105.0,cluster_123292026_3663224279_3663224280_3663662945_#1more_0_D2.0,0,0.0,-1.0,[]
105.0,cluster_123292026_3663224279_3663224280_3663662945_#1more_0_D2.1,0,0.0,-1.0,[]
105.0,cluster_123292029_3663224277_3663224278_5344542569_#1more_0_D0.0,1,100.0,-1.0,['truck1']
105.0,cluster_123292029_3663224277_3663224278_5344542569_#1more_0_D0.1,0,0.0,-1.0,[]
105.0,cluster_123292029_3663224277_3663224278_5344542569_#1more_0_D0.2,0,0.0,-1.0,[]
105.0,cluster_123292029_3663224277_3663224278_5344542569_#1more_0_D1.0,0,0.0,-1.0,[]
105.0,cluster_123292029_3663224277_3663224278_5344542569_#1more_0_D1.1,0,0.0,-1.0,[]
105.0,cluster_123292029_3663224277_3663224278_5344542569_#1more_0_D2.0,1,100.0,-1.0,['veh14']
105.0,cluster_123292029_3663224277_3663224278_5344542569_#1more_0_D2.1,0,0.0,-1.0,[]
105.0,cluster_123292029_3663224277_3663224278_5344542569_#1more_0_D2.2,0,0.0,-1.0,[]
105.0,cluster_123292029_3663224277_3663224278_5344542569_#1more_0_D3.0,0,0.0,-1.0,[]
105.0,cluster_123292029_3663224277_3663224278_5344542569_#1more_0_D3.1,0,0.0,-1.0,[]
105.0,cluster_123292031_3663224275_3663224276_3663662936_#1more_0_D0.0,0,0.0,-1.0,[]
105.0,cluster_123292031_3663224275_3663224276_3663662936_#1more_0_D0.1,0,0.0,-1.0,[]
105.0,cluster_123292031_3663224275_3663224276_3663662936_#1more_0_D1.0,0,0.0,-1.0,[]
105.0,cluster_123292031_3663224275_3663224276_3663662936_#1more_0_D2.0,0,0.0,-1.0,[]
105.0,cluster_123292031_3663224275_3663224276_3663662936_#1more_0_D2.1,0,0.0,-1.0,[]
105.0,cluster_123308403_3663827018_3663827019_3664674393_#1more_0_D0.0,0,0.0,-1.0,[]
105.0,cluster_123308403_3663827018_3663827019_3664674393_#1more_0_D0.1,0,0.0,-1.0,[]
105.0,cluster_123308403_3663827018_3663827019_3664674393_#1more_0_D1.0,0,0.0,-1.0,[]
105.0,cluster_123308403_3663827018_3663827019_3664674393_#1more_0_D1.1,0,0.0,-1.0,[]
105.0,cluster_123308403_3663827018_3663827019_3664674393_#1more_0_D1.2,0,0.0,-1.0,[]
105.0,cluster_123308403_3663827018_3663827019_3664674393_#1more_0_D1.3,0,0.0,-1.0,[]
105.0,cluster_123308403_3663827018_3663827019_3664674393_#1more_0_D2.0,0,0.0,-1.0,[]
105.0,cluster_123308403_3663827018_3663827019_3664674393_#1more_0_D2.1,0,0.0,-1.0,[]
105.0,cluster_123308403_3663827018_3663827019_3664674393_#1more_0_D2.2,0,0.0,-1.0,[]
105.0,cluster_3664723686_3698084157_3698084158_3698084159_#1more_0_D0.0,0,0.0,-1.0,[]
105.0,cluster_3664723686_3698084157_3698084158_3698084159_#1more_0_D0.1,0,0.0,-1.0,[]
105.0,cluster_3664723686_3698084157_3698084158_3698084159_#1more_0_D0.2,0,0.0,-1.0,[]
105.0,cluster_3664723686_3698084157_3698084158_3698084159_#1more_0_D1.0,0,0.0,-1.0,[]
105.0,cluster_3664723686_3698084157_3698084158_3698084159_#1more_0_D1.1,0,0.0,-1.0,[]
105.0,cluster_3664723686_3698084157_3698084158_3698084159_#1more_0_D1.2,0,0.0,-1.0,[]
105.0,joinedS_3663662947_3663662948_3698084160_3698084161_#1more_0_D0.0,0,0.0,-1.0,[]
105.0,joinedS_3663662947_3663662948_3698084160_3698084161_#1more_0_D0.1,0,0.0,-1.0,[]
105.0,joinedS_3663662947_3663662948_3698084160_3698084161_#1more_0_D0.2,0,0.0,-1.0,[]
105.0,joinedS_3663662947_3663662948_3698084160_3698084161_#1more_0_D0.3,0,0.0,-1.0,[]
105.0,joinedS_3663662947_3663662948_3698084160_3698084161_#1more_0_D1.0,0,0.0,-1.0,[]
105.0,joinedS_3663662947_3663662948_3698084160_3698084161_#1more_0_D1.1,0,0.0,-1.0,[]
105.0,joinedS_3663662947_3663662948_3698084160_3698084161_#1more_0_D1.2,0,0.0,-1.0,[]
105.0,joinedS_3663662947_3663662948_3698084160_3698084161_#1more_0_D1.3,0,0.0,-1.0,[]
105.0,joinedS_3663662947_3663662948_3698084160_3698084161_#1more_0_D2.0,0,0.0,-1.0,[]
105.0,joinedS_3663662947_3663662948_3698084160_3698084161_#1more_0_D2.1,0,0.0,-1.0,[]
105.0,joinedS_3663662947_3663662948_3698084160_3698084161_#1more_0_D2.2,0,0.0,-1.0,[]
105.0,joinedS_3663662947_3663662948_3698084160_3698084161_#1more_0_D2.3,0,0.0,-1.0,[]
105.0,joinedS_3663662947_3663662948_3698084160_3698084161_#1more_0_D3.0,0,0.0,-1.0,[]
105.0,joinedS_3663662947_3663662948_3698084160_3698084161_#1more_0_D3.1,0,0.0,-1.0,[]
105.0,joinedS_3663662947_3663662948_3698084160_3698084161_#1more_0_D3.2,0,0.0,-1.0,[]
105.0,joinedS_3663662947_3663662948_3698084160_3698084161_#1more_0_D3.3,0,0.0,-1.0,[]
105.0,joinedS_3663662947_3663662948_3698084160_3698084161_#1more_0_D3.4,0,0.0,-1.0,[]
110.0,cluster_122855839_3663662942_3663662943_3663662944_#1more_0_D0.0,0,0.0,-1.0,[]
110.0,cluster_122855839_3663662942_3663662943_3663662944_#1more_0_D0.1,0,0.0,-1.0,[]
110.0,cluster_122855839_3663662942_3663662943_3663662944_#1more_0_D0.2,0,0.0,-1.0,[]
110.0,cluster_122855839_3663662942_3663662943_3663662944_#1more_0_D0.3,0,0.0,-1.0,[]
110.0,cluster_122855839_3663662942_3663662943_3663662944_#1more_0_D0.4,0,0.0,-1.0,[]
110.0,cluster_122855839_3663662942_3663662943_3663662944_#1more_0_D1.0,0,0.0,-1.0,[]
110.0,cluster_122855839_3663662942_3663662943_3663662944_#1more_0_D1.1,0,0.0,-1.0,[]
110.0,cluster_122855839_3663662942_3663662943_3663662944_#1more_0_D1.2,0,0.0,-1.0,[]
110.0,cluster_122855839_3663662942_3663662943_3663662944_#1more_0_D2.0,1,100.0,-1.0,['veh55']
110.0,cluster_122855839_3663662942_3663662943_3663662944_#1more_0_D2.1,0,0.0,-1.0,[]
110.0,cluster_123241924_382443557_5344542568_5546892974_#3more_0_D0.0,0,0.0,-1.0,[]
110.0,cluster_123241924_382443557_5344542568_5546892974_#3more_0_D0.1,0,0.0,-1.0,[]
110.0,cluster_123241924_382443557_5344542568_5546892974_#3more_0_D0.2,0,0.0,-1.0,[]
110.0,cluster_123241924_382443557_5344542568_5546892974_#3more_0_D0.3,0,0.0,-1.0,[]
110.0,cluster_123241924_382443557_5344542568_5546892974_#3more_0_D0.4,0,0.0,-1.0,[]
110.0,cluster_123241924_382443557_5344542568_5546892974_#3more_0_D1.0,0,0.0,-1.0,[]
110.0,cluster_123241924_382443557_5344542568_5546892974_#3more_0_D2.0,0,0.0,-1.0,[]
110.0,cluster_123241924_382443557_5344542568_5546892974_#3more_0_D2.1,0,0.0,-1.0,[]
110.0,cluster_123241924_382443557_5344542568_5546892974_#3more_0_D2.2,0,0.0,-1.0,[]
110.0,cluster_123241924_382443557_5344542568_5546892974_#3more_0_D2.3,0,0.0,-1.0,[]
110.0,cluster_123241924_382443557_5344542568_5546892974_#3more_0_D2.4,0,0.0,-1.0,[]
110.0,cluster_123241924_382443557_5344542568_5546892974_#3more_0_D2.5,0,0.0,-1.0,[]
110.0,cluster_123241924_382443557_5344542568_5546892974_#3more_0_D3.0,0,0.0,-1.0,[]
110.0,cluster_123241924_382443557_5344542568_5546892974_#3more_0_D3.1,0,0.0,-1.0,[]
110.0,cluster_123241924_382443557_5344542568_5546892974_#3more_0_D3.2,0,0.0,-1.0,[]
110.0,cluster_123241924_382443557_5344542568_5546892974_#3more_0_D3.3,0,0.0,-1.0,[]
110.0,cluster_123241924_382443557_5344542568_5546892974_#3more_0_D3.4,0,0.0,-1.0,[]
110.0,cluster_123281084_3663662939_3664674395_3664674397_#1more_0_D0.0,0,0.0,-1.0,[]
110.0,cluster_123281084_3663662939_3664674395_3664674397_#1more_0_D0.1,0,0.0,-1.0,[]
110.0,cluster_123281084_3663662939_3664674395_3664674397_#1more_0_D0.2,0,0.0,-1.0,[]
110.0,cluster_123281084_3663662939_3664674395_3664674397_#1more_0_D0.3,0,0.0,-1.0,[]
110.0,cluster_123281084_3663662939_3664674395_3664674397_#1more_0_D0.4,0,0.0,-1.0,[]
110.0,cluster_123281084_3663662939_3664674395_3664674397_#1more_0_D1.0,0,0.0,-1.0,[]
110.0,cluster_123281084_3663662939_3664674395_3664674397_#1more_0_D1.1,0,0.0,-1.0,[]
110.0,cluster_123281084_3663662939_3664674395_3664674397_#1more_0_D2.0,0,0.0,-1.0,[]
110.0,cluster_123281084_3663662939_3664674395_3664674397_#1more_0_D2.1,0,0.0,-1.0,[]
110.0,cluster_123281085_12840608127_12840608130_12840608135_#1more_0_D0.0,0,0.0,-1.0,[]
110.0,cluster_123281085_12840608127_12840608130_12840608135_#1more_0_D1.0,0,0.0,-1.0,[]
110.0,cluster_123292026_3663224279_3663224280_3663662945_#1more_0_D0.0,0,0.0,-1.0,[]
110.0,cluster_123292026_3663224279_3663224280_3663662945_#1more_0_D0.1,0,0.0,-1.0,[]
110.0,cluster_123292026_3663224279_3663224280_3663662945_#1more_0_D1.0,0,0.0,-1.0,[]
110.0,cluster_123292026_3663224279_3663224280_3663662945_#1more_0_D1.1,0,0.0,-1.0,[]
110.0,cluster_123292026_3663224279_3663224280_3663662945_#1more_0_D1.2,0,0.0,-1.0,[]
110.0,cluster_123292026_3663224279_3663224280_3663662945_#1more_0_D1.3,0,0.0,-1.0,[]
110.0,cluster_123292026_3663224279_3663224280_3663662945_#1more_0_D2.0,0,0.0,-1.0,[]
110.0,cluster_123292026_3663224279_3663224280_3663662945_#1more_0_D2.1,0,0.0,-1.0,[]
110.0,cluster_123292029_3663224277_3663224278_5344542569_#1more_0_D0.0,1,100.0,-1.0,['truck1']
110.0,cluster_123292029_3663224277_3663224278_5344542569_#1more_0_D0.1,0,0.0,-1.0,[]
110.0,cluster_123292029_3663224277_3663224278_5344542569_#1more_0_D0.2,0,0.0,-1.0,[]
110.0,cluster_123292029_3663224277_3663224278_5344542569_#1more_0_D1.0,0,0.0,-1.0,[]
110.0,cluster_123292029_3663224277_3663224278_5344542569_#1more_0_D1.1,0,0.0,-1.0,[]
110.0,cluster_123292029_3663224277_3663224278_5344542569_#1more_0_D2.0,1,100.0,-1.0,['veh14']
110.0,cluster_123292029_3663224277_3663224278_5344542569_#1more_0_D2.1,0,0.0,-1.0,[]
110.0,cluster_123292029_3663224277_3663224278_5344542569_#1more_0_D2.2,0,0.0,-1.0,[]
110.0,cluster_123292029_3663224277_3663224278_5344542569_#1more_0_D3.0,0,0.0,-1.0,[]
110.0,cluster_123292029_3663224277_3663224278_5344542569_#1more_0_D3.1,0,0.0,-1.0,[]
110.0,cluster_123292031_3663224275_3663224276_3663662936_#1more_0_D0.0,0,0.0,-1.0,[]
110.0,cluster_123292031_3663224275_3663224276_3663662936_#1more_0_D0.1,1,44.493340503366596,11.237636786614559,['veh62']
110.0,cluster_123292031_3663224275_3663224276_3663662936_#1more_0_D1.0,0,0.0,-1.0,[]
110.0,cluster_123292031_3663224275_3663224276_3663662936_#1more_0_D2.0,0,0.0,-1.0,[]
110.0,cluster_123292031_3663224275_3663224276_3663662936_#1more_0_D2.1,0,0.0,-1.0,[]
110.0,cluster_123308403_3663827018_3663827019_3664674393_#1more_0_D0.0,0,0.0,-1.0,[]
110.0,cluster_123308403_3663827018_3663827019_3664674393_#1more_0_D0.1,0,0.0,-1.0,[]
110.0,cluster_123308403_3663827018_3663827019_3664674393_#1more_0_D1.0,0,0.0,-1.0,[]
110.0,cluster_123308403_3663827018_3663827019_3664674393_#1more_0_D1.1,0,0.0,-1.0,[]
110.0,cluster_123308403_3663827018_3663827019_3664674393_#1more_0_D1.2,0,0.0,-1.0,[]
110.0,cluster_123308403_3663827018_3663827019_3664674393_#1more_0_D1.3,0,0.0,-1.0,[]
110.0,cluster_123308403_3663827018_3663827019_3664674393_#1more_0_D2.0,0,0.0,-1.0,[]
110.0,cluster_123308403_3663827018_3663827019_3664674393_#1more_0_D2.1,0,0.0,-1.0,[]
110.0,cluster_123308403_3663827018_3663827019_3664674393_#1more_0_D2.2,0,0.0,-1.0,[]
110.0,cluster_3664723686_3698084157_3698084158_3698084159_#1more_0_D0.0,0,0.0,-1.0,[]
110.0,cluster_3664723686_3698084157_3698084158_3698084159_#1more_0_D0.1,0,0.0,-1.0,[]
110.0,cluster_3664723686_3698084157_3698084158_3698084159_#1more_0_D0.2,0,0.0,-1.0,[]
110.0,cluster_3664723686_3698084157_3698084158_3698084159_#1more_0_D1.0,0,0.0,-1.0,[]
110.0,cluster_3664723686_3698084157_3698084158_3698084159_#1more_0_D1.1,0,0.0,-1.0,[]
110.0,cluster_3664723686_3698084157_3698084158_3698084159_#1more_0_D1.2,0,0.0,-1.0,[]
110.0,joinedS_3663662947_3663662948_3698084160_3698084161_#1more_0_D0.0,0,0.0,-1.0,[]
110.0,joinedS_3663662947_3663662948_3698084160_3698084161_#1more_0_D0.1,0,0.0,-1.0,[]
110.0,joinedS_3663662947_3663662948_3698084160_3698084161_#1more_0_D0.2,0,0.0,-1.0,[]
110.0,joinedS_3663662947_3663662948_3698084160_3698084161_#1more_0_D0.3,0,0.0,-1.0,[]
110.0,joinedS_3663662947_3663662948_3698084160_3698084161_#1more_0_D1.0,0,0.0,-1.0,[]
110.0,joinedS_3663662947_3663662948_3698084160_3698084161_#1more_0_D1.1,0,0.0,-1.0,[]
110.0,joinedS_3663662947_3663662948_3698084160_3698084161_#1more_0_D1.2,0,0.0,-1.0,[]
110.0,joinedS_3663662947_3663662948_3698084160_3698084161_#1more_0_D1.3,0,0.0,-1.0,[]
110.0,joinedS_3663662947_3663662948_3698084160_3698084161_#1more_0_D2.0,0,0.0,-1.0,[]
110.0,joinedS_3663662947_3663662948_3698084160_3698084161_#1more_0_D2.1,0,0.0,-1.0,[]
110.0,joinedS_3663662947_3663662948_3698084160_3698084161_#1more_0_D2.2,0,0.0,-1.0,[]
110.0,joinedS_3663662947_3663662948_3698084160_3698084161_#1more_0_D2.3,0,0.0,-1.0,[]
110.0,joinedS_3663662947_3663662948_3698084160_3698084161_#1more_0_D3.0,0,0.0,-1.0,[]
110.0,joinedS_3663662947_3663662948_3698084160_3698084161_#1more_0_D3.1,0,0.0,-1.0,[]
110.0,joinedS_3663662947_3663662948_3698084160_3698084161_#1more_0_D3.2,0,0.0,-1.0,[]
110.0,joinedS_3663662947_3663662948_3698084160_3698084161_#1more_0_D3.3,0,0.0,-1.0,[]
110.0,joinedS_3663662947_3663662948_3698084160_3698084161_#1more_0_D3.4,0,0.0,-1.0,[]
115.0,cluster_122855839_3663662942_3663662943_3663662944_#1more_0_D0.0,0,0.0,-1.0,[]
115.0,cluster_122855839_3663662942_3663662943_3663662944_#1more_0_D0.1,0,0.0,-1.0,[]
115.0,cluster_122855839_3663662942_3663662943_3663662944_#1more_0_D0.2,0,0.0,-1.0,[]
115.0,cluster_122855839_3663662942_3663662943_3663662944_#1more_0_D0.3,0,0.0,-1.0,[]
115.0,cluster_122855839_3663662942_3663662943_3663662944_#1more_0_D0.4,0,0.0,-1.0,[]
115.0,cluster_122855839_3663662942_3663662943_3663662944_#1more_0_D1.0,0,0.0,-1.0,[]
115.0,cluster_122855839_3663662942_3663662943_3663662944_#1more_0_D1.1,0,0.0,-1.0,[]
115.0,cluster_122855839_3663662942_3663662943_3663662944_#1more_0_D1.2,0,0.0,-1.0,[]
115.0,cluster_122855839_3663662942_3663662943_3663662944_#1more_0_D2.0,0,0.0,-1.0,[]
115.0,cluster_122855839_3663662942_3663662943_3663662944_#1more_0_D2.1,0,0.0,-1.0,[]
115.0,cluster_123241924_382443557_5344542568_5546892974_#3more_0_D0.0,0,0.0,-1.0,[]
115.0,cluster_123241924_382443557_5344542568_5546892974_#3more_0_D0.1,0,0.0,-1.0,[]
115.0,cluster_123241924_382443557_5344542568_5546892974_#3more_0_D0.2,0,0.0,-1.0,[]
115.0,cluster_123241924_382443557_5344542568_5546892974_#3more_0_D0.3,0,0.0,-1.0,[]
115.0,cluster_123241924_382443557_5344542568_5546892974_#3more_0_D0.4,0,0.0,-1.0,[]
115.0,cluster_123241924_382443557_5344542568_5546892974_#3more_0_D1.0,0,0.0,-1.0,[]
115.0,cluster_123241924_382443557_5344542568_5546892974_#3more_0_D2.0,0,0.0,-1.0,[]
115.0,cluster_123241924_382443557_5344542568_5546892974_#3more_0_D2.1,0,0.0,-1.0,[]
115.0,cluster_123241924_382443557_5344542568_5546892974_#3more_0_D2.2,0,0.0,-1.0,[]
115.0,cluster_123241924_382443557_5344542568_5546892974_#3more_0_D2.3,0,0.0,-1.0,[]
115.0,cluster_123241924_382443557_5344542568_5546892974_#3more_0_D2.4,0,0.0,-1.0,[]
115.0,cluster_123241924_382443557_5344542568_5546892974_#3more_0_D2.5,0,0.0,-1.0,[]
115.0,cluster_123241924_382443557_5344542568_5546892974_#3more_0_D3.0,0,0.0,-1.0,[]
115.0,cluster_123241924_382443557_5344542568_5546892974_#3more_0_D3.1,0,0.0,-1.0,[]
115.0,cluster_123241924_382443557_5344542568_5546892974_#3more_0_D3.2,0,0.0,-1.0,[]
115.0,cluster_123241924_382443557_5344542568_5546892974_#3more_0_D3.3,0,0.0,-1.0,[]
115.0,cluster_123241924_382443557_5344542568_5546892974_#3more_0_D3.4,0,0.0,-1.0,[]
115.0,cluster_123281084_3663662939_3664674395_3664674397_#1more_0_D0.0,0,0.0,-1.0,[]
115.0,cluster_123281084_3663662939_3664674395_3664674397_#1more_0_D0.1,0,0.0,-1.0,[]
115.0,cluster_123281084_3663662939_3664674395_3664674397_#1more_0_D0.2,0,0.0,-1.0,[]
115.0,cluster_123281084_3663662939_3664674395_3664674397_#1more_0_D0.3,0,0.0,-1.0,[]
115.0,cluster_123281084_3663662939_3664674395_3664674397_#1more_0_D0.4,0,0.0,-1.0,[]
115.0,cluster_123281084_3663662939_3664674395_3664674397_#1more_0_D1.0,1,17.868526861627743,10.179660921352891,['bus5']
115.0,cluster_123281084_3663662939_3664674395_3664674397_#1more_0_D1.1,0,0.0,-1.0,[]
115.0,cluster_123281084_3663662939_3664674395_3664674397_#1more_0_D2.0,0,0.0,-1.0,[]
115.0,cluster_123281084_3663662939_3664674395_3664674397_#1more_0_D2.1,0,0.0,-1.0,[]
115.0,cluster_123281085_12840608127_12840608130_12840608135_#1more_0_D0.0,0,0.0,-1.0,[]
115.0,cluster_123281085_12840608127_12840608130_12840608135_#1more_0_D1.0,0,0.0,-1.0,[]
115.0,cluster_123292026_3663224279_3663224280_3663662945_#1more_0_D0.0,0,0.0,-1.0,[]
115.0,cluster_123292026_3663224279_3663224280_3663662945_#1more_0_D0.1,0,0.0,-1.0,[]
115.0,cluster_123292026_3663224279_3663224280_3663662945_#1more_0_D1.0,0,0.0,-1.0,[]
115.0,cluster_123292026_3663224279_3663224280_3663662945_#1more_0_D1.1,0,0.0,-1.0,[]
115.0,cluster_123292026_3663224279_3663224280_3663662945_#1more_0_D1.2,0,0.0,-1.0,[]
115.0,cluster_123292026_3663224279_3663224280_3663662945_#1more_0_D1.3,0,0.0,-1.0,[]
115.0,cluster_123292026_3663224279_3663224280_3663662945_#1more_0_D2.0,0,0.0,-1.0,[]
115.0,cluster_123292026_3663224279_3663224280_3663662945_#1more_0_D2.1,0,0.0,-1.0,[]
115.0,cluster_123292029_3663224277_3663224278_5344542569_#1more_0_D0.0,1,100.0,-1.0,['truck1']
115.0,cluster_123292029_3663224277_3663224278_5344542569_#1more_0_D0.1,0,0.0,-1.0,[]
115.0,cluster_123292029_3663224277_3663224278_5344542569_#1more_0_D0.2,0,0.0,-1.0,[]
115.0,cluster_123292029_3663224277_3663224278_5344542569_#1more_0_D1.0,0,0.0,-1.0,[]
115.0,cluster_123292029_3663224277_3663224278_5344542569_#1more_0_D1.1,0,0.0,-1.0,[]
115.0,cluster_123292029_3663224277_3663224278_5344542569_#1more_0_D2.0,1,100.0,-1.0,['veh14']
115.0,cluster_123292029_3663224277_3663224278_5344542569_#1more_0_D2.1,0,0.0,-1.0,[]
115.0,cluster_123292029_3663224277_3663224278_5344542569_#1more_0_D2.2,0,0.0,-1.0,[]
115.0,cluster_123292029_3663224277_3663224278_5344542569_#1more_0_D3.0,0,0.0,-1.0,[]
115.0,cluster_123292029_3663224277_3663224278_5344542569_#1more_0_D3.1,0,0.0,-1.0,[]
115.0,cluster_123292031_3663224275_3663224276_3663662936_#1more_0_D0.0,0,0.0,-1.0,[]
115.0,cluster_123292031_3663224275_3663224276_3663662936_#1more_0_D0.1,0,0.0,-1.0,[]
115.0,cluster_123292031_3663224275_3663224276_3663662936_#1more_0_D1.0,1,0.0,-1.0,['bus6']
115.0,cluster_123292031_3663224275_3663224276_3663662936_#1more_0_D2.0,0,0.0,-1.0,[]
115.0,cluster_123292031_3663224275_3663224276_3663662936_#1more_0_D2.1,0,0.0,-1.0,[]
115.0,cluster_123308403_3663827018_3663827019_3664674393_#1more_0_D0.0,0,0.0,-1.0,[]
115.0,cluster_123308403_3663827018_3663827019_3664674393_#1more_0_D0.1,0,0.0,-1.0,[]
115.0,cluster_123308403_3663827018_3663827019_3664674393_#1more_0_D1.0,0,0.0,-1.0,[]
115.0,cluster_123308403_3663827018_3663827019_3664674393_#1more_0_D1.1,0,0.0,-1.0,[]
115.0,cluster_123308403_3663827018_3663827019_3664674393_#1more_0_D1.2,0,0.0,-1.0,[]
115.0,cluster_123308403_3663827018_3663827019_3664674393_#1more_0_D1.3,0,0.0,-1.0,[]
115.0,cluster_123308403_3663827018_3663827019_3664674393_#1more_0_D2.0,0,0.0,-1.0,[]
115.0,cluster_123308403_3663827018_3663827019_3664674393_#1more_0_D2.1,0,0.0,-1.0,[]
115.0,cluster_123308403_3663827018_3663827019_3664674393_#1more_0_D2.2,0,0.0,-1.0,[]
115.0,cluster_3664723686_3698084157_3698084158_3698084159_#1more_0_D0.0,0,0.0,-1.0,[]
115.0,cluster_3664723686_3698084157_3698084158_3698084159_#1more_0_D0.1,0,0.0,-1.0,[]
115.0,cluster_3664723686_3698084157_3698084158_3698084159_#1more_0_D0.2,0,0.0,-1.0,[]
115.0,cluster_3664723686_3698084157_3698084158_3698084159_#1more_0_D1.0,0,0.0,-1.0,[]
115.0,cluster_3664723686_3698084157_3698084158_3698084159_#1more_0_D1.1,0,0.0,-1.0,[]
115.0,cluster_3664723686_3698084157_3698084158_3698084159_#1more_0_D1.2,0,0.0,-1.0,[]
115.0,joinedS_3663662947_3663662948_3698084160_3698084161_#1more_0_D0.0,0,0.0,-1.0,[]
115.0,joinedS_3663662947_3663662948_3698084160_3698084161_#1more_0_D0.1,0,0.0,-1.0,[]
115.0,joinedS_3663662947_3663662948_3698084160_3698084161_#1more_0_D0.2,0,0.0,-1.0,[]
115.0,joinedS_3663662947_3663662948_3698084160_3698084161_#1more_0_D0.3,0,0.0,-1.0,[]
115.0,joinedS_3663662947_3663662948_3698084160_3698084161_#1more_0_D1.0,0,0.0,-1.0,[]
115.0,joinedS_3663662947_3663662948_3698084160_3698084161_#1more_0_D1.1,0,0.0,-1.0,[]
115.0,joinedS_3663662947_3663662948_3698084160_3698084161_#1more_0_D1.2,0,0.0,-1.0,[]
115.0,joinedS_3663662947_3663662948_3698084160_3698084161_#1more_0_D1.3,0,0.0,-1.0,[]
115.0,joinedS_3663662947_3663662948_3698084160_3698084161_#1more_0_D2.0,0,0.0,-1.0,[]
115.0,joinedS_3663662947_3663662948_3698084160_3698084161_#1more_0_D2.1,0,0.0,-1.0,[]
115.0,joinedS_3663662947_3663662948_3698084160_3698084161_#1more_0_D2.2,0,0.0,-1.0,[]
115.0,joinedS_3663662947_3663662948_3698084160_3698084161_#1more_0_D2.3,0,0.0,-1.0,[]
115.0,joinedS_3663662947_3663662948_3698084160_3698084161_#1more_0_D3.0,1,100.0,-1.0,['veh69']
115.0,joinedS_3663662947_3663662948_3698084160_3698084161_#1more_0_D3.1,0,0.0,-1.0,[]
115.0,joinedS_3663662947_3663662948_3698084160_3698084161_#1more_0_D3.2,0,0.0,-1.0,[]
115.0,joinedS_3663662947_3663662948_3698084160_3698084161_#1more_0_D3.3,0,0.0,-1.0,[]
115.0,joinedS_3663662947_3663662948_3698084160_3698084161_#1more_0_D3.4,0,0.0,-1.0,[]
120.0,cluster_122855839_3663662942_3663662943_3663662944_#1more_0_D0.0,0,0.0,-1.0,[]
120.0,cluster_122855839_3663662942_3663662943_3663662944_#1more_0_D0.1,0,0.0,-1.0,[]
120.0,cluster_122855839_3663662942_3663662943_3663662944_#1more_0_D0.2,0,0.0,-1.0,[]
120.0,cluster_122855839_3663662942_3663662943_3663662944_#1more_0_D0.3,0,0.0,-1.0,[]
120.0,cluster_122855839_3663662942_3663662943_3663662944_#1more_0_D0.4,0,0.0,-1.0,[]
120.0,cluster_122855839_3663662942_3663662943_3663662944_#1more_0_D1.0,0,0.0,-1.0,[]
120.0,cluster_122855839_3663662942_3663662943_3663662944_#1more_0_D1.1,1,58.13240264546096,6.378673874214292,['bus1']
120.0,cluster_122855839_3663662942_3663662943_3663662944_#1more_0_D1.2,0,0.0,-1.0,[]
120.0,cluster_122855839_3663662942_3663662943_3663662944_#1more_0_D2.0,0,0.0,-1.0,[]
120.0,cluster_122855839_3663662942_3663662943_3663662944_#1more_0_D2.1,0,0.0,-1.0,[]
120.0,cluster_123241924_382443557_5344542568_5546892974_#3more_0_D0.0,1,19.786992424828043,15.644126440482326,['veh17']
120.0,cluster_123241924_382443557_5344542568_5546892974_#3more_0_D0.1,0,0.0,-1.0,[]
120.0,cluster_123241924_382443557_5344542568_5546892974_#3more_0_D0.2,0,0.0,-1.0,[]
120.0,cluster_123241924_382443557_5344542568_5546892974_#3more_0_D0.3,0,0.0,-1.0,[]
120.0,cluster_123241924_382443557_5344542568_5546892974_#3more_0_D0.4,0,0.0,-1.0,[]
120.0,cluster_123241924_382443557_5344542568_5546892974_#3more_0_D1.0,0,0.0,-1.0,[]
120.0,cluster_123241924_382443557_5344542568_5546892974_#3more_0_D2.0,0,0.0,-1.0,[]
120.0,cluster_123241924_382443557_5344542568_5546892974_#3more_0_D2.1,0,0.0,-1.0,[]
120.0,cluster_123241924_382443557_5344542568_5546892974_#3more_0_D2.2,0,0.0,-1.0,[]
120.0,cluster_123241924_382443557_5344542568_5546892974_#3more_0_D2.3,0,0.0,-1.0,[]
120.0,cluster_123241924_382443557_5344542568_5546892974_#3more_0_D2.4,0,0.0,-1.0,[]
120.0,cluster_123241924_382443557_5344542568_5546892974_#3more_0_D2.5,0,0.0,-1.0,[]
120.0,cluster_123241924_382443557_5344542568_5546892974_#3more_0_D3.0,0,0.0,-1.0,[]
120.0,cluster_123241924_382443557_5344542568_5546892974_#3more_0_D3.1,0,0.0,-1.0,[]
120.0,cluster_123241924_382443557_5344542568_5546892974_#3more_0_D3.2,0,0.0,-1.0,[]
120.0,cluster_123241924_382443557_5344542568_5546892974_#3more_0_D3.3,0,0.0,-1.0,[]
120.0,cluster_123241924_382443557_5344542568_5546892974_#3more_0_D3.4,0,0.0,-1.0,[]
120.0,cluster_123281084_3663662939_3664674395_3664674397_#1more_0_D0.0,0,0.0,-1.0,[]
120.0,cluster_123281084_3663662939_3664674395_3664674397_#1more_0_D0.1,0,0.0,-1.0,[]
120.0,cluster_123281084_3663662939_3664674395_3664674397_#1more_0_D0.2,0,0.0,-1.0,[]
120.0,cluster_123281084_3663662939_3664674395_3664674397_#1more_0_D0.3,0,0.0,-1.0,[]
120.0,cluster_123281084_3663662939_3664674395_3664674397_#1more_0_D0.4,0,0.0,-1.0,[]
120.0,cluster_123281084_3663662939_3664674395_3664674397_#1more_0_D1.0,1,100.0,-1.0,['bus5']
120.0,cluster_123281084_3663662939_3664674395_3664674397_#1more_0_D1.1,0,0.0,-1.0,[]
120.0,cluster_123281084_3663662939_3664674395_3664674397_#1more_0_D2.0,0,0.0,-1.0,[]
120.0,cluster_123281084_3663662939_3664674395_3664674397_#1more_0_D2.1,0,0.0,-1.0,[]
120.0,cluster_123281085_12840608127_12840608130_12840608135_#1more_0_D0.0,0,0.0,-1.0,[]
120.0,cluster_123281085_12840608127_12840608130_12840608135_#1more_0_D1.0,0,0.0,-1.0,[]
120.0,cluster_123292026_3663224279_3663224280_3663662945_#1more_0_D0.0,1,0.5217246219260119,15.453319516049051,['veh47']
120.0,cluster_123292026_3663224279_3663224280_3663662945_#1more_0_D0.1,0,0.0,-1.0,[]
120.0,cluster_123292026_3663224279_3663224280_3663662945_#1more_0_D1.0,0,0.0,-1.0,[]
120.0,cluster_123292026_3663224279_3663224280_3663662945_#1more_0_D1.1,0,0.0,-1.0,[]
120.0,cluster_123292026_3663224279_3663224280_3663662945_#1more_0_D1.2,0,0.0,-1.0,[]
120.0,cluster_123292026_3663224279_3663224280_3663662945_#1more_0_D1.3,0,0.0,-1.0,[]
120.0,cluster_123292026_3663224279_3663224280_3663662945_#1more_0_D2.0,0,0.0,-1.0,[]
120.0,cluster_123292026_3663224279_3663224280_3663662945_#1more_0_D2.1,0,0.0,-1.0,[]
120.0,cluster_123292029_3663224277_3663224278_5344542569_#1more_0_D0.0,1,100.0,-1.0,['truck1']
120.0,cluster_123292029_3663224277_3663224278_5344542569_#1more_0_D0.1,0,0.0,-1.0,[]
120.0,cluster_123292029_3663224277_3663224278_5344542569_#1more_0_D0.2,0,0.0,-1.0,[]
120.0,cluster_123292029_3663224277_3663224278_5344542569_#1more_0_D1.0,0,0.0,-1.0,[]
120.0,cluster_123292029_3663224277_3663224278_5344542569_#1more_0_D1.1,1,42.80585843849565,11.68064415104326,['veh36']
120.0,cluster_123292029_3663224277_3663224278_5344542569_#1more_0_D2.0,1,100.0,-1.0,['veh14']
120.0,cluster_123292029_3663224277_3663224278_5344542569_#1more_0_D2.1,0,0.0,-1.0,[]
120.0,cluster_123292029_3663224277_3663224278_5344542569_#1more_0_D2.2,0,0.0,-1.0,[]
120.0,cluster_123292029_3663224277_3663224278_5344542569_#1more_0_D3.0,0,0.0,-1.0,[]
120.0,cluster_123292029_3663224277_3663224278_5344542569_#1more_0_D3.1,0,0.0,-1.0,[]
120.0,cluster_123292031_3663224275_3663224276_3663662936_#1more_0_D0.0,0,0.0,-1.0,[]
120.0,cluster_123292031_3663224275_3663224276_3663662936_#1more_0_D0.1,0,0.0,-1.0,[]
120.0,cluster_123292031_3663224275_3663224276_3663662936_#1more_0_D1.0,0,0.0,-1.0,[]
120.0,cluster_123292031_3663224275_3663224276_3663662936_#1more_0_D2.0,0,0.0,-1.0,[]
120.0,cluster_123292031_3663224275_3663224276_3663662936_#1more_0_D2.1,0,0.0,-1.0,[]
120.0,cluster_123308403_3663827018_3663827019_3664674393_#1more_0_D0.0,0,0.0,-1.0,[]
120.0,cluster_123308403_3663827018_3663827019_3664674393_#1more_0_D0.1,0,0.0,-1.0,[]
120.0,cluster_123308403_3663827018_3663827019_3664674393_#1more_0_D1.0,0,0.0,-1.0,[]
120.0,cluster_123308403_3663827018_3663827019_3664674393_#1more_0_D1.1,0,0.0,-1.0,[]
120.0,cluster_123308403_3663827018_3663827019_3664674393_#1more_0_D1.2,0,0.0,-1.0,[]
120.0,cluster_123308403_3663827018_3663827019_3664674393_#1more_0_D1.3,0,0.0,-1.0,[]
120.0,cluster_123308403_3663827018_3663827019_3664674393_#1more_0_D2.0,0,0.0,-1.0,[]
120.0,cluster_123308403_3663827018_3663827019_3664674393_#1more_0_D2.1,0,0.0,-1.0,[]
120.0,cluster_123308403_3663827018_3663827019_3664674393_#1more_0_D2.2,0,0.0,-1.0,[]
120.0,cluster_3664723686_3698084157_3698084158_3698084159_#1more_0_D0.0,0,0.0,-1.0,[]
120.0,cluster_3664723686_3698084157_3698084158_3698084159_#1more_0_D0.1,0,0.0,-1.0,[]
120.0,cluster_3664723686_3698084157_3698084158_3698084159_#1more_0_D0.2,0,0.0,-1.0,[]
120.0,cluster_3664723686_3698084157_3698084158_3698084159_#1more_0_D1.0,0,0.0,-1.0,[]
120.0,cluster_3664723686_3698084157_3698084158_3698084159_#1more_0_D1.1,0,0.0,-1.0,[]
120.0,cluster_3664723686_3698084157_3698084158_3698084159_#1more_0_D1.2,0,0.0,-1.0,[]
120.0,joinedS_3663662947_3663662948_3698084160_3698084161_#1more_0_D0.0,0,0.0,-1.0,[]
120.0,joinedS_3663662947_3663662948_3698084160_3698084161_#1more_0_D0.1,0,0.0,-1.0,[]
120.0,joinedS_3663662947_3663662948_3698084160_3698084161_#1more_0_D0.2,0,0.0,-1.0,[]
120.0,joinedS_3663662947_3663662948_3698084160_3698084161_#1more_0_D0.3,0,0.0,-1.0,[]
120.0,joinedS_3663662947_3663662948_3698084160_3698084161_#1more_0_D1.0,0,0.0,-1.0,[]
120.0,joinedS_3663662947_3663662948_3698084160_3698084161_#1more_0_D1.1,0,0.0,-1.0,[]
120.0,joinedS_3663662947_3663662948_3698084160_3698084161_#1more_0_D1.2,0,0.0,-1.0,[]
120.0,joinedS_3663662947_3663662948_3698084160_3698084161_#1more_0_D1.3,0,0.0,-1.0,[]
120.0,joinedS_3663662947_3663662948_3698084160_3698084161_#1more_0_D2.0,0,0.0,-1.0,[]
120.0,joinedS_3663662947_3663662948_3698084160_3698084161_#1more_0_D2.1,0,0.0,-1.0,[]
120.0,joinedS_3663662947_3663662948_3698084160_3698084161_#1more_0_D2.2,0,0.0,-1.0,[]
120.0,joinedS_3663662947_3663662948_3698084160_3698084161_#1more_0_D2.3,0,0.0,-1.0,[]
120.0,joinedS_3663662947_3663662948_3698084160_3698084161_#1more_0_D3.0,1,100.0,-1.0,['veh69']
120.0,joinedS_3663662947_3663662948_3698084160_3698084161_#1more_0_D3.1,0,0.0,-1.0,[]
120.0,joinedS_3663662947_3663662948_3698084160_3698084161_#1more_0_D3.2,0,0.0,-1.0,[]
120.0,joinedS_3663662947_3663662948_3698084160_3698084161_#1more_0_D3.3,0,0.0,-1.0,[]
120.0,joinedS_3663662947_3663662948_3698084160_3698084161_#1more_0_D3.4,0,0.0,-1.0,[]
125.0,cluster_122855839_3663662942_3663662943_3663662944_#1more_0_D0.0,0,0.0,-1.0,[]
125.0,cluster_122855839_3663662942_3663662943_3663662944_#1more_0_D0.1,0,0.0,-1.0,[]
125.0,cluster_122855839_3663662942_3663662943_3663662944_#1more_0_D0.2,0,0.0,-1.0,[]
125.0,cluster_122855839_3663662942_3663662943_3663662944_#1more_0_D0.3,0,0.0,-1.0,[]
125.0,cluster_122855839_3663662942_3663662943_3663662944_#1more_0_D0.4,0,0.0,-1.0,[]
125.0,cluster_122855839_3663662942_3663662943_3663662944_#1more_0_D1.0,1,51.92931015379685,9.628473756327036,['veh29']
125.0,cluster_122855839_3663662942_3663662943_3663662944_#1more_0_D1.1,0,0.0,-1.0,[]
125.0,cluster_122855839_3663662942_3663662943_3663662944_#1more_0_D1.2,0,0.0,-1.0,[]
125.0,cluster_122855839_3663662942_3663662943_3663662944_#1more_0_D2.0,0,0.0,-1.0,[]
125.0,cluster_122855839_3663662942_3663662943_3663662944_#1more_0_D2.1,0,0.0,-1.0,[]
125.0,cluster_123241924_382443557_5344542568_5546892974_#3more_0_D0.0,1,0.0,-1.0,['veh1']
125.0,cluster_123241924_382443557_5344542568_5546892974_#3more_0_D0.1,0,0.0,-1.0,[]
125.0,cluster_123241924_382443557_5344542568_5546892974_#3more_0_D0.2,0,0.0,-1.0,[]
125.0,cluster_123241924_382443557_5344542568_5546892974_#3more_0_D0.3,0,0.0,-1.0,[]
125.0,cluster_123241924_382443557_5344542568_5546892974_#3more_0_D0.4,0,0.0,-1.0,[]
125.0,cluster_123241924_382443557_5344542568_5546892974_#3more_0_D1.0,0,0.0,-1.0,[]
125.0,cluster_123241924_382443557_5344542568_5546892974_#3more_0_D2.0,0,0.0,-1.0,[]
125.0,cluster_123241924_382443557_5344542568_5546892974_#3more_0_D2.1,0,0.0,-1.0,[]
125.0,cluster_123241924_382443557_5344542568_5546892974_#3more_0_D2.2,0,0.0,-1.0,[]
125.0,cluster_123241924_382443557_5344542568_5546892974_#3more_0_D2.3,0,0.0,-1.0,[]
125.0,cluster_123241924_382443557_5344542568_5546892974_#3more_0_D2.4,0,0.0,-1.0,[]
125.0,cluster_123241924_382443557_5344542568_5546892974_#3more_0_D2.5,0,0.0,-1.0,[]
125.0,cluster_123241924_382443557_5344542568_5546892974_#3more_0_D3.0,0,0.0,-1.0,[]
125.0,cluster_123241924_382443557_5344542568_5546892974_#3more_0_D3.1,0,0.0,-1.0,[]
125.0,cluster_123241924_382443557_5344542568_5546892974_#3more_0_D3.2,0,0.0,-1.0,[]
125.0,cluster_123241924_382443557_5344542568_5546892974_#3more_0_D3.3,0,0.0,-1.0,[]
125.0,cluster_123241924_382443557_5344542568_5546892974_#3more_0_D3.4,0,0.0,-1.0,[]
125.0,cluster_123281084_3663662939_3664674395_3664674397_#1more_0_D0.0,1,23.879441208227092,12.685996313884205,['veh61']
125.0,cluster_123281084_3663662939_3664674395_3664674397_#1more_0_D0.1,0,0.0,-1.0,[]
125.0,cluster_123281084_3663662939_3664674395_3664674397_#1more_0_D0.2,0,0.0,-1.0,[]
125.0,cluster_123281084_3663662939_3664674395_3664674397_#1more_0_D0.3,0,0.0,-1.0,[]
125.0,cluster_123281084_3663662939_3664674395_3664674397_#1more_0_D0.4,1,36.24821728424621,13.793781803920723,['veh57']
125.0,cluster_123281084_3663662939_3664674395_3664674397_#1more_0_D1.0,1,100.0,-1.0,['bus5']
125.0,cluster_123281084_3663662939_3664674395_3664674397_#1more_0_D1.1,0,0.0,-1.0,[]
125.0,cluster_123281084_3663662939_3664674395_3664674397_#1more_0_D2.0,0,0.0,-1.0,[]
125.0,cluster_123281084_3663662939_3664674395_3664674397_#1more_0_D2.1,0,0.0,-1.0,[]
125.0,cluster_123281085_12840608127_12840608130_12840608135_#1more_0_D0.0,0,0.0,-1.0,[]
125.0,cluster_123281085_12840608127_12840608130_12840608135_#1more_0_D1.0,0,0.0,-1.0,[]
125.0,cluster_123292026_3663224279_3663224280_3663662945_#1more_0_D0.0,0,0.0,-1.0,[]
125.0,cluster_123292026_3663224279_3663224280_3663662945_#1more_0_D0.1,0,0.0,-1.0,[]
125.0,cluster_123292026_3663224279_3663224280_3663662945_#1more_0_D1.0,0,0.0,-1.0,[]
125.0,cluster_123292026_3663224279_3663224280_3663662945_#1more_0_D1.1,0,0.0,-1.0,[]
125.0,cluster_123292026_3663224279_3663224280_3663662945_#1more_0_D1.2,0,0.0,-1.0,[]
125.0,cluster_123292026_3663224279_3663224280_3663662945_#1more_0_D1.3,0,0.0,-1.0,[]
125.0,cluster_123292026_3663224279_3663224280_3663662945_#1more_0_D2.0,0,0.0,-1.0,[]
125.0,cluster_123292026_3663224279_3663224280_3663662945_#1more_0_D2.1,0,0.0,-1.0,[]
125.0,cluster_123292029_3663224277_3663224278_5344542569_#1more_0_D0.0,0,0.0,-1.0,[]
125.0,cluster_123292029_3663224277_3663224278_5344542569_#1more_0_D0.1,0,0.0,-1.0,[]
125.0,cluster_123292029_3663224277_3663224278_5344542569_#1more_0_D0.2,0,0.0,-1.0,[]
125.0,cluster_123292029_3663224277_3663224278_5344542569_#1more_0_D1.0,0,0.0,-1.0,[]
125.0,cluster_123292029_3663224277_3663224278_5344542569_#1more_0_D1.1,0,0.0,-1.0,[]
125.0,cluster_123292029_3663224277_3663224278_5344542569_#1more_0_D2.0,0,0.0,-1.0,[]
125.0,cluster_123292029_3663224277_3663224278_5344542569_#1more_0_D2.1,0,0.0,-1.0,[]
125.0,cluster_123292029_3663224277_3663224278_5344542569_#1more_0_D2.2,0,0.0,-1.0,[]
125.0,cluster_123292029_3663224277_3663224278_5344542569_#1more_0_D3.0,0,0.0,-1.0,[]
125.0,cluster_123292029_3663224277_3663224278_5344542569_#1more_0_D3.1,0,0.0,-1.0,[]
125.0,cluster_123292031_3663224275_3663224276_3663662936_#1more_0_D0.0,0,0.0,-1.0,[]
125.0,cluster_123292031_3663224275_3663224276_3663662936_#1more_0_D0.1,0,0.0,-1.0,[]
125.0,cluster_123292031_3663224275_3663224276_3663662936_#1more_0_D1.0,1,100.0,-1.0,['bus7']
125.0,cluster_123292031_3663224275_3663224276_3663662936_#1more_0_D2.0,0,0.0,-1.0,[]
125.0,cluster_123292031_3663224275_3663224276_3663662936_#1more_0_D2.1,0,0.0,-1.0,[]
125.0,cluster_123308403_3663827018_3663827019_3664674393_#1more_0_D0.0,0,0.0,-1.0,[]
125.0,cluster_123308403_3663827018_3663827019_3664674393_#1more_0_D0.1,0,0.0,-1.0,[]
125.0,cluster_123308403_3663827018_3663827019_3664674393_#1more_0_D1.0,0,0.0,-1.0,[]
125.0,cluster_123308403_3663827018_3663827019_3664674393_#1more_0_D1.1,0,0.0,-1.0,[]
125.0,cluster_123308403_3663827018_3663827019_3664674393_#1more_0_D1.2,0,0.0,-1.0,[]
125.0,cluster_123308403_3663827018_3663827019_3664674393_#1more_0_D1.3,0,0.0,-1.0,[]
125.0,cluster_123308403_3663827018_3663827019_3664674393_#1more_0_D2.0,0,0.0,-1.0,[]
125.0,cluster_123308403_3663827018_3663827019_3664674393_#1more_0_D2.1,0,0.0,-1.0,[]
125.0,cluster_123308403_3663827018_3663827019_3664674393_#1more_0_D2.2,0,0.0,-1.0,[]
125.0,cluster_3664723686_3698084157_3698084158_3698084159_#1more_0_D0.0,0,0.0,-1.0,[]
125.0,cluster_3664723686_3698084157_3698084158_3698084159_#1more_0_D0.1,0,0.0,-1.0,[]
125.0,cluster_3664723686_3698084157_3698084158_3698084159_#1more_0_D0.2,0,0.0,-1.0,[]
125.0,cluster_3664723686_3698084157_3698084158_3698084159_#1more_0_D1.0,0,0.0,-1.0,[]
125.0,cluster_3664723686_3698084157_3698084158_3698084159_#1more_0_D1.1,0,0.0,-1.0,[]
125.0,cluster_3664723686_3698084157_3698084158_3698084159_#1more_0_D1.2,0,0.0,-1.0,[]
125.0,joinedS_3663662947_3663662948_3698084160_3698084161_#1more_0_D0.0,0,0.0,-1.0,[]
125.0,joinedS_3663662947_3663662948_3698084160_3698084161_#1more_0_D0.1,0,0.0,-1.0,[]
125.0,joinedS_3663662947_3663662948_3698084160_3698084161_#1more_0_D0.2,0,0.0,-1.0,[]
125.0,joinedS_3663662947_3663662948_3698084160_3698084161_#1more_0_D0.3,0,0.0,-1.0,[]
125.0,joinedS_3663662947_3663662948_3698084160_3698084161_#1more_0_D1.0,0,0.0,-1.0,[]
125.0,joinedS_3663662947_3663662948_3698084160_3698084161_#1more_0_D1.1,0,0.0,-1.0,[]
125.0,joinedS_3663662947_3663662948_3698084160_3698084161_#1more_0_D1.2,0,0.0,-1.0,[]
125.0,joinedS_3663662947_3663662948_3698084160_3698084161_#1more_0_D1.3,0,0.0,-1.0,[]
125.0,joinedS_3663662947_3663662948_3698084160_3698084161_#1more_0_D2.0,0,0.0,-1.0,[]
125.0,joinedS_3663662947_3663662948_3698084160_3698084161_#1more_0_D2.1,0,0.0,-1.0,[]
125.0,joinedS_3663662947_3663662948_3698084160_3698084161_#1more_0_D2.2,0,0.0,-1.0,[]
125.0,joinedS_3663662947_3663662948_3698084160_3698084161_#1more_0_D2.3,0,0.0,-1.0,[]
125.0,joinedS_3663662947_3663662948_3698084160_3698084161_#1more_0_D3.0,0,0.0,-1.0,[]
125.0,joinedS_3663662947_3663662948_3698084160_3698084161_#1more_0_D3.1,0,0.0,-1.0,[]
125.0,joinedS_3663662947_3663662948_3698084160_3698084161_#1more_0_D3.2,0,0.0,-1.0,[]
125.0,joinedS_3663662947_3663662948_3698084160_3698084161_#1more_0_D3.3,0,0.0,-1.0,[]
125.0,joinedS_3663662947_3663662948_3698084160_3698084161_#1more_0_D3.4,0,0.0,-1.0,[]
130.0,cluster_122855839_3663662942_3663662943_3663662944_#1more_0_D0.0,0,0.0,-1.0,[]
130.0,cluster_122855839_3663662942_3663662943_3663662944_#1more_0_D0.1,0,0.0,-1.0,[]
130.0,cluster_122855839_3663662942_3663662943_3663662944_#1more_0_D0.2,0,0.0,-1.0,[]
130.0,cluster_122855839_3663662942_3663662943_3663662944_#1more_0_D0.3,0,0.0,-1.0,[]
130.0,cluster_122855839_3663662942_3663662943_3663662944_#1more_0_D0.4,0,0.0,-1.0,[]
130.0,cluster_122855839_3663662942_3663662943_3663662944_#1more_0_D1.0,0,0.0,-1.0,[]
130.0,cluster_122855839_3663662942_3663662943_3663662944_#1more_0_D1.1,0,0.0,-1.0,[]
130.0,cluster_122855839_3663662942_3663662943_3663662944_#1more_0_D1.2,1,0.0,-1.0,['veh34']
130.0,cluster_122855839_3663662942_3663662943_3663662944_#1more_0_D2.0,0,0.0,-1.0,[]
130.0,cluster_122855839_3663662942_3663662943_3663662944_#1more_0_D2.1,0,0.0,-1.0,[]
130.0,cluster_123241924_382443557_5344542568_5546892974_#3more_0_D0.0,1,0.0,-1.0,['veh31']
130.0,cluster_123241924_382443557_5344542568_5546892974_#3more_0_D0.1,0,0.0,-1.0,[]
130.0,cluster_123241924_382443557_5344542568_5546892974_#3more_0_D0.2,0,0.0,-1.0,[]
130.0,cluster_123241924_382443557_5344542568_5546892974_#3more_0_D0.3,0,0.0,-1.0,[]
130.0,cluster_123241924_382443557_5344542568_5546892974_#3more_0_D0.4,0,0.0,-1.0,[]
130.0,cluster_123241924_382443557_5344542568_5546892974_#3more_0_D1.0,0,0.0,-1.0,[]
130.0,cluster_123241924_382443557_5344542568_5546892974_#3more_0_D2.0,0,0.0,-1.0,[]
130.0,cluster_123241924_382443557_5344542568_5546892974_#3more_0_D2.1,0,0.0,-1.0,[]
130.0,cluster_123241924_382443557_5344542568_5546892974_#3more_0_D2.2,0,0.0,-1.0,[]
130.0,cluster_123241924_382443557_5344542568_5546892974_#3more_0_D2.3,0,0.0,-1.0,[]
130.0,cluster_123241924_382443557_5344542568_5546892974_#3more_0_D2.4,0,0.0,-1.0,[]
130.0,cluster_123241924_382443557_5344542568_5546892974_#3more_0_D2.5,0,0.0,-1.0,[]
130.0,cluster_123241924_382443557_5344542568_5546892974_#3more_0_D3.0,0,0.0,-1.0,[]
130.0,cluster_123241924_382443557_5344542568_5546892974_#3more_0_D3.1,0,0.0,-1.0,[]
130.0,cluster_123241924_382443557_5344542568_5546892974_#3more_0_D3.2,0,0.0,-1.0,[]
130.0,cluster_123241924_382443557_5344542568_5546892974_#3more_0_D3.3,0,0.0,-1.0,[]
130.0,cluster_123241924_382443557_5344542568_5546892974_#3more_0_D3.4,0,0.0,-1.0,[]
130.0,cluster_123281084_3663662939_3664674395_3664674397_#1more_0_D0.0,0,0.0,-1.0,[]
130.0,cluster_123281084_3663662939_3664674395_3664674397_#1more_0_D0.1,0,0.0,-1.0,[]
130.0,cluster_123281084_3663662939_3664674395_3664674397_#1more_0_D0.2,0,0.0,-1.0,[]
130.0,cluster_123281084_3663662939_3664674395_3664674397_#1more_0_D0.3,0,0.0,-1.0,[]
130.0,cluster_123281084_3663662939_3664674395_3664674397_#1more_0_D0.4,0,0.0,-1.0,[]
130.0,cluster_123281084_3663662939_3664674395_3664674397_#1more_0_D1.0,1,0.0,-1.0,['veh54']
130.0,cluster_123281084_3663662939_3664674395_3664674397_#1more_0_D1.1,0,0.0,-1.0,[]
130.0,cluster_123281084_3663662939_3664674395_3664674397_#1more_0_D2.0,0,0.0,-1.0,[]
130.0,cluster_123281084_3663662939_3664674395_3664674397_#1more_0_D2.1,1,37.03754731100446,13.499814007701364,['veh19']
130.0,cluster_123281085_12840608127_12840608130_12840608135_#1more_0_D0.0,0,0.0,-1.0,[]
130.0,cluster_123281085_12840608127_12840608130_12840608135_#1more_0_D1.0,0,0.0,-1.0,[]
130.0,cluster_123292026_3663224279_3663224280_3663662945_#1more_0_D0.0,0,0.0,-1.0,[]
130.0,cluster_123292026_3663224279_3663224280_3663662945_#1more_0_D0.1,0,0.0,-1.0,[]
130.0,cluster_123292026_3663224279_3663224280_3663662945_#1more_0_D1.0,0,0.0,-1.0,[]
130.0,cluster_123292026_3663224279_3663224280_3663662945_#1more_0_D1.1,0,0.0,-1.0,[]
130.0,cluster_123292026_3663224279_3663224280_3663662945_#1more_0_D1.2,0,0.0,-1.0,[]
130.0,cluster_123292026_3663224279_3663224280_3663662945_#1more_0_D1.3,0,0.0,-1.0,[]
130.0,cluster_123292026_3663224279_3663224280_3663662945_#1more_0_D2.0,0,0.0,-1.0,[]
130.0,cluster_123292026_3663224279_3663224280_3663662945_#1more_0_D2.1,0,0.0,-1.0,[]
130.0,cluster_123292029_3663224277_3663224278_5344542569_#1more_0_D0.0,1,0.0,-1.0,['veh32']
130.0,cluster_123292029_3663224277_3663224278_5344542569_#1more_0_D0.1,0,0.0,-1.0,[]
130.0,cluster_123292029_3663224277_3663224278_5344542569_#1more_0_D0.2,0,0.0,-1.0,[]
130.0,cluster_123292029_3663224277_3663224278_5344542569_#1more_0_D1.0,1,0.0,-1.0,['veh59']
130.0,cluster_123292029_3663224277_3663224278_5344542569_#1more_0_D1.1,1,30.740854804335527,10.987349011239123,['veh62']
130.0,cluster_123292029_3663224277_3663224278_5344542569_#1more_0_D2.0,1,0.0,-1.0,['veh42']
130.0,cluster_123292029_3663224277_3663224278_5344542569_#1more_0_D2.1,0,0.0,-1.0,[]
130.0,cluster_123292029_3663224277_3663224278_5344542569_#1more_0_D2.2,0,0.0,-1.0,[]
130.0,cluster_123292029_3663224277_3663224278_5344542569_#1more_0_D3.0,0,0.0,-1.0,[]
130.0,cluster_123292029_3663224277_3663224278_5344542569_#1more_0_D3.1,0,0.0,-1.0,[]
130.0,cluster_123292031_3663224275_3663224276_3663662936_#1more_0_D0.0,0,0.0,-1.0,[]
130.0,cluster_123292031_3663224275_3663224276_3663662936_#1more_0_D0.1,0,0.0,-1.0,[]
130.0,cluster_123292031_3663224275_3663224276_3663662936_#1more_0_D1.0,0,0.0,-1.0,[]
130.0,cluster_123292031_3663224275_3663224276_3663662936_#1more_0_D2.0,0,0.0,-1.0,[]
130.0,cluster_123292031_3663224275_3663224276_3663662936_#1more_0_D2.1,0,0.0,-1.0,[]
130.0,cluster_123308403_3663827018_3663827019_3664674393_#1more_0_D0.0,0,0.0,-1.0,[]
130.0,cluster_123308403_3663827018_3663827019_3664674393_#1more_0_D0.1,1,0.0,-1.0,['veh72']
130.0,cluster_123308403_3663827018_3663827019_3664674393_#1more_0_D1.0,0,0.0,-1.0,[]
130.0,cluster_123308403_3663827018_3663827019_3664674393_#1more_0_D1.1,0,0.0,-1.0,[]
130.0,cluster_123308403_3663827018_3663827019_3664674393_#1more_0_D1.2,0,0.0,-1.0,[]
130.0,cluster_123308403_3663827018_3663827019_3664674393_#1more_0_D1.3,0,0.0,-1.0,[]
130.0,cluster_123308403_3663827018_3663827019_3664674393_#1more_0_D2.0,0,0.0,-1.0,[]
130.0,cluster_123308403_3663827018_3663827019_3664674393_#1more_0_D2.1,0,0.0,-1.0,[]
130.0,cluster_123308403_3663827018_3663827019_3664674393_#1more_0_D2.2,0,0.0,-1.0,[]
130.0,cluster_3664723686_3698084157_3698084158_3698084159_#1more_0_D0.0,0,0.0,-1.0,[]
130.0,cluster_3664723686_3698084157_3698084158_3698084159_#1more_0_D0.1,0,0.0,-1.0,[]
130.0,cluster_3664723686_3698084157_3698084158_3698084159_#1more_0_D0.2,0,0.0,-1.0,[]
130.0,cluster_3664723686_3698084157_3698084158_3698084159_#1more_0_D1.0,0,0.0,-1.0,[]
130.0,cluster_3664723686_3698084157_3698084158_3698084159_#1more_0_D1.1,0,0.0,-1.0,[]
130.0,cluster_3664723686_3698084157_3698084158_3698084159_#1more_0_D1.2,0,0.0,-1.0,[]
130.0,joinedS_3663662947_3663662948_3698084160_3698084161_#1more_0_D0.0,0,0.0,-1.0,[]
130.0,joinedS_3663662947_3663662948_3698084160_3698084161_#1more_0_D0.1,0,0.0,-1.0,[]
130.0,joinedS_3663662947_3663662948_3698084160_3698084161_#1more_0_D0.2,0,0.0,-1.0,[]
130.0,joinedS_3663662947_3663662948_3698084160_3698084161_#1more_0_D0.3,0,0.0,-1.0,[]
130.0,joinedS_3663662947_3663662948_3698084160_3698084161_#1more_0_D1.0,0,0.0,-1.0,[]
130.0,joinedS_3663662947_3663662948_3698084160_3698084161_#1more_0_D1.1,0,0.0,-1.0,[]
130.0,joinedS_3663662947_3663662948_3698084160_3698084161_#1more_0_D1.2,0,0.0,-1.0,[]
130.0,joinedS_3663662947_3663662948_3698084160_3698084161_#1more_0_D1.3,0,0.0,-1.0,[]
130.0,joinedS_3663662947_3663662948_3698084160_3698084161_#1more_0_D2.0,0,0.0,-1.0,[]
130.0,joinedS_3663662947_3663662948_3698084160_3698084161_#1more_0_D2.1,0,0.0,-1.0,[]
130.0,joinedS_3663662947_3663662948_3698084160_3698084161_#1more_0_D2.2,0,0.0,-1.0,[]
130.0,joinedS_3663662947_3663662948_3698084160_3698084161_#1more_0_D2.3,0,0.0,-1.0,[]
130.0,joinedS_3663662947_3663662948_3698084160_3698084161_#1more_0_D3.0,0,0.0,-1.0,[]
130.0,joinedS_3663662947_3663662948_3698084160_3698084161_#1more_0_D3.1,1,100.0,0.0,['truck4']
130.0,joinedS_3663662947_3663662948_3698084160_3698084161_#1more_0_D3.2,0,0.0,-1.0,[]
130.0,joinedS_3663662947_3663662948_3698084160_3698084161_#1more_0_D3.3,0,0.0,-1.0,[]
130.0,joinedS_3663662947_3663662948_3698084160_3698084161_#1more_0_D3.4,0,0.0,-1.0,[]
135.0,cluster_122855839_3663662942_3663662943_3663662944_#1more_0_D0.0,0,0.0,-1.0,[]
135.0,cluster_122855839_3663662942_3663662943_3663662944_#1more_0_D0.1,0,0.0,-1.0,[]
135.0,cluster_122855839_3663662942_3663662943_3663662944_#1more_0_D0.2,0,0.0,-1.0,[]
135.0,cluster_122855839_3663662942_3663662943_3663662944_#1more_0_D0.3,0,0.0,-1.0,[]
135.0,cluster_122855839_3663662942_3663662943_3663662944_#1more_0_D0.4,1,0.0,-1.0,['veh69']
135.0,cluster_122855839_3663662942_3663662943_3663662944_#1more_0_D1.0,0,0.0,-1.0,[]
135.0,cluster_122855839_3663662942_3663662943_3663662944_#1more_0_D1.1,0,0.0,-1.0,[]
135.0,cluster_122855839_3663662942_3663662943_3663662944_#1more_0_D1.2,0,0.0,-1.0,[]
135.0,cluster_122855839_3663662942_3663662943_3663662944_#1more_0_D2.0,0,0.0,-1.0,[]
135.0,cluster_122855839_3663662942_3663662943_3663662944_#1more_0_D2.1,0,0.0,-1.0,[]
135.0,cluster_123241924_382443557_5344542568_5546892974_#3more_0_D0.0,1,0.0,-1.0,['veh29']
135.0,cluster_123241924_382443557_5344542568_5546892974_#3more_0_D0.1,0,0.0,-1.0,[]
135.0,cluster_123241924_382443557_5344542568_5546892974_#3more_0_D0.2,0,0.0,-1.0,[]
135.0,cluster_123241924_382443557_5344542568_5546892974_#3more_0_D0.3,0,0.0,-1.0,[]
135.0,cluster_123241924_382443557_5344542568_5546892974_#3more_0_D0.4,1,0.0,-1.0,['veh22']
135.0,cluster_123241924_382443557_5344542568_5546892974_#3more_0_D1.0,0,0.0,-1.0,[]
135.0,cluster_123241924_382443557_5344542568_5546892974_#3more_0_D2.0,0,0.0,-1.0,[]
135.0,cluster_123241924_382443557_5344542568_5546892974_#3more_0_D2.1,0,0.0,-1.0,[]
135.0,cluster_123241924_382443557_5344542568_5546892974_#3more_0_D2.2,0,0.0,-1.0,[]
135.0,cluster_123241924_382443557_5344542568_5546892974_#3more_0_D2.3,0,0.0,-1.0,[]
135.0,cluster_123241924_382443557_5344542568_5546892974_#3more_0_D2.4,0,0.0,-1.0,[]
135.0,cluster_123241924_382443557_5344542568_5546892974_#3more_0_D2.5,0,0.0,-1.0,[]
135.0,cluster_123241924_382443557_5344542568_5546892974_#3more_0_D3.0,0,0.0,-1.0,[]
135.0,cluster_123241924_382443557_5344542568_5546892974_#3more_0_D3.1,0,0.0,-1.0,[]
135.0,cluster_123241924_382443557_5344542568_5546892974_#3more_0_D3.2,0,0.0,-1.0,[]
135.0,cluster_123241924_382443557_5344542568_5546892974_#3more_0_D3.3,0,0.0,-1.0,[]
135.0,cluster_123241924_382443557_5344542568_5546892974_#3more_0_D3.4,0,0.0,-1.0,[]
135.0,cluster_123281084_3663662939_3664674395_3664674397_#1more_0_D0.0,1,52.70718214364649,8.483379181077842,['veh75']
135.0,cluster_123281084_3663662939_3664674395_3664674397_#1more_0_D0.1,0,0.0,-1.0,[]
135.0,cluster_123281084_3663662939_3664674395_3664674397_#1more_0_D0.2,0,0.0,-1.0,[]
135.0,cluster_123281084_3663662939_3664674395_3664674397_#1more_0_D0.3,0,0.0,-1.0,[]
135.0,cluster_123281084_3663662939_3664674395_3664674397_#1more_0_D0.4,0,0.0,-1.0,[]
135.0,cluster_123281084_3663662939_3664674395_3664674397_#1more_0_D1.0,1,41.67915560397262,5.651404204315405,['veh63']
135.0,cluster_123281084_3663662939_3664674395_3664674397_#1more_0_D1.1,0,0.0,-1.0,[]
135.0,cluster_123281084_3663662939_3664674395_3664674397_#1more_0_D2.0,0,0.0,-1.0,[]
135.0,cluster_123281084_3663662939_3664674395_3664674397_#1more_0_D2.1,1,0.0,-1.0,['veh51']
135.0,cluster_123281085_12840608127_12840608130_12840608135_#1more_0_D0.0,0,0.0,-1.0,[]
135.0,cluster_123281085_12840608127_12840608130_12840608135_#1more_0_D1.0,0,0.0,-1.0,[]
135.0,cluster_123292026_3663224279_3663224280_3663662945_#1more_0_D0.0,0,0.0,-1.0,[]
135.0,cluster_123292026_3663224279_3663224280_3663662945_#1more_0_D0.1,0,0.0,-1.0,[]
135.0,cluster_123292026_3663224279_3663224280_3663662945_#1more_0_D1.0,0,0.0,-1.0,[]
135.0,cluster_123292026_3663224279_3663224280_3663662945_#1more_0_D1.1,0,0.0,-1.0,[]
135.0,cluster_123292026_3663224279_3663224280_3663662945_#1more_0_D1.2,0,0.0,-1.0,[]
135.0,cluster_123292026_3663224279_3663224280_3663662945_#1more_0_D1.3,0,0.0,-1.0,[]
135.0,cluster_123292026_3663224279_3663224280_3663662945_#1more_0_D2.0,1,0.0,-1.0,['veh79']
135.0,cluster_123292026_3663224279_3663224280_3663662945_#1more_0_D2.1,0,0.0,-1.0,[]
135.0,cluster_123292029_3663224277_3663224278_5344542569_#1more_0_D0.0,1,0.0,-1.0,['veh37']
135.0,cluster_123292029_3663224277_3663224278_5344542569_#1more_0_D0.1,0,0.0,-1.0,[]
135.0,cluster_123292029_3663224277_3663224278_5344542569_#1more_0_D0.2,0,0.0,-1.0,[]
135.0,cluster_123292029_3663224277_3663224278_5344542569_#1more_0_D1.0,0,0.0,-1.0,[]
135.0,cluster_123292029_3663224277_3663224278_5344542569_#1more_0_D1.1,0,0.0,-1.0,[]
135.0,cluster_123292029_3663224277_3663224278_5344542569_#1more_0_D2.0,0,0.0,-1.0,[]
135.0,cluster_123292029_3663224277_3663224278_5344542569_#1more_0_D2.1,0,0.0,-1.0,[]
135.0,cluster_123292029_3663224277_3663224278_5344542569_#1more_0_D2.2,0,0.0,-1.0,[]
135.0,cluster_123292029_3663224277_3663224278_5344542569_#1more_0_D3.0,0,0.0,-1.0,[]
135.0,cluster_123292029_3663224277_3663224278_5344542569_#1more_0_D3.1,0,0.0,-1.0,[]
135.0,cluster_123292031_3663224275_3663224276_3663662936_#1more_0_D0.0,0,0.0,-1.0,[]
135.0,cluster_123292031_3663224275_3663224276_3663662936_#1more_0_D0.1,0,0.0,-1.0,[]
135.0,cluster_123292031_3663224275_3663224276_3663662936_#1more_0_D1.0,0,0.0,-1.0,[]
135.0,cluster_123292031_3663224275_3663224276_3663662936_#1more_0_D2.0,0,0.0,-1.0,[]
135.0,cluster_123292031_3663224275_3663224276_3663662936_#1more_0_D2.1,0,0.0,-1.0,[]
135.0,cluster_123308403_3663827018_3663827019_3664674393_#1more_0_D0.0,0,0.0,-1.0,[]
135.0,cluster_123308403_3663827018_3663827019_3664674393_#1more_0_D0.1,0,0.0,-1.0,[]
135.0,cluster_123308403_3663827018_3663827019_3664674393_#1more_0_D1.0,0,0.0,-1.0,[]
135.0,cluster_123308403_3663827018_3663827019_3664674393_#1more_0_D1.1,0,0.0,-1.0,[]
135.0,cluster_123308403_3663827018_3663827019_3664674393_#1more_0_D1.2,0,0.0,-1.0,[]
135.0,cluster_123308403_3663827018_3663827019_3664674393_#1more_0_D1.3,0,0.0,-1.0,[]
135.0,cluster_123308403_3663827018_3663827019_3664674393_#1more_0_D2.0,0,0.0,-1.0,[]
135.0,cluster_123308403_3663827018_3663827019_3664674393_#1more_0_D2.1,0,0.0,-1.0,[]
135.0,cluster_123308403_3663827018_3663827019_3664674393_#1more_0_D2.2,0,0.0,-1.0,[]
135.0,cluster_3664723686_3698084157_3698084158_3698084159_#1more_0_D0.0,0,0.0,-1.0,[]
135.0,cluster_3664723686_3698084157_3698084158_3698084159_#1more_0_D0.1,0,0.0,-1.0,[]
135.0,cluster_3664723686_3698084157_3698084158_3698084159_#1more_0_D0.2,0,0.0,-1.0,[]
135.0,cluster_3664723686_3698084157_3698084158_3698084159_#1more_0_D1.0,0,0.0,-1.0,[]
135.0,cluster_3664723686_3698084157_3698084158_3698084159_#1more_0_D1.1,0,0.0,-1.0,[]
135.0,cluster_3664723686_3698084157_3698084158_3698084159_#1more_0_D1.2,0,0.0,-1.0,[]
135.0,joinedS_3663662947_3663662948_3698084160_3698084161_#1more_0_D0.0,0,0.0,-1.0,[]
135.0,joinedS_3663662947_3663662948_3698084160_3698084161_#1more_0_D0.1,0,0.0,-1.0,[]
135.0,joinedS_3663662947_3663662948_3698084160_3698084161_#1more_0_D0.2,0,0.0,-1.0,[]
135.0,joinedS_3663662947_3663662948_3698084160_3698084161_#1more_0_D0.3,0,0.0,-1.0,[]
135.0,joinedS_3663662947_3663662948_3698084160_3698084161_#1more_0_D1.0,0,0.0,-1.0,[]
135.0,joinedS_3663662947_3663662948_3698084160_3698084161_#1more_0_D1.1,0,0.0,-1.0,[]
135.0,joinedS_3663662947_3663662948_3698084160_3698084161_#1more_0_D1.2,0,0.0,-1.0,[]
135.0,joinedS_3663662947_3663662948_3698084160_3698084161_#1more_0_D1.3,0,0.0,-1.0,[]
135.0,joinedS_3663662947_3663662948_3698084160_3698084161_#1more_0_D2.0,0,0.0,-1.0,[]
135.0,joinedS_3663662947_3663662948_3698084160_3698084161_#1more_0_D2.1,0,0.0,-1.0,[]
135.0,joinedS_3663662947_3663662948_3698084160_3698084161_#1more_0_D2.2,0,0.0,-1.0,[]
135.0,joinedS_3663662947_3663662948_3698084160_3698084161_#1more_0_D2.3,0,0.0,-1.0,[]
135.0,joinedS_3663662947_3663662948_3698084160_3698084161_#1more_0_D3.0,0,0.0,-1.0,[]
135.0,joinedS_3663662947_3663662948_3698084160_3698084161_#1more_0_D3.1,1,100.0,-1.0,['truck4']
135.0,joinedS_3663662947_3663662948_3698084160_3698084161_#1more_0_D3.2,0,0.0,-1.0,[]
135.0,joinedS_3663662947_3663662948_3698084160_3698084161_#1more_0_D3.3,0,0.0,-1.0,[]
135.0,joinedS_3663662947_3663662948_3698084160_3698084161_#1more_0_D3.4,0,0.0,-1.0,[]
