time,vehicle_id,position,speed,lane_id,waiting_time,acceleration,distance,route_id,type_id,co2_emission,fuel_consumption,noise_emission,hc_emission,pmx_emission,nox_emission
5.0,bus0,"(429.2776020151352, 84.17720711274573)",8.003807879920581,1121666264#0_2,0.0,-4.0,46.26862992513272,!bus0!var#1,bus_bus,0.0,0.0,0.0,0.0,0.0,0.0
5.0,truck0,"(229.56452215308906, 11.719762846307994)",0.014262550529998145,1131137820#0_0,2.0,-0.03205515175557157,9.958019284715476,!truck0!var#1,truck_truck,0.0,0.0,0.0,0.0,0.0,0.0
5.0,veh0,"(66.00751677796171, 384.4682996464278)",15.521468097610402,-399307909#1_1,0.0,-0.29045160736422915,62.768054610997446,!veh0!var#1,veh_passenger,0.0,0.0,0.0,0.0,0.0,0.0
5.0,veh1,"(62.69942526679321, 25.73921987523092)",12.951732305435732,-381243038#9_1,0.0,1.1411989818792776,24.762265628992182,!veh1!var#1,veh_passenger,0.0,0.0,0.0,0.0,0.0,0.0
5.0,veh2,"(394.9821528039142, 43.61742566804667)",14.024178000000001,399294707#1_2,0.0,0.0,0.0,!veh2!var#1,veh_passenger,0.0,0.0,0.0,0.0,0.0,0.0
10.0,bus0,"(432.011039278267, 87.56131965621623)",0.0001935450239533637,1121666264#0_2,3.0,-0.00037523745872788424,50.618987746334795,!bus0!var#1,bus_bus,0.0,0.0,0.0,0.0,0.0,0.0
10.0,truck0,"(229.56381263531463, 11.720307795376407)",0.0,1131137820#0_0,7.0,0.0,9.958914065464334,!truck0!var#1,truck_truck,0.0,0.0,0.0,0.0,0.0,0.0
10.0,veh0,"(132.11324549012073, 341.63284380304736)",15.967310581017287,-185747928#1_1,0.0,0.42864059230778295,142.4225638531372,!veh0!var#1,veh_passenger,0.0,0.0,0.0,0.0,0.0,0.0
10.0,veh1,"(100.98729952562769, 74.15030806832284)",12.613755274585717,-381243038#9_1,0.0,0.2878908938728273,86.48659250658285,!veh1!var#1,veh_passenger,0.0,0.0,0.0,0.0,0.0,0.0
10.0,veh2,"(422.71409055824904, 76.05129848113074)",2.0463644834420647,1121666264#0_2,0.0,-2.77534192286262,42.822579530583255,!veh2!var#1,veh_passenger,0.0,0.0,0.0,0.0,0.0,0.0
10.0,veh3,"(256.6262461087899, 465.072004528152)",9.669887450878546,237022767#2_3,0.0,1.7540506196906787,29.176098311668415,!veh3!var#1,veh_passenger,0.0,0.0,0.0,0.0,0.0,0.0
10.0,veh4,"(253.12759971712927, 470.94503866211375)",3.8189591257367286,237022767#2_1,0.0,2.5000972140114754,5.137821037461981,!veh4!var#1,veh_passenger,0.0,0.0,0.0,0.0,0.0,0.0
10.0,veh5,"(281.52, 496.15)",0.0,237022767#0_3,0.0,0.0,0.0,!veh5!var#1,veh_passenger,0.0,0.0,0.0,0.0,0.0,0.0
15.0,bus0,"(432.6269636799282, 88.32386047674461)",0.9802645095158368,1121666264#0_2,0.0,0.9802645095158368,51.59925225585063,!bus0!var#1,bus_bus,0.0,0.0,0.0,0.0,0.0,0.0
15.0,truck0,"(216.85237535600206, 20.688011682871704)",4.925342844438274,:cluster_123281085_12840608127_12840608130_12840608135_#1more_1_0,0.0,0.9778637043316847,25.516996754378482,!truck0!var#1,truck_truck,0.0,0.0,0.0,0.0,0.0,0.0
15.0,veh0,"(195.9686151723929, 294.1512422865235)",16.588493945040742,:cluster_5546892981_6784922385_7_1,0.0,1.165644166129642,221.9557689654911,!veh0!var#1,veh_passenger,0.0,0.0,0.0,0.0,0.0,0.0
15.0,veh1,"(110.52890056840499, 86.21468350119522)",0.0006975410768939698,-381243038#9_1,2.0,-0.004789012705675232,101.86871839109973,!veh1!var#1,veh_passenger,0.0,0.0,0.0,0.0,0.0,0.0
15.0,veh2,"(424.60446990125047, 83.48439594151519)",4.15292009928882,1121666264#0_3,0.0,1.6283895604545258,49.79410135465652,!veh2!var#1,veh_passenger,0.0,0.0,0.0,0.0,0.0,0.0
15.0,veh3,"(216.5611228829124, 414.8623888053371)",13.016552830884791,237022767#3_3,0.0,-0.30604893059935456,93.40299080271424,!veh3!var#1,veh_passenger,0.0,0.0,0.0,0.0,0.0,0.0
15.0,veh4,"(221.61770373701867, 431.44814562477404)",13.7434932328232,237022767#3_1,0.0,1.0413297000278146,55.660662873362405,!veh4!var#1,veh_passenger,0.0,0.0,0.0,0.0,0.0,0.0
15.0,veh5,"(281.52, 496.15)",0.0,237022767#0_3,5.0,0.0,0.0,!veh5!var#1,veh_passenger,0.0,0.0,0.0,0.0,0.0,0.0
15.0,veh6,"(83.35085009119956, 51.85082747529665)",14.824135610155905,-381243038#9_1,0.0,0.9218884436646473,58.05466749315487,!veh6!var#1,veh_passenger,0.0,0.0,0.0,0.0,0.0,0.0
15.0,veh7,"(228.2370567123537, 429.47659622865314)",1.9061880165012552,237022767#3_3,0.0,1.9061880165012552,1.9061880165012557,!veh7!var#1,veh_passenger,0.0,0.0,0.0,0.0,0.0,0.0
15.0,veh8,"(56.1036019407883, 17.456768867664806)",14.155922295307233,:2611809754_7_1,0.0,-0.3882967046927668,14.155922295307233,!veh8!var#1,veh_passenger,0.0,0.0,0.0,0.0,0.0,0.0
20.0,bus0,"(439.79849502139774, 105.97357004093763)",5.684594989847392,:cluster_123308403_3663827018_3663827019_3664674393_#1more_5_0,0.0,0.7920598180498928,71.24472560205793,!bus0!var#1,bus_bus,0.0,0.0,0.0,0.0,0.0,0.0
20.0,bus1,"(211.3909310111736, 24.518205786393736)",13.58651764277369,:cluster_123281085_12840608127_12840608130_12840608135_#1more_1_0,0.0,-0.11494079371914268,27.28797607926652,!bus1!var#1,bus_bus,0.0,0.0,0.0,0.0,0.0,0.0
20.0,truck0,"(185.06367281389515, 45.06775974854665)",10.473977305588779,1235901878#1_0,0.0,1.2627857876941562,65.59683196043915,!truck0!var#1,truck_truck,0.0,0.0,0.0,0.0,0.0,0.0
20.0,veh0,"(252.10863183644312, 264.92986841299285)",9.951112983976305,:cluster_123292029_3663224277_3663224278_5344542569_#1more_26_0,0.0,-0.7872493362752735,290.05206202441866,!veh0!var#1,veh_passenger,0.0,0.0,0.0,0.0,0.0,0.0
20.0,veh1,"(110.52906757547277, 86.21489466449543)",0.0,-381243038#9_1,7.0,0.0,101.86898762513377,!veh1!var#1,veh_passenger,0.0,0.0,0.0,0.0,0.0,0.0
20.0,veh10,"(222.7474664379225, 29.862438253949385)",0.8081582396715141,399294709#4_0,0.0,-0.36041227376203033,1.9767287531050588,!veh10!var#1,veh_passenger,0.0,0.0,0.0,0.0,0.0,0.0
20.0,veh11,"(262.84, 497.39)",0.0,1121247208_2,1.0,0.0,0.0,!veh11!var#1,veh_passenger,0.0,0.0,0.0,0.0,0.0,0.0
20.0,veh2,"(434.49290825056505, 109.83188455267327)",4.466961523965001,:cluster_123308403_3663827018_3663827019_3664674393_#1more_12_1,0.0,0.5305046320879114,80.5666773559116,!veh2!var#1,veh_passenger,0.0,0.0,0.0,0.0,0.0,0.0
20.0,veh3,"(177.58298493859934, 363.5136182791661)",12.570530911606363,:6697063048_1_4,0.0,-0.29214945752173627,158.05698666572067,!veh3!var#1,veh_passenger,0.0,0.0,0.0,0.0,0.0,0.0
20.0,veh4,"(176.41785139834585, 377.43526402575213)",14.29371575537905,399311986#0_1,0.0,0.38252199019771105,126.27573401148845,!veh4!var#1,veh_passenger,0.0,0.0,0.0,0.0,0.0,0.0
20.0,veh5,"(283.23651287075796, 482.70724689169685)",5.7240744668641135,:3663662947_0_2,0.0,2.16430457844399,16.477086344404146,!veh5!var#1,veh_passenger,0.0,0.0,0.0,0.0,0.0,0.0
20.0,veh6,"(105.8121377611991, 80.25082092940846)",0.16086936366636484,-381243038#9_1,0.0,-3.4259960128780693,94.26477027562392,!veh6!var#1,veh_passenger,0.0,0.0,0.0,0.0,0.0,0.0
20.0,veh7,"(204.30011232009866, 399.5158688436868)",11.794263751059772,237022767#3_3,0.0,1.9672022797400128,40.25718456988689,!veh7!var#1,veh_passenger,0.0,0.0,0.0,0.0,0.0,0.0
20.0,veh8,"(96.64095059255723, 68.65479583135723)",10.197470395086896,-381243038#9_1,0.0,-3.678756644142169,79.47979290064737,!veh8!var#1,veh_passenger,0.0,0.0,0.0,0.0,0.0,0.0
20.0,veh9,"(296.28123696847945, 472.34366462917825)",7.843133295094596,167413476#1_2,0.0,2.1809747300809255,19.657317230408083,!veh9!var#1,veh_passenger,0.0,0.0,0.0,0.0,0.0,0.0
25.0,bus0,"(412.6646109018396, 131.65618763956206)",9.531993638883726,-381188583#0_0,0.0,0.842832208704202,109.4506772199089,!bus0!var#1,bus_bus,0.0,0.0,0.0,0.0,0.0,0.0
25.0,bus1,"(157.38804913059596, 67.014124024515)",13.71275824933313,777294311#1_0,0.0,-0.06791330594569445,96.01958839438856,!bus1!var#1,bus_bus,0.0,0.0,0.0,0.0,0.0,0.0
25.0,truck0,"(137.16839214256186, 82.80862248930582)",9.850206938203204,777294311#1_0,0.0,-3.504212047497276,126.57088849989788,!truck0!var#1,truck_truck,0.0,0.0,0.0,0.0,0.0,0.0
25.0,veh0,"(295.1500485748857, 311.55554753814147)",13.568225809705073,-381243038#1_0,0.0,-0.9798426770139486,353.4262243848602,!veh0!var#1,veh_passenger,0.0,0.0,0.0,0.0,0.0,0.0
25.0,veh1,"(113.03906757547276, 84.23477178058002)",0.0,-381243038#9_0,12.0,0.0,101.86898762513377,!veh1!var#1,veh_passenger,0.0,0.0,0.0,0.0,0.0,0.0
25.0,veh10,"(222.65273645572222, 29.743285698213104)",0.0002733981765839709,399294709#4_0,4.0,-0.0009767908140049274,2.1289997987121385,!veh10!var#1,veh_passenger,0.0,0.0,0.0,0.0,0.0,0.0
25.0,veh11,"(260.75, 494.96)",0.0,1121247208_1,6.0,0.0,0.0,!veh11!var#1,veh_passenger,0.0,0.0,0.0,0.0,0.0,0.0
25.0,veh12,"(243.2453292408787, 458.5504551846044)",13.465184422307685,237022767#2_1,0.0,0.3234395943349231,53.26968116776101,!veh12!var#1,veh_passenger,0.0,0.0,0.0,0.0,0.0,0.0
25.0,veh13,"(257.6651426189942, 471.5105744215188)",1.8694582490250469,237022767#2_2,0.0,1.8694582490250469,1.8694582490250466,!veh13!var#1,veh_passenger,0.0,0.0,0.0,0.0,0.0,0.0
25.0,veh14,"(258.67, 492.54)",0.0,1121247208_0,1.0,0.0,0.0,!veh14!var#1,veh_passenger,0.0,0.0,0.0,0.0,0.0,0.0
25.0,veh2,"(390.3056388806258, 145.37741047800702)",15.335850396105087,-399296456#1_1,0.0,2.2477417365880683,137.31394944002946,!veh2!var#1,veh_passenger,0.0,0.0,0.0,0.0,0.0,0.0
25.0,veh3,"(162.29647305351276, 344.3790933787542)",0.05180685555812044,399311986#1_4,1.0,-0.2633073286571501,182.54472694353316,!veh3!var#1,veh_passenger,0.0,0.0,0.0,0.0,0.0,0.0
25.0,veh4,"(154.7814904471266, 350.3503418970681)",0.011325722616277133,399311986#1_1,1.0,-2.5478066587422363,160.9387203468513,!veh4!var#1,veh_passenger,0.0,0.0,0.0,0.0,0.0,0.0
25.0,veh5,"(324.0479440019629, 450.2810582707256)",12.64558568936739,167413476#1_2,0.0,0.01746234074234998,68.59949736393315,!veh5!var#1,veh_passenger,0.0,0.0,0.0,0.0,0.0,0.0
25.0,veh6,"(109.56152692304681, 84.99153879108374)",3.887048785716135,-381243038#9_1,0.0,1.8327088775811724,100.3092040995724,!veh6!var#1,veh_passenger,0.0,0.0,0.0,0.0,0.0,0.0
25.0,veh7,"(169.04795330690914, 352.82890878889515)",6.0089448875498155,399311986#1_4,0.0,-3.5811806886794164,98.94279045270882,!veh7!var#1,veh_passenger,0.0,0.0,0.0,0.0,0.0,0.0
25.0,veh8,"(102.4072417392405, 75.94567929388631)",1.913174271375979,-381243038#9_1,0.0,1.9062244299348585,88.77569784441975,!veh8!var#1,veh_passenger,0.0,0.0,0.0,0.0,0.0,0.0
25.0,veh9,"(347.45887686817554, 431.6794215808378)",13.161998623522464,167413476#1_2,0.0,-2.7744021406336685,85.01871146211074,!veh9!var#1,veh_passenger,0.0,0.0,0.0,0.0,0.0,0.0
30.0,bus0,"(368.8779314530844, 166.56752613634998)",8.898664295277918,-399296456#1_0,0.0,-3.6340865443926287,165.38905655430185,!bus0!var#1,bus_bus,0.0,0.0,0.0,0.0,0.0,0.0
30.0,bus1,"(137.81900712986524, 82.300397378256)",0.13778215736516078,777294311#1_0,0.0,-0.8440601825247955,120.84549762890848,!bus1!var#1,bus_bus,0.0,0.0,0.0,0.0,0.0,0.0
30.0,truck0,"(130.2490753028136, 88.21361720645066)",0.001064265036920977,777294311#1_0,2.0,-0.00479722882357593,135.34895396789886,!truck0!var#1,truck_truck,0.0,0.0,0.0,0.0,0.0,0.0
30.0,veh0,"(339.0290525426321, 365.346221292731)",13.651177865296232,-381243038#1_0,0.0,-0.6240804353263218,422.8413700059672,!veh0!var#1,veh_passenger,0.0,0.0,0.0,0.0,0.0,0.0
30.0,veh1,"(119.26058083214978, 91.94771516795294)",4.943049700697885,:cluster_123292031_3663224275_3663224276_3663662936_#1more_7_0,0.0,1.7870315148727975,111.78287154212089,!veh1!var#1,veh_passenger,0.0,0.0,0.0,0.0,0.0,0.0
30.0,veh10,"(222.65273645572222, 29.743285698213104)",0.0,399294709#4_0,9.0,0.0,2.1289997987121385,!veh10!var#1,veh_passenger,0.0,0.0,0.0,0.0,0.0,0.0
30.0,veh11,"(260.75, 494.96)",0.0,1121247208_1,11.0,0.0,0.0,!veh11!var#1,veh_passenger,0.0,0.0,0.0,0.0,0.0,0.0
30.0,veh12,"(202.13039711486368, 407.0516655395174)",13.425209331610278,237022767#3_1,0.0,0.6444839257281281,119.16259399598496,!veh12!var#1,veh_passenger,0.0,0.0,0.0,0.0,0.0,0.0
30.0,veh13,"(235.048581334116, 443.1442957006404)",10.97870519279968,:6804772505_0_2,0.0,2.040090038557537,38.14647120693699,!veh13!var#1,veh_passenger,0.0,0.0,0.0,0.0,0.0,0.0
30.0,veh14,"(258.67, 492.54)",0.0,1121247208_0,6.0,0.0,0.0,!veh14!var#1,veh_passenger,0.0,0.0,0.0,0.0,0.0,0.0
30.0,veh15,"(143.20233357583766, 121.86456306367441)",6.989802188286557,-381243038#6_0,0.0,1.8053049567621198,18.026991194277073,!veh15!var#1,veh_passenger,0.0,0.0,0.0,0.0,0.0,0.0
30.0,veh16,"(24.962427208475873, 356.46936868382403)",0.24376545144560136,399311981#0_0,0.0,-0.35489900195905577,1.9680854746687118,!veh16!var#1,veh_passenger,0.0,0.0,0.0,0.0,0.0,0.0
30.0,veh17,"(130.4848097446867, 111.00403839073724)",1.6115731636062265,-381243038#6_1,0.0,1.6115731636062265,1.6115731636062263,!veh17!var#1,veh_passenger,0.0,0.0,0.0,0.0,0.0,0.0
30.0,veh18,"(417.6544559585492, 69.78725388601036)",0.0,1121666264#0_2,0.0,0.0,0.0,!veh18!var#1,veh_passenger,0.0,0.0,0.0,0.0,0.0,0.0
30.0,veh2,"(362.3578499794695, 167.6718603379543)",0.6314673477285603,-399296456#1_1,0.0,-2.449313043659158,173.06044706982794,!veh2!var#1,veh_passenger,0.0,0.0,0.0,0.0,0.0,0.0
30.0,veh3,"(162.27507864368044, 344.3523172041811)",0.0,399311986#1_4,6.0,-0.00021569485931024042,182.57898831906624,!veh3!var#1,veh_passenger,0.0,0.0,0.0,0.0,0.0,0.0
30.0,veh4,"(154.77511773865595, 350.3423661334994)",0.0,399311986#1_1,6.0,0.0,160.94892571170067,!veh4!var#1,veh_passenger,0.0,0.0,0.0,0.0,0.0,0.0
30.0,veh5,"(354.2825361262245, 422.1663479159132)",4.993411349048305,167413476#1_1,0.0,1.1627100454715404,109.75505424224453,!veh5!var#1,veh_passenger,0.0,0.0,0.0,0.0,0.0,0.0
30.0,veh6,"(122.53509469124636, 101.081169225651)",7.412446281919245,:cluster_123292031_3663224275_3663224276_3663662936_#1more_7_1,0.0,1.5888616834981564,120.97650613495709,!veh6!var#1,veh_passenger,0.0,0.0,0.0,0.0,0.0,0.0
30.0,veh7,"(166.9591690347353, 350.21469074055005)",0.0010359314424331846,399311986#1_4,3.0,-0.005247831354083181,102.28780547847522,!veh7!var#1,veh_passenger,0.0,0.0,0.0,0.0,0.0,0.0
30.0,veh8,"(110.290879127868, 85.91372981356592)",1.884511482645773,-381243038#9_1,0.0,-2.2726134698497695,101.48500126174798,!veh8!var#1,veh_passenger,0.0,0.0,0.0,0.0,0.0,0.0
30.0,veh9,"(358.3644178155781, 423.014200430977)",0.02888074740337779,167413476#1_2,1.0,-0.07145915730515645,98.94669568667027,!veh9!var#1,veh_passenger,0.0,0.0,0.0,0.0,0.0,0.0
35.0,bus0,"(323.96097789575714, 202.34131496813768)",13.558341728872977,381188582#1_0,0.0,1.0816454461310059,222.8058568582238,!bus0!var#1,bus_bus,0.0,0.0,0.0,0.0,0.0,0.0
35.0,bus1,"(137.81715335596763, 82.30184544579726)",0.0,777294311#1_0,5.0,0.0,120.84784938544931,!bus1!var#1,bus_bus,0.0,0.0,0.0,0.0,0.0,0.0
35.0,truck0,"(130.2490753028136, 88.21361720645066)",0.0,777294311#1_0,7.0,0.0,135.34895396789886,!truck0!var#1,truck_truck,0.0,0.0,0.0,0.0,0.0,0.0
35.0,truck1,"(403.4731134672053, 54.47361422532727)",11.681602005109674,399294707#1_2,0.0,-0.5952529948903251,11.681602005109674,!truck1!var#1,truck_truck,0.0,0.0,0.0,0.0,0.0,0.0
35.0,veh0,"(371.27481684127173, 401.4047210034544)",3.948719775850135,:cluster_123292026_3663224279_3663224280_3663662945_#1more_0_0,0.0,-3.0913209710607212,471.5870408896716,!veh0!var#1,veh_passenger,0.0,0.0,0.0,0.0,0.0,0.0
35.0,veh1,"(152.51462710407094, 133.5750385104396)",12.913150251922932,:cluster_13026017756_6784790696_4_0,0.0,0.1733486045501209,165.06344860497967,!veh1!var#1,veh_passenger,0.0,0.0,0.0,0.0,0.0,0.0
35.0,veh10,"(207.11162494760148, 27.660329211769156)",4.276705831892602,:cluster_123281085_12840608127_12840608130_12840608135_#1more_2_0,0.0,-0.2595598160548134,20.030806880107335,!veh10!var#1,veh_passenger,0.0,0.0,0.0,0.0,0.0,0.0
35.0,veh11,"(260.75, 494.96)",0.0,1121247208_1,16.0,0.0,0.0,!veh11!var#1,veh_passenger,0.0,0.0,0.0,0.0,0.0,0.0
35.0,veh12,"(160.75670582782544, 357.828622971406)",12.462361602885686,399311986#1_1,0.0,-1.2399437468964596,183.64990776199434,!veh12!var#1,veh_passenger,0.0,0.0,0.0,0.0,0.0,0.0
35.0,veh13,"(191.07780416124965, 388.37646340671563)",13.878376287480668,:4020457881_0_2,0.0,0.0628862923244018,108.38330249538308,!veh13!var#1,veh_passenger,0.0,0.0,0.0,0.0,0.0,0.0
35.0,veh14,"(258.67, 492.54)",0.0,1121247208_0,11.0,0.0,0.0,!veh14!var#1,veh_passenger,0.0,0.0,0.0,0.0,0.0,0.0
35.0,veh15,"(182.46737498600447, 171.25639415494203)",16.06596507579922,-381243038#5_0,0.0,0.9802703630961052,81.13214927954502,!veh15!var#1,veh_passenger,0.0,0.0,0.0,0.0,0.0,0.0
35.0,veh16,"(25.083737307555605, 356.6167893375628)",0.0,399311981#0_0,4.0,0.0,2.1589466972208227,!veh16!var#1,veh_passenger,0.0,0.0,0.0,0.0,0.0,0.0
35.0,veh17,"(150.7275410438724, 136.47539210514307)",7.899139566672966,:cluster_13026017756_6784790696_4_1,0.0,0.0,34.157147920574054,!veh17!var#1,veh_passenger,0.0,0.0,0.0,0.0,0.0,0.0
35.0,veh18,"(431.9083885858538, 87.43423369727478)",3.9164943470973492,1121666264#0_2,0.0,-3.160019255545924,22.685615698761303,!veh18!var#1,veh_passenger,0.0,0.0,0.0,0.0,0.0,0.0
35.0,veh19,"(45.83304294947064, 395.21855030106127)",12.81646060959041,:cluster_123241924_382443557_5344542568_5546892974_#3more_22_1,0.0,-0.2840468460228305,39.83136244916569,!veh19!var#1,veh_passenger,0.0,0.0,0.0,0.0,0.0,0.0
35.0,veh2,"(336.4235691102698, 188.32422794973053)",10.883476747615735,:cluster_123281084_3663662939_3664674395_3664674397_#1more_5_1,0.0,2.263177308929153,206.216078557279,!veh2!var#1,veh_passenger,0.0,0.0,0.0,0.0,0.0,0.0
35.0,veh20,"(281.52, 496.15)",0.0,237022767#0_3,1.0,0.0,0.0,!veh20!var#1,veh_passenger,0.0,0.0,0.0,0.0,0.0,0.0
35.0,veh21,"(276.53, 500.15)",0.0,237022767#0_1,0.0,0.0,0.0,!veh21!var#1,veh_passenger,0.0,0.0,0.0,0.0,0.0,0.0
35.0,veh3,"(156.67126101106726, 324.3812117992771)",5.8800274641298635,:cluster_122855839_3663662942_3663662943_3663662944_#1more_14_0,0.0,0.10788960750452592,205.09845158981264,!veh3!var#1,veh_passenger,0.0,0.0,0.0,0.0,0.0,0.0
35.0,veh4,"(136.31631303096003, 326.92523700460015)",10.417820068961008,:cluster_122855839_3663662942_3663662943_3663662944_#1more_1_0,0.0,2.4090430191019543,190.76428825608173,!veh4!var#1,veh_passenger,0.0,0.0,0.0,0.0,0.0,0.0
35.0,veh5,"(354.38545327396116, 418.0033776862894)",0.00571975218656127,167413476#1_0,3.0,-0.009062925312415206,112.42801811974292,!veh5!var#1,veh_passenger,0.0,0.0,0.0,0.0,0.0,0.0
35.0,veh6,"(137.7063126793016, 120.09236959087818)",7.657148562814102,-381243038#6_1,0.0,1.860259819682688,145.30111904975115,!veh6!var#1,veh_passenger,0.0,0.0,0.0,0.0,0.0,0.0
35.0,veh7,"(158.26347301050365, 338.5739623337752)",6.760862084772655,:cluster_122855839_3663662942_3663662943_3663662944_#1more_4_0,0.0,2.5901984720025206,116.82542340681286,!veh7!var#1,veh_passenger,0.0,0.0,0.0,0.0,0.0,0.0
35.0,veh8,"(127.6122497780728, 107.3888939249343)",5.955237829922734,-381243038#6_1,0.0,0.5578791387797795,129.07354322647856,!veh8!var#1,veh_passenger,0.0,0.0,0.0,0.0,0.0,0.0
35.0,veh9,"(358.3661414911106, 423.01283084924313)",0.0,167413476#1_2,6.0,0.0,98.9488970745465,!veh9!var#1,veh_passenger,0.0,0.0,0.0,0.0,0.0,0.0
40.0,bus0,"(267.1680477004423, 252.0914376006826)",15.378733030939475,399296457#1_0,0.0,0.008431964926421287,298.79947447833365,!bus0!var#1,bus_bus,0.0,0.0,0.0,0.0,0.0,0.0
40.0,bus1,"(137.81715335596763, 82.30184544579726)",0.0,777294311#1_0,10.0,0.0,120.84784938544931,!bus1!var#1,bus_bus,0.0,0.0,0.0,0.0,0.0,0.0
40.0,truck0,"(129.722157891626, 88.625216485657)",0.6684641907224432,777294311#1_0,0.0,0.6684641907224432,136.01741815862133,!truck0!var#1,truck_truck,0.0,0.0,0.0,0.0,0.0,0.0
40.0,truck1,"(429.2692049152805, 89.25953791600429)",2.5906456332881476,1121666264#0_3,0.0,-4.0,55.11818484317604,!truck1!var#1,truck_truck,0.0,0.0,0.0,0.0,0.0,0.0
40.0,veh0,"(405.09405223237593, 378.12914468255275)",12.564201352595092,167413476#4_0,0.0,1.9972592858830467,513.3728186052126,!veh0!var#1,veh_passenger,0.0,0.0,0.0,0.0,0.0,0.0
40.0,veh1,"(189.67941373827912, 185.47439400307604)",12.538454206449249,-381243038#4_1,0.0,-0.36651012816000694,228.76119829953655,!veh1!var#1,veh_passenger,0.0,0.0,0.0,0.0,0.0,0.0
40.0,veh10,"(166.3639856615919, 59.992517476127226)",12.663789551592275,:2611822744_3_0,0.0,-0.5084260365403903,72.06529448901605,!veh10!var#1,veh_passenger,0.0,0.0,0.0,0.0,0.0,0.0
40.0,veh11,"(260.75, 494.96)",0.0,1121247208_1,21.0,0.0,0.0,!veh11!var#1,veh_passenger,0.0,0.0,0.0,0.0,0.0,0.0
40.0,veh12,"(120.42277412457958, 306.9312844100293)",13.09782063046474,:6784916084_0_0,0.0,0.22905913870781802,248.5704601872207,!veh12!var#1,veh_passenger,0.0,0.0,0.0,0.0,0.0,0.0
40.0,veh13,"(145.6936800511532, 333.6592749353904)",14.475004339011237,:cluster_122855839_3663662942_3663662943_3663662944_#1more_1_1,0.0,0.06492859364952785,179.6523720209958,!veh13!var#1,veh_passenger,0.0,0.0,0.0,0.0,0.0,0.0
40.0,veh14,"(258.67, 492.54)",0.0,1121247208_0,16.0,0.0,0.0,!veh14!var#1,veh_passenger,0.0,0.0,0.0,0.0,0.0,0.0
40.0,veh15,"(230.3763359764299, 231.46960305564144)",14.596561663911272,-381243038#4_0,0.0,-0.6834396068215263,158.09117980599993,!veh15!var#1,veh_passenger,0.0,0.0,0.0,0.0,0.0,0.0
40.0,veh16,"(25.083737307555605, 356.6167893375628)",0.0,399311981#0_0,9.0,0.0,2.1589466972208227,!veh16!var#1,veh_passenger,0.0,0.0,0.0,0.0,0.0,0.0
40.0,veh17,"(179.78696124771471, 173.03037060196368)",10.097440948839743,-381243038#5_1,0.0,1.6051928057023783,80.84821630555243,!veh17!var#1,veh_passenger,0.0,0.0,0.0,0.0,0.0,0.0
40.0,veh18,"(432.01048583730335, 87.56063447257131)",0.0030732405434062728,1121666264#0_2,4.0,-0.0009182843263657236,22.848106926329464,!veh18!var#1,veh_passenger,0.0,0.0,0.0,0.0,0.0,0.0
40.0,veh19,"(103.21500435004226, 362.1854079864633)",13.625994352941177,-185747928#2_1,0.0,0.3938997349468991,106.95966137563907,!veh19!var#1,veh_passenger,0.0,0.0,0.0,0.0,0.0,0.0
40.0,veh2,"(288.9931512605453, 234.4164803152996)",14.682356858497581,399296457#1_0,0.0,0.5923321174730578,272.6023158883277,!veh2!var#1,veh_passenger,0.0,0.0,0.0,0.0,0.0,0.0
40.0,veh20,"(281.52, 496.15)",0.0,237022767#0_3,6.0,0.0,0.0,!veh20!var#1,veh_passenger,0.0,0.0,0.0,0.0,0.0,0.0
40.0,veh21,"(276.53, 500.15)",0.0,237022767#0_1,5.0,0.0,0.0,!veh21!var#1,veh_passenger,0.0,0.0,0.0,0.0,0.0,0.0
40.0,veh22,"(70.60787941381024, 35.7386486393892)",12.514179472124384,-381243038#9_1,0.0,0.25106501253321767,37.511576430813015,!veh22!var#1,veh_passenger,0.0,0.0,0.0,0.0,0.0,0.0
40.0,veh23,"(410.3393708371256, 62.56114166912366)",11.752907813402071,:10259183106_0_2,0.0,-0.907283231080509,24.413098857884652,!veh23!var#1,veh_passenger,0.0,0.0,0.0,0.0,0.0,0.0
40.0,veh24,"(239.12594713656387, 4.376057268722468)",8.2795,1131137820#0_0,0.0,0.0,0.0,!veh24!var#1,veh_passenger,0.0,0.0,0.0,0.0,0.0,0.0
40.0,veh3,"(201.43324285083136, 289.4176068505611)",12.952703275416605,:4072230470_2_1,0.0,-0.3490547426976267,261.9389508686159,!veh3!var#1,veh_passenger,0.0,0.0,0.0,0.0,0.0,0.0
40.0,veh4,"(94.02841432901594, 273.4613913656594)",14.287667509115524,:5565170279_1_0,0.0,0.4140769730787728,258.91847170227663,!veh4!var#1,veh_passenger,0.0,0.0,0.0,0.0,0.0,0.0
40.0,veh5,"(369.550515428671, 406.01292591289564)",7.289155613807632,:cluster_123292026_3663224279_3663224280_3663662945_#1more_5_0,0.0,1.4509095439687378,131.73732284057982,!veh5!var#1,veh_passenger,0.0,0.0,0.0,0.0,0.0,0.0
40.0,veh6,"(166.73710850639563, 156.61281392740096)",8.538668779534376,-381243038#5_1,0.0,-1.5045061439807785,191.9633823148782,!veh6!var#1,veh_passenger,0.0,0.0,0.0,0.0,0.0,0.0
40.0,veh7,"(167.44205761846186, 311.56218242923666)",9.160443566442858,-381187778#0_0,0.0,2.0296243834774934,148.6926967307668,!veh7!var#1,veh_passenger,0.0,0.0,0.0,0.0,0.0,0.0
40.0,veh8,"(155.78726615989578, 142.83720581406243)",10.17661391069776,-381243038#5_1,0.0,0.5482473529561585,174.37225453980568,!veh8!var#1,veh_passenger,0.0,0.0,0.0,0.0,0.0,0.0
40.0,veh9,"(381.5246061875978, 400.6465911432673)",10.089591281593313,167413476#4_1,0.0,1.8817784040933478,130.98423001663696,!veh9!var#1,veh_passenger,0.0,0.0,0.0,0.0,0.0,0.0
45.0,bus0,"(203.95678792748197, 296.1570137633939)",15.518511676369235,:4072230470_0_0,0.0,0.4122647238895283,375.96888332698256,!bus0!var#1,bus_bus,0.0,0.0,0.0,0.0,0.0,0.0
45.0,bus1,"(129.687678260427, 88.65215010190784)",3.9522226330993306,777294311#1_0,0.0,1.0685610258020457,131.1611601156652,!bus1!var#1,bus_bus,0.0,0.0,0.0,0.0,0.0,0.0
45.0,bus2,"(259.9158033086261, 491.1822143714974)",1.2319150751922279,:72027666_6_0,0.0,0.6213612184859811,1.8424689318984746,!bus2!var#1,bus_bus,0.0,0.0,0.0,0.0,0.0,0.0
45.0,truck0,"(127.94081530528962, 102.33619269056967)",3.8778151310047937,:cluster_123292031_3663224275_3663224276_3663662936_#1more_13_0,0.0,0.8715519152465276,151.73199318110346,!truck0!var#1,truck_truck,0.0,0.0,0.0,0.0,0.0,0.0
45.0,truck1,"(435.2776953712262, 98.52599864394068)",3.993981555138289,:cluster_123308403_3663827018_3663827019_3664674393_#1more_5_1,0.0,0.9782266238122244,66.20507949487185,!truck1!var#1,truck_truck,0.0,0.0,0.0,0.0,0.0,0.0
45.0,veh0,"(452.0428794538906, 341.29311024827564)",5.681320040796598,399305995#0_0,0.0,-4.5,573.0600283958607,!veh0!var#1,veh_passenger,0.0,0.0,0.0,0.0,0.0,0.0
45.0,veh1,"(227.78280105639016, 233.35255811972905)",12.441664336992696,-381243038#4_1,0.0,0.10930276892613655,289.99417021948517,!veh1!var#1,veh_passenger,0.0,0.0,0.0,0.0,0.0,0.0
45.0,veh10,"(144.9301814184953, 76.74553403655361)",3.217971660376678,777294311#1_0,0.0,1.831131887482479,99.26403569767089,!veh10!var#1,veh_passenger,0.0,0.0,0.0,0.0,0.0,0.0
45.0,veh11,"(283.32183182137214, 474.4684350884478)",9.904544055345468,167413476#1_0,0.0,1.4108787211356688,30.329292504442858,!veh11!var#1,veh_passenger,0.0,0.0,0.0,0.0,0.0,0.0
45.0,veh12,"(80.4731217177787, 256.2574726640414)",13.087479695822148,:cluster_5565170276_8156978069_1_0,0.0,0.6132673431420699,313.10077308548705,!veh12!var#1,veh_passenger,0.0,0.0,0.0,0.0,0.0,0.0
45.0,veh13,"(101.79468089317363, 278.14683435385655)",14.346915949115381,399311989#2_1,0.0,0.5015549951232963,250.42908439362867,!veh13!var#1,veh_passenger,0.0,0.0,0.0,0.0,0.0,0.0
45.0,veh14,"(256.00987254765835, 464.29893384817666)",9.93248375926909,237022767#2_3,0.0,2.509917538124138,30.164805057001214,!veh14!var#1,veh_passenger,0.0,0.0,0.0,0.0,0.0,0.0
45.0,veh15,"(241.66397864592653, 245.65335802759057)",0.008105859039369364,-381243038#4_0,1.0,-0.3143543832221518,176.20537290270605,!veh15!var#1,veh_passenger,0.0,0.0,0.0,0.0,0.0,0.0
45.0,veh16,"(41.37335449307639, 375.9452622778016)",8.912227863259613,:cluster_123241924_382443557_5344542568_5546892974_#3more_13_0,0.0,2.1279773351969187,27.439610347517448,!veh16!var#1,veh_passenger,0.0,0.0,0.0,0.0,0.0,0.0
45.0,veh17,"(214.47877227695412, 216.6356067369906)",12.739947175182822,-381243038#4_1,0.0,1.9383621894306664,136.5343066952209,!veh17!var#1,veh_passenger,0.0,0.0,0.0,0.0,0.0,0.0
45.0,veh18,"(439.4703246166615, 100.83859261511634)",6.396457718004944,:cluster_123308403_3663827018_3663827019_3664674393_#1more_5_0,0.0,1.8964454520493739,38.20362181851787,!veh18!var#1,veh_passenger,0.0,0.0,0.0,0.0,0.0,0.0
45.0,veh19,"(131.9745192522772, 341.7315451598051)",0.05100113766930628,-185747928#1_1,1.0,-4.348144636674262,142.25229800899803,!veh19!var#1,veh_passenger,0.0,0.0,0.0,0.0,0.0,0.0
45.0,veh2,"(229.5689649260884, 276.9541180277571)",14.05801294499228,399296451#1_0,0.0,-1.1619747057624235,345.84796470355116,!veh2!var#1,veh_passenger,0.0,0.0,0.0,0.0,0.0,0.0
45.0,veh20,"(281.52, 496.15)",0.0,237022767#0_3,11.0,0.0,0.0,!veh20!var#1,veh_passenger,0.0,0.0,0.0,0.0,0.0,0.0
45.0,veh21,"(276.53, 500.15)",0.0,237022767#0_1,10.0,0.0,0.0,!veh21!var#1,veh_passenger,0.0,0.0,0.0,0.0,0.0,0.0
45.0,veh22,"(107.15771449744489, 81.95216463965474)",9.325640705133367,-381243038#9_1,0.0,-2.9578051383501354,96.43399016350405,!veh22!var#1,veh_passenger,0.0,0.0,0.0,0.0,0.0,0.0
45.0,veh23,"(432.63952286563244, 88.33940928719312)",4.480365395227589,1121666264#0_2,0.0,0.15338458198203142,58.61924062452224,!veh23!var#1,veh_passenger,0.0,0.0,0.0,0.0,0.0,0.0
45.0,veh24,"(229.57395992261826, 11.71251411498904)",0.04565078868741742,1131137820#0_0,1.0,-0.09884266389778698,12.046117208698098,!veh24!var#1,veh_passenger,0.0,0.0,0.0,0.0,0.0,0.0
45.0,veh25,"(444.6863956994197, 309.13555679759855)",5.991235256823711,1051478559#1_0,0.0,2.084435319714249,12.493802989157848,!veh25!var#1,veh_passenger,0.0,0.0,0.0,0.0,0.0,0.0
45.0,veh26,"(264.43467708709255, 474.86552817451775)",3.4908012291649353,237022767#2_3,0.0,2.0707791836699467,4.910823274659924,!veh26!var#1,veh_passenger,0.0,0.0,0.0,0.0,0.0,0.0
45.0,veh27,"(391.23295645449684, 239.19873926444322)",0.0,1051478561_1,0.0,0.0,0.0,!veh27!var#1,veh_passenger,0.0,0.0,0.0,0.0,0.0,0.0
45.0,veh3,"(252.7561796995339, 250.96236508324512)",13.157603212982975,:cluster_123292029_3663224277_3663224278_5344542569_#1more_11_1,0.0,-0.09144975326489657,326.7921066887184,!veh3!var#1,veh_passenger,0.0,0.0,0.0,0.0,0.0,0.0
45.0,veh4,"(51.401673957477875, 219.5305194768719)",13.522874085575564,:9598326213_1_0,0.0,-0.8552542122080933,327.6817593640285,!veh4!var#1,veh_passenger,0.0,0.0,0.0,0.0,0.0,0.0
45.0,veh5,"(414.76596963123484, 370.55615874549557)",12.491059266333133,167413476#4_0,0.0,-0.3562845193780948,189.18723580227166,!veh5!var#1,veh_passenger,0.0,0.0,0.0,0.0,0.0,0.0
45.0,veh6,"(200.4107278224264, 198.95864443516137)",10.6202889901621,-381243038#4_1,0.0,-0.9098217466173146,246.0066533687347,!veh6!var#1,veh_passenger,0.0,0.0,0.0,0.0,0.0,0.0
45.0,veh7,"(219.49420149436236, 268.5129421469096)",11.91124349066279,-399296451#1_0,0.0,-3.8939114834432402,216.70208464894088,!veh7!var#1,veh_passenger,0.0,0.0,0.0,0.0,0.0,0.0
45.0,veh8,"(187.96019623213937, 183.31189972340172)",12.163108982840843,:cluster_13026017755_6784790699_7_1,0.0,0.5780199973620288,226.0159331574324,!veh8!var#1,veh_passenger,0.0,0.0,0.0,0.0,0.0,0.0
45.0,veh9,"(442.4263086925991, 357.0079532060643)",14.815053143481476,399305995#0_2,0.0,-2.407636701097255,205.83075651785342,!veh9!var#1,veh_passenger,0.0,0.0,0.0,0.0,0.0,0.0
50.0,bus0,"(165.09203462278396, 329.3350773556029)",3.3217595445640535,381187778#0_0,0.0,-3.6417236077133577,426.94995672152,!bus0!var#1,bus_bus,0.0,0.0,0.0,0.0,0.0,0.0
50.0,bus1,"(132.8824594349531, 114.02150368630711)",6.865661431293168,-381243038#6_1,0.0,1.0087243622168902,159.06612038875858,!bus1!var#1,bus_bus,0.0,0.0,0.0,0.0,0.0,0.0
50.0,bus2,"(253.32888752934983, 476.34242241966416)",5.313697585277259,237022767#2_0,0.0,0.8588617367204279,19.700986089091746,!bus2!var#1,bus_bus,0.0,0.0,0.0,0.0,0.0,0.0
50.0,truck0,"(146.70199126649027, 131.4135179876345)",8.988662434241164,-381243038#6_1,0.0,1.0042233031359515,186.1828930434147,!truck0!var#1,truck_truck,0.0,0.0,0.0,0.0,0.0,0.0
50.0,truck1,"(417.2763160039371, 123.89849265225725)",8.792866114933625,-381188583#0_1,0.0,0.772652047243902,100.6864032352895,!truck1!var#1,truck_truck,0.0,0.0,0.0,0.0,0.0,0.0
50.0,veh0,"(453.3896840552126, 340.2324210742201)",0.010284645980797074,399305995#0_0,3.0,-0.03625888612091663,574.7741433429978,!veh0!var#1,veh_passenger,0.0,0.0,0.0,0.0,0.0,0.0
50.0,veh1,"(239.1051918748869, 247.57951598242823)",0.10448011622934229,-381243038#4_1,0.0,-0.1047987609109141,308.18949845284044,!veh1!var#1,veh_passenger,0.0,0.0,0.0,0.0,0.0,0.0
50.0,veh10,"(126.60572452873201, 91.93755588851361)",5.674533774449661,:cluster_123292031_3663224275_3663224276_3663662936_#1more_4_0,0.0,0.9711734372433245,123.11209010257201,!veh10!var#1,veh_passenger,0.0,0.0,0.0,0.0,0.0,0.0
50.0,veh11,"(338.4094053984218, 434.77866937345823)",14.16474869273331,167413476#1_1,0.0,0.01597492843866455,98.14272520900548,!veh11!var#1,veh_passenger,0.0,0.0,0.0,0.0,0.0,0.0
50.0,veh12,"(38.75408859504654, 205.8647289843509)",12.866999253425783,399311989#6_0,0.0,-0.32464391533285486,378.7022534030221,!veh12!var#1,veh_passenger,0.0,0.0,0.0,0.0,0.0,0.0
50.0,veh13,"(59.25752340684946, 224.1680560327845)",13.9606495717334,:9598326213_1_1,0.0,0.18626386222895164,319.1566237840372,!veh13!var#1,veh_passenger,0.0,0.0,0.0,0.0,0.0,0.0
50.0,veh14,"(213.8088274164636, 411.41747232803465)",13.812748242580072,237022767#3_3,0.0,-0.29632031666114855,97.81262940227708,!veh14!var#1,veh_passenger,0.0,0.0,0.0,0.0,0.0,0.0
50.0,veh15,"(241.66623363211716, 245.65619158394327)",0.0,-381243038#4_0,6.0,0.0,176.20899166142152,!veh15!var#1,veh_passenger,0.0,0.0,0.0,0.0,0.0,0.0
50.0,veh16,"(95.39101437829763, 363.8145439428717)",15.073145200335757,-185747928#2_0,0.0,-0.5349935010541227,97.01387323347703,!veh16!var#1,veh_passenger,0.0,0.0,0.0,0.0,0.0,0.0
50.0,veh17,"(234.23331968017072, 241.4578477289837)",0.4349546466479728,-381243038#4_1,0.0,-2.3125044169477675,168.28029390453926,!veh17!var#1,veh_passenger,0.0,0.0,0.0,0.0,0.0,0.0
50.0,veh18,"(413.9897317356364, 130.60125073506327)",12.502781171355032,-381188583#0_0,0.0,2.507634660205804,79.98311534468384,!veh18!var#1,veh_passenger,0.0,0.0,0.0,0.0,0.0,0.0
50.0,veh19,"(130.1543433443394, 339.10032582598353)",0.00010249516187044767,-185747928#1_0,6.0,-0.0004219287584878715,142.2889026505539,!veh19!var#1,veh_passenger,0.0,0.0,0.0,0.0,0.0,0.0
50.0,veh2,"(171.8144083774844, 320.28700710234705)",11.826023387688785,381187778#0_1,0.0,-3.2054154201129563,418.0369895281445,!veh2!var#1,veh_passenger,0.0,0.0,0.0,0.0,0.0,0.0
50.0,veh20,"(281.52, 496.15)",0.0,237022767#0_3,16.0,0.0,0.0,!veh20!var#1,veh_passenger,0.0,0.0,0.0,0.0,0.0,0.0
50.0,veh21,"(276.53, 500.15)",0.0,237022767#0_1,15.0,0.0,0.0,!veh21!var#1,veh_passenger,0.0,0.0,0.0,0.0,0.0,0.0
50.0,veh22,"(110.52905074108294, 86.21487337913692)",0.00018742566734852522,-381243038#9_1,2.0,-0.0016709853231233777,101.86896048621838,!veh22!var#1,veh_passenger,0.0,0.0,0.0,0.0,0.0,0.0
50.0,veh23,"(437.1592622323677, 111.52622573010822)",4.584023758742246,:cluster_123308403_3663827018_3663827019_3664674393_#1more_12_0,0.0,0.2603476347110858,84.62530675488968,!veh23!var#1,veh_passenger,0.0,0.0,0.0,0.0,0.0,0.0
50.0,veh24,"(229.56378741839393, 11.720327163372447)",0.00030032113864982327,1131137820#0_0,6.0,-0.00039371779328914425,12.058945866803223,!veh24!var#1,veh_passenger,0.0,0.0,0.0,0.0,0.0,0.0
50.0,veh25,"(406.94873646734646, 261.5581426187732)",14.49775566639591,1051478559#1_0,0.0,0.2939372822875157,73.21933535233565,!veh25!var#1,veh_passenger,0.0,0.0,0.0,0.0,0.0,0.0
50.0,veh26,"(236.6804607041634, 440.05544132689437)",12.954734389018267,:6804772505_0_3,0.0,2.020039574545807,49.427538223192094,!veh26!var#1,veh_passenger,0.0,0.0,0.0,0.0,0.0,0.0
50.0,veh27,"(370.02017707478365, 215.08486115243278)",10.742692644381895,399294708#0_1,0.0,2.4729263245826587,32.28477706247941,!veh27!var#1,veh_passenger,0.0,0.0,0.0,0.0,0.0,0.0
50.0,veh28,"(6.02, 399.86)",0.0,-185747931#1_1,3.0,0.0,0.0,!veh28!var#1,veh_passenger,0.0,0.0,0.0,0.0,0.0,0.0
50.0,veh29,"(66.68262456750581, 30.77556666570249)",16.0819229907867,-381243038#9_1,0.0,0.9802184876287345,31.183627493944662,!veh29!var#1,veh_passenger,0.0,0.0,0.0,0.0,0.0,0.0
50.0,veh3,"(303.5734651487502, 210.37871987673975)",13.038466604078748,-399296457#0_1,0.0,-0.03868409460410405,391.8389069289016,!veh3!var#1,veh_passenger,0.0,0.0,0.0,0.0,0.0,0.0
50.0,veh30,"(285.65827019778743, 108.70414683204827)",0.0,399294709#3_0,0.0,0.0,0.0,!veh30!var#1,veh_passenger,0.0,0.0,0.0,0.0,0.0,0.0
50.0,veh5,"(452.67564933467725, 344.87246738969185)",5.98501017258638,399305995#0_1,0.0,0.20840899902567855,234.87537188049834,!veh5!var#1,veh_passenger,0.0,0.0,0.0,0.0,0.0,0.0
50.0,veh6,"(229.13506490325304, 235.05172228717151)",4.665431336282285,-381243038#4_1,0.0,-2.655716498467605,292.1672876242981,!veh6!var#1,veh_passenger,0.0,0.0,0.0,0.0,0.0,0.0
50.0,veh7,"(229.3168897916184, 245.5553073847452)",7.746156132108391,381243038#4_0,0.0,2.224768675072119,249.23011568611417,!veh7!var#1,veh_passenger,0.0,0.0,0.0,0.0,0.0,0.0
50.0,veh8,"(219.9562991016266, 223.51830002815598)",7.9502552762230945,-381243038#4_1,0.0,-1.001780977763703,277.41681140289325,!veh8!var#1,veh_passenger,0.0,0.0,0.0,0.0,0.0,0.0
50.0,veh9,"(457.353202382645, 345.25927372275066)",0.005604319360310898,399305995#0_2,2.0,-0.028645800992944555,224.82862121427547,!veh9!var#1,veh_passenger,0.0,0.0,0.0,0.0,0.0,0.0
55.0,bus0,"(138.09935314867772, 345.3854474003144)",8.445179496910066,:cluster_122855839_3663662942_3663662943_3663662944_#1more_5_0,0.0,1.1398269691038871,458.3603445241079,!bus0!var#1,bus_bus,0.0,0.0,0.0,0.0,0.0,0.0
55.0,bus1,"(162.5987549297331, 151.40649813740617)",11.148489809085776,-381243038#5_1,0.0,0.7155605056788765,206.83503942172516,!bus1!var#1,bus_bus,0.0,0.0,0.0,0.0,0.0,0.0
55.0,bus2,"(228.61649201256253, 445.33610690308586)",9.620157662825658,:6804772505_0_0,0.0,1.015830036252737,59.35123549522832,!bus2!var#1,bus_bus,0.0,0.0,0.0,0.0,0.0,0.0
55.0,truck0,"(183.81108656696344, 178.0929369875358)",13.683820895806397,:cluster_13026017755_6784790699_7_1,0.0,0.7531449244730961,245.8110737581598,!truck0!var#1,truck_truck,0.0,0.0,0.0,0.0,0.0,0.0
55.0,truck1,"(373.1240231473321, 159.0834919084042)",12.122091188860415,-399296456#1_1,0.0,-0.41237131189817333,157.1900201860369,!truck1!var#1,truck_truck,0.0,0.0,0.0,0.0,0.0,0.0
55.0,veh0,"(455.0721620865596, 338.65887317783444)",2.305415725638159,:cluster_3664723686_3698084157_3698084158_3698084159_#1more_0_0,0.0,2.305415725638159,577.0843907379209,!veh0!var#1,veh_passenger,0.0,0.0,0.0,0.0,0.0,0.0
55.0,veh1,"(239.16705585322146, 247.65725011359305)",0.0,-381243038#4_1,5.0,-0.000208346847141637,308.2889152111614,!veh1!var#1,veh_passenger,0.0,0.0,0.0,0.0,0.0,0.0
55.0,veh10,"(146.08897764236195, 125.49576222046083)",12.238860477266215,-381243038#6_0,0.0,2.0554608582984653,163.70552959082994,!veh10!var#1,veh_passenger,0.0,0.0,0.0,0.0,0.0,0.0
55.0,veh11,"(392.7026961799893, 391.8958456218798)",13.303065081650466,167413476#4_1,0.0,-0.8942246364895254,167.31913406947507,!veh11!var#1,veh_passenger,0.0,0.0,0.0,0.0,0.0,0.0
55.0,veh14,"(171.26604554970316, 355.6049622335966)",13.6032660352872,399311986#1_4,0.0,-0.5384013542478847,168.1806994208474,!veh14!var#1,veh_passenger,0.0,0.0,0.0,0.0,0.0,0.0
55.0,veh15,"(241.66623363211716, 245.65619158394327)",0.0,-381243038#4_0,11.0,0.0,176.20899166142152,!veh15!var#1,veh_passenger,0.0,0.0,0.0,0.0,0.0,0.0
55.0,veh16,"(138.19490767487707, 333.2181042449335)",8.850898044359669,:cluster_122855839_3663662942_3663662943_3663662944_#1more_10_0,0.0,0.9220175074195804,149.6459662188477,!veh16!var#1,veh_passenger,0.0,0.0,0.0,0.0,0.0,0.0
55.0,veh17,"(234.49933467306644, 241.79210434981957)",0.006364325881918122,-381243038#4_1,3.0,-0.0044782424467358015,168.70778578221092,!veh17!var#1,veh_passenger,0.0,0.0,0.0,0.0,0.0,0.0
55.0,veh18,"(366.5153978690436, 168.45154863918333)",6.819292323356111,-399296456#1_0,0.0,-3.754334137998905,140.64084484177306,!veh18!var#1,veh_passenger,0.0,0.0,0.0,0.0,0.0,0.0
55.0,veh19,"(157.927570843035, 322.70652535054194)",10.689240877625586,:cluster_122855839_3663662942_3663662943_3663662944_#1more_10_1,0.0,2.0622184299165376,174.3963733704057,!veh19!var#1,veh_passenger,0.0,0.0,0.0,0.0,0.0,0.0
55.0,veh2,"(108.47856074606578, 362.3726993362654)",16.165953303024622,185747928#2_1,0.0,0.8395396174862988,494.24357733997635,!veh2!var#1,veh_passenger,0.0,0.0,0.0,0.0,0.0,0.0
55.0,veh20,"(281.52, 496.15)",0.0,237022767#0_3,21.0,0.0,0.0,!veh20!var#1,veh_passenger,0.0,0.0,0.0,0.0,0.0,0.0
55.0,veh21,"(276.53, 500.15)",0.0,237022767#0_1,20.0,0.0,0.0,!veh21!var#1,veh_passenger,0.0,0.0,0.0,0.0,0.0,0.0
55.0,veh22,"(110.52905074108294, 86.21487337913692)",0.0,-381243038#9_1,7.0,0.0,101.86896048621838,!veh22!var#1,veh_passenger,0.0,0.0,0.0,0.0,0.0,0.0
55.0,veh23,"(394.6873552861567, 145.98558155992436)",14.819639162360952,-399296456#1_0,0.0,1.4613425913211397,139.37762544830792,!veh23!var#1,veh_passenger,0.0,0.0,0.0,0.0,0.0,0.0
55.0,veh24,"(207.84259221396306, 27.00670983042811)",8.878411306969078,:cluster_123281085_12840608127_12840608130_12840608135_#1more_1_0,0.0,1.6474177257390696,38.62215825880371,!veh24!var#1,veh_passenger,0.0,0.0,0.0,0.0,0.0,0.0
55.0,veh25,"(361.5986429149231, 209.6403232802568)",14.070438931828626,399294708#0_0,0.0,0.301785918767564,142.50376071517445,!veh25!var#1,veh_passenger,0.0,0.0,0.0,0.0,0.0,0.0
55.0,veh26,"(187.8488768549287, 376.36708804258666)",15.42853299326388,399311986#0_4,0.0,-1.38509695406246,129.8670860213172,!veh26!var#1,veh_passenger,0.0,0.0,0.0,0.0,0.0,0.0
55.0,veh27,"(320.3912318224908, 152.67400145060347)",17.90321985999182,399294709#1_0,0.0,1.1019578322768204,112.00275188594246,!veh27!var#1,veh_passenger,0.0,0.0,0.0,0.0,0.0,0.0
55.0,veh28,"(6.02, 399.86)",0.0,-185747931#1_1,8.0,0.0,0.0,!veh28!var#1,veh_passenger,0.0,0.0,0.0,0.0,0.0,0.0
55.0,veh29,"(104.79920796143546, 78.97007513667349)",6.1631514455492935,-381243038#9_1,0.0,-3.528729418304281,92.63181437836002,!veh29!var#1,veh_passenger,0.0,0.0,0.0,0.0,0.0,0.0
55.0,veh3,"(331.0243556969712, 188.53818473652584)",0.4653008972876138,-381188582#1_1,0.0,-2.640437242387052,426.91626437952607,!veh3!var#1,veh_passenger,0.0,0.0,0.0,0.0,0.0,0.0
55.0,veh30,"(263.7855461477987, 81.30349628474016)",11.248851373489012,399294709#3_0,0.0,1.920695166871882,35.05982581467833,!veh30!var#1,veh_passenger,0.0,0.0,0.0,0.0,0.0,0.0
55.0,veh31,"(94.3116288975323, 70.87040939149641)",6.736947753140703,381243038#9_1,0.0,1.3239505808800462,17.998933504987512,!veh31!var#1,veh_passenger,0.0,0.0,0.0,0.0,0.0,0.0
55.0,veh32,"(410.0827935172347, 62.39490847595487)",11.972879344291322,:10259183106_0_2,0.0,-0.16275951769202912,24.10851820627467,!veh32!var#1,veh_passenger,0.0,0.0,0.0,0.0,0.0,0.0
55.0,veh33,"(23.711525423728812, 354.949225181598)",15.819777,399311981#0_0,0.0,0.0,0.0,!veh33!var#1,veh_passenger,0.0,0.0,0.0,0.0,0.0,0.0
55.0,veh5,"(456.5695792990641, 341.69470720234)",1.6013231872360005,:cluster_3664723686_3698084157_3698084158_3698084159_#1more_0_1,0.0,1.5982740048319102,239.90753701527842,!veh5!var#1,veh_passenger,0.0,0.0,0.0,0.0,0.0,0.0
55.0,veh6,"(229.8227105488029, 235.9157717428505)",0.01175691222845884,-381243038#4_1,2.0,-0.055298674949867024,293.2723491284971,!veh6!var#1,veh_passenger,0.0,0.0,0.0,0.0,0.0,0.0
55.0,veh7,"(190.52311310891955, 196.80883474302698)",14.040322982505865,381243038#4_0,0.0,0.9883546408964321,311.57808857759994,!veh7!var#1,veh_passenger,0.0,0.0,0.0,0.0,0.0,0.0
55.0,veh8,"(225.12431681099383, 230.01208489775587)",0.15205147066707156,-381243038#4_1,0.0,0.0187744697752861,285.7219282324689,!veh8!var#1,veh_passenger,0.0,0.0,0.0,0.0,0.0,0.0
55.0,veh9,"(458.6978965933719, 344.0492859599591)",1.8135850524529815,:cluster_3664723686_3698084157_3698084158_3698084159_#1more_0_2,0.0,1.8135850524529815,226.64253316846944,!veh9!var#1,veh_passenger,0.0,0.0,0.0,0.0,0.0,0.0
60.0,bus0,"(97.65484284553955, 385.64019395479454)",13.96980434536898,:8012807819_0_0,0.0,1.1640761619899411,516.7653109912128,!bus0!var#1,bus_bus,0.0,0.0,0.0,0.0,0.0,0.0
60.0,bus1,"(203.32823980150073, 202.62459455608482)",13.234208322851796,-381243038#4_1,0.0,-0.07456698518724458,272.2151585559326,!bus1!var#1,bus_bus,0.0,0.0,0.0,0.0,0.0,0.0
60.0,bus2,"(189.38698977145552, 396.22777519365934)",14.369528798153619,237022767#3_0,0.0,0.7611880964599536,122.20424927179701,!bus2!var#1,bus_bus,0.0,0.0,0.0,0.0,0.0,0.0
60.0,truck0,"(219.00319665967956, 222.32069534397)",6.08172040748712,-381243038#4_1,0.0,-3.507300250309127,302.3051550549329,!truck0!var#1,truck_truck,0.0,0.0,0.0,0.0,0.0,0.0
60.0,truck1,"(362.20757375436614, 167.7917383639963)",0.014620669054816161,-399296456#1_1,2.0,-0.010887636213223095,171.1526572208159,!truck1!var#1,truck_truck,0.0,0.0,0.0,0.0,0.0,0.0
60.0,veh0,"(447.1528869370511, 312.24516342315997)",8.504631468338081,1051478559#1_0,0.0,1.4305004809284583,608.5248500513724,!veh0!var#1,veh_passenger,0.0,0.0,0.0,0.0,0.0,0.0
60.0,veh1,"(239.16705585322146, 247.65725011359305)",0.0,-381243038#4_1,10.0,0.0,308.2889152111614,!veh1!var#1,veh_passenger,0.0,0.0,0.0,0.0,0.0,0.0
60.0,veh10,"(184.79417838563347, 179.3295202503588)",12.535272065432133,:cluster_13026017755_6784790699_7_1,0.0,-0.9146094561605587,229.92077077772223,!veh10!var#1,veh_passenger,0.0,0.0,0.0,0.0,0.0,0.0
60.0,veh11,"(443.7765190996989, 351.87680673731836)",11.585753583481209,399305995#0_1,0.0,-0.32325508857611496,232.20920612688943,!veh11!var#1,veh_passenger,0.0,0.0,0.0,0.0,0.0,0.0
60.0,veh14,"(162.27803218509393, 344.35601370906795)",0.007351486847823885,399311986#1_4,1.0,-0.14271839061311117,182.57425846709495,!veh14!var#1,veh_passenger,0.0,0.0,0.0,0.0,0.0,0.0
60.0,veh15,"(241.66623363211716, 245.65619158394327)",0.0,-381243038#4_0,16.0,0.0,176.20899166142152,!veh15!var#1,veh_passenger,0.0,0.0,0.0,0.0,0.0,0.0
60.0,veh16,"(191.17124344888322, 293.75224022672325)",15.013334718719461,:cluster_5546892981_6784922385_7_0,0.0,0.25712960592936795,215.7421451586857,!veh16!var#1,veh_passenger,0.0,0.0,0.0,0.0,0.0,0.0
60.0,veh17,"(234.4993975193541, 241.79218331825484)",0.0,-381243038#4_1,8.0,-0.0001009953507472199,168.70788677756167,!veh17!var#1,veh_passenger,0.0,0.0,0.0,0.0,0.0,0.0
60.0,veh18,"(364.20282258372976, 170.2957314717404)",0.0007405900444855765,-399296456#1_0,3.0,-0.0017812169835291509,143.5987341849183,!veh18!var#1,veh_passenger,0.0,0.0,0.0,0.0,0.0,0.0
60.0,veh19,"(206.87550730137036, 281.9633312168051)",12.740828839215226,-399296451#1_1,0.0,-0.05223322878591574,238.5398700143951,!veh19!var#1,veh_passenger,0.0,0.0,0.0,0.0,0.0,0.0
60.0,veh20,"(273.4381636232481, 486.0854972890953)",6.5958031580084935,:72027666_0_3,0.0,2.441584915621206,12.901866848929785,!veh20!var#1,veh_passenger,0.0,0.0,0.0,0.0,0.0,0.0
60.0,veh21,"(271.2414467319352, 493.57164848886043)",4.1923838397720825,:72027666_0_1,0.0,1.390930799907073,8.442661655996925,!veh21!var#1,veh_passenger,0.0,0.0,0.0,0.0,0.0,0.0
60.0,veh22,"(117.99984505236098, 95.47193896647548)",5.516242332127877,:cluster_123292031_3663224275_3663224276_3663662936_#1more_7_1,0.0,1.6323649486526852,113.76378391902527,!veh22!var#1,veh_passenger,0.0,0.0,0.0,0.0,0.0,0.0
60.0,veh23,"(370.1900646771459, 165.52115433552288)",0.5213621561194844,-399296456#1_0,0.0,-1.468410343308813,170.71077827082888,!veh23!var#1,veh_passenger,0.0,0.0,0.0,0.0,0.0,0.0
60.0,veh24,"(152.86546945988994, 70.54691776617607)",14.606345107956274,777294311#1_0,0.0,-1.0966482558753352,108.75707684204174,!veh24!var#1,veh_passenger,0.0,0.0,0.0,0.0,0.0,0.0
60.0,veh25,"(337.30951812823844, 192.0186520120344)",4.776606248994359,:cluster_123281084_3663662939_3664674395_3664674397_#1more_13_0,0.0,1.7213312752236982,175.84594062126337,!veh25!var#1,veh_passenger,0.0,0.0,0.0,0.0,0.0,0.0
60.0,veh26,"(167.00187771319796, 350.2681427889714)",0.4873274356956368,399311986#1_4,0.0,-2.1791942223022702,163.2694110669071,!veh26!var#1,veh_passenger,0.0,0.0,0.0,0.0,0.0,0.0
60.0,veh27,"(266.5339176093745, 84.74646780583299)",17.36559513073009,399294709#3_0,0.0,0.03140682775993042,198.72445662076075,!veh27!var#1,veh_passenger,0.0,0.0,0.0,0.0,0.0,0.0
60.0,veh28,"(6.02, 399.86)",0.0,-185747931#1_1,13.0,0.0,0.0,!veh28!var#1,veh_passenger,0.0,0.0,0.0,0.0,0.0,0.0
60.0,veh29,"(109.36271186958808, 84.74015755685697)",3.5814002992963263,-381243038#9_1,0.0,1.5403378121230333,99.98869204228468,!veh29!var#1,veh_passenger,0.0,0.0,0.0,0.0,0.0,0.0
60.0,veh3,"(329.2163471478434, 185.8834077681331)",0.0015672733363653664,-381188582#1_0,4.0,-0.001654331828953261,427.1487820207098,!veh3!var#1,veh_passenger,0.0,0.0,0.0,0.0,0.0,0.0
60.0,veh30,"(225.3273265155769, 33.10741850787409)",7.435851413419856,399294709#4_0,0.0,-4.5,96.70980522984414,!veh30!var#1,veh_passenger,0.0,0.0,0.0,0.0,0.0,0.0
60.0,veh31,"(57.822157232466544, 24.72994925298221)",12.959902967197442,:2611809754_0_1,0.0,-0.02533792420290304,76.81995493781119,!veh31!var#1,veh_passenger,0.0,0.0,0.0,0.0,0.0,0.0
60.0,veh32,"(431.95509943307826, 87.49206372913261)",0.2786074032815121,1121666264#0_2,0.0,-2.2772812270804508,57.529957591402706,!veh32!var#1,veh_passenger,0.0,0.0,0.0,0.0,0.0,0.0
60.0,veh33,"(85.59069535713854, 370.64413220055246)",17.583195462072567,:8012807819_7_1,0.0,-0.3344439365901053,84.11469128021454,!veh33!var#1,veh_passenger,0.0,0.0,0.0,0.0,0.0,0.0
60.0,veh34,"(425.20658306174363, 84.22983785324173)",9.670462061312142,1121666264#0_3,0.0,-3.7032148666291835,50.75238480689823,!veh34!var#1,veh_passenger,0.0,0.0,0.0,0.0,0.0,0.0
60.0,veh35,"(405.3683916112863, 463.95448690110504)",3.503077830420807,608730952#1_0,0.0,2.0096139207249504,4.996541740116664,!veh35!var#1,veh_passenger,0.0,0.0,0.0,0.0,0.0,0.0
60.0,veh36,"(284.4492726699567, 107.18959753782511)",1.93790415127296,399294709#3_0,0.0,1.93790415127296,1.93790415127296,!veh36!var#1,veh_passenger,0.0,0.0,0.0,0.0,0.0,0.0
60.0,veh5,"(455.1101725576208, 317.1227797351949)",7.22554689692704,1051478559#1_1,0.0,1.6975394917652018,268.4693535692208,!veh5!var#1,veh_passenger,0.0,0.0,0.0,0.0,0.0,0.0
60.0,veh6,"(229.83175423136294, 235.92713542855677)",0.00011510486678924562,-381243038#4_1,7.0,-0.0002330592816747376,293.28688252301214,!veh6!var#1,veh_passenger,0.0,0.0,0.0,0.0,0.0,0.0
60.0,veh7,"(148.44593163636762, 143.88495573737873)",13.470171436839708,:cluster_13026017756_6784790696_6_0,0.0,0.2746822133660327,379.11921407070065,!veh7!var#1,veh_passenger,0.0,0.0,0.0,0.0,0.0,0.0
60.0,veh8,"(225.16398521337993, 230.0619295549731)",0.0006383320733757723,-381243038#4_1,5.0,-0.0025325942342705673,285.7856762176319,!veh8!var#1,veh_passenger,0.0,0.0,0.0,0.0,0.0,0.0
60.0,veh9,"(461.77606007117424, 320.8685312427739)",5.0558465034976,:cluster_3664723686_3698084157_3698084158_3698084159_#1more_6_2,0.0,-0.45921547931575724,253.06113039632,!veh9!var#1,veh_passenger,0.0,0.0,0.0,0.0,0.0,0.0
65.0,bus0,"(63.83185521224217, 408.623396077179)",4.083811952317826,:cluster_123241924_382443557_5344542568_5546892974_#3more_0_0,0.0,0.6276460953522474,557.3177045453998,!bus0!var#1,bus_bus,0.0,0.0,0.0,0.0,0.0,0.0
65.0,bus1,"(214.5198271455189, 216.6871935347344)",0.05167510620068127,-381243038#4_1,1.0,-0.06523508870619613,290.2002827616797,!bus1!var#1,bus_bus,0.0,0.0,0.0,0.0,0.0,0.0
65.0,bus2,"(153.39708350060258, 353.7465624325522)",4.6118765401342,399311986#1_0,0.0,-3.8373420006129892,178.06219046139108,!bus2!var#1,bus_bus,0.0,0.0,0.0,0.0,0.0,0.0
65.0,bus3,"(14.833450563714242, 398.05197093203606)",4.92308236548025,:cluster_123241924_382443557_5344542568_5546892974_#3more_22_0,0.0,0.6757397092413155,9.170425021719184,!bus3!var#1,bus_bus,0.0,0.0,0.0,0.0,0.0,0.0
65.0,truck0,"(220.49625552680953, 224.1967731026079)",0.001540662676944605,-381243038#4_1,3.0,-0.0032180295027591523,304.704533118687,!truck0!var#1,truck_truck,0.0,0.0,0.0,0.0,0.0,0.0
65.0,truck1,"(362.20266151796676, 167.7956569426178)",0.0,-399296456#1_1,7.0,0.0,171.15894019538067,!truck1!var#1,truck_truck,0.0,0.0,0.0,0.0,0.0,0.0
65.0,veh0,"(405.2769164323606, 259.4504105586624)",15.877463403983043,1051478559#1_0,0.0,-0.17944746364385367,675.9095435874468,!veh0!var#1,veh_passenger,0.0,0.0,0.0,0.0,0.0,0.0
65.0,veh1,"(239.16705585322146, 247.65725011359305)",0.0,-381243038#4_1,15.0,0.0,308.2889152111614,!veh1!var#1,veh_passenger,0.0,0.0,0.0,0.0,0.0,0.0
65.0,veh10,"(205.4516494138063, 205.29272883653817)",0.37844407509511824,-381243038#4_1,0.0,-2.5392529124072087,263.06752397319445,!veh10!var#1,veh_passenger,0.0,0.0,0.0,0.0,0.0,0.0
65.0,veh11,"(458.72104854224364, 321.9256011852356)",4.683411614184211,:cluster_3664723686_3698084157_3698084158_3698084159_#1more_6_1,0.0,-0.4542254046974117,271.1108562569591,!veh11!var#1,veh_passenger,0.0,0.0,0.0,0.0,0.0,0.0
65.0,veh14,"(162.27513026224491, 344.35238180739776)",0.0,399311986#1_4,6.0,0.0,182.57890565621008,!veh14!var#1,veh_passenger,0.0,0.0,0.0,0.0,0.0,0.0
65.0,veh15,"(241.66623363211716, 245.65619158394327)",0.0,-381243038#4_0,21.0,0.0,176.20899166142152,!veh15!var#1,veh_passenger,0.0,0.0,0.0,0.0,0.0,0.0
65.0,veh16,"(229.9282177983157, 260.6972129209343)",2.515792005248465,-399296451#1_0,0.0,-4.463996267318728,267.1166007545274,!veh16!var#1,veh_passenger,0.0,0.0,0.0,0.0,0.0,0.0
65.0,veh17,"(234.4993975193541, 241.79218331825484)",0.0,-381243038#4_1,13.0,0.0,168.70788677756167,!veh17!var#1,veh_passenger,0.0,0.0,0.0,0.0,0.0,0.0
65.0,veh18,"(364.20264534674783, 170.29587281087925)",0.0,-399296456#1_0,8.0,0.0,143.59896087910784,!veh18!var#1,veh_passenger,0.0,0.0,0.0,0.0,0.0,0.0
65.0,veh19,"(232.69208568576136, 262.6251032214055)",0.49822869916173995,-399296451#1_1,0.0,-1.8050616929026566,270.79078825524357,!veh19!var#1,veh_passenger,0.0,0.0,0.0,0.0,0.0,0.0
65.0,veh20,"(238.3274115100304, 442.1211560748675)",11.82373296281036,:6804772505_0_3,0.0,-0.38408842342905736,69.17848223904684,!veh20!var#1,veh_passenger,0.0,0.0,0.0,0.0,0.0,0.0
65.0,veh21,"(238.9693951543117, 453.18747487480107)",13.347900869641975,237022767#2_1,0.0,1.0204523496009053,60.12858158235024,!veh21!var#1,veh_passenger,0.0,0.0,0.0,0.0,0.0,0.0
65.0,veh22,"(150.21122258390034, 135.82643321321268)",12.126550615357415,:cluster_13026017756_6784790696_4_1,0.0,-0.22587533365003765,165.40658736341206,!veh22!var#1,veh_passenger,0.0,0.0,0.0,0.0,0.0,0.0
65.0,veh23,"(370.06720853634135, 165.61912701004937)",0.000173529318411656,-399296456#1_0,4.0,-0.0012993269638379371,170.86791688245967,!veh23!var#1,veh_passenger,0.0,0.0,0.0,0.0,0.0,0.0
65.0,veh24,"(130.47823090648365, 88.03461328801097)",0.8420133163706615,777294311#1_0,0.0,-0.43154143835516223,137.15823987892705,!veh24!var#1,veh_passenger,0.0,0.0,0.0,0.0,0.0,0.0
65.0,veh25,"(297.6036857597839, 227.4432795211201)",14.560110341540799,399296457#1_0,0.0,2.282807897722609,229.5612482838224,!veh25!var#1,veh_passenger,0.0,0.0,0.0,0.0,0.0,0.0
65.0,veh26,"(166.959184769562, 350.21471043347304)",0.0,399311986#1_4,5.0,-0.0004078069488401614,163.33778028045344,!veh26!var#1,veh_passenger,0.0,0.0,0.0,0.0,0.0,0.0
65.0,veh27,"(234.03457068473196, 44.03351197725513)",2.794763771401678,399294709#3_0,0.0,-4.050894569535748,250.8177139427429,!veh27!var#1,veh_passenger,0.0,0.0,0.0,0.0,0.0,0.0
65.0,veh28,"(33.0466605361884, 394.85021980376865)",9.270576616749167,:cluster_123241924_382443557_5344542568_5546892974_#3more_22_0,0.0,1.7476398767903456,28.02429151283577,!veh28!var#1,veh_passenger,0.0,0.0,0.0,0.0,0.0,0.0
65.0,veh29,"(135.50031453259157, 117.3160996141539)",11.785437772283332,-381243038#6_1,0.0,1.673838481912389,141.75467768694,!veh29!var#1,veh_passenger,0.0,0.0,0.0,0.0,0.0,0.0
65.0,veh3,"(329.2164545395313, 185.88332233641128)",0.0,-381188582#1_0,9.0,0.0,427.14891922749524,!veh3!var#1,veh_passenger,0.0,0.0,0.0,0.0,0.0,0.0
65.0,veh30,"(222.6539709700516, 29.744838485768046)",0.007053237149994718,399294709#4_0,3.0,-0.013912229636941768,101.00701541337406,!veh30!var#1,veh_passenger,0.0,0.0,0.0,0.0,0.0,0.0
65.0,veh31,"(45.028936898586394, 3.762543048115919)",3.4925250942164285,-381243038#10_1,0.0,0.14323729597963375,109.10939657764456,!veh31!var#1,veh_passenger,0.0,0.0,0.0,0.0,0.0,0.0
65.0,veh32,"(432.0110438051405, 87.56132526067972)",0.0,1121666264#0_2,5.0,-0.0010040754470834318,57.61899495100701,!veh32!var#1,veh_passenger,0.0,0.0,0.0,0.0,0.0,0.0
65.0,veh33,"(159.22145047472728, 321.7377894687432)",17.972746604279912,-381187778#0_1,0.0,-0.4658975330181434,173.39232340032333,!veh33!var#1,veh_passenger,0.0,0.0,0.0,0.0,0.0,0.0
65.0,veh34,"(429.519191248426, 89.56903171602826)",0.009811629202934958,1121666264#0_3,1.0,-0.09909681865846201,57.61604654436137,!veh34!var#1,veh_passenger,0.0,0.0,0.0,0.0,0.0,0.0
65.0,veh35,"(379.45689561188004, 430.80735030019883)",11.769713113676026,608730952#2_0,0.0,1.5115223313776927,47.058898942927094,!veh35!var#1,veh_passenger,0.0,0.0,0.0,0.0,0.0,0.0
65.0,veh36,"(260.13786766739224, 76.73393452726876)",11.940895553282461,399294709#3_0,0.0,1.984176574670709,40.906695727119214,!veh36!var#1,veh_passenger,0.0,0.0,0.0,0.0,0.0,0.0
65.0,veh37,"(439.7903262274762, 302.96288128313574)",7.867111028777437,1051478559#1_0,0.0,1.66191469184123,20.372310326946902,!veh37!var#1,veh_passenger,0.0,0.0,0.0,0.0,0.0,0.0
65.0,veh38,"(478.7817659368277, 354.35843746463155)",3.5793311698827894,1051478560#0_0,0.0,2.21047187356744,4.94819046619814,!veh38!var#1,veh_passenger,0.0,0.0,0.0,0.0,0.0,0.0
65.0,veh39,"(403.5387562228387, 54.55754231789946)",13.888146172316702,399294707#1_2,0.0,-0.028751827683299425,13.888146172316704,!veh39!var#1,veh_passenger,0.0,0.0,0.0,0.0,0.0,0.0
65.0,veh5,"(419.31255397215597, 271.99125433817824)",12.291037703235299,1051478559#1_1,0.0,-0.5209183610742905,326.07307065638986,!veh5!var#1,veh_passenger,0.0,0.0,0.0,0.0,0.0,0.0
65.0,veh6,"(229.83175423136294, 235.92713542855677)",0.0,-381243038#4_1,12.0,0.0,293.28688252301214,!veh6!var#1,veh_passenger,0.0,0.0,0.0,0.0,0.0,0.0
65.0,veh7,"(111.5488618593915, 104.70982349206487)",5.062050586939759,:cluster_123292031_3663224275_3663224276_3663662936_#1more_0_0,0.0,-3.8919505666133842,434.30521728549616,!veh7!var#1,veh_passenger,0.0,0.0,0.0,0.0,0.0,0.0
65.0,veh8,"(225.16408385644814, 230.06205350324495)",0.0,-381243038#4_1,10.0,0.0,285.78583473918735,!veh8!var#1,veh_passenger,0.0,0.0,0.0,0.0,0.0,0.0
65.0,veh9,"(428.4408261733349, 278.352241409449)",15.087407644330089,1051478559#1_2,0.0,2.2008171177469187,307.1042707948658,!veh9!var#1,veh_passenger,0.0,0.0,0.0,0.0,0.0,0.0
70.0,bus0,"(69.54759708231289, 436.04833482727116)",9.040585184287973,167413478#1_0,0.0,1.1595568686258053,592.546819554497,!bus0!var#1,bus_bus,0.0,0.0,0.0,0.0,0.0,0.0
70.0,bus1,"(214.52195303118808, 216.68986478026207)",0.0,-381243038#4_1,6.0,0.0,290.2036991061742,!bus1!var#1,bus_bus,0.0,0.0,0.0,0.0,0.0,0.0
70.0,bus2,"(152.27511273320164, 352.34235986892287)",0.008597385531323052,399311986#1_0,3.0,-0.005398028621086355,179.85893372752116,!bus2!var#1,bus_bus,0.0,0.0,0.0,0.0,0.0,0.0
70.0,bus3,"(53.169392633102206, 388.55127800746124)",9.908166090504263,:cluster_123241924_382443557_5344542568_5546892974_#3more_22_0,0.0,0.8481588049326092,49.637631594707244,!bus3!var#1,bus_bus,0.0,0.0,0.0,0.0,0.0,0.0
70.0,bus4,"(87.86682532363844, 52.40207279201458)",13.67853058568202,-381243038#9_0,0.0,-0.04687855909578431,54.28852346850559,!bus4!var#1,bus_bus,0.0,0.0,0.0,0.0,0.0,0.0
70.0,truck0,"(220.7553507668313, 224.52233482550776)",0.4161340132129191,-381243038#4_1,0.0,0.4161340132129191,305.1209048030308,!truck0!var#1,truck_truck,0.0,0.0,0.0,0.0,0.0,0.0
70.0,truck1,"(348.94453898903305, 178.35399501055497)",5.241449408768677,:cluster_123281084_3663662939_3664674395_3664674397_#1more_5_1,0.0,0.6510249494458549,188.1089494265569,!truck1!var#1,truck_truck,0.0,0.0,0.0,0.0,0.0,0.0
70.0,veh0,"(352.9060072486762, 198.70818158537313)",15.724777948424222,399294708#0_0,0.0,-0.6924524340545766,756.4715737835949,!veh0!var#1,veh_passenger,0.0,0.0,0.0,0.0,0.0,0.0
70.0,veh1,"(237.86173458951657, 266.63826541048337)",4.180935340293729,:cluster_123292029_3663224277_3663224278_5344542569_#1more_24_0,0.0,-2.5375257648183496,330.23549165451243,!veh1!var#1,veh_passenger,0.0,0.0,0.0,0.0,0.0,0.0
70.0,veh10,"(211.5505463608988, 207.81361084552782)",3.9497204642900554,-381243038#4_0,0.0,2.1214571202639485,268.9199126460958,!veh10!var#1,veh_passenger,0.0,0.0,0.0,0.0,0.0,0.0
70.0,veh11,"(428.6745576266706, 283.79431617291857)",13.308407934365736,1051478559#1_1,0.0,1.4106022733496495,319.6682079310611,!veh11!var#1,veh_passenger,0.0,0.0,0.0,0.0,0.0,0.0
70.0,veh14,"(162.27513026224491, 344.35238180739776)",0.0,399311986#1_4,11.0,0.0,182.57890565621008,!veh14!var#1,veh_passenger,0.0,0.0,0.0,0.0,0.0,0.0
70.0,veh15,"(257.3309895446917, 265.16598637674474)",8.075257631042042,:cluster_123292029_3663224277_3663224278_5344542569_#1more_6_0,0.0,1.342460114252754,201.24457092193006,!veh15!var#1,veh_passenger,0.0,0.0,0.0,0.0,0.0,0.0
70.0,veh16,"(230.8586974164018, 260.0002256311508)",0.0,-399296451#1_0,4.0,-0.0007464034469949131,268.2789864758596,!veh16!var#1,veh_passenger,0.0,0.0,0.0,0.0,0.0,0.0
70.0,veh17,"(242.91707887511612, 254.56413143944215)",6.502319038943483,:cluster_123292029_3663224277_3663224278_5344542569_#1more_24_0,0.0,1.8438507790444412,184.16055463631167,!veh17!var#1,veh_passenger,0.0,0.0,0.0,0.0,0.0,0.0
70.0,veh18,"(337.3372673862923, 191.69873669590567)",11.471589347091504,:cluster_123281084_3663662939_3664674395_3664674397_#1more_5_0,0.0,2.139033462945372,177.94483455134358,!veh18!var#1,veh_passenger,0.0,0.0,0.0,0.0,0.0,0.0
70.0,veh19,"(232.77867441030207, 262.5602428641549)",0.00017685741494338726,-399296451#1_1,5.0,-0.0020246191612775613,270.89895773588364,!veh19!var#1,veh_passenger,0.0,0.0,0.0,0.0,0.0,0.0
70.0,veh20,"(200.04927673036946, 394.1953014322758)",12.83344870379839,237022767#3_3,0.0,0.6694283210439611,130.50773559006896,!veh20!var#1,veh_passenger,0.0,0.0,0.0,0.0,0.0,0.0
70.0,veh21,"(198.54084493813207, 402.55784605524536)",12.662337268554197,237022767#3_1,0.0,-0.9517100399592895,124.91365816282888,!veh21!var#1,veh_passenger,0.0,0.0,0.0,0.0,0.0,0.0
70.0,veh22,"(187.0936762876598, 182.22194653703983)",11.481426157953399,:cluster_13026017755_6784790699_7_1,0.0,-0.4722467468585805,224.6323657750072,!veh22!var#1,veh_passenger,0.0,0.0,0.0,0.0,0.0,0.0
70.0,veh23,"(355.0417400347344, 177.59451759623565)",8.016758804366797,:cluster_123281084_3663662939_3664674395_3664674397_#1more_5_0,0.0,2.2362889320822434,190.08098249203778,!veh23!var#1,veh_passenger,0.0,0.0,0.0,0.0,0.0,0.0
70.0,veh24,"(130.24904637314953, 88.21363980473387)",0.00019528940733958,777294311#1_0,4.0,-0.0024577035150722603,137.4489906689911,!veh24!var#1,veh_passenger,0.0,0.0,0.0,0.0,0.0,0.0
70.0,veh25,"(263.1833082282155, 255.31846008747328)",1.8684157195205149,399296457#1_0,0.0,-3.876903830560434,273.857514727402,!veh25!var#1,veh_passenger,0.0,0.0,0.0,0.0,0.0,0.0
70.0,veh26,"(166.95911293595518, 350.21462053011925)",0.0,399311986#1_4,10.0,0.0,163.33789531602577,!veh26!var#1,veh_passenger,0.0,0.0,0.0,0.0,0.0,0.0
70.0,veh27,"(233.63624961835214, 43.5345226277548)",0.002909734072728351,399294709#3_0,3.0,-0.0035439326804839267,251.45618344355483,!veh27!var#1,veh_passenger,0.0,0.0,0.0,0.0,0.0,0.0
70.0,veh28,"(95.30829208495754, 363.8733038590478)",14.891468418656961,-185747928#2_0,0.0,-0.7652376068057496,99.53232831923418,!veh28!var#1,veh_passenger,0.0,0.0,0.0,0.0,0.0,0.0
70.0,veh29,"(173.78197989402642, 165.47571664087195)",11.98564374018751,-381243038#5_1,0.0,-0.14960111460691294,203.28110076389123,!veh29!var#1,veh_passenger,0.0,0.0,0.0,0.0,0.0,0.0
70.0,veh3,"(329.2164545395313, 185.88332233641128)",0.0,-381188582#1_0,14.0,0.0,427.14891922749524,!veh3!var#1,veh_passenger,0.0,0.0,0.0,0.0,0.0,0.0
70.0,veh30,"(222.65278102162466, 29.743341753762266)",0.0,399294709#4_0,8.0,0.0,101.00892816250568,!veh30!var#1,veh_passenger,0.0,0.0,0.0,0.0,0.0,0.0
70.0,veh31,"(74.86376181834216, 41.11977523399724)",12.983752517785497,-381243038#9_1,0.0,0.73284598191443,156.9325338951544,!veh31!var#1,veh_passenger,0.0,0.0,0.0,0.0,0.0,0.0
70.0,veh32,"(435.69858219905365, 92.89583100887609)",4.200725581357256,:cluster_123308403_3663827018_3663827019_3664674393_#1more_5_0,0.0,1.9144865762675183,64.105959537454,!veh32!var#1,veh_passenger,0.0,0.0,0.0,0.0,0.0,0.0
70.0,veh33,"(219.7652544591012, 272.3081063598209)",10.386258752810953,-399296451#1_1,0.0,-4.384786643445041,252.0221658159382,!veh33!var#1,veh_passenger,0.0,0.0,0.0,0.0,0.0,0.0
70.0,veh34,"(432.6372603532401, 93.97382303121076)",3.3678621990606192,:cluster_123308403_3663827018_3663827019_3664674393_#1more_5_1,0.0,1.3419164310442286,63.012791145350945,!veh34!var#1,veh_passenger,0.0,0.0,0.0,0.0,0.0,0.0
70.0,veh35,"(341.94979276897095, 384.11731172269396)",11.300075135273127,381243038#1_0,0.0,-1.0196925272699442,106.98827865236561,!veh35!var#1,veh_passenger,0.0,0.0,0.0,0.0,0.0,0.0
70.0,veh36,"(238.32292593949117, 49.4056697153504)",0.3039096926313851,399294709#3_0,0.0,-2.227884702389753,75.87390216147116,!veh36!var#1,veh_passenger,0.0,0.0,0.0,0.0,0.0,0.0
70.0,veh37,"(401.05781906087765, 254.1312215260465)",14.094055542413853,1051478559#1_0,0.0,0.18996340497396957,82.6987016642583,!veh37!var#1,veh_passenger,0.0,0.0,0.0,0.0,0.0,0.0
70.0,veh38,"(461.04992982660633, 330.5026807667122)",8.555124440939164,:cluster_3664723686_3698084157_3698084158_3698084159_#1more_3_0,0.0,1.6254563231486836,34.6678195897201,!veh38!var#1,veh_passenger,0.0,0.0,0.0,0.0,0.0,0.0
70.0,veh39,"(428.22615605774445, 82.87547193075342)",1.6789245158458406,1121666264#0_2,0.0,-1.3345081805989643,51.59521813478291,!veh39!var#1,veh_passenger,0.0,0.0,0.0,0.0,0.0,0.0
70.0,veh40,"(258.67, 492.54)",0.0,1121247208_0,4.0,0.0,0.0,!veh40!var#1,veh_passenger,0.0,0.0,0.0,0.0,0.0,0.0
70.0,veh41,"(196.44643750142308, 289.7826718739327)",4.242481518839487,-404989116#0_0,0.0,1.3419013330712923,8.445546876778828,!veh41!var#1,veh_passenger,0.0,0.0,0.0,0.0,0.0,0.0
70.0,veh42,"(228.35576759857102, 429.62518096199676)",1.7159932818030939,237022767#3_3,0.0,1.7159932818030939,1.7159932818030939,!veh42!var#1,veh_passenger,0.0,0.0,0.0,0.0,0.0,0.0
70.0,veh5,"(379.1215621461146, 223.98031497517226)",12.439296751911415,1051478561_1,0.0,-0.2578232131199911,388.87443894869284,!veh5!var#1,veh_passenger,0.0,0.0,0.0,0.0,0.0,0.0
70.0,veh6,"(233.99000434562566, 241.1521139782757)",4.20830719643256,-381243038#4_1,0.0,2.2925499713979667,299.96928087140645,!veh6!var#1,veh_passenger,0.0,0.0,0.0,0.0,0.0,0.0
70.0,veh7,"(78.4692499877978, 128.585422290443)",12.144682729803476,777294311#4_0,0.0,2.4826607399852936,475.3933015427528,!veh7!var#1,veh_passenger,0.0,0.0,0.0,0.0,0.0,0.0
70.0,veh8,"(226.46459543681894, 231.69618923928238)",1.5586056307799865,-381243038#4_1,0.0,1.0272608742734861,287.87578512647383,!veh8!var#1,veh_passenger,0.0,0.0,0.0,0.0,0.0,0.0
70.0,veh9,"(378.62565935059325, 210.51252960131094)",17.30717050084308,:9676909161_0_4,0.0,0.12806520129088028,391.62830526439035,!veh9!var#1,veh_passenger,0.0,0.0,0.0,0.0,0.0,0.0
75.0,bus0,"(106.04737040519571, 482.3691144336596)",13.201812066687271,:9674210566_0_0,0.0,0.6255645996288024,651.6197667190837,!bus0!var#1,bus_bus,0.0,0.0,0.0,0.0,0.0,0.0
75.0,bus1,"(220.42393415589692, 224.10589891242665)",3.6546757444535807,-381243038#4_1,0.0,0.9899565770756453,299.68831110311305,!bus1!var#1,bus_bus,0.0,0.0,0.0,0.0,0.0,0.0
75.0,bus2,"(152.27511273320164, 352.34235986892287)",0.0,399311986#1_0,8.0,0.0,179.85893372752116,!bus2!var#1,bus_bus,0.0,0.0,0.0,0.0,0.0,0.0
75.0,bus3,"(105.72193497740207, 356.47620739640456)",14.287252852425905,-185747928#2_0,0.0,0.859723944123834,112.31549029131975,!bus3!var#1,bus_bus,0.0,0.0,0.0,0.0,0.0,0.0
75.0,bus4,"(113.02798421317618, 84.22075581282323)",1.4862725698752277,-381243038#9_0,0.0,-3.120135129336271,94.85112000802158,!bus4!var#1,bus_bus,0.0,0.0,0.0,0.0,0.0,0.0
75.0,truck0,"(231.26617554001007, 237.72953315909106)",5.296514443647154,-381243038#4_1,0.0,0.7956762811751101,322.0120287553005,!truck0!var#1,truck_truck,0.0,0.0,0.0,0.0,0.0,0.0
75.0,truck1,"(316.96478516315375, 208.01803239922518)",9.982293549585275,:4020287396_0_0,0.0,-0.1819064334871925,231.59886394882818,!truck1!var#1,truck_truck,0.0,0.0,0.0,0.0,0.0,0.0
75.0,veh1,"(200.12717151192336, 299.031790541373)",14.117521376756997,:cluster_5546892981_6784922385_0_0,0.0,2.0692472329363216,379.8560356100958,!veh1!var#1,veh_passenger,0.0,0.0,0.0,0.0,0.0,0.0
75.0,veh10,"(241.08138424990645, 244.92128522876692)",13.122281807804324,-381243038#4_0,0.0,1.6276441975141882,316.31043655722044,!veh10!var#1,veh_passenger,0.0,0.0,0.0,0.0,0.0,0.0
75.0,veh11,"(384.269659494704, 230.4508787621909)",13.77785159019947,1051478561_1,0.0,-0.2250284518115233,389.26794389227325,!veh11!var#1,veh_passenger,0.0,0.0,0.0,0.0,0.0,0.0
75.0,veh14,"(162.27513026224491, 344.35238180739776)",0.0,399311986#1_4,16.0,0.0,182.57890565621008,!veh14!var#1,veh_passenger,0.0,0.0,0.0,0.0,0.0,0.0
75.0,veh15,"(300.3389837912344, 317.91659259653613)",15.744837438439905,-381243038#1_0,0.0,0.4710697097238139,269.30494976810036,!veh15!var#1,veh_passenger,0.0,0.0,0.0,0.0,0.0,0.0
75.0,veh16,"(230.8586974164018, 260.0002256311508)",0.0,-399296451#1_0,9.0,0.0,268.2789864758596,!veh16!var#1,veh_passenger,0.0,0.0,0.0,0.0,0.0,0.0
75.0,veh17,"(218.07605188656004, 285.565963166858)",11.278392150573065,399296451#1_0,0.0,1.3827434111826342,225.34018618268897,!veh17!var#1,veh_passenger,0.0,0.0,0.0,0.0,0.0,0.0
75.0,veh18,"(283.71369715749404, 238.6920213455906)",13.688600566314603,399296457#1_0,0.0,-0.5754617114811431,249.73655007157936,!veh18!var#1,veh_passenger,0.0,0.0,0.0,0.0,0.0,0.0
75.0,veh19,"(232.77867441030207, 262.5602428641549)",0.0,-399296451#1_1,10.0,0.0,270.89895773588364,!veh19!var#1,veh_passenger,0.0,0.0,0.0,0.0,0.0,0.0
75.0,veh20,"(179.43923477556703, 365.83783077464614)",0.11008833789283037,399311986#0_4,0.0,-2.8101797862646576,165.73178257728296,!veh20!var#1,veh_passenger,0.0,0.0,0.0,0.0,0.0,0.0
75.0,veh21,"(159.04438089239298, 355.6855626226318)",9.863061118650684,399311986#1_1,0.0,-3.2418141065184916,186.39205433707133,!veh21!var#1,veh_passenger,0.0,0.0,0.0,0.0,0.0,0.0
75.0,veh22,"(208.66599168290963, 209.3316560164867)",2.4898480210482608,-381243038#4_1,0.0,-1.0239188832139514,259.2730418905885,!veh22!var#1,veh_passenger,0.0,0.0,0.0,0.0,0.0,0.0
75.0,veh23,"(307.17704101262507, 219.7811844385531)",13.59601265361093,399296457#0_0,0.0,-0.48457085764966834,254.33953737963108,!veh23!var#1,veh_passenger,0.0,0.0,0.0,0.0,0.0,0.0
75.0,veh24,"(126.81626894602846, 91.7083283488632)",3.111282446770929,:cluster_123292031_3663224275_3663224276_3663662936_#1more_4_0,0.0,1.3109061423223465,142.3606494202106,!veh24!var#1,veh_passenger,0.0,0.0,0.0,0.0,0.0,0.0
75.0,veh25,"(263.05784627999805, 255.42006485510143)",0.0,399296457#1_0,4.0,0.0,274.018974196627,!veh25!var#1,veh_passenger,0.0,0.0,0.0,0.0,0.0,0.0
75.0,veh26,"(166.95911293595518, 350.21462053011925)",0.0,399311986#1_4,15.0,0.0,163.33789531602577,!veh26!var#1,veh_passenger,0.0,0.0,0.0,0.0,0.0,0.0
75.0,veh27,"(222.63247774752003, 29.71780404180252)",7.1888310901303445,399294709#4_0,0.0,1.8825662128161644,269.11156408943555,!veh27!var#1,veh_passenger,0.0,0.0,0.0,0.0,0.0,0.0
75.0,veh28,"(155.99970730698846, 320.15230522890573)",14.84529880954616,:cluster_122855839_3663662942_3663662943_3663662944_#1more_10_0,0.0,0.2367608332075175,174.3860108232796,!veh28!var#1,veh_passenger,0.0,0.0,0.0,0.0,0.0,0.0
75.0,veh29,"(201.8305834748212, 200.7427399377416)",4.217920827091612,-381243038#4_1,0.0,-2.92360212350338,248.28839227471764,!veh29!var#1,veh_passenger,0.0,0.0,0.0,0.0,0.0,0.0
75.0,veh3,"(329.2164545395313, 185.88332233641128)",0.0,-381188582#1_0,19.0,0.0,427.14891922749524,!veh3!var#1,veh_passenger,0.0,0.0,0.0,0.0,0.0,0.0
75.0,veh30,"(201.25365227845566, 32.036421159820634)",7.184713393742496,1235901878#1_0,0.0,2.0605532797751955,126.23550104562287,!veh30!var#1,veh_passenger,0.0,0.0,0.0,0.0,0.0,0.0
75.0,veh31,"(109.93773798145395, 85.46721907055397)",5.134264440053695,-381243038#9_1,0.0,-4.5,213.47569831722217,!veh31!var#1,veh_passenger,0.0,0.0,0.0,0.0,0.0,0.0
75.0,veh32,"(432.9792470519586, 115.48357995757347)",5.68334270496387,-381188583#0_0,0.0,1.7569569536019118,90.4263698828183,!veh32!var#1,veh_passenger,0.0,0.0,0.0,0.0,0.0,0.0
75.0,veh33,"(226.77195472792047, 267.05965068624573)",0.029716749131109565,-399296451#1_1,1.0,-0.12421340110393837,260.7751660835665,!veh33!var#1,veh_passenger,0.0,0.0,0.0,0.0,0.0,0.0
75.0,veh34,"(421.39158938647506, 120.62280464268952)",9.812106572028908,-381188583#0_1,0.0,1.8844159053405747,97.53863213895235,!veh34!var#1,veh_passenger,0.0,0.0,0.0,0.0,0.0,0.0
75.0,veh35,"(303.4609035864374, 336.93430632184123)",12.49820349988082,381243038#1_0,0.0,0.6796115398174152,167.87643940834084,!veh35!var#1,veh_passenger,0.0,0.0,0.0,0.0,0.0,0.0
75.0,veh36,"(234.2755993908076, 44.33545623129294)",2.0894368606622997,399294709#3_0,0.0,-1.0476861582800554,82.36136862827559,!veh36!var#1,veh_passenger,0.0,0.0,0.0,0.0,0.0,0.0
75.0,veh37,"(357.04200139216806, 203.90974251141432)",10.197632993963685,399294708#0_0,0.0,-4.075115145158591,149.82562711488802,!veh37!var#1,veh_passenger,0.0,0.0,0.0,0.0,0.0,0.0
75.0,veh38,"(419.66500687780865, 277.5900660724225)",15.912136119455695,1051478559#1_0,0.0,0.5137935988881086,101.84695623123889,!veh38!var#1,veh_passenger,0.0,0.0,0.0,0.0,0.0,0.0
75.0,veh39,"(440.07473995265394, 103.69555024550617)",3.4675629678027535,:cluster_123308403_3663827018_3663827019_3664674393_#1more_5_0,0.0,-0.2647260025966718,75.95058030739764,!veh39!var#1,veh_passenger,0.0,0.0,0.0,0.0,0.0,0.0
75.0,veh40,"(258.67, 492.54)",0.0,1121247208_0,9.0,0.0,0.0,!veh40!var#1,veh_passenger,0.0,0.0,0.0,0.0,0.0,0.0
75.0,veh41,"(223.37726911627735, 265.604282220095)",4.390095496895357,-399296451#1_0,0.0,-4.5,45.032940348462404,!veh41!var#1,veh_passenger,0.0,0.0,0.0,0.0,0.0,0.0
75.0,veh42,"(205.34671510507854, 400.8258514466156)",11.444544311636125,237022767#3_3,0.0,2.270077704265713,38.58035150624345,!veh42!var#1,veh_passenger,0.0,0.0,0.0,0.0,0.0,0.0
75.0,veh43,"(276.53, 500.15)",0.0,237022767#0_1,4.0,0.0,0.0,!veh43!var#1,veh_passenger,0.0,0.0,0.0,0.0,0.0,0.0
75.0,veh44,"(138.02286913931917, 120.49075895362338)",6.995033140270971,-381243038#6_1,0.0,2.5555055660894146,13.730026514222844,!veh44!var#1,veh_passenger,0.0,0.0,0.0,0.0,0.0,0.0
75.0,veh45,"(274.03, 502.15)",0.0,237022767#0_0,1.0,0.0,0.0,!veh45!var#1,veh_passenger,0.0,0.0,0.0,0.0,0.0,0.0
75.0,veh6,"(237.84531063422398, 266.654689365776)",4.1617465957509605,:cluster_123292029_3663224277_3663224278_5344542569_#1more_24_0,0.0,-3.7545176655961434,330.25871124697716,!veh6!var#1,veh_passenger,0.0,0.0,0.0,0.0,0.0,0.0
75.0,veh8,"(243.04490137828807, 255.57413875958764)",6.8892432043447265,:cluster_123292029_3663224277_3663224278_5344542569_#1more_24_0,0.0,-0.48017722300976917,317.2582943622761,!veh8!var#1,veh_passenger,0.0,0.0,0.0,0.0,0.0,0.0
75.0,veh9,"(360.5482775604533, 187.75787129723852)",0.36369193258316235,399294708#0_4,0.0,-0.4728073201417232,420.6922428059132,!veh9!var#1,veh_passenger,0.0,0.0,0.0,0.0,0.0,0.0
80.0,bus1,"(236.68365217456997, 244.5367714038732)",2.8862773000130026,-381243038#4_1,0.0,-4.0,325.8180315017626,!bus1!var#1,bus_bus,0.0,0.0,0.0,0.0,0.0,0.0
80.0,bus2,"(142.03748672172645, 344.9952902289758)",4.348590556578711,:cluster_122855839_3663662942_3663662943_3663662944_#1more_0_0,0.0,1.0446969362441454,192.85366210880102,!bus2!var#1,bus_bus,0.0,0.0,0.0,0.0,0.0,0.0
80.0,bus3,"(130.15430791293144, 339.10035103482716)",0.013432980649553582,-185747928#1_0,1.0,-1.6013000040087844,142.28885916376524,!bus3!var#1,bus_bus,0.0,0.0,0.0,0.0,0.0,0.0
80.0,bus4,"(113.03906500225801, 84.2347685265048)",0.0,-381243038#9_0,5.0,0.0,94.86898347682443,!bus4!var#1,bus_bus,0.0,0.0,0.0,0.0,0.0,0.0
80.0,truck0,"(242.18056545250965, 252.51859738428175)",0.01743737427969847,:cluster_123292029_3663224277_3663224278_5344542569_#1more_8_0,1.0,-0.31647638405646117,340.4423438549681,!truck0!var#1,truck_truck,0.0,0.0,0.0,0.0,0.0,0.0
80.0,truck1,"(282.7043229733723, 239.5094582727598)",4.279645518231592,399296457#1_0,0.0,-3.468380040872998,278.5955337262508,!truck1!var#1,truck_truck,0.0,0.0,0.0,0.0,0.0,0.0
80.0,veh1,"(164.66446312666798, 329.65606716509603)",2.3031068351258943,381187778#0_0,0.0,-4.495421091665048,426.58442109166504,!veh1!var#1,veh_passenger,0.0,0.0,0.0,0.0,0.0,0.0
80.0,veh10,"(280.1316170855763, 298.20485502808634)",12.613204941180378,-381243038#1_1,0.0,-0.4866253890562806,382.30083686488706,!veh10!var#1,veh_passenger,0.0,0.0,0.0,0.0,0.0,0.0
80.0,veh11,"(353.1282555789525, 193.84103058349254)",2.760098464973333,399294708#0_1,0.0,-4.5,437.5176610943451,!veh11!var#1,veh_passenger,0.0,0.0,0.0,0.0,0.0,0.0
80.0,veh14,"(162.27513026224491, 344.35238180739776)",0.0,399311986#1_4,21.0,0.0,182.57890565621008,!veh14!var#1,veh_passenger,0.0,0.0,0.0,0.0,0.0,0.0
80.0,veh15,"(349.6321270321226, 378.34438599763257)",15.538249758103818,-381243038#1_0,0.0,0.4369731224374842,347.28508620655464,!veh15!var#1,veh_passenger,0.0,0.0,0.0,0.0,0.0,0.0
80.0,veh16,"(230.8586974164018, 260.0002256311508)",0.0,-399296451#1_0,14.0,0.0,268.2789864758596,!veh16!var#1,veh_passenger,0.0,0.0,0.0,0.0,0.0,0.0
80.0,veh17,"(166.5233926605356, 324.2591197020797)",8.853028459447003,381187778#0_1,0.0,-4.325938697741497,289.78075917433046,!veh17!var#1,veh_passenger,0.0,0.0,0.0,0.0,0.0,0.0
80.0,veh18,"(268.89036491391295, 250.6966271203501)",0.02740156877362746,399296457#1_0,2.0,-0.04884771877629582,268.8129903006605,!veh18!var#1,veh_passenger,0.0,0.0,0.0,0.0,0.0,0.0
80.0,veh19,"(232.77867441030207, 262.5602428641549)",0.0,-399296451#1_1,15.0,0.0,270.89895773588364,!veh19!var#1,veh_passenger,0.0,0.0,0.0,0.0,0.0,0.0
80.0,veh20,"(179.43477835995236, 365.8322511380746)",0.0,399311986#0_4,5.0,0.0,165.73892305336602,!veh20!var#1,veh_passenger,0.0,0.0,0.0,0.0,0.0,0.0
80.0,veh21,"(145.0352248675876, 337.9914009079175)",7.179767267420642,:cluster_122855839_3663662942_3663662943_3663662944_#1more_1_0,0.0,1.7497309319674974,208.95694673348495,!veh21!var#1,veh_passenger,0.0,0.0,0.0,0.0,0.0,0.0
80.0,veh22,"(225.06959957255143, 229.94333088120914)",7.17901324616088,-381243038#4_1,0.0,1.0168101739980546,285.6339964405494,!veh22!var#1,veh_passenger,0.0,0.0,0.0,0.0,0.0,0.0
80.0,veh23,"(275.0683834893983, 245.69338788580092)",1.2921076603492683,399296457#1_0,0.0,-3.047781094759026,295.63237567820045,!veh23!var#1,veh_passenger,0.0,0.0,0.0,0.0,0.0,0.0
80.0,veh24,"(143.9369761713766, 127.93371978145649)",12.08955681607805,-381243038#6_1,0.0,1.8704360456438724,183.83775608047898,!veh24!var#1,veh_passenger,0.0,0.0,0.0,0.0,0.0,0.0
80.0,veh25,"(263.05784627999805, 255.42006485510143)",0.0,399296457#1_0,9.0,0.0,274.018974196627,!veh25!var#1,veh_passenger,0.0,0.0,0.0,0.0,0.0,0.0
80.0,veh26,"(166.95911293595518, 350.21462053011925)",0.0,399311986#1_4,20.0,0.0,163.33789531602577,!veh26!var#1,veh_passenger,0.0,0.0,0.0,0.0,0.0,0.0
80.0,veh27,"(195.37053050549048, 36.77175463878107)",7.814372777448736,1235901878#1_0,0.0,1.7153348217951132,301.85703010369065,!veh27!var#1,veh_passenger,0.0,0.0,0.0,0.0,0.0,0.0
80.0,veh28,"(210.17325623056266, 275.4949117154633)",11.874715222569526,-399296451#1_0,0.0,-2.902075020316758,245.0580534704335,!veh28!var#1,veh_passenger,0.0,0.0,0.0,0.0,0.0,0.0
80.0,veh29,"(215.3844309002092, 217.7735966966722)",5.934840186938543,-381243038#4_1,0.0,0.5147158643288998,270.0697197949502,!veh29!var#1,veh_passenger,0.0,0.0,0.0,0.0,0.0,0.0
80.0,veh3,"(329.2164545395313, 185.88332233641128)",0.0,-381188582#1_0,24.0,0.0,427.14891922749524,!veh3!var#1,veh_passenger,0.0,0.0,0.0,0.0,0.0,0.0
80.0,veh30,"(154.42110246225826, 69.33174170843063)",12.610228305376255,777294311#1_0,0.0,-0.2964324071770541,186.10355132568907,!veh30!var#1,veh_passenger,0.0,0.0,0.0,0.0,0.0,0.0
80.0,veh31,"(110.52907057072535, 86.21489845168499)",0.00021736085773415613,-381243038#9_1,4.0,-0.0022212502009800192,214.42899245381528,!veh31!var#1,veh_passenger,0.0,0.0,0.0,0.0,0.0,0.0
80.0,veh32,"(388.93454937085295, 150.57320557173944)",14.070360515478924,-399296456#1_0,0.0,0.9171269856234296,146.735726790185,!veh32!var#1,veh_passenger,0.0,0.0,0.0,0.0,0.0,0.0
80.0,veh33,"(226.77413171742927, 267.05801998527375)",0.0,-399296451#1_1,6.0,0.0,260.77788565041277,!veh33!var#1,veh_passenger,0.0,0.0,0.0,0.0,0.0,0.0
80.0,veh34,"(361.27240460903505, 168.53752767101253)",16.29788125112176,:cluster_123281084_3663662939_3664674395_3664674397_#1more_5_1,0.0,-0.7791406330419726,174.4486897345135,!veh34!var#1,veh_passenger,0.0,0.0,0.0,0.0,0.0,0.0
80.0,veh35,"(266.80671336581304, 292.0004334074616)",11.873591684070616,381243038#1_0,0.0,0.6356822052272033,225.86216656064005,!veh35!var#1,veh_passenger,0.0,0.0,0.0,0.0,0.0,0.0
80.0,veh36,"(220.36290257346099, 27.481808797431412)",7.683458534858071,:cluster_123281085_12840608127_12840608130_12840608135_#1more_0_0,0.0,1.3805889980867505,104.23735131425352,!veh36!var#1,veh_passenger,0.0,0.0,0.0,0.0,0.0,0.0
80.0,veh37,"(350.5506692975135, 195.74603187496606)",0.10901074415024126,399294708#0_0,0.0,-0.2595878429947581,160.25626251069073,!veh37!var#1,veh_passenger,0.0,0.0,0.0,0.0,0.0,0.0
80.0,veh38,"(367.78368526367206, 217.41883395774076)",14.871527982820343,399294708#0_0,0.0,-1.5330021278700663,181.6552888103824,!veh38!var#1,veh_passenger,0.0,0.0,0.0,0.0,0.0,0.0
80.0,veh39,"(416.3802677371266, 128.6981302156468)",11.351633976887069,-381188583#0_0,0.0,2.4525626810733225,111.69069064047392,!veh39!var#1,veh_passenger,0.0,0.0,0.0,0.0,0.0,0.0
80.0,veh40,"(260.1421459683237, 491.06785403167635)",2.0825808397028593,:72027666_6_1,0.0,2.0825808397028593,2.0825808397028593,!veh40!var#1,veh_passenger,0.0,0.0,0.0,0.0,0.0,0.0
80.0,veh41,"(224.85419034067877, 264.49797607280215)",0.0005069310698293545,-399296451#1_0,3.0,-0.0027984252691960277,46.87795888450289,!veh41!var#1,veh_passenger,0.0,0.0,0.0,0.0,0.0,0.0
80.0,veh42,"(184.2350923308856, 371.842464211338)",0.41164705632281584,399311986#0_4,0.0,-3.1724303142784622,74.60742161712437,!veh42!var#1,veh_passenger,0.0,0.0,0.0,0.0,0.0,0.0
80.0,veh43,"(276.53, 500.15)",0.0,237022767#0_1,9.0,0.0,0.0,!veh43!var#1,veh_passenger,0.0,0.0,0.0,0.0,0.0,0.0
80.0,veh44,"(172.77737826808368, 164.21186298242785)",12.088638884939426,-381243038#5_1,0.0,0.6785776184871803,69.58718934802017,!veh44!var#1,veh_passenger,0.0,0.0,0.0,0.0,0.0,0.0
80.0,veh45,"(274.03, 502.15)",0.0,237022767#0_0,6.0,0.0,0.0,!veh45!var#1,veh_passenger,0.0,0.0,0.0,0.0,0.0,0.0
80.0,veh46,"(292.01683204247706, 231.96776668064936)",2.3810811267700047,399296457#1_0,0.0,2.3810811267700047,2.3810811267700043,!veh46!var#1,veh_passenger,0.0,0.0,0.0,0.0,0.0,0.0
80.0,veh47,"(78.52727311924971, 40.59131906431935)",14.965270602230266,-381243038#9_0,0.0,-0.175113869830966,46.23212286352824,!veh47!var#1,veh_passenger,0.0,0.0,0.0,0.0,0.0,0.0
80.0,veh48,"(496.2312327510667, 368.4984390087239)",2.189978382526897,1121914434_1,0.0,2.189978382526897,2.1899783825268972,!veh48!var#1,veh_passenger,0.0,0.0,0.0,0.0,0.0,0.0
80.0,veh49,"(6.02, 399.86)",17.14927,-185747931#1_1,0.0,0.0,0.0,!veh49!var#1,veh_passenger,0.0,0.0,0.0,0.0,0.0,0.0
80.0,veh6,"(197.37921006033517, 297.0941508271306)",14.077466245971085,:cluster_5546892981_6784922385_0_1,0.0,1.6503074331441887,380.89098742458106,!veh6!var#1,veh_passenger,0.0,0.0,0.0,0.0,0.0,0.0
80.0,veh8,"(217.35617395720973, 286.10538056480567)",11.991494391412672,399296451#1_0,0.0,1.696881602006032,358.3197880698443,!veh8!var#1,veh_passenger,0.0,0.0,0.0,0.0,0.0,0.0
80.0,veh9,"(360.5129938349562, 187.71349733501725)",0.0,399294708#0_4,5.0,0.0,420.74893866905796,!veh9!var#1,veh_passenger,0.0,0.0,0.0,0.0,0.0,0.0
85.0,bus1,"(236.77063439279044, 244.64606743271236)",0.0,-381243038#4_1,5.0,-0.0023720972050446766,325.9578138177379,!bus1!var#1,bus_bus,0.0,0.0,0.0,0.0,0.0,0.0
85.0,bus2,"(117.96323243978894, 359.5587983315711)",7.196752817794812,:11692781943_4_0,0.0,0.8029694854281848,221.46733803671265,!bus2!var#1,bus_bus,0.0,0.0,0.0,0.0,0.0,0.0
85.0,bus3,"(130.15441486492261, 339.10027494030606)",0.0,-185747928#1_0,6.0,0.0,142.2889904314428,!bus3!var#1,bus_bus,0.0,0.0,0.0,0.0,0.0,0.0
85.0,bus4,"(113.03906500225801, 84.2347685265048)",0.0,-381243038#9_0,10.0,0.0,94.86898347682443,!bus4!var#1,bus_bus,0.0,0.0,0.0,0.0,0.0,0.0
85.0,bus5,"(424.0382161482263, 77.69062274095965)",11.629438575735781,1121666264#0_2,0.0,-1.3119311302746652,37.92997017543436,!bus5!var#1,bus_bus,0.0,0.0,0.0,0.0,0.0,0.0
85.0,truck0,"(242.79580553771606, 253.605873265232)",1.2360255660954864,:cluster_123292029_3663224277_3663224278_5344542569_#1more_24_0,0.0,1.2360255660954864,341.6949602369728,!truck0!var#1,truck_truck,0.0,0.0,0.0,0.0,0.0,0.0
85.0,truck1,"(280.5463255802306, 241.25710229381605)",0.01107771246024986,399296457#1_0,3.0,-0.04808015290330473,281.3727033672138,!truck1!var#1,truck_truck,0.0,0.0,0.0,0.0,0.0,0.0
85.0,truck2,"(261.22880052379173, 487.5010900044214)",3.0570794237661176,:72027666_6_0,0.0,1.137133500573691,5.907458529737778,!truck2!var#1,truck_truck,0.0,0.0,0.0,0.0,0.0,0.0
85.0,veh1,"(164.66083123063308, 329.65879373042355)",0.0,381187778#0_0,5.0,0.0,426.58896096170866,!veh1!var#1,veh_passenger,0.0,0.0,0.0,0.0,0.0,0.0
85.0,veh10,"(321.1481354126711, 348.4864465952893)",12.792586117264658,-381243038#1_1,0.0,0.31250766883604264,447.1876240544714,!veh10!var#1,veh_passenger,0.0,0.0,0.0,0.0,0.0,0.0
85.0,veh11,"(353.00298627493135, 193.68348782728376)",0.0,399294708#0_1,4.0,-0.002133668361413256,437.7189508169287,!veh11!var#1,veh_passenger,0.0,0.0,0.0,0.0,0.0,0.0
85.0,veh14,"(159.03540742534855, 339.7127731049228)",3.943673891271465,:cluster_122855839_3663662942_3663662943_3663662944_#1more_4_0,0.0,2.226561290048995,188.23969214870402,!veh14!var#1,veh_passenger,0.0,0.0,0.0,0.0,0.0,0.0
85.0,veh15,"(381.4739060076876, 396.62341296609935)",7.9652610663696635,167413476#4_0,0.0,1.8563415828859426,391.0425902622947,!veh15!var#1,veh_passenger,0.0,0.0,0.0,0.0,0.0,0.0
85.0,veh16,"(230.8586974164018, 260.0002256311508)",0.0,-399296451#1_0,19.0,0.0,268.2789864758596,!veh16!var#1,veh_passenger,0.0,0.0,0.0,0.0,0.0,0.0
85.0,veh17,"(162.75362826959872, 327.0891866374883)",0.0,381187778#0_1,3.0,0.0,294.49296466300154,!veh17!var#1,veh_passenger,0.0,0.0,0.0,0.0,0.0,0.0
85.0,veh18,"(268.8865074140061, 250.6997510984744)",0.0,399296457#1_0,7.0,0.0,268.8179545937896,!veh18!var#1,veh_passenger,0.0,0.0,0.0,0.0,0.0,0.0
85.0,veh19,"(232.77867441030207, 262.5602428641549)",0.0,-399296451#1_1,20.0,0.0,270.89895773588364,!veh19!var#1,veh_passenger,0.0,0.0,0.0,0.0,0.0,0.0
85.0,veh20,"(179.43477835995236, 365.8322511380746)",0.0,399311986#0_4,10.0,0.0,165.73892305336602,!veh20!var#1,veh_passenger,0.0,0.0,0.0,0.0,0.0,0.0
85.0,veh21,"(108.67561517758757, 292.03677345754653)",13.198790283003413,399311989#2_0,0.0,0.16990929003804922,267.54235663238103,!veh21!var#1,veh_passenger,0.0,0.0,0.0,0.0,0.0,0.0
85.0,veh22,"(227.74335540933134, 233.3029933619346)",0.006169407470923273,-381243038#4_1,2.0,-0.020694289942687155,289.9307802069765,!veh22!var#1,veh_passenger,0.0,0.0,0.0,0.0,0.0,0.0
85.0,veh23,"(274.7152265881176, 245.97939033834297)",0.0001835851554149166,399296457#1_0,4.0,-0.011402578226320912,296.08686029799196,!veh23!var#1,veh_passenger,0.0,0.0,0.0,0.0,0.0,0.0
85.0,veh24,"(190.47417157371618, 186.47303346156755)",15.553764055567278,-381243038#4_1,0.0,0.12603220131713755,258.5583914218746,!veh24!var#1,veh_passenger,0.0,0.0,0.0,0.0,0.0,0.0
85.0,veh25,"(263.05784627999805, 255.42006485510143)",0.0,399296457#1_0,14.0,0.0,274.018974196627,!veh25!var#1,veh_passenger,0.0,0.0,0.0,0.0,0.0,0.0
85.0,veh26,"(165.89873541314867, 348.88750499448986)",1.6981067858584102,399311986#1_4,0.0,1.6981067858584102,165.03600210188415,!veh26!var#1,veh_passenger,0.0,0.0,0.0,0.0,0.0,0.0
85.0,veh27,"(144.35427121687187, 77.19540382419548)",14.367832822515725,777294311#1_0,0.0,-0.6145811779699155,366.94465370095395,!veh27!var#1,veh_passenger,0.0,0.0,0.0,0.0,0.0,0.0
85.0,veh28,"(218.84903164598728, 268.99621461771767)",0.01809558662046095,-399296451#1_0,1.0,-0.09169793098392029,255.89611726931378,!veh28!var#1,veh_passenger,0.0,0.0,0.0,0.0,0.0,0.0
85.0,veh29,"(223.00233541582955, 227.3457452192919)",0.20127861842646264,-381243038#4_1,0.0,-0.21606886930514732,282.31185799120743,!veh29!var#1,veh_passenger,0.0,0.0,0.0,0.0,0.0,0.0
85.0,veh3,"(329.2164545395313, 185.88332233641128)",0.0,-381188582#1_0,29.0,0.0,427.14891922749524,!veh3!var#1,veh_passenger,0.0,0.0,0.0,0.0,0.0,0.0
85.0,veh30,"(127.14468839469565, 101.0320609894062)",5.273403518314021,:cluster_123292031_3663224275_3663224276_3663662936_#1more_13_0,0.0,-1.8110634096201235,231.62418772886835,!veh30!var#1,veh_passenger,0.0,0.0,0.0,0.0,0.0,0.0
85.0,veh31,"(110.52907057072535, 86.21489845168499)",0.0,-381243038#9_1,9.0,0.0,214.42899245381528,!veh31!var#1,veh_passenger,0.0,0.0,0.0,0.0,0.0,0.0
85.0,veh32,"(330.84878965828113, 196.86195590451743)",15.201133888031281,381188582#1_0,0.0,0.7066724950214844,221.00578555671822,!veh32!var#1,veh_passenger,0.0,0.0,0.0,0.0,0.0,0.0
85.0,veh33,"(226.77413171742927, 267.05801998527375)",0.0,-399296451#1_1,11.0,0.0,260.77788565041277,!veh33!var#1,veh_passenger,0.0,0.0,0.0,0.0,0.0,0.0
85.0,veh34,"(299.14015324322685, 222.10550727119187)",16.907312916116677,:2611822747_0_1,0.0,0.8976040641311549,256.9682066562781,!veh34!var#1,veh_passenger,0.0,0.0,0.0,0.0,0.0,0.0
85.0,veh35,"(229.43528043641356, 245.70407161501714)",11.946680841511316,381243038#4_0,0.0,0.14713531103916466,285.33984246851367,!veh35!var#1,veh_passenger,0.0,0.0,0.0,0.0,0.0,0.0
85.0,veh36,"(195.38892474638817, 36.756949086881214)",7.514256934504957,1235901878#1_0,0.0,1.3243173247203233,133.76341940005403,!veh36!var#1,veh_passenger,0.0,0.0,0.0,0.0,0.0,0.0
85.0,veh37,"(350.49296674596053, 195.67346326701409)",0.0,399294708#0_0,5.0,-0.0004397562158293715,160.3489821971711,!veh37!var#1,veh_passenger,0.0,0.0,0.0,0.0,0.0,0.0
85.0,veh38,"(355.16256979752745, 201.54610813315182)",0.0038781010546854113,399294708#0_0,2.0,-0.061547535675903826,201.93560289631375,!veh38!var#1,veh_passenger,0.0,0.0,0.0,0.0,0.0,0.0
85.0,veh39,"(358.7266584402541, 174.65893755452063)",15.772247055916752,:cluster_123281084_3663662939_3664674395_3664674397_#1more_5_0,0.0,0.7963778671575721,185.37008826224078,!veh39!var#1,veh_passenger,0.0,0.0,0.0,0.0,0.0,0.0
85.0,veh40,"(246.62321868240917, 452.5259647529756)",12.590007745800541,237022767#2_3,0.0,1.4004494260763742,45.22166112272535,!veh40!var#1,veh_passenger,0.0,0.0,0.0,0.0,0.0,0.0
85.0,veh41,"(224.85419034067877, 264.49797607280215)",0.0,-399296451#1_0,8.0,0.0,46.87795888450289,!veh41!var#1,veh_passenger,0.0,0.0,0.0,0.0,0.0,0.0
85.0,veh42,"(184.11627002983403, 371.69369324520954)",0.0010527231323170332,399311986#0_4,4.0,-0.0021368930411643583,74.7978095593985,!veh42!var#1,veh_passenger,0.0,0.0,0.0,0.0,0.0,0.0
85.0,veh43,"(276.53, 500.15)",0.0,237022767#0_1,14.0,0.0,0.0,!veh43!var#1,veh_passenger,0.0,0.0,0.0,0.0,0.0,0.0
85.0,veh44,"(208.962739617978, 209.70452959378486)",12.01990745632647,-381243038#4_1,0.0,0.06152410896029181,127.66992227457229,!veh44!var#1,veh_passenger,0.0,0.0,0.0,0.0,0.0,0.0
85.0,veh45,"(274.03, 502.15)",0.0,237022767#0_0,11.0,0.0,0.0,!veh45!var#1,veh_passenger,0.0,0.0,0.0,0.0,0.0,0.0
85.0,veh46,"(288.0517201815377, 235.17889383891784)",0.10528428878364254,399296457#1_0,0.0,-0.05918274323006484,7.4838622136329125,!veh46!var#1,veh_passenger,0.0,0.0,0.0,0.0,0.0,0.0
85.0,veh47,"(104.00977565213432, 72.81637174295237)",0.05912801695749086,-381243038#9_0,1.0,-4.249712871288503,87.31276122348827,!veh47!var#1,veh_passenger,0.0,0.0,0.0,0.0,0.0,0.0
85.0,veh48,"(476.0180093611065, 345.78482194770805)",4.169192171213449,1051478560#0_1,0.0,-4.187791683734629,32.73272961340914,!veh48!var#1,veh_passenger,0.0,0.0,0.0,0.0,0.0,0.0
85.0,veh49,"(80.50150938764273, 370.30870014024254)",16.870769360934833,-399307909#1_0,0.0,0.7491710998583585,82.74746342859454,!veh49!var#1,veh_passenger,0.0,0.0,0.0,0.0,0.0,0.0
85.0,veh52,"(407.29161977601746, 127.7577492488391)",0.0,381188583#0_2,0.0,0.0,0.0,!veh52!var#1,veh_passenger,0.0,0.0,0.0,0.0,0.0,0.0
85.0,veh6,"(160.95340048206813, 324.43927030767594)",1.5346047706639605,381187778#0_2,0.0,-3.609772535598735,426.42324939741485,!veh6!var#1,veh_passenger,0.0,0.0,0.0,0.0,0.0,0.0
85.0,veh8,"(169.6757671164476, 321.8925445555926)",5.208000635189897,381187778#0_1,0.0,-4.5,417.92029110444054,!veh8!var#1,veh_passenger,0.0,0.0,0.0,0.0,0.0,0.0
85.0,veh9,"(360.5129938349562, 187.71349733501725)",0.0,399294708#0_4,10.0,0.0,420.74893866905796,!veh9!var#1,veh_passenger,0.0,0.0,0.0,0.0,0.0,0.0
90.0,bus1,"(242.97554223930922, 255.0260878581482)",4.363583813421427,:cluster_123292029_3663224277_3663224278_5344542569_#1more_24_0,0.0,0.946337915444746,338.2260476972072,!bus1!var#1,bus_bus,0.0,0.0,0.0,0.0,0.0,0.0
90.0,bus2,"(84.16903090156967, 395.1431158296861)",11.954763174714651,399307909#1_0,0.0,1.0118425553664565,271.6500701493073,!bus2!var#1,bus_bus,0.0,0.0,0.0,0.0,0.0,0.0
90.0,bus3,"(130.15441486492261, 339.10027494030606)",0.0,-185747928#1_0,11.0,0.0,142.2889904314428,!bus3!var#1,bus_bus,0.0,0.0,0.0,0.0,0.0,0.0
90.0,bus4,"(119.47259940260214, 92.20997444255869)",3.948191101849079,:cluster_123292031_3663224275_3663224276_3663662936_#1more_7_0,0.0,1.022500411653891,105.12028195358005,!bus4!var#1,bus_bus,0.0,0.0,0.0,0.0,0.0,0.0
90.0,bus5,"(432.0079356879598, 87.55747727833175)",0.034379267944075864,1121666264#0_2,1.0,-0.09758873138083216,50.61404827742912,!bus5!var#1,bus_bus,0.0,0.0,0.0,0.0,0.0,0.0
90.0,truck0,"(235.94442941574158, 272.17686854488943)",5.44079019640523,399296451#1_0,0.0,1.084534945094492,361.51080853367085,!truck0!var#1,truck_truck,0.0,0.0,0.0,0.0,0.0,0.0
90.0,truck1,"(280.543899245972, 241.25906724918326)",0.0,399296457#1_0,8.0,0.0,281.37582586488827,!truck1!var#1,truck_truck,0.0,0.0,0.0,0.0,0.0,0.0
90.0,truck2,"(244.78273058427104, 465.61622390273277)",6.990002907696179,237022767#2_0,0.0,0.7862098601646723,33.41489218190545,!truck2!var#1,truck_truck,0.0,0.0,0.0,0.0,0.0,0.0
90.0,veh1,"(164.66083123063308, 329.65879373042355)",0.0,381187778#0_0,10.0,0.0,426.58896096170866,!veh1!var#1,veh_passenger,0.0,0.0,0.0,0.0,0.0,0.0
90.0,veh10,"(362.64914190473246, 399.39700582475183)",13.310914842881106,:cluster_123292026_3663224279_3663224280_3663662945_#1more_1_1,0.0,0.5695300504332401,512.8706375915033,!veh10!var#1,veh_passenger,0.0,0.0,0.0,0.0,0.0,0.0
90.0,veh11,"(333.04124394354295, 168.58588250788475)",11.097315966434543,:cluster_123281084_3663662939_3664674395_3664674397_#1more_1_0,0.0,2.55993897698354,469.79626547510304,!veh11!var#1,veh_passenger,0.0,0.0,0.0,0.0,0.0,0.0
90.0,veh14,"(168.54543676174376, 310.7335434876311)",9.725335080493362,-381187778#0_0,0.0,2.1185112963197765,222.86242274357113,!veh14!var#1,veh_passenger,0.0,0.0,0.0,0.0,0.0,0.0
90.0,veh15,"(432.30713327808775, 356.82165501277063)",16.48277186862188,167413476#4_0,0.0,1.729789703898133,455.60647615075175,!veh15!var#1,veh_passenger,0.0,0.0,0.0,0.0,0.0,0.0
90.0,veh16,"(230.8586974164018, 260.0002256311508)",0.0,-399296451#1_0,24.0,0.0,268.2789864758596,!veh16!var#1,veh_passenger,0.0,0.0,0.0,0.0,0.0,0.0
90.0,veh17,"(162.74106084744025, 327.09862135070256)",0.0006558701330479568,381187778#0_1,8.0,-0.001816151290611259,294.5086739406996,!veh17!var#1,veh_passenger,0.0,0.0,0.0,0.0,0.0,0.0
90.0,veh18,"(268.8865074140061, 250.6997510984744)",0.0,399296457#1_0,12.0,0.0,268.8179545937896,!veh18!var#1,veh_passenger,0.0,0.0,0.0,0.0,0.0,0.0
90.0,veh19,"(232.77867441030207, 262.5602428641549)",0.0,-399296451#1_1,25.0,0.0,270.89895773588364,!veh19!var#1,veh_passenger,0.0,0.0,0.0,0.0,0.0,0.0
90.0,veh20,"(162.12557749334024, 344.16520903285186)",8.026202706483312,399311986#1_4,0.0,0.48948799912177776,193.46840203015134,!veh20!var#1,veh_passenger,0.0,0.0,0.0,0.0,0.0,0.0
90.0,veh21,"(69.5922006497127, 242.44129084727675)",12.483930979730152,399311989#5_0,0.0,-0.023269350873306394,330.6877223846867,!veh21!var#1,veh_passenger,0.0,0.0,0.0,0.0,0.0,0.0
90.0,veh22,"(232.5318129473975, 239.31984834543323)",3.780492635699485,-381243038#4_1,0.0,1.8468622806028074,297.62593558831725,!veh22!var#1,veh_passenger,0.0,0.0,0.0,0.0,0.0,0.0
90.0,veh23,"(274.7152265881176, 245.97939033834297)",0.0,399296457#1_0,9.0,0.0,296.08686029799196,!veh23!var#1,veh_passenger,0.0,0.0,0.0,0.0,0.0,0.0
90.0,veh24,"(213.7437358503507, 215.7120092003509)",0.5386616248775009,-381243038#4_1,0.0,-3.3930277375017193,295.95308717542895,!veh24!var#1,veh_passenger,0.0,0.0,0.0,0.0,0.0,0.0
90.0,veh25,"(263.05784627999805, 255.42006485510143)",0.0,399296457#1_0,19.0,0.0,274.018974196627,!veh25!var#1,veh_passenger,0.0,0.0,0.0,0.0,0.0,0.0
90.0,veh26,"(155.13421630234842, 327.3423367109417)",4.902481461093144,:cluster_122855839_3663662942_3663662943_3663662944_#1more_4_0,0.0,-1.12487493687662,189.88838518322282,!veh26!var#1,veh_passenger,0.0,0.0,0.0,0.0,0.0,0.0
90.0,veh27,"(130.29285754203676, 88.17941689778053)",0.24843730665568006,777294311#1_0,0.0,-0.7352409887086674,384.78341042637044,!veh27!var#1,veh_passenger,0.0,0.0,0.0,0.0,0.0,0.0
90.0,veh28,"(218.8496391277054, 268.9957595760079)",0.0,-399296451#1_0,6.0,0.0,255.89687615544233,!veh28!var#1,veh_passenger,0.0,0.0,0.0,0.0,0.0,0.0
90.0,veh29,"(225.35904965470286, 230.30703446538465)",2.3110794581944196,-381243038#4_1,0.0,1.312050423030057,286.09914901621505,!veh29!var#1,veh_passenger,0.0,0.0,0.0,0.0,0.0,0.0
90.0,veh3,"(329.2164545395313, 185.88332233641128)",0.0,-381188582#1_0,34.0,0.0,427.14891922749524,!veh3!var#1,veh_passenger,0.0,0.0,0.0,0.0,0.0,0.0
90.0,veh30,"(159.86105758958925, 147.96229825787034)",13.32483364785661,-381243038#5_1,0.0,-0.12363829407840932,288.7568771289738,!veh30!var#1,veh_passenger,0.0,0.0,0.0,0.0,0.0,0.0
90.0,veh31,"(122.23708140513418, 100.71258419170618)",7.511259144218639,:cluster_123292031_3663224275_3663224276_3663662936_#1more_7_1,0.0,2.2660919819725676,233.06255492597523,!veh31!var#1,veh_passenger,0.0,0.0,0.0,0.0,0.0,0.0
90.0,veh32,"(294.30422222173814, 230.11533452141092)",3.071033079625363,399296457#1_0,0.0,-4.146727832764427,270.87739334333264,!veh32!var#1,veh_passenger,0.0,0.0,0.0,0.0,0.0,0.0
90.0,veh33,"(226.77413171742927, 267.05801998527375)",0.0,-399296451#1_1,16.0,0.0,260.77788565041277,!veh33!var#1,veh_passenger,0.0,0.0,0.0,0.0,0.0,0.0
90.0,veh34,"(261.62043816958084, 252.45856538520155)",1.459270679621289,399296457#1_1,0.0,-4.5,305.22971748429904,!veh34!var#1,veh_passenger,0.0,0.0,0.0,0.0,0.0,0.0
90.0,veh35,"(192.4765887429031, 199.2634822326773)",12.041414358033999,381243038#4_0,0.0,0.4493381749140095,344.73853228051735,!veh35!var#1,veh_passenger,0.0,0.0,0.0,0.0,0.0,0.0
90.0,veh36,"(149.09180312353948, 73.49470106395371)",13.230789126696438,777294311#1_0,0.0,-0.9962134042862267,192.8644700084574,!veh36!var#1,veh_passenger,0.0,0.0,0.0,0.0,0.0,0.0
90.0,veh37,"(331.9329983191633, 195.99945141721662)",6.710054415839721,381188582#1_0,0.0,1.8729341419413679,182.55056861838887,!veh37!var#1,veh_passenger,0.0,0.0,0.0,0.0,0.0,0.0
90.0,veh38,"(345.41803061178723, 191.2447339755138)",5.160485980546242,:cluster_123281084_3663662939_3664674395_3664674397_#1more_0_0,0.0,1.471702601507162,216.26779207326837,!veh38!var#1,veh_passenger,0.0,0.0,0.0,0.0,0.0,0.0
90.0,veh39,"(306.0473760400749, 220.68079275963296)",9.507163981939414,399296457#0_0,0.0,-4.107965977812357,255.7839024886266,!veh39!var#1,veh_passenger,0.0,0.0,0.0,0.0,0.0,0.0
90.0,veh40,"(198.30471466195925, 392.0117166070254)",16.297946591935162,237022767#3_3,0.0,0.08029768024571382,122.65281639806106,!veh40!var#1,veh_passenger,0.0,0.0,0.0,0.0,0.0,0.0
90.0,veh41,"(224.85419034067877, 264.49797607280215)",0.0,-399296451#1_0,13.0,0.0,46.87795888450289,!veh41!var#1,veh_passenger,0.0,0.0,0.0,0.0,0.0,0.0
90.0,veh42,"(173.12956820195328, 357.93736393259906)",6.862547873312104,:6697063048_1_4,0.0,2.0920878944220016,92.40610957744798,!veh42!var#1,veh_passenger,0.0,0.0,0.0,0.0,0.0,0.0
90.0,veh43,"(276.53, 500.15)",0.0,237022767#0_1,19.0,0.0,0.0,!veh43!var#1,veh_passenger,0.0,0.0,0.0,0.0,0.0,0.0
90.0,veh44,"(219.20292666167367, 222.57166268539447)",1.2263089363313173,-381243038#4_1,0.0,0.821182710059762,144.12612551096012,!veh44!var#1,veh_passenger,0.0,0.0,0.0,0.0,0.0,0.0
90.0,veh45,"(274.03, 502.15)",0.0,237022767#0_0,16.0,0.0,0.0,!veh45!var#1,veh_passenger,0.0,0.0,0.0,0.0,0.0,0.0
90.0,veh46,"(288.0043566851353, 235.21725094331796)",0.00019874605998599696,399296457#1_0,5.0,-2.2919018745760764e-05,7.544815236429232,!veh46!var#1,veh_passenger,0.0,0.0,0.0,0.0,0.0,0.0
90.0,veh47,"(107.76707395443437, 77.56783347889088)",3.2987986816908084,-381243038#9_0,0.0,1.6963764065354572,93.36994546463929,!veh47!var#1,veh_passenger,0.0,0.0,0.0,0.0,0.0,0.0
90.0,veh48,"(475.6968592683468, 345.3834486132021)",0.00410628633110339,1051478560#0_1,4.0,-0.003295602845304597,33.24672403728953,!veh48!var#1,veh_passenger,0.0,0.0,0.0,0.0,0.0,0.0
90.0,veh49,"(118.27706585320954, 347.550806579915)",1.3050118057570417,-185747928#1_0,0.0,-3.05025153689102,127.71130933051164,!veh49!var#1,veh_passenger,0.0,0.0,0.0,0.0,0.0,0.0
90.0,veh50,"(264.6210767545021, 480.21729641949594)",5.728017202045656,:3698084160_0_2,0.0,1.4933315505273637,12.347037573891242,!veh50!var#1,veh_passenger,0.0,0.0,0.0,0.0,0.0,0.0
90.0,veh51,"(258.67, 492.54)",5.287027387968449,1121247208_0,0.0,0.0,0.0,!veh51!var#1,veh_passenger,0.0,0.0,0.0,0.0,0.0,0.0
90.0,veh52,"(428.0867774585268, 111.20039816525573)",7.220843292151111,381188583#0_2,0.0,-0.8308445383259109,26.703287364316637,!veh52!var#1,veh_passenger,0.0,0.0,0.0,0.0,0.0,0.0
90.0,veh53,"(419.14202064384216, 71.62892275422351)",9.121428413814817,1121666264#0_2,0.0,-4.5,37.137509490886785,!veh53!var#1,veh_passenger,0.0,0.0,0.0,0.0,0.0,0.0
90.0,veh54,"(409.37235835855654, 61.733871157076436)",11.283080329552414,:10259183106_0_2,0.0,-0.571031202133252,23.13719186123808,!veh54!var#1,veh_passenger,0.0,0.0,0.0,0.0,0.0,0.0
90.0,veh55,"(84.27426452127277, 379.4061566535698)",0.0,399307909#1_4,0.0,0.0,0.0,!veh55!var#1,veh_passenger,0.0,0.0,0.0,0.0,0.0,0.0
90.0,veh6,"(160.82090528583473, 324.5387381351248)",0.00026178326819188355,381187778#0_2,5.0,-0.0017539138085195666,426.5888683927066,!veh6!var#1,veh_passenger,0.0,0.0,0.0,0.0,0.0,0.0
90.0,veh8,"(168.74301370564007, 322.59278847353147)",0.002353521543700119,381187778#0_1,3.0,-0.0013318099530432856,419.0862328679499,!veh8!var#1,veh_passenger,0.0,0.0,0.0,0.0,0.0,0.0
90.0,veh9,"(358.39357095678287, 167.11397208403793)",5.353959677606472,:cluster_123281084_3663662939_3664674395_3664674397_#1more_14_0,0.0,-0.6538118084665605,443.99418563688204,!veh9!var#1,veh_passenger,0.0,0.0,0.0,0.0,0.0,0.0
95.0,bus1,"(223.71068167402552, 281.3438343663595)",8.641400877263282,399296451#1_0,0.0,1.1211936551146202,371.8988207184074,!bus1!var#1,bus_bus,0.0,0.0,0.0,0.0,0.0,0.0
95.0,bus2,"(58.50616615435322, 421.3440826380508)",8.134455858943983,167413478#1_0,0.0,0.3122401236556467,312.6118011430334,!bus2!var#1,bus_bus,0.0,0.0,0.0,0.0,0.0,0.0
95.0,bus3,"(130.15441486492261, 339.10027494030606)",0.0,-185747928#1_0,16.0,0.0,142.2889904314428,!bus3!var#1,bus_bus,0.0,0.0,0.0,0.0,0.0,0.0
95.0,bus4,"(140.69529602929612, 118.71088272926629)",8.648453242750838,-381243038#6_0,0.0,0.9359463434200732,139.0784412056965,!bus4!var#1,bus_bus,0.0,0.0,0.0,0.0,0.0,0.0
95.0,bus5,"(432.01103146784146, 87.56130998657451)",0.00011305570846951979,1121666264#0_2,6.0,0.00011305570846951979,50.6189753157785,!bus5!var#1,bus_bus,0.0,0.0,0.0,0.0,0.0,0.0
95.0,truck0,"(202.32301029504958, 297.38274227871284)",10.494589014364843,404989116#0_0,0.0,0.778422606701497,403.53123713118805,!truck0!var#1,truck_truck,0.0,0.0,0.0,0.0,0.0,0.0
95.0,truck1,"(280.543899245972, 241.25906724918326)",0.0,399296457#1_0,13.0,0.0,281.37582586488827,!truck1!var#1,truck_truck,0.0,0.0,0.0,0.0,0.0,0.0
95.0,truck2,"(214.0904400497834, 427.1544314236781)",11.866262402990836,237022767#3_0,0.0,1.1123464494361546,82.62518182877685,!truck2!var#1,truck_truck,0.0,0.0,0.0,0.0,0.0,0.0
95.0,veh1,"(164.66083123063308, 329.65879373042355)",0.0,381187778#0_0,15.0,0.0,426.58896096170866,!veh1!var#1,veh_passenger,0.0,0.0,0.0,0.0,0.0,0.0
95.0,veh10,"(403.5171937680863, 451.2205125230982)",13.379727859146737,:cluster_7579759277_8394775009_7_1,0.0,-0.1127488736063249,578.8956911007527,!veh10!var#1,veh_passenger,0.0,0.0,0.0,0.0,0.0,0.0
95.0,veh14,"(210.35651701060797, 275.35763795693634)",6.722350080115937,-399296451#1_0,0.0,-3.742232965608129,278.0769888601663,!veh14!var#1,veh_passenger,0.0,0.0,0.0,0.0,0.0,0.0
95.0,veh15,"(456.02965224839255, 323.60671174005904)",4.818844203749268,:cluster_3664723686_3698084157_3698084158_3698084159_#1more_6_0,0.0,0.2912945352977898,501.7704854669053,!veh15!var#1,veh_passenger,0.0,0.0,0.0,0.0,0.0,0.0
95.0,veh16,"(230.8586974164018, 260.0002256311508)",0.0,-399296451#1_0,29.0,0.0,268.2789864758596,!veh16!var#1,veh_passenger,0.0,0.0,0.0,0.0,0.0,0.0
95.0,veh17,"(162.74085643298713, 327.0987748103157)",0.0,381187778#0_1,13.0,0.0,294.50892945876603,!veh17!var#1,veh_passenger,0.0,0.0,0.0,0.0,0.0,0.0
95.0,veh18,"(268.8865074140061, 250.6997510984744)",0.0,399296457#1_0,17.0,0.0,268.8179545937896,!veh18!var#1,veh_passenger,0.0,0.0,0.0,0.0,0.0,0.0
95.0,veh19,"(232.77867441030207, 262.5602428641549)",0.0,-399296451#1_1,30.0,0.0,270.89895773588364,!veh19!var#1,veh_passenger,0.0,0.0,0.0,0.0,0.0,0.0
95.0,veh20,"(160.2139913407482, 316.99046809757425)",6.564663150704758,-381187778#0_0,0.0,1.750630227057263,223.09432481087373,!veh20!var#1,veh_passenger,0.0,0.0,0.0,0.0,0.0,0.0
95.0,veh21,"(28.295721206434127, 194.738362081895)",12.504087468856536,399311989#6_0,0.0,-0.4023752077482641,394.06850551878284,!veh21!var#1,veh_passenger,0.0,0.0,0.0,0.0,0.0,0.0
95.0,veh22,"(240.84888945679893, 263.65111054320107)",7.515870204642009,:cluster_123292029_3663224277_3663224278_5344542569_#1more_24_0,0.0,1.5030139806571512,326.0123604165373,!veh22!var#1,veh_passenger,0.0,0.0,0.0,0.0,0.0,0.0
95.0,veh23,"(274.7152265881176, 245.97939033834297)",0.0,399296457#1_0,14.0,0.0,296.08686029799196,!veh23!var#1,veh_passenger,0.0,0.0,0.0,0.0,0.0,0.0
95.0,veh24,"(222.80085170114683, 227.09257427997682)",5.151944553363128,-381243038#4_1,0.0,2.5818902715807783,310.5080692807578,!veh24!var#1,veh_passenger,0.0,0.0,0.0,0.0,0.0,0.0
95.0,veh25,"(263.05784627999805, 255.42006485510143)",0.0,399296457#1_0,24.0,0.0,274.018974196627,!veh25!var#1,veh_passenger,0.0,0.0,0.0,0.0,0.0,0.0
95.0,veh26,"(185.07349272547754, 302.3228775054022)",11.76961241903146,-381187778#0_1,0.0,2.2823120523244143,229.38913997525134,!veh26!var#1,veh_passenger,0.0,0.0,0.0,0.0,0.0,0.0
95.0,veh27,"(130.24907745985462, 88.21361552148733)",0.0,777294311#1_0,5.0,-0.0005335727830822874,384.83895123140803,!veh27!var#1,veh_passenger,0.0,0.0,0.0,0.0,0.0,0.0
95.0,veh28,"(218.8496391277054, 268.9957595760079)",0.0,-399296451#1_0,11.0,0.0,255.89687615544233,!veh28!var#1,veh_passenger,0.0,0.0,0.0,0.0,0.0,0.0
95.0,veh29,"(240.27473493180707, 249.26701714896063)",6.129413484305267,:cluster_123292029_3663224277_3663224278_5344542569_#1more_8_0,0.0,0.04772302604816492,310.2495773139854,!veh29!var#1,veh_passenger,0.0,0.0,0.0,0.0,0.0,0.0
95.0,veh3,"(329.2164545395313, 185.88332233641128)",0.0,-381188582#1_0,39.0,0.0,427.14891922749524,!veh3!var#1,veh_passenger,0.0,0.0,0.0,0.0,0.0,0.0
95.0,veh30,"(200.58467579147944, 199.17721580102312)",12.831903681458094,-381243038#4_1,0.0,-0.10352831110358274,354.12619153723483,!veh30!var#1,veh_passenger,0.0,0.0,0.0,0.0,0.0,0.0
95.0,veh31,"(160.2698080344636, 148.47653268851874)",13.736997877421409,-381243038#5_1,0.0,0.1206716357730322,294.1335424102051,!veh31!var#1,veh_passenger,0.0,0.0,0.0,0.0,0.0,0.0
95.0,veh32,"(293.8337929715345, 230.49630943317925)",0.0014603982626503508,399296457#1_0,3.0,-0.003339905908136792,271.48279807460744,!veh32!var#1,veh_passenger,0.0,0.0,0.0,0.0,0.0,0.0
95.0,veh33,"(226.77413171742927, 267.05801998527375)",0.0,-399296451#1_1,21.0,0.0,260.77788565041277,!veh33!var#1,veh_passenger,0.0,0.0,0.0,0.0,0.0,0.0
95.0,veh34,"(261.03890895658134, 252.92938164060806)",0.001612942274853247,399296457#1_1,3.0,-0.005971727453024941,305.9778885049607,!veh34!var#1,veh_passenger,0.0,0.0,0.0,0.0,0.0,0.0
95.0,veh35,"(155.42723750852826, 152.66742061056124)",11.210357133215494,381243038#5_0,0.0,-0.46299097361043096,404.2041657874749,!veh35!var#1,veh_passenger,0.0,0.0,0.0,0.0,0.0,0.0
95.0,veh36,"(136.23396375903732, 83.53854721937267)",0.15104545400548208,777294311#1_0,0.0,-0.12573913498544637,209.17633407432476,!veh36!var#1,veh_passenger,0.0,0.0,0.0,0.0,0.0,0.0
95.0,veh37,"(305.9402482989582, 220.76610390025326)",2.5389718118315425,399296457#0_0,0.0,-3.1296625296061853,218.8508736926865,!veh37!var#1,veh_passenger,0.0,0.0,0.0,0.0,0.0,0.0
95.0,veh38,"(318.1065094382084, 206.99863370906007)",10.071060883708332,381188582#1_0,0.0,1.82521183823701,249.30569829918176,!veh38!var#1,veh_passenger,0.0,0.0,0.0,0.0,0.0,0.0
95.0,veh39,"(299.67048832290084, 225.78062014551642)",0.03158680203581919,:2611822747_0_0,1.0,-0.2300967805077621,263.96755619136616,!veh39!var#1,veh_passenger,0.0,0.0,0.0,0.0,0.0,0.0
95.0,veh40,"(162.94330132490953, 345.18863133046693)",7.4029618366967345,399311986#1_4,0.0,-1.703598257212228,181.50888503504302,!veh40!var#1,veh_passenger,0.0,0.0,0.0,0.0,0.0,0.0
95.0,veh41,"(224.85419034067877, 264.49797607280215)",0.0,-399296451#1_0,18.0,0.0,46.87795888450289,!veh41!var#1,veh_passenger,0.0,0.0,0.0,0.0,0.0,0.0
95.0,veh42,"(155.31365340518283, 332.15528816913866)",4.321445693816877,:cluster_122855839_3663662942_3663662943_3663662944_#1more_4_0,0.0,-1.1949505003061427,123.93386123412859,!veh42!var#1,veh_passenger,0.0,0.0,0.0,0.0,0.0,0.0
95.0,veh43,"(276.53, 500.15)",0.0,237022767#0_1,24.0,0.0,0.0,!veh43!var#1,veh_passenger,0.0,0.0,0.0,0.0,0.0,0.0
95.0,veh44,"(231.5611705804658, 238.1002041664381)",6.298521783915233,-381243038#4_1,0.0,1.1719561793747184,163.98609219952777,!veh44!var#1,veh_passenger,0.0,0.0,0.0,0.0,0.0,0.0
95.0,veh45,"(274.03, 502.15)",0.0,237022767#0_0,21.0,0.0,0.0,!veh45!var#1,veh_passenger,0.0,0.0,0.0,0.0,0.0,0.0
95.0,veh46,"(288.0043566851353, 235.21725094331796)",0.0,399296457#1_0,10.0,0.0,7.544815236429232,!veh46!var#1,veh_passenger,0.0,0.0,0.0,0.0,0.0,0.0
95.0,veh47,"(125.06308845482644, 99.12520644511204)",7.3495478266093395,:cluster_123292031_3663224275_3663224276_3663662936_#1more_7_0,0.0,0.9653139686037289,121.01709324395152,!veh47!var#1,veh_passenger,0.0,0.0,0.0,0.0,0.0,0.0
95.0,veh48,"(474.7345551431854, 344.13128808968116)",1.5772858510958032,:cluster_3664723686_3698084157_3698084158_3698084159_#1more_3_1,0.0,1.5772858510958032,34.82623644234384,!veh48!var#1,veh_passenger,0.0,0.0,0.0,0.0,0.0,0.0
95.0,veh49,"(118.33943193368712, 347.50643417528204)",0.0,-185747928#1_0,5.0,-0.0015551657707626328,127.78785442755482,!veh49!var#1,veh_passenger,0.0,0.0,0.0,0.0,0.0,0.0
95.0,veh50,"(232.79578980948907, 435.1830298805025)",14.766082662253528,:6804772505_0_3,0.0,2.2849146025255322,67.39229243837848,!veh50!var#1,veh_passenger,0.0,0.0,0.0,0.0,0.0,0.0
95.0,veh51,"(247.8799322952313, 454.10216546706044)",11.730981331070916,237022767#2_3,0.0,0.810725603284709,43.205803687718436,!veh51!var#1,veh_passenger,0.0,0.0,0.0,0.0,0.0,0.0
95.0,veh52,"(425.1555422323567, 117.6267618383038)",6.139239734726363,-381188583#0_1,0.0,1.329616657225416,47.228862812227305,!veh52!var#1,veh_passenger,0.0,0.0,0.0,0.0,0.0,0.0
95.0,veh53,"(422.89891477013725, 76.28011878084065)",0.002823830570342331,1121666264#0_2,2.0,-0.020070399290012596,43.11673351267038,!veh53!var#1,veh_passenger,0.0,0.0,0.0,0.0,0.0,0.0
95.0,veh54,"(418.1555003177642, 70.40756828785327)",0.2191320864651235,1121666264#0_2,0.0,-0.05396748642828536,35.56742903789308,!veh54!var#1,veh_passenger,0.0,0.0,0.0,0.0,0.0,0.0
95.0,veh55,"(60.758511430281395, 395.35305864155373)",5.678817295546645,399307909#1_4,0.0,-3.6839161572670545,28.773670797918925,!veh55!var#1,veh_passenger,0.0,0.0,0.0,0.0,0.0,0.0
95.0,veh56,"(25.075661734819416, 356.60697559393293)",0.19887942885840704,399311981#0_0,0.0,-0.2568711505554294,2.1462411294492183,!veh56!var#1,veh_passenger,0.0,0.0,0.0,0.0,0.0,0.0
95.0,veh57,"(389.7527714923571, 398.2673988796516)",3.994804551545531,167413476#4_2,0.0,1.5682203045580536,6.421388798533009,!veh57!var#1,veh_passenger,0.0,0.0,0.0,0.0,0.0,0.0
95.0,veh58,"(397.9926520681265, 143.34974452554744)",0.0,-399296456#1_0,0.0,0.0,0.0,!veh58!var#1,veh_passenger,0.0,0.0,0.0,0.0,0.0,0.0
95.0,veh6,"(160.8208178742834, 324.5388037574066)",0.0,381187778#0_2,10.0,0.0,426.5889776571458,!veh6!var#1,veh_passenger,0.0,0.0,0.0,0.0,0.0,0.0
95.0,veh8,"(168.7416700489575, 322.59379719395946)",0.0,381187778#0_1,8.0,-0.00010452129233434843,419.08791243880313,!veh8!var#1,veh_passenger,0.0,0.0,0.0,0.0,0.0,0.0
95.0,veh9,"(400.36118859436795, 129.5829031766884)",14.92297532961762,:cluster_1770621235_2871010067_4_1,0.0,1.7164736561942835,500.89570672439265,!veh9!var#1,veh_passenger,0.0,0.0,0.0,0.0,0.0,0.0
100.0,bus1,"(201.97891960079576, 297.6408102994032)",0.0,404989116#0_0,1.0,-1.9590947865339685,399.0613504990053,!bus1!var#1,bus_bus,0.0,0.0,0.0,0.0,0.0,0.0
100.0,bus2,"(92.07646266929598, 464.96999748216604)",12.92141150830313,167413478#2_0,0.0,1.1746261716820285,367.78756900503856,!bus2!var#1,bus_bus,0.0,0.0,0.0,0.0,0.0,0.0
100.0,bus3,"(130.15441486492261, 339.10027494030606)",0.0,-185747928#1_0,21.0,0.0,142.2889904314428,!bus3!var#1,bus_bus,0.0,0.0,0.0,0.0,0.0,0.0
100.0,bus4,"(174.4034866060834, 161.10940241956206)",12.466815885202957,-381243038#5_0,0.0,0.9991441761609163,193.24428841698105,!bus4!var#1,bus_bus,0.0,0.0,0.0,0.0,0.0,0.0
100.0,bus5,"(432.57138051814286, 88.25504613900918)",0.8918144588358701,1121666264#0_2,0.0,0.8918144588358701,51.51078977461437,!bus5!var#1,bus_bus,0.0,0.0,0.0,0.0,0.0,0.0
100.0,bus6,"(229.84481791828384, 11.504480126651451)",0.750967661644889,1131137820#0_0,0.0,-3.202599857541176,4.704535180830954,!bus6!var#1,bus_bus,0.0,0.0,0.0,0.0,0.0,0.0
100.0,truck0,"(174.90699114359145, 317.96531923972736)",0.2851226734943389,381187778#0_1,0.0,-3.3177464755248067,437.8012610705107,!truck0!var#1,truck_truck,0.0,0.0,0.0,0.0,0.0,0.0
100.0,truck1,"(280.543899245972, 241.25906724918326)",0.0,399296457#1_0,18.0,0.0,281.37582586488827,!truck1!var#1,truck_truck,0.0,0.0,0.0,0.0,0.0,0.0
100.0,truck2,"(169.33904262354483, 373.7023856088573)",14.684063420938086,399311986#0_0,0.0,-0.473654540441931,152.5223195933709,!truck2!var#1,truck_truck,0.0,0.0,0.0,0.0,0.0,0.0
100.0,truck3,"(485.4366319550005, 73.7394854424681)",2.040138337179087,381189087_0,0.0,1.0363835034309887,3.043893170927186,!truck3!var#1,truck_truck,0.0,0.0,0.0,0.0,0.0,0.0
100.0,veh1,"(164.66083123063308, 329.65879373042355)",0.0,381187778#0_0,20.0,0.0,426.58896096170866,!veh1!var#1,veh_passenger,0.0,0.0,0.0,0.0,0.0,0.0
100.0,veh10,"(438.28126277694906, 495.6142063839706)",6.894589630547523,-608730952#0_1,0.0,-4.5,635.2804313991177,!veh10!var#1,veh_passenger,0.0,0.0,0.0,0.0,0.0,0.0
100.0,veh14,"(212.84507280920621, 273.493554394195)",0.0006663280542550952,-399296451#1_0,2.0,-0.05033327313664745,281.18577455606265,!veh14!var#1,veh_passenger,0.0,0.0,0.0,0.0,0.0,0.0
100.0,veh15,"(422.9418272541397, 281.7212878653687)",14.405522203404054,1051478559#1_0,0.0,1.7664169806521386,555.1540626321018,!veh15!var#1,veh_passenger,0.0,0.0,0.0,0.0,0.0,0.0
100.0,veh16,"(230.8586974164018, 260.0002256311508)",0.0,-399296451#1_0,34.0,0.0,268.2789864758596,!veh16!var#1,veh_passenger,0.0,0.0,0.0,0.0,0.0,0.0
100.0,veh17,"(162.74085643298713, 327.0987748103157)",0.0,381187778#0_1,18.0,0.0,294.50892945876603,!veh17!var#1,veh_passenger,0.0,0.0,0.0,0.0,0.0,0.0
100.0,veh18,"(268.8865074140061, 250.6997510984744)",0.0,399296457#1_0,22.0,0.0,268.8179545937896,!veh18!var#1,veh_passenger,0.0,0.0,0.0,0.0,0.0,0.0
100.0,veh19,"(232.77867441030207, 262.5602428641549)",0.0,-399296451#1_1,35.0,0.0,270.89895773588364,!veh19!var#1,veh_passenger,0.0,0.0,0.0,0.0,0.0,0.0
100.0,veh20,"(200.2636689627367, 284.501571696621)",9.489624121483171,:4072230470_2_0,0.0,-2.8458892385020693,274.98792866282497,!veh20!var#1,veh_passenger,0.0,0.0,0.0,0.0,0.0,0.0
100.0,veh22,"(215.55126325542517, 287.45783241058353)",4.9790762024311785,399296451#1_0,0.0,-4.5,360.5753108567948,!veh22!var#1,veh_passenger,0.0,0.0,0.0,0.0,0.0,0.0
100.0,veh23,"(274.7152265881176, 245.97939033834297)",0.0,399296457#1_0,19.0,0.0,296.08686029799196,!veh23!var#1,veh_passenger,0.0,0.0,0.0,0.0,0.0,0.0
100.0,veh24,"(239.89824721725333, 248.6246830073955)",5.376000793698739,:cluster_123292029_3663224277_3663224278_5344542569_#1more_8_0,0.0,1.4519046257250006,338.024285307624,!veh24!var#1,veh_passenger,0.0,0.0,0.0,0.0,0.0,0.0
100.0,veh25,"(263.05784627999805, 255.42006485510143)",0.0,399296457#1_0,29.0,0.0,274.018974196627,!veh25!var#1,veh_passenger,0.0,0.0,0.0,0.0,0.0,0.0
100.0,veh26,"(232.8166463099642, 266.5299993375413)",6.190936978118387,-399296451#1_2,0.0,-4.382634060725103,289.59786637562524,!veh26!var#1,veh_passenger,0.0,0.0,0.0,0.0,0.0,0.0
100.0,veh27,"(129.05786080231172, 89.07847625223016)",1.4739945261972025,:cluster_123292031_3663224275_3663224276_3663662936_#1more_6_0,0.0,1.4739945261972025,386.31294575760523,!veh27!var#1,veh_passenger,0.0,0.0,0.0,0.0,0.0,0.0
100.0,veh28,"(218.8496391277054, 268.9957595760079)",0.0,-399296451#1_0,16.0,0.0,255.89687615544233,!veh28!var#1,veh_passenger,0.0,0.0,0.0,0.0,0.0,0.0
100.0,veh29,"(228.86124919479585, 277.4844220733402)",9.094161183489312,399296451#1_0,0.0,1.6535069648409264,343.94236799122376,!veh29!var#1,veh_passenger,0.0,0.0,0.0,0.0,0.0,0.0
100.0,veh3,"(329.2164545395313, 185.88332233641128)",0.0,-381188582#1_0,44.0,0.0,427.14891922749524,!veh3!var#1,veh_passenger,0.0,0.0,0.0,0.0,0.0,0.0
100.0,veh30,"(230.62395316267055, 236.92255953952957)",6.433259540950543,-381243038#4_1,0.0,-2.104538720302619,402.39996343077473,!veh30!var#1,veh_passenger,0.0,0.0,0.0,0.0,0.0,0.0
100.0,veh31,"(202.10586984477945, 201.08864634994328)",13.479393345943272,-381243038#4_1,0.0,0.272160429647192,361.2907834569206,!veh31!var#1,veh_passenger,0.0,0.0,0.0,0.0,0.0,0.0
100.0,veh32,"(293.83303490616316, 230.49692334884844)",0.0,399296457#1_0,8.0,0.0,271.48377364396714,!veh32!var#1,veh_passenger,0.0,0.0,0.0,0.0,0.0,0.0
100.0,veh33,"(226.77413171742927, 267.05801998527375)",0.0,-399296451#1_1,26.0,0.0,260.77788565041277,!veh33!var#1,veh_passenger,0.0,0.0,0.0,0.0,0.0,0.0
100.0,veh34,"(261.03805539540315, 252.93007269871606)",0.0,399296457#1_1,8.0,0.0,305.9789866608635,!veh34!var#1,veh_passenger,0.0,0.0,0.0,0.0,0.0,0.0
100.0,veh35,"(123.84790529708559, 112.93656342816293)",6.484343292694128,381243038#6_0,0.0,-3.2469065942568704,454.9638964980156,!veh35!var#1,veh_passenger,0.0,0.0,0.0,0.0,0.0,0.0
100.0,veh36,"(136.16179931148056, 83.59491816853478)",0.0,777294311#1_0,5.0,-0.00013013522251808916,209.26788418827186,!veh36!var#1,veh_passenger,0.0,0.0,0.0,0.0,0.0,0.0
100.0,veh37,"(305.5019734852844, 221.11512390076777)",0.0017905353262363142,399296457#0_0,4.0,-0.0040278518842569696,219.41124235454996,!veh37!var#1,veh_passenger,0.0,0.0,0.0,0.0,0.0,0.0
100.0,veh38,"(311.3729439076765, 216.43977857880523)",0.011996593456884929,399296457#0_0,2.0,-0.02139309411508356,260.994747030627,!veh38!var#1,veh_passenger,0.0,0.0,0.0,0.0,0.0,0.0
100.0,veh39,"(299.65873812078485, 225.79006492822987)",0.0,:2611822747_0_0,6.0,-0.00019175507175692727,263.98270254894595,!veh39!var#1,veh_passenger,0.0,0.0,0.0,0.0,0.0,0.0
100.0,veh40,"(157.13141308998595, 323.80109789433675)",4.610380663307075,:cluster_122855839_3663662942_3663662943_3663662944_#1more_14_0,0.0,0.428495713652838,205.83970824612524,!veh40!var#1,veh_passenger,0.0,0.0,0.0,0.0,0.0,0.0
100.0,veh41,"(224.85419034067877, 264.49797607280215)",0.0,-399296451#1_0,23.0,0.0,46.87795888450289,!veh41!var#1,veh_passenger,0.0,0.0,0.0,0.0,0.0,0.0
100.0,veh42,"(174.3938622580455, 306.34136955284026)",9.669927946938511,-381187778#0_0,0.0,1.4746686226455488,157.38561589238668,!veh42!var#1,veh_passenger,0.0,0.0,0.0,0.0,0.0,0.0
100.0,veh43,"(275.31433206098916, 498.6378490168707)",1.94069579616189,:72027666_0_1,0.0,1.94069579616189,1.9406957961618903,!veh43!var#1,veh_passenger,0.0,0.0,0.0,0.0,0.0,0.0
100.0,veh44,"(241.00862551693757, 263.49137448306243)",7.093083335846445,:cluster_123292029_3663224277_3663224278_5344542569_#1more_24_0,0.0,0.8822645582901734,193.70653136669756,!veh44!var#1,veh_passenger,0.0,0.0,0.0,0.0,0.0,0.0
100.0,veh45,"(272.448293501256, 500.18112272402567)",2.5268586902180687,:72027666_0_0,0.0,2.5268586902180687,2.5268586902180687,!veh45!var#1,veh_passenger,0.0,0.0,0.0,0.0,0.0,0.0
100.0,veh46,"(288.0043566851353, 235.21725094331796)",0.0,399296457#1_0,15.0,0.0,7.544815236429232,!veh46!var#1,veh_passenger,0.0,0.0,0.0,0.0,0.0,0.0
100.0,veh47,"(156.5910655223441, 138.69558900743)",10.563873362872144,-381243038#5_0,0.0,-0.5711369575026186,171.59942289348376,!veh47!var#1,veh_passenger,0.0,0.0,0.0,0.0,0.0,0.0
100.0,veh48,"(452.11094137157005, 313.34152601515734)",11.873193566640838,1051478559#1_1,0.0,2.318632187135517,73.0355646845722,!veh48!var#1,veh_passenger,0.0,0.0,0.0,0.0,0.0,0.0
100.0,veh49,"(118.33952212248168, 347.50637000749)",0.0,-185747928#1_0,10.0,0.0,127.78796512089932,!veh49!var#1,veh_passenger,0.0,0.0,0.0,0.0,0.0,0.0
100.0,veh50,"(187.96974234349963, 376.5184171731215)",14.840889413208627,399311986#0_4,0.0,0.20628103024791855,141.41342429740402,!veh50!var#1,veh_passenger,0.0,0.0,0.0,0.0,0.0,0.0
100.0,veh51,"(202.50669275146066, 397.2711314243104)",14.14846127330373,237022767#3_3,0.0,-0.4865396015717298,115.92054328136318,!veh51!var#1,veh_passenger,0.0,0.0,0.0,0.0,0.0,0.0
100.0,veh52,"(390.96681222649, 148.95256027062845)",8.896589919388889,-399296456#1_0,0.0,-0.0006556150734553512,93.51636983893974,!veh52!var#1,veh_passenger,0.0,0.0,0.0,0.0,0.0,0.0
100.0,veh53,"(422.89965430441134, 76.28103435598372)",0.0,1121666264#0_2,7.0,0.0,43.11791050647108,!veh53!var#1,veh_passenger,0.0,0.0,0.0,0.0,0.0,0.0
100.0,veh54,"(415.696587166555, 72.45605513968216)",0.0,1121666264#0_3,5.0,-0.000742274102481831,35.61690480878323,!veh54!var#1,veh_passenger,0.0,0.0,0.0,0.0,0.0,0.0
100.0,veh55,"(72.80474073029382, 375.74480075064486)",9.118665368710644,-399307909#1_0,0.0,1.3483390853041772,57.37767896367703,!veh55!var#1,veh_passenger,0.0,0.0,0.0,0.0,0.0,0.0
100.0,veh56,"(25.0837239527535, 356.6167731082985)",0.0,399311981#0_0,5.0,0.0,2.158925685665505,!veh56!var#1,veh_passenger,0.0,0.0,0.0,0.0,0.0,0.0
100.0,veh57,"(427.54935724349366, 368.6784168880391)",13.382575938338414,167413476#4_2,0.0,2.2561785278143365,54.41875763591379,!veh57!var#1,veh_passenger,0.0,0.0,0.0,0.0,0.0,0.0
100.0,veh58,"(376.4130486512775, 160.55858283125565)",8.824565431103109,-399296456#1_0,0.0,1.5157526590162878,27.60129773130174,!veh58!var#1,veh_passenger,0.0,0.0,0.0,0.0,0.0,0.0
100.0,veh59,"(82.31221702499894, 45.377741300166875)",13.52678346298665,-381243038#9_0,0.0,1.0271307828603327,52.33387490315482,!veh59!var#1,veh_passenger,0.0,0.0,0.0,0.0,0.0,0.0
100.0,veh6,"(160.8208178742834, 324.5388037574066)",0.0,381187778#0_2,15.0,0.0,426.5889776571458,!veh6!var#1,veh_passenger,0.0,0.0,0.0,0.0,0.0,0.0
100.0,veh60,"(263.89945352540417, 474.19423779338325)",4.05690790375229,237022767#2_3,0.0,2.344456120720133,5.769359686784446,!veh60!var#1,veh_passenger,0.0,0.0,0.0,0.0,0.0,0.0
100.0,veh61,"(380.75539429530204, 397.1859983221476)",0.0,167413476#4_0,0.0,0.0,0.0,!veh61!var#1,veh_passenger,0.0,0.0,0.0,0.0,0.0,0.0
100.0,veh8,"(168.7416700489575, 322.59379719395946)",0.0,381187778#0_1,13.0,0.0,419.08791243880313,!veh8!var#1,veh_passenger,0.0,0.0,0.0,0.0,0.0,0.0
100.0,veh9,"(469.372459095753, 78.3511563906668)",17.432616094713325,-399296458#0_1,0.0,0.3946482821600519,587.00176931996,!veh9!var#1,veh_passenger,0.0,0.0,0.0,0.0,0.0,0.0
105.0,bus1,"(201.97891960079576, 297.6408102994032)",0.0,404989116#0_0,6.0,0.0,399.0613504990053,!bus1!var#1,bus_bus,0.0,0.0,0.0,0.0,0.0,0.0
105.0,bus3,"(130.15441486492261, 339.10027494030606)",0.0,-185747928#1_0,26.0,0.0,142.2889904314428,!bus3!var#1,bus_bus,0.0,0.0,0.0,0.0,0.0,0.0
105.0,bus4,"(214.3399498887289, 216.46117182308066)",13.882106631724165,-381243038#4_1,0.0,0.29284086311236024,261.39121609886297,!bus4!var#1,bus_bus,0.0,0.0,0.0,0.0,0.0,0.0
105.0,bus5,"(439.8915805757799, 105.20595148378575)",5.846995114954188,:cluster_123308403_3663827018_3663827019_3664674393_#1more_5_0,0.0,1.11864186488092,70.47167327629867,!bus5!var#1,bus_bus,0.0,0.0,0.0,0.0,0.0,0.0
105.0,bus6,"(215.59446417515434, 21.570203953529855)",5.310807816153018,:cluster_123281085_12840608127_12840608130_12840608135_#1more_1_0,0.0,0.6563104089349512,22.15349496806561,!bus6!var#1,bus_bus,0.0,0.0,0.0,0.0,0.0,0.0
105.0,truck0,"(174.74248869466726, 318.0888158016381)",0.0,381187778#0_1,4.0,0.0,438.00688913166596,!truck0!var#1,truck_truck,0.0,0.0,0.0,0.0,0.0,0.0
105.0,truck1,"(280.543899245972, 241.25906724918326)",0.0,399296457#1_0,23.0,0.0,281.37582586488827,!truck1!var#1,truck_truck,0.0,0.0,0.0,0.0,0.0,0.0
105.0,truck2,"(137.69836114860772, 345.84600107314964)",4.505649809135411,:cluster_122855839_3663662942_3663662943_3663662944_#1more_13_0,0.0,-0.08151938006184878,197.4102405269208,!truck2!var#1,truck_truck,0.0,0.0,0.0,0.0,0.0,0.0
105.0,truck3,"(463.6546581981883, 91.08969203340116)",7.56861515735509,399296458#0_0,0.0,0.7207440562662679,30.892717321112286,!truck3!var#1,truck_truck,0.0,0.0,0.0,0.0,0.0,0.0
105.0,veh1,"(164.66083123063308, 329.65879373042355)",0.0,381187778#0_0,25.0,0.0,426.58896096170866,!veh1!var#1,veh_passenger,0.0,0.0,0.0,0.0,0.0,0.0
105.0,veh10,"(434.13664544738026, 495.50570290944216)",4.859572097671331,608730952#0_1,0.0,2.335772531921976,651.9669682080189,!veh10!var#1,veh_passenger,0.0,0.0,0.0,0.0,0.0,0.0
105.0,veh14,"(212.84507280920621, 273.493554394195)",0.0,-399296451#1_0,7.0,0.0,281.18577455606265,!veh14!var#1,veh_passenger,0.0,0.0,0.0,0.0,0.0,0.0
105.0,veh16,"(230.8586974164018, 260.0002256311508)",0.0,-399296451#1_0,39.0,0.0,268.2789864758596,!veh16!var#1,veh_passenger,0.0,0.0,0.0,0.0,0.0,0.0
105.0,veh17,"(162.74085643298713, 327.0987748103157)",0.0,381187778#0_1,23.0,0.0,294.50892945876603,!veh17!var#1,veh_passenger,0.0,0.0,0.0,0.0,0.0,0.0
105.0,veh18,"(268.8865074140061, 250.6997510984744)",0.0,399296457#1_0,27.0,0.0,268.8179545937896,!veh18!var#1,veh_passenger,0.0,0.0,0.0,0.0,0.0,0.0
105.0,veh19,"(232.77867441030207, 262.5602428641549)",0.0,-399296451#1_1,40.0,0.0,270.89895773588364,!veh19!var#1,veh_passenger,0.0,0.0,0.0,0.0,0.0,0.0
105.0,veh20,"(206.84048011494582, 277.9913689694729)",0.000448615353858509,-399296451#1_0,2.0,-0.0013319225764310335,284.33464000721494,!veh20!var#1,veh_passenger,0.0,0.0,0.0,0.0,0.0,0.0
105.0,veh22,"(213.5795094288309, 288.9353027915616)",0.0056013115184159875,399296451#1_0,3.0,-0.00887054482614914,363.0393306455537,!veh22!var#1,veh_passenger,0.0,0.0,0.0,0.0,0.0,0.0
105.0,veh23,"(274.7152265881176, 245.97939033834297)",0.0,399296457#1_0,24.0,0.0,296.08686029799196,!veh23!var#1,veh_passenger,0.0,0.0,0.0,0.0,0.0,0.0
105.0,veh24,"(233.71079732285534, 269.8584242351472)",6.055312029109691,399296451#1_1,0.0,1.4213683024514472,364.0136578960307,!veh24!var#1,veh_passenger,0.0,0.0,0.0,0.0,0.0,0.0
105.0,veh25,"(263.05784627999805, 255.42006485510143)",0.0,399296457#1_0,34.0,0.0,274.018974196627,!veh25!var#1,veh_passenger,0.0,0.0,0.0,0.0,0.0,0.0
105.0,veh26,"(234.6985909721825, 265.12030536451243)",0.010091428953853189,-399296451#1_2,2.0,-0.05385514102646964,291.9488535022423,!veh26!var#1,veh_passenger,0.0,0.0,0.0,0.0,0.0,0.0
105.0,veh27,"(105.41367507660074, 84.91000469809593)",7.709565211444578,381243038#9_1,0.0,1.871965738688596,414.651195888781,!veh27!var#1,veh_passenger,0.0,0.0,0.0,0.0,0.0,0.0
105.0,veh28,"(218.8496391277054, 268.9957595760079)",0.0,-399296451#1_0,21.0,0.0,255.89687615544233,!veh28!var#1,veh_passenger,0.0,0.0,0.0,0.0,0.0,0.0
105.0,veh29,"(219.7108846999675, 284.3409537224323)",0.2053415907594338,399296451#1_0,0.0,-0.2835493632359832,355.3772027487446,!veh29!var#1,veh_passenger,0.0,0.0,0.0,0.0,0.0,0.0
105.0,veh3,"(329.2164545395313, 185.88332233641128)",0.0,-381188582#1_0,49.0,0.0,427.14891922749524,!veh3!var#1,veh_passenger,0.0,0.0,0.0,0.0,0.0,0.0
105.0,veh30,"(243.33200509107078, 257.84272875239543)",5.561686239098056,:cluster_123292029_3663224277_3663224278_5344542569_#1more_24_0,0.0,1.095700626933163,427.38425220788196,!veh30!var#1,veh_passenger,0.0,0.0,0.0,0.0,0.0,0.0
105.0,veh31,"(235.52287960083305, 243.07822234303757)",6.127133966688187,-381243038#4_1,0.0,-2.5250041924395648,414.99264473654716,!veh31!var#1,veh_passenger,0.0,0.0,0.0,0.0,0.0,0.0
105.0,veh32,"(293.83303490616316, 230.49692334884844)",0.0,399296457#1_0,13.0,0.0,271.48377364396714,!veh32!var#1,veh_passenger,0.0,0.0,0.0,0.0,0.0,0.0
105.0,veh33,"(226.77413171742927, 267.05801998527375)",0.0,-399296451#1_1,31.0,0.0,260.77788565041277,!veh33!var#1,veh_passenger,0.0,0.0,0.0,0.0,0.0,0.0
105.0,veh34,"(261.03805539540315, 252.93007269871606)",0.0,399296457#1_1,13.0,0.0,305.9789866608635,!veh34!var#1,veh_passenger,0.0,0.0,0.0,0.0,0.0,0.0
105.0,veh35,"(121.9229326700315, 110.51396678252354)",0.002016585705458372,381243038#6_0,3.0,-0.0018185982483089492,458.0585512043422,!veh35!var#1,veh_passenger,0.0,0.0,0.0,0.0,0.0,0.0
105.0,veh36,"(125.8798650821561, 97.84299009372411)",3.9798912213966484,:cluster_123292031_3663224275_3663224276_3663662936_#1more_4_0,0.0,-2.727988486945374,228.13634253628985,!veh36!var#1,veh_passenger,0.0,0.0,0.0,0.0,0.0,0.0
105.0,veh37,"(305.5016517874518, 221.11538008472854)",0.0,399296457#0_0,9.0,0.0,219.41165367041464,!veh37!var#1,veh_passenger,0.0,0.0,0.0,0.0,0.0,0.0
105.0,veh38,"(311.36832659215236, 216.44345557647043)",0.0,399296457#0_0,7.0,0.0,261.0006506300147,!veh38!var#1,veh_passenger,0.0,0.0,0.0,0.0,0.0,0.0
105.0,veh39,"(299.65873812078485, 225.79006492822987)",0.0,:2611822747_0_0,11.0,0.0,263.98270254894595,!veh39!var#1,veh_passenger,0.0,0.0,0.0,0.0,0.0,0.0
105.0,veh40,"(182.46329400396812, 300.28121749902215)",2.543259020530459,-381187778#0_0,0.0,-4.026327280001716,240.26607750405185,!veh40!var#1,veh_passenger,0.0,0.0,0.0,0.0,0.0,0.0
105.0,veh41,"(224.85419034067877, 264.49797607280215)",0.0,-399296451#1_0,28.0,0.0,46.87795888450289,!veh41!var#1,veh_passenger,0.0,0.0,0.0,0.0,0.0,0.0
105.0,veh42,"(200.82711575850436, 283.061869685037)",2.30106247230602,:4072230470_2_0,0.0,-4.5,193.0652321211029,!veh42!var#1,veh_passenger,0.0,0.0,0.0,0.0,0.0,0.0
105.0,veh43,"(251.26349183567822, 468.607029314641)",11.741425534896551,237022767#2_1,0.0,2.170005324948578,40.40798179814592,!veh43!var#1,veh_passenger,0.0,0.0,0.0,0.0,0.0,0.0
105.0,veh44,"(225.88549280714557, 279.7142095166102)",1.0318221288318936,399296451#1_0,0.0,-3.1065263639315397,215.58104855205272,!veh44!var#1,veh_passenger,0.0,0.0,0.0,0.0,0.0,0.0
105.0,veh45,"(244.24020046342144, 464.93529962120544)",12.191276196416693,237022767#2_0,0.0,0.5816481515795378,47.655483159542314,!veh45!var#1,veh_passenger,0.0,0.0,0.0,0.0,0.0,0.0
105.0,veh46,"(288.0043566851353, 235.21725094331796)",0.0,399296457#1_0,20.0,0.0,7.544815236429232,!veh46!var#1,veh_passenger,0.0,0.0,0.0,0.0,0.0,0.0
105.0,veh47,"(202.3280378608607, 196.2248491685875)",15.913713943112926,-381243038#4_0,0.0,-0.2301044238498431,245.159807371931,!veh47!var#1,veh_passenger,0.0,0.0,0.0,0.0,0.0,0.0
105.0,veh48,"(406.31720757412256, 255.60748834531927)",14.935417440082952,1051478559#1_1,0.0,0.0747892876854177,146.72452474026647,!veh48!var#1,veh_passenger,0.0,0.0,0.0,0.0,0.0,0.0
105.0,veh49,"(118.33952212248168, 347.50637000749)",0.0,-185747928#1_0,15.0,0.0,127.78796512089932,!veh49!var#1,veh_passenger,0.0,0.0,0.0,0.0,0.0,0.0
105.0,veh50,"(154.9207297173631, 330.1354528644999)",6.708760615749519,:cluster_122855839_3663662942_3663662943_3663662944_#1more_4_0,0.0,-2.6123259956210827,198.82722299009032,!veh50!var#1,veh_passenger,0.0,0.0,0.0,0.0,0.0,0.0
105.0,veh51,"(162.5344871226434, 344.6769798975156)",9.042144088267921,399311986#1_4,0.0,-3.5174336328106133,182.16356712334874,!veh51!var#1,veh_passenger,0.0,0.0,0.0,0.0,0.0,0.0
105.0,veh52,"(370.2119012280652, 165.50374059224572)",0.6697330553641119,-399296456#1_0,0.0,-0.8419675829617534,120.06284832551414,!veh52!var#1,veh_passenger,0.0,0.0,0.0,0.0,0.0,0.0
105.0,veh53,"(431.36410585214384, 86.76038833371523)",5.1840917077200395,1121666264#0_2,0.0,1.4387603733611947,56.58937132597937,!veh53!var#1,veh_passenger,0.0,0.0,0.0,0.0,0.0,0.0
105.0,veh54,"(432.0845104766107, 93.16849208512822)",9.205452305776998,:cluster_123308403_3663827018_3663827019_3664674393_#1more_5_1,0.0,2.347144069918431,62.03657055771191,!veh54!var#1,veh_passenger,0.0,0.0,0.0,0.0,0.0,0.0
105.0,veh55,"(111.78305279155913, 352.16947357053493)",3.785162496386348,:11692781943_6_0,0.0,-3.6543342158664003,103.85421072238016,!veh55!var#1,veh_passenger,0.0,0.0,0.0,0.0,0.0,0.0
105.0,veh56,"(25.0837239527535, 356.6167731082985)",0.0,399311981#0_0,10.0,0.0,2.158925685665505,!veh56!var#1,veh_passenger,0.0,0.0,0.0,0.0,0.0,0.0
105.0,veh57,"(457.2806508833639, 345.3163776540031)",0.19852480178179688,399305995#0_2,0.0,-3.216968099884463,92.22628294246311,!veh57!var#1,veh_passenger,0.0,0.0,0.0,0.0,0.0,0.0
105.0,veh58,"(364.20646044235446, 170.29283043043569)",0.06845269973472434,-399296456#1_0,1.0,-0.3030670234336051,43.21408119769395,!veh58!var#1,veh_passenger,0.0,0.0,0.0,0.0,0.0,0.0
105.0,veh59,"(113.00434814526099, 84.19086575266529)",3.790014423551528,-381243038#9_0,0.0,-3.8916440585395295,101.81301602835859,!veh59!var#1,veh_passenger,0.0,0.0,0.0,0.0,0.0,0.0
105.0,veh6,"(160.8208178742834, 324.5388037574066)",0.0,381187778#0_2,20.0,0.0,426.5889776571458,!veh6!var#1,veh_passenger,0.0,0.0,0.0,0.0,0.0,0.0
105.0,veh60,"(232.70286608844773, 435.06647879694384)",13.786941787530667,:6804772505_0_3,0.0,1.8488228995120153,55.801192394108504,!veh60!var#1,veh_passenger,0.0,0.0,0.0,0.0,0.0,0.0
105.0,veh61,"(402.77871339617724, 379.9420249753604)",9.316428785538301,167413476#4_0,0.0,1.8527441028738396,27.972079241601747,!veh61!var#1,veh_passenger,0.0,0.0,0.0,0.0,0.0,0.0
105.0,veh62,"(167.07567794566842, 162.18421936280043)",7.154041812196374,381243038#5_1,0.0,1.5880394579144195,17.44346194562968,!veh62!var#1,veh_passenger,0.0,0.0,0.0,0.0,0.0,0.0
105.0,veh63,"(409.30249272650104, 61.66151032387609)",12.069330830787926,:10259183106_0_2,0.0,1.1016793547198187,23.036982306856032,!veh63!var#1,veh_passenger,0.0,0.0,0.0,0.0,0.0,0.0
105.0,veh64,"(391.2317529769643, 445.90026718290073)",1.771919776359573,608730952#2_0,0.0,1.771919776359573,1.7719197763595727,!veh64!var#1,veh_passenger,0.0,0.0,0.0,0.0,0.0,0.0
105.0,veh8,"(168.7416700489575, 322.59379719395946)",0.0,381187778#0_1,18.0,0.0,419.08791243880313,!veh8!var#1,veh_passenger,0.0,0.0,0.0,0.0,0.0,0.0
110.0,bus1,"(201.97891960079576, 297.6408102994032)",0.0,404989116#0_0,11.0,0.0,399.0613504990053,!bus1!var#1,bus_bus,0.0,0.0,0.0,0.0,0.0,0.0
110.0,bus3,"(130.15441486492261, 339.10027494030606)",0.0,-185747928#1_0,31.0,0.0,142.2889904314428,!bus3!var#1,bus_bus,0.0,0.0,0.0,0.0,0.0,0.0
110.0,bus4,"(243.74153984710307, 253.35848236571582)",7.819622118038124,:cluster_123292029_3663224277_3663224278_5344542569_#1more_6_1,0.0,0.601075480040163,308.5966671696648,!bus4!var#1,bus_bus,0.0,0.0,0.0,0.0,0.0,0.0
110.0,bus5,"(421.59672213267226, 124.54527855703364)",7.0705189416862595,-381188583#0_0,0.0,0.6140367014799271,98.00808941658727,!bus5!var#1,bus_bus,0.0,0.0,0.0,0.0,0.0,0.0
110.0,bus6,"(183.09597097081954, 46.64678229446385)",10.21484652085192,1235901878#1_0,0.0,1.1001631662715212,63.21956365111617,!bus6!var#1,bus_bus,0.0,0.0,0.0,0.0,0.0,0.0
110.0,truck0,"(174.74248869466726, 318.0888158016381)",0.0,381187778#0_1,9.0,0.0,438.00688913166596,!truck0!var#1,truck_truck,0.0,0.0,0.0,0.0,0.0,0.0
110.0,truck1,"(280.543899245972, 241.25906724918326)",0.0,399296457#1_0,28.0,0.0,281.37582586488827,!truck1!var#1,truck_truck,0.0,0.0,0.0,0.0,0.0,0.0
110.0,truck2,"(104.20682799738641, 365.4044828139355)",9.853900977693321,185747928#2_1,0.0,0.7836606102180674,236.07290056025258,!truck2!var#1,truck_truck,0.0,0.0,0.0,0.0,0.0,0.0
110.0,truck3,"(458.6539280991598, 95.07521806181579)",0.0018126311416846762,399296458#0_0,2.0,-0.011913063116083023,37.28753147883056,!truck3!var#1,truck_truck,0.0,0.0,0.0,0.0,0.0,0.0
110.0,veh1,"(164.66083123063308, 329.65879373042355)",0.0,381187778#0_0,30.0,0.0,426.58896096170866,!veh1!var#1,veh_passenger,0.0,0.0,0.0,0.0,0.0,0.0
110.0,veh10,"(403.79225096514404, 456.77010733179037)",13.548999528683566,:cluster_7579759277_8394775009_0_1,0.0,1.545934190313064,701.1625688812784,!veh10!var#1,veh_passenger,0.0,0.0,0.0,0.0,0.0,0.0
110.0,veh14,"(212.84507280920621, 273.493554394195)",0.0,-399296451#1_0,12.0,0.0,281.18577455606265,!veh14!var#1,veh_passenger,0.0,0.0,0.0,0.0,0.0,0.0
110.0,veh16,"(230.8586974164018, 260.0002256311508)",0.0,-399296451#1_0,44.0,0.0,268.2789864758596,!veh16!var#1,veh_passenger,0.0,0.0,0.0,0.0,0.0,0.0
110.0,veh17,"(162.74085643298713, 327.0987748103157)",0.0,381187778#0_1,28.0,0.0,294.50892945876603,!veh17!var#1,veh_passenger,0.0,0.0,0.0,0.0,0.0,0.0
110.0,veh18,"(268.8865074140061, 250.6997510984744)",0.0,399296457#1_0,32.0,0.0,268.8179545937896,!veh18!var#1,veh_passenger,0.0,0.0,0.0,0.0,0.0,0.0
110.0,veh19,"(232.77867441030207, 262.5602428641549)",0.0,-399296451#1_1,45.0,0.0,270.89895773588364,!veh19!var#1,veh_passenger,0.0,0.0,0.0,0.0,0.0,0.0
110.0,veh20,"(206.8405834146201, 277.99129159157167)",0.0,-399296451#1_0,7.0,0.0,284.3347690525633,!veh20!var#1,veh_passenger,0.0,0.0,0.0,0.0,0.0,0.0
110.0,veh22,"(213.57878530296492, 288.93584539201436)",0.0,399296451#1_0,8.0,0.0,363.0402355559129,!veh22!var#1,veh_passenger,0.0,0.0,0.0,0.0,0.0,0.0
110.0,veh23,"(274.7152265881176, 245.97939033834297)",0.0,399296457#1_0,29.0,0.0,296.08686029799196,!veh23!var#1,veh_passenger,0.0,0.0,0.0,0.0,0.0,0.0
110.0,veh24,"(186.33590303388766, 305.38391995672845)",16.31263362357894,381187778#0_2,0.0,2.535305850044823,423.21512120764044,!veh24!var#1,veh_passenger,0.0,0.0,0.0,0.0,0.0,0.0
110.0,veh25,"(263.05784627999805, 255.42006485510143)",0.0,399296457#1_0,39.0,0.0,274.018974196627,!veh25!var#1,veh_passenger,0.0,0.0,0.0,0.0,0.0,0.0
110.0,veh26,"(234.69870147993075, 265.12022258731406)",0.0,-399296451#1_2,7.0,0.0,291.94899155215353,!veh26!var#1,veh_passenger,0.0,0.0,0.0,0.0,0.0,0.0
110.0,veh27,"(63.67933334948017, 32.13295272178474)",15.690271796709474,381243038#9_1,0.0,0.04735860512592005,481.9316130091301,!veh27!var#1,veh_passenger,0.0,0.0,0.0,0.0,0.0,0.0
110.0,veh28,"(218.8496391277054, 268.9957595760079)",0.0,-399296451#1_0,26.0,0.0,255.89687615544233,!veh28!var#1,veh_passenger,0.0,0.0,0.0,0.0,0.0,0.0
110.0,veh29,"(219.5813559501958, 284.43801192954294)",0.0004401258286714514,399296451#1_0,4.0,-0.001042214649194647,355.5390695083501,!veh29!var#1,veh_passenger,0.0,0.0,0.0,0.0,0.0,0.0
110.0,veh3,"(351.8958232542559, 167.81837629947168)",9.49463378712535,:cluster_123281084_3663662939_3664674395_3664674397_#1more_10_0,0.0,1.7186214381130416,456.1444047220838,!veh3!var#1,veh_passenger,0.0,0.0,0.0,0.0,0.0,0.0
110.0,veh30,"(206.0413604528114, 290.5864796603915)",13.631705754007386,:4072230470_0_1,0.0,1.8421160264568837,477.8975984346933,!veh30!var#1,veh_passenger,0.0,0.0,0.0,0.0,0.0,0.0
110.0,veh31,"(238.34554413349738, 266.1544558665026)",5.121035343988359,:cluster_123292029_3663224277_3663224278_5344542569_#1more_24_0,0.0,-1.462335046508743,442.1114992640293,!veh31!var#1,veh_passenger,0.0,0.0,0.0,0.0,0.0,0.0
110.0,veh32,"(293.83303490616316, 230.49692334884844)",0.0,399296457#1_0,18.0,0.0,271.48377364396714,!veh32!var#1,veh_passenger,0.0,0.0,0.0,0.0,0.0,0.0
110.0,veh33,"(226.77413171742927, 267.05801998527375)",0.0,-399296451#1_1,36.0,0.0,260.77788565041277,!veh33!var#1,veh_passenger,0.0,0.0,0.0,0.0,0.0,0.0
110.0,veh34,"(261.03805539540315, 252.93007269871606)",0.0,399296457#1_1,18.0,0.0,305.9789866608635,!veh34!var#1,veh_passenger,0.0,0.0,0.0,0.0,0.0,0.0
110.0,veh35,"(121.92267989258713, 110.51364865966806)",0.0,381243038#6_0,8.0,0.0,458.05895757838454,!veh35!var#1,veh_passenger,0.0,0.0,0.0,0.0,0.0,0.0
110.0,veh36,"(149.1979172384582, 134.5528132186828)",13.356416642200838,:cluster_13026017756_6784790696_4_1,0.0,2.5161922527709972,271.6165634197956,!veh36!var#1,veh_passenger,0.0,0.0,0.0,0.0,0.0,0.0
110.0,veh37,"(305.5016517874518, 221.11538008472854)",0.0,399296457#0_0,14.0,0.0,219.41165367041464,!veh37!var#1,veh_passenger,0.0,0.0,0.0,0.0,0.0,0.0
110.0,veh38,"(311.36832659215236, 216.44345557647043)",0.0,399296457#0_0,12.0,0.0,261.0006506300147,!veh38!var#1,veh_passenger,0.0,0.0,0.0,0.0,0.0,0.0
110.0,veh39,"(299.65873812078485, 225.79006492822987)",0.0,:2611822747_0_0,16.0,0.0,263.98270254894595,!veh39!var#1,veh_passenger,0.0,0.0,0.0,0.0,0.0,0.0
110.0,veh40,"(182.84897959267886, 299.99156720069294)",0.0010275908885449222,-381187778#0_0,4.0,-0.00209064778878996,240.74835999302942,!veh40!var#1,veh_passenger,0.0,0.0,0.0,0.0,0.0,0.0
110.0,veh41,"(224.85419034067877, 264.49797607280215)",0.0,-399296451#1_0,33.0,0.0,46.87795888450289,!veh41!var#1,veh_passenger,0.0,0.0,0.0,0.0,0.0,0.0
110.0,veh42,"(201.05173415928118, 282.8090058566176)",0.0005712274848093579,:4072230470_2_0,4.0,-0.004089352652016623,193.39325821747312,!veh42!var#1,veh_passenger,0.0,0.0,0.0,0.0,0.0,0.0
110.0,veh43,"(209.0663061132616, 415.734844238014)",12.902506168664246,237022767#3_1,0.0,-0.503498321655206,108.05010537867341,!veh43!var#1,veh_passenger,0.0,0.0,0.0,0.0,0.0,0.0
110.0,veh44,"(225.58465685005592, 279.9396312757255)",0.0011436452574210237,399296451#1_0,3.0,-0.022713773498382193,215.9569908940638,!veh44!var#1,veh_passenger,0.0,0.0,0.0,0.0,0.0,0.0
110.0,veh45,"(204.78385995658152, 415.5033705404097)",12.826269813793004,237022767#3_0,0.0,0.4252580743050203,110.90588284513862,!veh45!var#1,veh_passenger,0.0,0.0,0.0,0.0,0.0,0.0
110.0,veh46,"(288.0043566851353, 235.21725094331796)",0.0,399296457#1_0,25.0,0.0,7.544815236429232,!veh46!var#1,veh_passenger,0.0,0.0,0.0,0.0,0.0,0.0
110.0,veh47,"(251.4686331790815, 257.86737047704935)",15.63549832493747,:cluster_123292029_3663224277_3663224278_5344542569_#1more_6_0,0.0,-0.5042015634477135,323.9568880696663,!veh47!var#1,veh_passenger,0.0,0.0,0.0,0.0,0.0,0.0
110.0,veh48,"(359.25647073736684, 201.5480735357993)",11.118117235111434,399294708#0_1,0.0,-4.276171541268319,218.75050229667895,!veh48!var#1,veh_passenger,0.0,0.0,0.0,0.0,0.0,0.0
110.0,veh49,"(118.33952212248168, 347.50637000749)",0.0,-185747928#1_0,20.0,0.0,127.78796512089932,!veh49!var#1,veh_passenger,0.0,0.0,0.0,0.0,0.0,0.0
110.0,veh50,"(176.36409860424487, 304.86171990514845)",4.068825303070075,-381187778#0_0,0.0,-4.1818810926943515,232.63930786515513,!veh50!var#1,veh_passenger,0.0,0.0,0.0,0.0,0.0,0.0
110.0,veh51,"(162.53255780834476, 319.2511442451346)",7.607465665182934,-381187778#0_1,0.0,2.377186169987545,212.94271425979773,!veh51!var#1,veh_passenger,0.0,0.0,0.0,0.0,0.0,0.0
110.0,veh52,"(370.06759209311537, 165.6188211394373)",0.000778096618647126,-399296456#1_0,4.0,-0.0015791299566308282,120.24742629583898,!veh52!var#1,veh_passenger,0.0,0.0,0.0,0.0,0.0,0.0
110.0,veh53,"(439.5118705895098, 108.33718310969498)",4.276876732474966,:cluster_123308403_3663827018_3663827019_3664674393_#1more_5_0,0.0,-1.9549377372857082,80.62507006217275,!veh53!var#1,veh_passenger,0.0,0.0,0.0,0.0,0.0,0.0
110.0,veh54,"(424.12670705923574, 118.44569723509035)",7.994177300609295,-381188583#0_1,0.0,2.0027727280510588,94.05082704461798,!veh54!var#1,veh_passenger,0.0,0.0,0.0,0.0,0.0,0.0
110.0,veh55,"(112.22522904159656, 351.8552805375879)",0.0020265448008076397,:11692781943_6_0,3.0,-0.01638516207311709,104.39612164159162,!veh55!var#1,veh_passenger,0.0,0.0,0.0,0.0,0.0,0.0
110.0,veh56,"(43.49247917314429, 378.36711905502204)",9.983723472827116,:cluster_123241924_382443557_5344542568_5546892974_#3more_13_0,0.0,2.365429908363149,30.65804639217158,!veh56!var#1,veh_passenger,0.0,0.0,0.0,0.0,0.0,0.0
110.0,veh57,"(461.4206650013647, 341.16635470443737)",4.090963113338257,:cluster_3664723686_3698084157_3698084158_3698084159_#1more_0_2,0.0,2.4028569745132704,98.09803442414733,!veh57!var#1,veh_passenger,0.0,0.0,0.0,0.0,0.0,0.0
110.0,veh58,"(364.20261529728214, 170.2958967740813)",0.0001148041132431161,-399296456#1_0,6.0,0.0001148041132431161,43.21899931374604,!veh58!var#1,veh_passenger,0.0,0.0,0.0,0.0,0.0,0.0
110.0,veh59,"(113.03905319813848, 84.23475359907083)",0.0,-381243038#9_0,5.0,-0.000896963006641515,101.86896444726618,!veh59!var#1,veh_passenger,0.0,0.0,0.0,0.0,0.0,0.0
110.0,veh6,"(160.8208178742834, 324.5388037574066)",0.0,381187778#0_2,25.0,0.0,426.5889776571458,!veh6!var#1,veh_passenger,0.0,0.0,0.0,0.0,0.0,0.0
110.0,veh60,"(190.25369280281353, 379.37802781367003)",13.931394227458686,399311986#0_4,0.0,0.36382977108005576,126.0138702881269,!veh60!var#1,veh_passenger,0.0,0.0,0.0,0.0,0.0,0.0
110.0,veh61,"(450.55639623002105, 342.4638046915719)",11.998923250351222,399305995#0_0,0.0,0.5206576030002914,88.70814065639047,!veh61!var#1,veh_passenger,0.0,0.0,0.0,0.0,0.0,0.0
110.0,veh62,"(132.25260269620722, 118.37279125371168)",11.237636786614575,381243038#6_1,0.0,-0.8215987544277841,73.39754187437048,!veh62!var#1,veh_passenger,0.0,0.0,0.0,0.0,0.0,0.0
110.0,veh63,"(437.2049948244717, 95.13966848140362)",6.7362624983381165,:cluster_123308403_3663827018_3663827019_3664674393_#1more_5_0,0.0,0.35391814640953,66.80790382795259,!veh63!var#1,veh_passenger,0.0,0.0,0.0,0.0,0.0,0.0
110.0,veh64,"(366.72833147598345, 414.74541434497934)",11.707188805635086,:cluster_123292026_3663224279_3663224280_3663662945_#1more_10_0,0.0,1.565040959184989,41.41887861008289,!veh64!var#1,veh_passenger,0.0,0.0,0.0,0.0,0.0,0.0
110.0,veh65,"(6.02, 399.86)",0.0,-185747931#1_1,4.0,0.0,0.0,!veh65!var#1,veh_passenger,0.0,0.0,0.0,0.0,0.0,0.0
110.0,veh67,"(6.78, 402.96)",0.0,-185747931#1_2,1.0,0.0,0.0,!veh67!var#1,veh_passenger,0.0,0.0,0.0,0.0,0.0,0.0
110.0,veh8,"(168.7416700489575, 322.59379719395946)",0.0,381187778#0_1,23.0,0.0,419.08791243880313,!veh8!var#1,veh_passenger,0.0,0.0,0.0,0.0,0.0,0.0
115.0,bus1,"(199.5179503237715, 299.48972861568853)",2.0256438561715187,:cluster_5546892981_6784922385_0_0,0.0,0.9750761160627008,402.1375620952856,!bus1!var#1,bus_bus,0.0,0.0,0.0,0.0,0.0,0.0
115.0,bus3,"(134.92628514263416, 326.9221677187618)",4.675654501235112,:cluster_122855839_3663662942_3663662943_3663662944_#1more_9_0,0.0,0.7217411709018053,156.60122591008056,!bus3!var#1,bus_bus,0.0,0.0,0.0,0.0,0.0,0.0
115.0,bus4,"(278.0653088655814, 295.67179590441367)",12.857506998361083,-381243038#1_1,0.0,0.8171430372633033,363.07200500866566,!bus4!var#1,bus_bus,0.0,0.0,0.0,0.0,0.0,0.0
115.0,bus5,"(383.44684987613573, 154.94941821340316)",10.179660921352891,-399296456#1_0,0.0,-0.9340965004663708,146.75474491983883,!bus5!var#1,bus_bus,0.0,0.0,0.0,0.0,0.0,0.0
115.0,bus6,"(136.9024427299625, 83.01636773401985)",9.920048236311121,777294311#1_0,0.0,-3.835991926309564,122.00828038540355,!bus6!var#1,bus_bus,0.0,0.0,0.0,0.0,0.0,0.0
115.0,bus7,"(222.39110341436768, 16.803617333920336)",13.851617848975584,:cluster_123281085_12840608127_12840608130_12840608135_#1more_1_0,0.0,-0.038382151024416444,13.851617848975584,!bus7!var#1,bus_bus,0.0,0.0,0.0,0.0,0.0,0.0
115.0,truck0,"(169.39966429521854, 322.0998226197104)",3.3890536993880755,381187778#0_1,0.0,1.2314957916270943,444.6854196309768,!truck0!var#1,truck_truck,0.0,0.0,0.0,0.0,0.0,0.0
115.0,truck1,"(280.543899245972, 241.25906724918326)",0.0,399296457#1_0,33.0,0.0,281.37582586488827,!truck1!var#1,truck_truck,0.0,0.0,0.0,0.0,0.0,0.0
115.0,truck2,"(64.46228220255115, 396.8368435067275)",6.858943761588566,399307909#1_3,0.0,-3.832536257029278,289.0955921241124,!truck2!var#1,truck_truck,0.0,0.0,0.0,0.0,0.0,0.0
115.0,truck3,"(456.8695496746623, 96.49500880340749)",1.740388827709429,:cluster_123308403_3663827018_3663827019_3664674393_#1more_0_0,0.0,1.202143195923418,39.567546947631996,!truck3!var#1,truck_truck,0.0,0.0,0.0,0.0,0.0,0.0
115.0,veh1,"(155.69744488012634, 335.7382918836316)",1.5039543884107844,:cluster_122855839_3663662942_3663662943_3663662944_#1more_5_0,0.0,1.4526175381382929,437.40761438299893,!veh1!var#1,veh_passenger,0.0,0.0,0.0,0.0,0.0,0.0
115.0,veh14,"(212.84515313987532, 273.49349422151175)",0.0,-399296451#1_0,17.0,0.0,281.18587490777475,!veh14!var#1,veh_passenger,0.0,0.0,0.0,0.0,0.0,0.0
115.0,veh16,"(230.8586974164018, 260.0002256311508)",0.0,-399296451#1_0,49.0,0.0,268.2789864758596,!veh16!var#1,veh_passenger,0.0,0.0,0.0,0.0,0.0,0.0
115.0,veh17,"(138.86678446143355, 344.9137703476239)",10.64223263646709,:cluster_122855839_3663662942_3663662943_3663662944_#1more_5_0,0.0,2.5931426766095687,324.4807323379841,!veh17!var#1,veh_passenger,0.0,0.0,0.0,0.0,0.0,0.0
115.0,veh18,"(268.8865074140061, 250.6997510984744)",0.0,399296457#1_0,37.0,0.0,268.8179545937896,!veh18!var#1,veh_passenger,0.0,0.0,0.0,0.0,0.0,0.0
115.0,veh19,"(232.77867441030207, 262.5602428641549)",0.0,-399296451#1_1,50.0,0.0,270.89895773588364,!veh19!var#1,veh_passenger,0.0,0.0,0.0,0.0,0.0,0.0
115.0,veh20,"(206.8405834146201, 277.99129159157167)",0.0,-399296451#1_0,12.0,0.0,284.3347690525633,!veh20!var#1,veh_passenger,0.0,0.0,0.0,0.0,0.0,0.0
115.0,veh22,"(212.99291071849677, 289.3748516887662)",0.7321434097855701,399296451#1_0,0.0,0.7321434097855701,363.77237896569846,!veh22!var#1,veh_passenger,0.0,0.0,0.0,0.0,0.0,0.0
115.0,veh23,"(274.7152265881176, 245.97939033834297)",0.0,399296457#1_0,34.0,0.0,296.08686029799196,!veh23!var#1,veh_passenger,0.0,0.0,0.0,0.0,0.0,0.0
115.0,veh24,"(159.00190745009644, 325.19656069721685)",1.2961981418396282,:cluster_122855839_3663662942_3663662943_3663662944_#1more_8_0,0.0,-2.9846764513546153,457.1280925499036,!veh24!var#1,veh_passenger,0.0,0.0,0.0,0.0,0.0,0.0
115.0,veh25,"(263.05784627999805, 255.42006485510143)",0.0,399296457#1_0,44.0,0.0,274.018974196627,!veh25!var#1,veh_passenger,0.0,0.0,0.0,0.0,0.0,0.0
115.0,veh26,"(234.69870147993075, 265.12022258731406)",0.0,-399296451#1_2,12.0,0.0,291.94899155215353,!veh26!var#1,veh_passenger,0.0,0.0,0.0,0.0,0.0,0.0
115.0,veh28,"(218.8496391277054, 268.9957595760079)",0.0,-399296451#1_0,31.0,0.0,255.89687615544233,!veh28!var#1,veh_passenger,0.0,0.0,0.0,0.0,0.0,0.0
115.0,veh29,"(219.5812553083634, 284.43808734226656)",0.0,399296451#1_0,9.0,0.0,355.5391952763153,!veh29!var#1,veh_passenger,0.0,0.0,0.0,0.0,0.0,0.0
115.0,veh3,"(398.60798805186147, 126.7155622768973)",12.65765380030647,:cluster_1770621235_2871010067_4_0,0.0,-0.02350548200774938,519.0930300442169,!veh3!var#1,veh_passenger,0.0,0.0,0.0,0.0,0.0,0.0
115.0,veh30,"(172.20248775803643, 323.99706250188166)",11.13421968115516,381187778#0_0,0.0,1.3136424149373873,525.0018903024545,!veh30!var#1,veh_passenger,0.0,0.0,0.0,0.0,0.0,0.0
115.0,veh31,"(195.27603228368582, 298.6750629813905)",10.325523406084901,:cluster_5546892981_6784922385_0_1,0.0,-4.110922056115914,496.07995964539265,!veh31!var#1,veh_passenger,0.0,0.0,0.0,0.0,0.0,0.0
115.0,veh32,"(293.83303490616316, 230.49692334884844)",0.0,399296457#1_0,23.0,0.0,271.48377364396714,!veh32!var#1,veh_passenger,0.0,0.0,0.0,0.0,0.0,0.0
115.0,veh33,"(226.77413171742927, 267.05801998527375)",0.0,-399296451#1_1,41.0,0.0,260.77788565041277,!veh33!var#1,veh_passenger,0.0,0.0,0.0,0.0,0.0,0.0
115.0,veh34,"(261.03805539540315, 252.93007269871606)",0.0,399296457#1_1,23.0,0.0,305.9789866608635,!veh34!var#1,veh_passenger,0.0,0.0,0.0,0.0,0.0,0.0
115.0,veh35,"(114.556120839078, 101.39017316684927)",6.2669122020481165,:cluster_123292031_3663224275_3663224276_3663662936_#1more_1_0,0.0,2.5824612329015517,469.7826344997652,!veh35!var#1,veh_passenger,0.0,0.0,0.0,0.0,0.0,0.0
115.0,veh36,"(190.92443418618092, 187.03880329917286)",13.663251969213546,-381243038#4_1,0.0,0.12086097442079335,338.6019732303757,!veh36!var#1,veh_passenger,0.0,0.0,0.0,0.0,0.0,0.0
115.0,veh37,"(305.5016517874518, 221.11538008472854)",0.0,399296457#0_0,19.0,0.0,219.41165367041464,!veh37!var#1,veh_passenger,0.0,0.0,0.0,0.0,0.0,0.0
115.0,veh38,"(311.36832659215236, 216.44345557647043)",0.0,399296457#0_0,17.0,0.0,261.0006506300147,!veh38!var#1,veh_passenger,0.0,0.0,0.0,0.0,0.0,0.0
115.0,veh39,"(299.65873812078485, 225.79006492822987)",0.0,:2611822747_0_0,21.0,0.0,263.98270254894595,!veh39!var#1,veh_passenger,0.0,0.0,0.0,0.0,0.0,0.0
115.0,veh40,"(182.84944700232685, 299.9912161755368)",0.0,-381187778#0_0,9.0,0.0,240.7489444677804,!veh40!var#1,veh_passenger,0.0,0.0,0.0,0.0,0.0,0.0
115.0,veh41,"(224.85419034067877, 264.49797607280215)",0.0,-399296451#1_0,38.0,0.0,46.87795888450289,!veh41!var#1,veh_passenger,0.0,0.0,0.0,0.0,0.0,0.0
115.0,veh42,"(201.05205474028494, 282.8086449630325)",0.0,:4072230470_2_0,9.0,0.0,193.39372638452835,!veh42!var#1,veh_passenger,0.0,0.0,0.0,0.0,0.0,0.0
115.0,veh43,"(165.47272206925774, 363.73097226729885)",13.937581800541654,:6697063048_1_1,0.0,0.28045486116316276,176.0975443489412,!veh43!var#1,veh_passenger,0.0,0.0,0.0,0.0,0.0,0.0
115.0,veh44,"(225.5837029488577, 279.94034605094123)",0.0,399296451#1_0,8.0,0.0,215.95818294522013,!veh44!var#1,veh_passenger,0.0,0.0,0.0,0.0,0.0,0.0
115.0,veh45,"(164.0429749125272, 367.07106739473164)",12.370655939917304,:6697063048_1_0,0.0,-0.17965444603469294,174.38185793409187,!veh45!var#1,veh_passenger,0.0,0.0,0.0,0.0,0.0,0.0
115.0,veh46,"(288.0043566851353, 235.21725094331796)",0.0,399296457#1_0,30.0,0.0,7.544815236429232,!veh46!var#1,veh_passenger,0.0,0.0,0.0,0.0,0.0,0.0
115.0,veh47,"(300.07423703069605, 317.5920431460935)",15.159151202479661,-381243038#1_0,0.0,0.06862235097214509,400.96612907315034,!veh47!var#1,veh_passenger,0.0,0.0,0.0,0.0,0.0,0.0
115.0,veh48,"(353.0150210797857, 193.6986231897894)",0.1510787796167614,399294708#0_1,0.0,-0.15089322189506407,228.77961261951953,!veh48!var#1,veh_passenger,0.0,0.0,0.0,0.0,0.0,0.0
115.0,veh49,"(125.31072542553483, 342.546477524706)",3.5418550403788673,-185747928#1_0,0.0,0.4800242839092128,136.34408135032464,!veh49!var#1,veh_passenger,0.0,0.0,0.0,0.0,0.0,0.0
115.0,veh50,"(176.85042712401614, 304.49648665568066)",0.0030581923801637086,-381187778#0_0,3.0,-0.003332080422208898,233.24743981470527,!veh50!var#1,veh_passenger,0.0,0.0,0.0,0.0,0.0,0.0
115.0,veh51,"(210.28960002644962, 279.405962748684)",11.855435283298103,-399296451#1_1,0.0,-3.3529433486658515,275.59486685881745,!veh51!var#1,veh_passenger,0.0,0.0,0.0,0.0,0.0,0.0
115.0,veh52,"(370.067154821266, 165.6191698455931)",0.0,-399296456#1_0,9.0,0.0,120.24798558649277,!veh52!var#1,veh_passenger,0.0,0.0,0.0,0.0,0.0,0.0
115.0,veh53,"(416.5174958931633, 128.5888820305401)",7.423374198544266,-381188583#0_0,0.0,1.2248583640577513,111.51489287173172,!veh53!var#1,veh_passenger,0.0,0.0,0.0,0.0,0.0,0.0
115.0,veh54,"(402.4177930019793, 139.82086400379785)",8.317493082101276,:cluster_1770621235_2871010067_0_0,0.0,1.8522030596388506,124.38608985771079,!veh54!var#1,veh_passenger,0.0,0.0,0.0,0.0,0.0,0.0
115.0,veh55,"(115.80347478579051, 349.310724517669)",2.7809846300476426,-185747928#1_0,0.0,1.6691269169756824,108.78534383691658,!veh55!var#1,veh_passenger,0.0,0.0,0.0,0.0,0.0,0.0
115.0,veh56,"(98.2072405137946, 361.8141011967504)",11.759807734603843,-185747928#2_0,0.0,-4.5,100.47090313280245,!veh56!var#1,veh_passenger,0.0,0.0,0.0,0.0,0.0,0.0
115.0,veh57,"(457.28317175723305, 314.7086450254652)",6.41571556442235,1051478559#1_2,0.0,1.6259300028672437,128.19069879544992,!veh57!var#1,veh_passenger,0.0,0.0,0.0,0.0,0.0,0.0
115.0,veh58,"(364.20261529728214, 170.2958967740813)",0.0,-399296456#1_0,11.0,0.0,43.21899931374604,!veh58!var#1,veh_passenger,0.0,0.0,0.0,0.0,0.0,0.0
115.0,veh59,"(120.95153231725305, 94.039360767348)",6.252494068909437,:cluster_123292031_3663224275_3663224276_3663662936_#1more_7_0,0.0,2.2870092435507106,114.47388410356245,!veh59!var#1,veh_passenger,0.0,0.0,0.0,0.0,0.0,0.0
115.0,veh6,"(137.88700012583206, 318.23539293279475)",6.186097595930122,:cluster_122855839_3663662942_3663662943_3663662944_#1more_15_0,0.0,-1.8353024783115606,453.4505987855606,!veh6!var#1,veh_passenger,0.0,0.0,0.0,0.0,0.0,0.0
115.0,veh60,"(162.95426070306556, 345.20234754068343)",1.1619975298928897,399311986#1_4,0.0,-3.9841171006988496,169.7513344985452,!veh60!var#1,veh_passenger,0.0,0.0,0.0,0.0,0.0,0.0
115.0,veh61,"(447.026067011842, 312.0852763440304)",9.131190526915423,1051478559#1_0,0.0,2.197021353384481,126.26892226012353,!veh61!var#1,veh_passenger,0.0,0.0,0.0,0.0,0.0,0.0
115.0,veh62,"(126.71237318543577, 106.25639054064041)",2.688500282039568,-381243038#6_1,0.0,0.1271056002704425,92.29686949544528,!veh62!var#1,veh_passenger,0.0,0.0,0.0,0.0,0.0,0.0
115.0,veh63,"(432.60264018597724, 115.78339901654415)",5.939951213158577,-381188583#0_0,0.0,1.956119626946748,90.90882660776936,!veh63!var#1,veh_passenger,0.0,0.0,0.0,0.0,0.0,0.0
115.0,veh64,"(323.8081052814522, 361.87766394682023)",13.67424529665094,381243038#1_0,0.0,0.16807475844398212,109.5378334481945,!veh64!var#1,veh_passenger,0.0,0.0,0.0,0.0,0.0,0.0
115.0,veh65,"(6.02, 399.86)",0.0,-185747931#1_1,9.0,0.0,0.0,!veh65!var#1,veh_passenger,0.0,0.0,0.0,0.0,0.0,0.0
115.0,veh67,"(6.78, 402.96)",0.0,-185747931#1_2,6.0,0.0,0.0,!veh67!var#1,veh_passenger,0.0,0.0,0.0,0.0,0.0,0.0
115.0,veh68,"(395.0092585986639, 440.3318438691936)",7.2231078663840895,-608730952#2_1,0.0,1.4754536588210607,19.69997038145084,!veh68!var#1,veh_passenger,0.0,0.0,0.0,0.0,0.0,0.0
115.0,veh69,"(258.67, 492.54)",0.0,1121247208_0,3.0,0.0,0.0,!veh69!var#1,veh_passenger,0.0,0.0,0.0,0.0,0.0,0.0
115.0,veh70,"(402.348700078882, 53.03598611185104)",11.956576731575824,399294707#1_2,0.0,-0.8513142684241757,11.956576731575824,!veh70!var#1,veh_passenger,0.0,0.0,0.0,0.0,0.0,0.0
115.0,veh8,"(154.45503872556614, 332.7296740999562)",7.28188118218722,:cluster_122855839_3663662942_3663662943_3663662944_#1more_5_1,0.0,1.9469378943322226,436.6202180827398,!veh8!var#1,veh_passenger,0.0,0.0,0.0,0.0,0.0,0.0
120.0,bus1,"(180.92090731705332, 313.45050516918445)",6.378673874214292,381187778#0_1,0.0,0.8558554116636516,425.3838658536833,!bus1!var#1,bus_bus,0.0,0.0,0.0,0.0,0.0,0.0
120.0,bus3,"(113.96954373455523, 298.7507344781677)",8.448551398399308,399311989#2_0,0.0,0.6254074478521945,191.82245405833334,!bus3!var#1,bus_bus,0.0,0.0,0.0,0.0,0.0,0.0
120.0,bus4,"(320.6620120784653, 347.89051461620477)",13.695794776277618,-381243038#1_1,0.0,0.3056649515870955,430.4585928782279,!bus4!var#1,bus_bus,0.0,0.0,0.0,0.0,0.0,0.0
120.0,bus5,"(375.93192906363913, 160.94225573892885)",0.0014070290547305727,-399296456#1_0,2.0,-0.08302304039148749,156.36667164370635,!bus5!var#1,bus_bus,0.0,0.0,0.0,0.0,0.0,0.0
120.0,bus6,"(130.24916971302895, 88.21354345831526)",0.0007678019274467373,777294311#1_0,3.0,-0.0022069589370991437,130.44883419609621,!bus6!var#1,bus_bus,0.0,0.0,0.0,0.0,0.0,0.0
120.0,bus7,"(168.20323374721153, 58.53613327771822)",13.679777185348794,:2611822744_3_0,0.0,-0.1098790691234175,82.27806359879673,!bus7!var#1,bus_bus,0.0,0.0,0.0,0.0,0.0,0.0
120.0,truck0,"(143.12414942083132, 338.8171702771518)",8.33518706049295,:cluster_122855839_3663662942_3663662943_3663662944_#1more_5_1,0.0,1.0327042161719877,475.92569067738486,!truck0!var#1,truck_truck,0.0,0.0,0.0,0.0,0.0,0.0
120.0,truck1,"(280.543899245972, 241.25906724918326)",0.0,399296457#1_0,38.0,0.0,281.37582586488827,!truck1!var#1,truck_truck,0.0,0.0,0.0,0.0,0.0,0.0
120.0,truck2,"(61.879831064563184, 398.41173567731323)",0.0017683328972556665,399307909#1_3,3.0,-0.032086945703533154,292.13860697697334,!truck2!var#1,truck_truck,0.0,0.0,0.0,0.0,0.0,0.0
120.0,truck3,"(439.64875942375807, 110.17952616960656)",6.476865992505517,:cluster_123308403_3663827018_3663827019_3664674393_#1more_0_0,0.0,1.1532339745550413,61.55801210483837,!truck3!var#1,truck_truck,0.0,0.0,0.0,0.0,0.0,0.0
120.0,veh1,"(125.19752092952456, 354.41286595146926)",11.315252100420182,185747928#1_0,0.0,2.2404604180715975,473.20893420825234,!veh1!var#1,veh_passenger,0.0,0.0,0.0,0.0,0.0,0.0
120.0,veh14,"(212.84515313987532, 273.49349422151175)",0.0,-399296451#1_0,22.0,0.0,281.18587490777475,!veh14!var#1,veh_passenger,0.0,0.0,0.0,0.0,0.0,0.0
120.0,veh16,"(232.7774537048186, 258.6642750060245)",2.341881920420565,:cluster_123292029_3663224277_3663224278_5344542569_#1more_11_0,0.0,2.341881920420565,270.6208683962801,!veh16!var#1,veh_passenger,0.0,0.0,0.0,0.0,0.0,0.0
120.0,veh17,"(86.52458520125148, 393.47951953383705)",15.644126440482326,399307909#1_0,0.0,0.36575475279241765,397.34129158739296,!veh17!var#1,veh_passenger,0.0,0.0,0.0,0.0,0.0,0.0
120.0,veh18,"(268.8865074140061, 250.6997510984744)",0.0,399296457#1_0,42.0,0.0,268.8179545937896,!veh18!var#1,veh_passenger,0.0,0.0,0.0,0.0,0.0,0.0
120.0,veh19,"(234.69432891859793, 261.227357039006)",2.331881891959347,:cluster_123292029_3663224277_3663224278_5344542569_#1more_11_1,0.0,2.331881891959347,273.230839627843,!veh19!var#1,veh_passenger,0.0,0.0,0.0,0.0,0.0,0.0
120.0,veh20,"(206.8406649782715, 277.9912304953077)",0.0,-399296451#1_0,17.0,0.0,284.33487094455734,!veh20!var#1,veh_passenger,0.0,0.0,0.0,0.0,0.0,0.0
120.0,veh22,"(198.23011946726078, 300.4577625480993)",5.530483721368364,:cluster_5546892981_6784922385_0_0,0.0,0.46610892560856865,382.227350665924,!veh22!var#1,veh_passenger,0.0,0.0,0.0,0.0,0.0,0.0
120.0,veh23,"(274.7152265881176, 245.97939033834297)",0.0,399296457#1_0,39.0,0.0,296.08686029799196,!veh23!var#1,veh_passenger,0.0,0.0,0.0,0.0,0.0,0.0
120.0,veh24,"(157.85857706496793, 323.2640316492575)",2.613181072874206,:cluster_122855839_3663662942_3663662943_3663662944_#1more_16_0,0.0,2.6,460.05485567362336,!veh24!var#1,veh_passenger,0.0,0.0,0.0,0.0,0.0,0.0
120.0,veh25,"(261.05398670735264, 256.9152099664071)",2.498067322256975,:cluster_123292029_3663224277_3663224278_5344542569_#1more_1_0,0.0,2.498067322256975,276.5170415188839,!veh25!var#1,veh_passenger,0.0,0.0,0.0,0.0,0.0,0.0
120.0,veh26,"(236.3369032879794, 264.0912650452884)",1.9407123430632054,:cluster_123292029_3663224277_3663224278_5344542569_#1more_13_0,0.0,1.9407123430632054,293.8897038952167,!veh26!var#1,veh_passenger,0.0,0.0,0.0,0.0,0.0,0.0
120.0,veh28,"(218.8496391277054, 268.9957595760079)",0.0,-399296451#1_0,36.0,0.0,255.89687615544233,!veh28!var#1,veh_passenger,0.0,0.0,0.0,0.0,0.0,0.0
120.0,veh29,"(210.13874186599685, 291.5135314189648)",4.425388751353602,399296451#1_0,0.0,1.9948170676128933,367.3391165767352,!veh29!var#1,veh_passenger,0.0,0.0,0.0,0.0,0.0,0.0
120.0,veh3,"(452.58598767424087, 87.63530559814019)",13.514573478350975,-399296458#0_0,0.0,0.3266989158932123,585.7300124071279,!veh3!var#1,veh_passenger,0.0,0.0,0.0,0.0,0.0,0.0
120.0,veh30,"(143.11570252589968, 342.3630494433842)",8.363905062006697,:cluster_122855839_3663662942_3663662943_3663662944_#1more_5_0,0.0,1.3739639490842812,559.4496407231558,!veh30!var#1,veh_passenger,0.0,0.0,0.0,0.0,0.0,0.0
120.0,veh31,"(159.7147512079871, 333.04208017948054)",9.460855366670897,:cluster_122855839_3663662942_3663662943_3663662944_#1more_5_0,0.0,0.4885968387199604,545.1357493840978,!veh31!var#1,veh_passenger,0.0,0.0,0.0,0.0,0.0,0.0
120.0,veh32,"(293.83303490616316, 230.49692334884844)",0.0,399296457#1_0,28.0,0.0,271.48377364396714,!veh32!var#1,veh_passenger,0.0,0.0,0.0,0.0,0.0,0.0
120.0,veh33,"(226.77413171742927, 267.05801998527375)",0.0,-399296451#1_1,46.0,0.0,260.77788565041277,!veh33!var#1,veh_passenger,0.0,0.0,0.0,0.0,0.0,0.0
120.0,veh34,"(259.5971760503029, 254.02856479507304)",1.8147203167434782,:cluster_123292029_3663224277_3663224278_5344542569_#1more_1_1,0.0,1.8147203167434782,307.7937069776069,!veh34!var#1,veh_passenger,0.0,0.0,0.0,0.0,0.0,0.0
120.0,veh35,"(80.66750515232532, 58.77528803051781)",11.341075609005257,381243038#9_0,0.0,-1.0056751461699598,524.2283837382066,!veh35!var#1,veh_passenger,0.0,0.0,0.0,0.0,0.0,0.0
120.0,veh36,"(231.90001247617653, 238.52597019498026)",11.680644151043287,-381243038#4_1,0.0,-1.4842536829028212,404.4506184935325,!veh36!var#1,veh_passenger,0.0,0.0,0.0,0.0,0.0,0.0
120.0,veh37,"(305.5016517874518, 221.11538008472854)",0.0,399296457#0_0,24.0,0.0,219.41165367041464,!veh37!var#1,veh_passenger,0.0,0.0,0.0,0.0,0.0,0.0
120.0,veh38,"(311.36832659215236, 216.44345557647043)",0.0,399296457#0_0,22.0,0.0,261.0006506300147,!veh38!var#1,veh_passenger,0.0,0.0,0.0,0.0,0.0,0.0
120.0,veh39,"(299.65873812078485, 225.79006492822987)",0.0,:2611822747_0_0,26.0,0.0,263.98270254894595,!veh39!var#1,veh_passenger,0.0,0.0,0.0,0.0,0.0,0.0
120.0,veh40,"(182.84944700232685, 299.9912161755368)",0.0,-381187778#0_0,14.0,0.0,240.7489444677804,!veh40!var#1,veh_passenger,0.0,0.0,0.0,0.0,0.0,0.0
120.0,veh41,"(224.85419034067877, 264.49797607280215)",0.0,-399296451#1_0,43.0,0.0,46.87795888450289,!veh41!var#1,veh_passenger,0.0,0.0,0.0,0.0,0.0,0.0
120.0,veh42,"(201.052136805861, 282.8085525778331)",0.0,:4072230470_2_0,14.0,-0.00011984615002503537,193.39384623067838,!veh42!var#1,veh_passenger,0.0,0.0,0.0,0.0,0.0,0.0
120.0,veh43,"(154.77658689291425, 350.34420485357646)",0.03137101268538734,399311986#1_1,1.0,-0.10258212056096538,193.22657298282644,!veh43!var#1,veh_passenger,0.0,0.0,0.0,0.0,0.0,0.0
120.0,veh44,"(220.56375573853094, 283.70188221093025)",1.4134303617313253,399296451#1_0,0.0,-1.540409431219202,222.23140483425055,!veh44!var#1,veh_passenger,0.0,0.0,0.0,0.0,0.0,0.0
120.0,veh45,"(152.2785241462846, 352.3466294231179)",0.16654417347012226,399311986#1_0,0.0,-0.11127222987013255,193.22347063199064,!veh45!var#1,veh_passenger,0.0,0.0,0.0,0.0,0.0,0.0
120.0,veh46,"(288.0043566851353, 235.21725094331796)",0.0,399296457#1_0,35.0,0.0,7.544815236429232,!veh46!var#1,veh_passenger,0.0,0.0,0.0,0.0,0.0,0.0
120.0,veh47,"(348.90435939607227, 377.45222555778514)",15.453319516049051,-381243038#1_0,0.0,0.28453461548779124,478.213781667557,!veh47!var#1,veh_passenger,0.0,0.0,0.0,0.0,0.0,0.0
120.0,veh48,"(353.00296962625407, 193.68346688936504)",0.0,399294708#0_1,5.0,-0.0007308252425530185,228.7989775689544,!veh48!var#1,veh_passenger,0.0,0.0,0.0,0.0,0.0,0.0
120.0,veh49,"(155.0050662010911, 320.8822084601275)",11.110913535854028,:cluster_122855839_3663662942_3663662943_3663662944_#1more_10_0,0.0,2.5626189330127094,173.15030437993545,!veh49!var#1,veh_passenger,0.0,0.0,0.0,0.0,0.0,0.0
120.0,veh50,"(176.85077344118164, 304.49622657111115)",0.0,-381187778#0_0,8.0,0.0,233.24787286875096,!veh50!var#1,veh_passenger,0.0,0.0,0.0,0.0,0.0,0.0
120.0,veh51,"(220.76671349486236, 271.5579510575477)",0.01185040593547631,-399296451#1_1,1.0,-0.16962676182506428,288.68322135873706,!veh51!var#1,veh_passenger,0.0,0.0,0.0,0.0,0.0,0.0
120.0,veh52,"(370.067154821266, 165.6191698455931)",0.0,-399296456#1_0,14.0,0.0,120.24798558649277,!veh52!var#1,veh_passenger,0.0,0.0,0.0,0.0,0.0,0.0
120.0,veh53,"(393.38184978602106, 147.02666802592978)",0.3437975970737215,-399296456#1_0,0.0,-4.5,141.04742657036934,!veh53!var#1,veh_passenger,0.0,0.0,0.0,0.0,0.0,0.0
120.0,veh54,"(387.3052278560986, 151.87252187305415)",0.06435905250816261,-399296456#1_0,1.0,-0.0713987401439563,143.70970337492784,!veh54!var#1,veh_passenger,0.0,0.0,0.0,0.0,0.0,0.0
120.0,veh55,"(139.1845678687231, 332.4918561851893)",8.47315742237288,:cluster_122855839_3663662942_3663662943_3663662944_#1more_10_0,0.0,1.689237692270983,137.60548455566865,!veh55!var#1,veh_passenger,0.0,0.0,0.0,0.0,0.0,0.0
120.0,veh56,"(124.80504210237476, 342.9062626011379)",6.107530961327995,-185747928#1_0,0.0,-0.18336296343113823,133.10343020874274,!veh56!var#1,veh_passenger,0.0,0.0,0.0,0.0,0.0,0.0
120.0,veh57,"(420.1788894161831, 267.9378905197383)",15.492956774200353,1051478559#1_2,0.0,1.4420897888950996,187.8866493931983,!veh57!var#1,veh_passenger,0.0,0.0,0.0,0.0,0.0,0.0
120.0,veh58,"(364.20261529728214, 170.2958967740813)",0.0,-399296456#1_0,16.0,0.0,43.21899931374604,!veh58!var#1,veh_passenger,0.0,0.0,0.0,0.0,0.0,0.0
120.0,veh59,"(157.45045756373548, 139.776983432874)",13.23764380624082,-381243038#5_0,0.0,0.19891376639716363,172.9814455473324,!veh59!var#1,veh_passenger,0.0,0.0,0.0,0.0,0.0,0.0
120.0,veh60,"(162.27584313051125, 344.353273997708)",0.001679117979882314,399311986#1_4,3.0,-0.03348966808672439,170.83776405671898,!veh60!var#1,veh_passenger,0.0,0.0,0.0,0.0,0.0,0.0
120.0,veh61,"(408.119868449742, 263.0346367235572)",13.341049214972072,1051478559#1_0,0.0,0.43692489948589497,188.87480900529425,!veh61!var#1,veh_passenger,0.0,0.0,0.0,0.0,0.0,0.0
120.0,veh62,"(153.7115241569331, 140.22595019035214)",11.924866089908825,:cluster_13026017756_6784790696_4_1,0.0,0.43783235188831604,135.70724489382516,!veh62!var#1,veh_passenger,0.0,0.0,0.0,0.0,0.0,0.0
120.0,veh63,"(408.8761232100237, 134.6722261595245)",0.8040635999914567,-381188583#0_0,0.0,-3.390510829286743,121.30396463820328,!veh63!var#1,veh_passenger,0.0,0.0,0.0,0.0,0.0,0.0
120.0,veh64,"(280.61477630288147, 308.92754982917097)",13.50834580648169,381243038#1_0,0.0,0.15878466190770268,177.86826371757275,!veh64!var#1,veh_passenger,0.0,0.0,0.0,0.0,0.0,0.0
120.0,veh65,"(6.02, 399.86)",0.0,-185747931#1_1,14.0,0.0,0.0,!veh65!var#1,veh_passenger,0.0,0.0,0.0,0.0,0.0,0.0
120.0,veh67,"(6.78, 402.96)",0.0,-185747931#1_2,11.0,0.0,0.0,!veh67!var#1,veh_passenger,0.0,0.0,0.0,0.0,0.0,0.0
120.0,veh68,"(430.66770813568917, 485.87357424411084)",12.809665573953593,-608730952#0_1,0.0,0.07546194700989872,77.54060631643127,!veh68!var#1,veh_passenger,0.0,0.0,0.0,0.0,0.0,0.0
120.0,veh69,"(258.67, 492.54)",0.0,1121247208_0,8.0,0.0,0.0,!veh69!var#1,veh_passenger,0.0,0.0,0.0,0.0,0.0,0.0
120.0,veh70,"(431.8262425493265, 87.33253338157412)",3.117701836471741,1121666264#0_2,0.0,-3.416256242594682,57.32487750428821,!veh70!var#1,veh_passenger,0.0,0.0,0.0,0.0,0.0,0.0
120.0,veh71,"(376.97924764383964, 226.42917515034753)",8.175148888863623,1051478561_0,0.0,2.31789199418854,18.862010276294313,!veh71!var#1,veh_passenger,0.0,0.0,0.0,0.0,0.0,0.0
120.0,veh72,"(467.1882624446377, 80.09215197374026)",5.973865468916484,-399296458#0_1,0.0,2.30886199255474,11.910026707150978,!veh72!var#1,veh_passenger,0.0,0.0,0.0,0.0,0.0,0.0
120.0,veh8,"(102.3391378518162, 366.7300414239627)",15.167346658508999,185747928#2_1,0.0,0.3566767437707412,498.9836413260442,!veh8!var#1,veh_passenger,0.0,0.0,0.0,0.0,0.0,0.0
125.0,bus1,"(144.12459550121758, 338.31047185779755)",10.4175179307349,:cluster_122855839_3663662942_3663662943_3663662944_#1more_5_1,0.0,0.7849271995481093,469.9027135251139,!bus1!var#1,bus_bus,0.0,0.0,0.0,0.0,0.0,0.0
125.0,bus3,"(79.34444649788283, 254.8242497339495)",12.668402758962493,:cluster_5565170276_8156978069_1_0,0.0,0.6040571326855559,247.7551403590256,!bus3!var#1,bus_bus,0.0,0.0,0.0,0.0,0.0,0.0
125.0,bus4,"(363.58239110935585, 400.56394506226525)",13.540816910946742,:cluster_123292026_3663224279_3663224280_3663662945_#1more_1_1,0.0,-0.16491134916432237,498.4064552589244,!bus4!var#1,bus_bus,0.0,0.0,0.0,0.0,0.0,0.0
125.0,bus5,"(375.9317709540192, 160.94238182479017)",0.0,-399296456#1_0,7.0,0.0,156.36687387312688,!bus5!var#1,bus_bus,0.0,0.0,0.0,0.0,0.0,0.0
125.0,bus6,"(130.24909066874244, 88.21360520342117)",0.0,777294311#1_0,8.0,0.0,130.44893447419273,!bus6!var#1,bus_bus,0.0,0.0,0.0,0.0,0.0,0.0
125.0,bus7,"(141.69597771544576, 79.27191840859646)",0.07003458275935712,777294311#1_0,1.0,-2.9241849819126333,115.92704940548846,!bus7!var#1,bus_bus,0.0,0.0,0.0,0.0,0.0,0.0
125.0,truck0,"(96.90202571459537, 370.96575768961384)",13.390794233386314,:1964147000_0_3,0.0,0.9039512332179598,532.5615008910601,!truck0!var#1,truck_truck,0.0,0.0,0.0,0.0,0.0,0.0
125.0,truck1,"(275.2846407599971, 245.51825295414017)",3.115957049303688,399296457#1_0,0.0,0.6665211903280577,288.1440699080206,!truck1!var#1,truck_truck,0.0,0.0,0.0,0.0,0.0,0.0
125.0,truck2,"(61.87953606553896, 398.41191558067976)",0.0,399307909#1_3,8.0,0.0,292.1389545871949,!truck2!var#1,truck_truck,0.0,0.0,0.0,0.0,0.0,0.0
125.0,truck3,"(414.6243801130573, 130.09600323034834)",1.7863164614919944,-381188583#0_0,0.0,-3.4680468818494674,93.6000914587064,!truck3!var#1,truck_truck,0.0,0.0,0.0,0.0,0.0,0.0
125.0,veh1,"(79.17448752501645, 398.67048255683557)",9.311332420499344,399307909#1_0,0.0,-4.5,538.3104098262987,!veh1!var#1,veh_passenger,0.0,0.0,0.0,0.0,0.0,0.0
125.0,veh14,"(217.44033661546518, 270.051415088927)",3.4928214711183707,-399296451#1_0,0.0,1.757691967696883,286.92632913708303,!veh14!var#1,veh_passenger,0.0,0.0,0.0,0.0,0.0,0.0
125.0,veh16,"(267.33926135764904, 235.4784157905873)",12.785669101728129,-399296457#1_0,0.0,2.4205952503019947,312.4586897388201,!veh16!var#1,veh_passenger,0.0,0.0,0.0,0.0,0.0,0.0
125.0,veh17,"(66.92509109282058, 406.58357811194094)",0.09638460861087406,399307909#1_0,1.0,-0.10338096033459701,420.64403171290013,!veh17!var#1,veh_passenger,0.0,0.0,0.0,0.0,0.0,0.0
125.0,veh18,"(261.36058943458426, 270.1335094650804)",6.54528894874733,-381243038#1_0,0.0,0.9408063421832358,294.31240787602263,!veh18!var#1,veh_passenger,0.0,0.0,0.0,0.0,0.0,0.0
125.0,veh19,"(266.53519794154, 240.24673091290956)",11.906044660904445,-399296457#1_1,0.0,1.8279747016029422,311.45823413457407,!veh19!var#1,veh_passenger,0.0,0.0,0.0,0.0,0.0,0.0
125.0,veh20,"(208.11179216297637, 277.03907692394847)",1.0765918916032118,-399296451#1_0,0.0,0.5652499254639484,285.9228048022998,!veh20!var#1,veh_passenger,0.0,0.0,0.0,0.0,0.0,0.0
125.0,veh22,"(165.87004998026174, 324.7496022164192)",9.945850985165697,381187778#0_1,0.0,1.2928381767733903,422.6774375246728,!veh22!var#1,veh_passenger,0.0,0.0,0.0,0.0,0.0,0.0
125.0,veh23,"(262.17604453507647, 256.1233624218055)",6.065713966737022,:cluster_123292029_3663224277_3663224278_5344542569_#1more_1_0,0.0,0.5370321214164484,312.2169363456649,!veh23!var#1,veh_passenger,0.0,0.0,0.0,0.0,0.0,0.0
125.0,veh25,"(224.83592190051613, 280.50067175462686)",12.229645905643698,399296451#1_0,0.0,1.3995907724136476,319.80265421436184,!veh25!var#1,veh_passenger,0.0,0.0,0.0,0.0,0.0,0.0
125.0,veh26,"(240.84490684735036, 261.8065683220406)",0.004759278345163126,:cluster_123292029_3663224277_3663224278_5344542569_#1more_13_0,2.0,-0.011340722181746393,298.94477191442166,!veh26!var#1,veh_passenger,0.0,0.0,0.0,0.0,0.0,0.0
125.0,veh28,"(228.6466743860534, 261.65716889663844)",5.2731578708803415,-399296451#1_0,0.0,1.5052156468620517,268.1356546029661,!veh28!var#1,veh_passenger,0.0,0.0,0.0,0.0,0.0,0.0
125.0,veh29,"(181.71441470193324, 316.8561944941455)",9.628473756327002,381187778#0_0,0.0,1.8795036758296204,405.2719816225835,!veh29!var#1,veh_passenger,0.0,0.0,0.0,0.0,0.0,0.0
125.0,veh30,"(96.14646294978007, 386.6883901535426)",13.945714543008057,:8012807819_0_0,0.0,-1.4254224267043956,625.6056992214636,!veh30!var#1,veh_passenger,0.0,0.0,0.0,0.0,0.0,0.0
125.0,veh31,"(107.1091098716436, 367.2702796377746)",15.401791450045106,185747928#2_0,0.0,1.6549820785236662,607.9668189484946,!veh31!var#1,veh_passenger,0.0,0.0,0.0,0.0,0.0,0.0
125.0,veh32,"(293.3632482771416, 230.8773778368802)",0.604577729331487,399296457#1_0,0.0,0.604577729331487,272.0883513732986,!veh32!var#1,veh_passenger,0.0,0.0,0.0,0.0,0.0,0.0
125.0,veh33,"(247.37571868609652, 253.97082443932732)",8.02873531986261,:cluster_123292029_3663224277_3663224278_5344542569_#1more_11_1,0.0,1.5979431530693535,285.2163931098628,!veh33!var#1,veh_passenger,0.0,0.0,0.0,0.0,0.0,0.0
125.0,veh34,"(228.7152907874454, 273.6003703170755)",11.374185698619113,399296451#1_1,0.0,2.2289683275390413,344.5242088492328,!veh34!var#1,veh_passenger,0.0,0.0,0.0,0.0,0.0,0.0
125.0,veh35,"(43.17668426985, 11.641328496237437)",12.285096745412066,381243038#10_0,0.0,0.853875389019958,584.4709266411,!veh35!var#1,veh_passenger,0.0,0.0,0.0,0.0,0.0,0.0
125.0,veh36,"(239.1662441364715, 247.65623016469857)",0.004924149902519345,-381243038#4_1,2.0,-0.01908026652080031,416.1276107646947,!veh36!var#1,veh_passenger,0.0,0.0,0.0,0.0,0.0,0.0
125.0,veh37,"(305.5016517874518, 221.11538008472854)",0.0,399296457#0_0,29.0,0.0,219.41165367041464,!veh37!var#1,veh_passenger,0.0,0.0,0.0,0.0,0.0,0.0
125.0,veh38,"(311.36832659215236, 216.44345557647043)",0.0,399296457#0_0,27.0,0.0,261.0006506300147,!veh38!var#1,veh_passenger,0.0,0.0,0.0,0.0,0.0,0.0
125.0,veh39,"(299.65873812078485, 225.79006492822987)",0.0,:2611822747_0_0,31.0,0.0,263.98270254894595,!veh39!var#1,veh_passenger,0.0,0.0,0.0,0.0,0.0,0.0
125.0,veh40,"(182.84944700232685, 299.9912161755368)",0.0,-381187778#0_0,19.0,0.0,240.7489444677804,!veh40!var#1,veh_passenger,0.0,0.0,0.0,0.0,0.0,0.0
125.0,veh41,"(248.23743080967057, 250.05297542077156)",9.293369189694623,:cluster_123292029_3663224277_3663224278_5344542569_#1more_11_0,0.0,1.7228049256606024,74.48728629004552,!veh41!var#1,veh_passenger,0.0,0.0,0.0,0.0,0.0,0.0
125.0,veh42,"(201.28236568196655, 282.54937276521133)",0.33621946928406454,:4072230470_2_0,0.0,0.33621946928406454,193.73006569996244,!veh42!var#1,veh_passenger,0.0,0.0,0.0,0.0,0.0,0.0
125.0,veh43,"(154.7751282971596, 350.3423793479951)",0.0,399311986#1_1,6.0,0.0,193.22890880313153,!veh43!var#1,veh_passenger,0.0,0.0,0.0,0.0,0.0,0.0
125.0,veh44,"(195.0127076299416, 302.87546927754386)",7.398411284977086,:4020287397_4_0,0.0,-0.7556884401789796,254.169115462573,!veh44!var#1,veh_passenger,0.0,0.0,0.0,0.0,0.0,0.0
125.0,veh45,"(152.27509508681163, 352.3423377835827)",0.0,399311986#1_0,5.0,0.0,193.22896198675338,!veh45!var#1,veh_passenger,0.0,0.0,0.0,0.0,0.0,0.0
125.0,veh46,"(285.22654817682127, 237.4668460756488)",2.493882873980569,399296457#1_0,0.0,1.412948891270094,11.119632093120275,!veh46!var#1,veh_passenger,0.0,0.0,0.0,0.0,0.0,0.0
125.0,veh47,"(374.9752614464663, 401.14588939975016)",4.311443794609389,:cluster_123292026_3663224279_3663224280_3663662945_#1more_14_0,0.0,1.596515970118344,515.1675085602068,!veh47!var#1,veh_passenger,0.0,0.0,0.0,0.0,0.0,0.0
125.0,veh48,"(353.00296962625407, 193.68346688936504)",0.0,399294708#0_1,10.0,0.0,228.7989775689544,!veh48!var#1,veh_passenger,0.0,0.0,0.0,0.0,0.0,0.0
125.0,veh49,"(170.82482357764897, 309.02172149956687)",0.05648344505255979,-381187778#0_0,1.0,-0.29028529051224267,192.92269347987772,!veh49!var#1,veh_passenger,0.0,0.0,0.0,0.0,0.0,0.0
125.0,veh50,"(176.85077344118164, 304.49622657111115)",0.0,-381187778#0_0,13.0,0.0,233.24787286875096,!veh50!var#1,veh_passenger,0.0,0.0,0.0,0.0,0.0,0.0
125.0,veh51,"(232.62291058572387, 262.67691968740695)",5.663035890943141,-399296451#1_1,0.0,1.794004299421795,303.4943724466732,!veh51!var#1,veh_passenger,0.0,0.0,0.0,0.0,0.0,0.0
125.0,veh52,"(368.067154821266, 163.1174459983884)",0.0,-399296456#1_1,19.0,0.0,120.24798558649277,!veh52!var#1,veh_passenger,0.0,0.0,0.0,0.0,0.0,0.0
125.0,veh53,"(393.1337648096612, 147.22450550059435)",0.0,-399296456#1_0,3.0,-0.00477388199083195,141.36473857851425,!veh53!var#1,veh_passenger,0.0,0.0,0.0,0.0,0.0,0.0
125.0,veh54,"(387.2692255553595, 151.90123221402217)",0.0,-399296456#1_0,6.0,0.0,143.7557519608317,!veh54!var#1,veh_passenger,0.0,0.0,0.0,0.0,0.0,0.0
125.0,veh55,"(164.53193701579636, 313.74768617998257)",0.6585885837576911,-381187778#0_0,0.0,-2.55426843482793,169.1637217507319,!veh55!var#1,veh_passenger,0.0,0.0,0.0,0.0,0.0,0.0
125.0,veh56,"(130.152006650587, 339.101988343812)",0.006561623328470523,-185747928#1_0,2.0,-0.01246984079851025,139.66603470617343,!veh56!var#1,veh_passenger,0.0,0.0,0.0,0.0,0.0,0.0
125.0,veh57,"(372.2717556967683, 202.50169918372364)",13.793781803920739,399294708#0_4,0.0,-2.5958614819824835,269.34430257616225,!veh57!var#1,veh_passenger,0.0,0.0,0.0,0.0,0.0,0.0
125.0,veh58,"(364.20261529728214, 170.2958967740813)",0.0,-399296456#1_0,21.0,0.0,43.21899931374604,!veh58!var#1,veh_passenger,0.0,0.0,0.0,0.0,0.0,0.0
125.0,veh59,"(197.93767582672353, 190.70803568027333)",12.684016425791496,-381243038#4_0,0.0,-0.364095552731305,238.1142383386623,!veh59!var#1,veh_passenger,0.0,0.0,0.0,0.0,0.0,0.0
125.0,veh60,"(162.27511445325644, 344.3523620216575)",0.0,399311986#1_4,8.0,0.0,170.83893097299594,!veh60!var#1,veh_passenger,0.0,0.0,0.0,0.0,0.0,0.0
125.0,veh61,"(365.0579612929704, 213.99087472731355)",12.685996313884205,399294708#0_0,0.0,-0.4034948125067892,254.48513450513605,!veh61!var#1,veh_passenger,0.0,0.0,0.0,0.0,0.0,0.0
125.0,veh62,"(190.80724095790382, 186.89154613880632)",12.42858122930345,-381243038#4_1,0.0,0.9661028614966192,195.2436411643473,!veh62!var#1,veh_passenger,0.0,0.0,0.0,0.0,0.0,0.0
125.0,veh63,"(408.3414170550492, 135.09790904183873)",0.0,-381188583#0_0,4.0,-0.0036515127894813475,121.98895634611577,!veh63!var#1,veh_passenger,0.0,0.0,0.0,0.0,0.0,0.0
125.0,veh64,"(252.44024180760542, 274.38877145724564)",2.225424793014877,381243038#1_0,0.0,-2.6569393690908214,222.43945353387014,!veh64!var#1,veh_passenger,0.0,0.0,0.0,0.0,0.0,0.0
125.0,veh65,"(6.02, 399.86)",0.0,-185747931#1_1,19.0,0.0,0.0,!veh65!var#1,veh_passenger,0.0,0.0,0.0,0.0,0.0,0.0
125.0,veh67,"(6.78, 402.96)",0.0,-185747931#1_2,16.0,0.0,0.0,!veh67!var#1,veh_passenger,0.0,0.0,0.0,0.0,0.0,0.0
125.0,veh68,"(438.4929579261927, 501.0790834579228)",2.6818180519945547,608730952#0_1,0.0,0.5386944040423258,99.5149416999468,!veh68!var#1,veh_passenger,0.0,0.0,0.0,0.0,0.0,0.0
125.0,veh69,"(257.2984036696202, 465.91504085444683)",9.467132511152885,237022767#2_3,0.0,2.391182764247059,28.09791008909233,!veh69!var#1,veh_passenger,0.0,0.0,0.0,0.0,0.0,0.0
125.0,veh70,"(432.0107422344363, 87.56095190321633)",0.0005546089146867656,1121666264#0_2,4.0,-0.011312052905615308,57.6185149910352,!veh70!var#1,veh_passenger,0.0,0.0,0.0,0.0,0.0,0.0
125.0,veh71,"(350.83509751390983, 196.1037380624854)",1.8434322581924523,399294708#0_0,0.0,-4.5,59.079227347761396,!veh71!var#1,veh_passenger,0.0,0.0,0.0,0.0,0.0,0.0
125.0,veh72,"(491.36768977904376, 62.44673428784955)",2.5795755116473877,:cluster_123308400_2871010070_6_0,0.0,-1.291748220241622,42.882105860317125,!veh72!var#1,veh_passenger,0.0,0.0,0.0,0.0,0.0,0.0
125.0,veh73,"(263.22256026462685, 484.2153964673648)",5.772158503835556,:72027666_6_1,0.0,1.484046084387228,10.060270923283884,!veh73!var#1,veh_passenger,0.0,0.0,0.0,0.0,0.0,0.0
125.0,veh74,"(229.58599588538846, 11.703269826916932)",0.034735140118032144,1131137820#0_0,1.0,-0.3434170983756392,12.030938522315685,!veh74!var#1,veh_passenger,0.0,0.0,0.0,0.0,0.0,0.0
125.0,veh75,"(444.682309912519, 309.13040567854193)",6.239593340014107,1051478559#1_0,0.0,2.279319916549138,12.500377630768343,!veh75!var#1,veh_passenger,0.0,0.0,0.0,0.0,0.0,0.0
125.0,veh76,"(488.2950686448074, 71.46386860464936)",1.4898091550916435,381189087_0,0.0,1.4898091550916435,1.4898091550916437,!veh76!var#1,veh_passenger,0.0,0.0,0.0,0.0,0.0,0.0
125.0,veh77,"(474.47181162172427, 82.46854158754273)",0.0,399296458#0_0,0.0,0.0,0.0,!veh77!var#1,veh_passenger,0.0,0.0,0.0,0.0,0.0,0.0
125.0,veh8,"(72.06800750098203, 395.86015309687286)",0.6687529837311277,399307909#1_2,0.0,-3.9553281268214957,542.7407815894107,!veh8!var#1,veh_passenger,0.0,0.0,0.0,0.0,0.0,0.0
130.0,bus1,"(93.92416619186973, 376.5379864416821)",15.1655930978246,:8012807819_0_3,0.0,1.0214854299556464,535.3309727914681,!bus1!var#1,bus_bus,0.0,0.0,0.0,0.0,0.0,0.0
130.0,bus3,"(31.5535797431691, 198.2043073914354)",15.251797984959557,399311989#6_0,0.0,0.012032578093929658,322.11180471044617,!bus3!var#1,bus_bus,0.0,0.0,0.0,0.0,0.0,0.0
130.0,bus4,"(405.6303414647208, 453.9192312681977)",13.680231001842767,:cluster_7579759277_8394775009_7_1,0.0,0.34179712529294193,566.3618272973615,!bus4!var#1,bus_bus,0.0,0.0,0.0,0.0,0.0,0.0
130.0,bus5,"(365.2330392414905, 169.47417643475538)",3.6276036317693072,-399296456#1_0,0.0,-0.006682978727658551,170.05104005730522,!bus5!var#1,bus_bus,0.0,0.0,0.0,0.0,0.0,0.0
130.0,bus6,"(118.12111432524658, 93.84981037562017)",4.1479744501411915,:cluster_123292031_3663224275_3663224276_3663662936_#1more_6_0,0.0,0.6073313039727513,144.0158336788194,!bus6!var#1,bus_bus,0.0,0.0,0.0,0.0,0.0,0.0
130.0,bus7,"(134.5803548885087, 84.83025670694634)",3.439403966674578,777294311#1_0,0.0,0.6992716348903976,124.9541548939442,!bus7!var#1,bus_bus,0.0,0.0,0.0,0.0,0.0,0.0
130.0,truck0,"(63.25204480044482, 397.57489944942864)",4.818931686736256,399307909#1_3,0.0,-0.7781294333958826,577.5616676598404,!truck0!var#1,truck_truck,0.0,0.0,0.0,0.0,0.0,0.0
130.0,truck1,"(250.16395192492683, 263.61339203896205)",8.230536156869494,:cluster_123292029_3663224277_3663224278_5344542569_#1more_1_0,0.0,1.0938351219287146,319.161429402357,!truck1!var#1,truck_truck,0.0,0.0,0.0,0.0,0.0,0.0
130.0,truck2,"(49.41571025822047, 400.31517327016627)",3.471999204501649,:cluster_123241924_382443557_5344542568_5546892974_#3more_4_0,0.0,-0.2577326721575579,305.11397863588155,!truck2!var#1,truck_truck,0.0,0.0,0.0,0.0,0.0,0.0
130.0,truck3,"(413.2882409952827, 131.15971185897672)",1.1675035044572848,-381188583#0_0,0.0,1.154150779522024,95.31176843825554,!truck3!var#1,truck_truck,0.0,0.0,0.0,0.0,0.0,0.0
130.0,truck4,"(260.75, 494.96)",0.0,1121247208_1,0.0,0.0,0.0,!truck4!var#1,truck_truck,0.0,0.0,0.0,0.0,0.0,0.0
130.0,veh1,"(63.83509005559876, 408.0805183359483)",0.9677614043997445,:cluster_123241924_382443557_5344542568_5546892974_#3more_1_0,0.0,-2.8866071677834295,556.1127911255617,!veh1!var#1,veh_passenger,0.0,0.0,0.0,0.0,0.0,0.0
130.0,veh14,"(235.2308028931017, 253.4494454126054)",4.759352518366792,:cluster_123292029_3663224277_3663224278_5344542569_#1more_10_0,0.0,-0.1979273933329786,312.11663371222863,!veh14!var#1,veh_passenger,0.0,0.0,0.0,0.0,0.0,0.0
130.0,veh16,"(321.98905929499097, 191.63282522715616)",10.903168275148946,-381188582#1_0,0.0,-3.5320460336748525,382.50498606135255,!veh16!var#1,veh_passenger,0.0,0.0,0.0,0.0,0.0,0.0
130.0,veh17,"(57.665094079438646, 413.6272238832904)",0.08608140388507696,:cluster_123241924_382443557_5344542568_5546892974_#3more_0_0,1.0,-0.09390398157758648,432.3045396790153,!veh17!var#1,veh_passenger,0.0,0.0,0.0,0.0,0.0,0.0
130.0,veh18,"(295.5462400271007, 317.1014314933825)",12.592853474152275,-381243038#1_1,0.0,-0.8849151844857257,352.3162649609051,!veh18!var#1,veh_passenger,0.0,0.0,0.0,0.0,0.0,0.0
130.0,veh19,"(318.9808058870574, 198.11901186774398)",13.499814007702058,-381188582#1_1,0.0,-0.08548937859013783,378.73907020167024,!veh19!var#1,veh_passenger,0.0,0.0,0.0,0.0,0.0,0.0
130.0,veh20,"(226.7550397570761, 263.0741212593603)",4.435239870754762,-399296451#1_0,0.0,-0.0514726414974751,309.21256245139,!veh20!var#1,veh_passenger,0.0,0.0,0.0,0.0,0.0,0.0
130.0,veh22,"(121.19411709957046, 353.33497612015555)",8.20640999949562,185747928#1_1,0.0,-4.5,475.8519174432854,!veh22!var#1,veh_passenger,0.0,0.0,0.0,0.0,0.0,0.0
130.0,veh23,"(211.86396955726562, 290.2207874770421)",13.990075901351199,399296451#1_0,0.0,-0.8421823166543607,373.08317037591354,!veh23!var#1,veh_passenger,0.0,0.0,0.0,0.0,0.0,0.0
130.0,veh25,"(168.74953908545135, 322.5878896894883)",13.732107059114874,381187778#0_1,0.0,-0.4558600455056876,389.9080761431858,!veh25!var#1,veh_passenger,0.0,0.0,0.0,0.0,0.0,0.0
130.0,veh26,"(240.84912903498036, 261.80630443531373)",0.0,:cluster_123292029_3663224277_3663224278_5344542569_#1more_13_0,7.0,0.0,298.94899952307225,!veh26!var#1,veh_passenger,0.0,0.0,0.0,0.0,0.0,0.0
130.0,veh28,"(275.01141883593493, 229.26690246663196)",15.306349030410882,-399296457#1_0,0.0,2.2987282352987677,324.9493647847026,!veh28!var#1,veh_passenger,0.0,0.0,0.0,0.0,0.0,0.0
130.0,veh29,"(117.69301859082657, 359.75080165319366)",18.31342159941241,:11692781943_4_0,0.0,0.39371325753163333,482.41885202872515,!veh29!var#1,veh_passenger,0.0,0.0,0.0,0.0,0.0,0.0
130.0,veh30,"(72.28560357181593, 403.3111722381356)",3.599498188235364,399307909#1_0,0.0,-0.39266458419737926,654.359835318383,!veh30!var#1,veh_passenger,0.0,0.0,0.0,0.0,0.0,0.0
130.0,veh31,"(82.83537016128706, 396.08500584162647)",4.084173653574143,399307909#1_0,0.0,-0.24902492184433633,646.4429831381087,!veh31!var#1,veh_passenger,0.0,0.0,0.0,0.0,0.0,0.0
130.0,veh32,"(278.91450835384035, 242.5786217860179)",5.620819745706104,399296457#1_0,0.0,1.0933411235295374,290.68272131678765,!veh32!var#1,veh_passenger,0.0,0.0,0.0,0.0,0.0,0.0
130.0,veh33,"(298.5135127173089, 214.4082112942852)",14.671508036693366,-399296457#0_1,0.0,-0.05929240350270781,349.9593616010934,!veh33!var#1,veh_passenger,0.0,0.0,0.0,0.0,0.0,0.0
130.0,veh34,"(169.10440574982624, 318.320084038613)",12.432573192347661,381187778#0_2,0.0,-4.5,419.0244928127172,!veh34!var#1,veh_passenger,0.0,0.0,0.0,0.0,0.0,0.0
130.0,veh36,"(239.16707821673438, 247.65727821408535)",0.0,-381243038#4_1,7.0,0.0,416.1289511498129,!veh36!var#1,veh_passenger,0.0,0.0,0.0,0.0,0.0,0.0
130.0,veh37,"(300.43808424258674, 225.16362848855366)",2.839811648450443,:2611822747_0_0,0.0,1.607095155796202,225.90810237928164,!veh37!var#1,veh_passenger,0.0,0.0,0.0,0.0,0.0,0.0
130.0,veh38,"(308.55320127009674, 218.68527968020152)",1.184780639269813,399296457#0_0,0.0,-0.9853606383525402,264.6000087507217,!veh38!var#1,veh_passenger,0.0,0.0,0.0,0.0,0.0,0.0
130.0,veh39,"(289.7523611659296, 233.80163775057346)",5.339707303571958,399296457#1_0,0.0,2.1977695978856078,276.7352736050272,!veh39!var#1,veh_passenger,0.0,0.0,0.0,0.0,0.0,0.0
130.0,veh40,"(201.01346692282596, 282.8520851407708)",7.908438525761887,:4072230470_2_0,0.0,1.2681334494784835,266.1273738725136,!veh40!var#1,veh_passenger,0.0,0.0,0.0,0.0,0.0,0.0
130.0,veh41,"(303.9086286832583, 206.02707667778947)",14.33578434162685,-399296457#0_0,0.0,-2.6377098812849713,145.50181054506902,!veh41!var#1,veh_passenger,0.0,0.0,0.0,0.0,0.0,0.0
130.0,veh42,"(215.0420356140745, 271.84789217725137)",5.414936433242303,-399296451#1_0,0.0,-0.10817842364173913,211.14029270029624,!veh42!var#1,veh_passenger,0.0,0.0,0.0,0.0,0.0,0.0
130.0,veh43,"(154.7751282971596, 350.3423793479951)",0.0,399311986#1_1,11.0,0.0,193.22890880313153,!veh43!var#1,veh_passenger,0.0,0.0,0.0,0.0,0.0,0.0
130.0,veh44,"(147.74797192067192, 340.0133475764708)",13.525732615228407,:cluster_122855839_3663662942_3663662943_3663662944_#1more_5_0,0.0,0.3953136735362932,314.34232290976365,!veh44!var#1,veh_passenger,0.0,0.0,0.0,0.0,0.0,0.0
130.0,veh45,"(152.27509508681163, 352.3423377835827)",0.0,399311986#1_0,10.0,0.0,193.22896198675338,!veh45!var#1,veh_passenger,0.0,0.0,0.0,0.0,0.0,0.0
130.0,veh46,"(266.109986404448, 252.94830355600396)",7.170449933006601,399296457#1_0,0.0,1.754911466252815,35.72111454279893,!veh46!var#1,veh_passenger,0.0,0.0,0.0,0.0,0.0,0.0
130.0,veh47,"(415.14766325158655, 370.257297589017)",14.033506535573272,167413476#4_0,0.0,1.864430831675417,565.8920294042526,!veh47!var#1,veh_passenger,0.0,0.0,0.0,0.0,0.0,0.0
130.0,veh48,"(353.00296962625407, 193.68346688936504)",0.0,399294708#0_1,15.0,0.0,228.7989775689544,!veh48!var#1,veh_passenger,0.0,0.0,0.0,0.0,0.0,0.0
130.0,veh49,"(175.44124620265487, 305.55478306659006)",2.3036866100618623,-381187778#0_0,0.0,-0.16220112422176314,198.69532242669072,!veh49!var#1,veh_passenger,0.0,0.0,0.0,0.0,0.0,0.0
130.0,veh50,"(182.77037775996425, 300.0505972629027)",0.4297027649298869,-381187778#0_0,0.0,-1.4505013485856182,240.6500719350117,!veh50!var#1,veh_passenger,0.0,0.0,0.0,0.0,0.0,0.0
130.0,veh51,"(278.5298642196036, 230.5356386141061)",14.301362078544095,-399296457#1_1,0.0,1.1614546487861475,359.6800671554237,!veh51!var#1,veh_passenger,0.0,0.0,0.0,0.0,0.0,0.0
130.0,veh52,"(354.1209625375705, 178.3280524390929)",5.9103629023121265,:cluster_123281084_3663662939_3664674395_3664674397_#1more_5_0,0.0,2.4635884848423304,140.6381280678581,!veh52!var#1,veh_passenger,0.0,0.0,0.0,0.0,0.0,0.0
130.0,veh53,"(388.90306023235877, 150.59831685308527)",3.509651985384022,-399296456#1_0,0.0,2.397464450518601,146.7760028355826,!veh53!var#1,veh_passenger,0.0,0.0,0.0,0.0,0.0,0.0
130.0,veh54,"(380.14652413658246, 157.58129104772016)",3.4386465620191675,-399296456#1_0,0.0,0.28815774020685936,152.86601217800194,!veh54!var#1,veh_passenger,0.0,0.0,0.0,0.0,0.0,0.0
130.0,veh55,"(167.33257157217804, 311.6444065695656)",2.6027618490242737,-381187778#0_0,0.0,2.102161654859055,172.66578935217748,!veh55!var#1,veh_passenger,0.0,0.0,0.0,0.0,0.0,0.0
130.0,veh56,"(130.15433549096375, 339.10033141352665)",0.0,-185747928#1_0,7.0,0.0,139.6688930117022,!veh56!var#1,veh_passenger,0.0,0.0,0.0,0.0,0.0,0.0
130.0,veh57,"(360.5854417201198, 187.80461015470877)",0.25991006472584366,399294708#0_4,0.0,-0.49107279502392975,288.12252535599384,!veh57!var#1,veh_passenger,0.0,0.0,0.0,0.0,0.0,0.0
130.0,veh58,"(340.4705731957772, 189.20259730103174)",10.481082901812623,:cluster_123281084_3663662939_3664674395_3664674397_#1more_5_0,0.0,2.0808105712756504,73.5591360164773,!veh58!var#1,veh_passenger,0.0,0.0,0.0,0.0,0.0,0.0
130.0,veh59,"(236.98048315829342, 239.76820074950498)",10.229608821351615,-381243038#4_0,0.0,-2.3216711582436673,300.76938890900635,!veh59!var#1,veh_passenger,0.0,0.0,0.0,0.0,0.0,0.0
130.0,veh60,"(162.27511445325644, 344.3523620216575)",0.0,399311986#1_4,13.0,0.0,170.83893097299594,!veh60!var#1,veh_passenger,0.0,0.0,0.0,0.0,0.0,0.0
130.0,veh61,"(355.18180358597215, 201.57029717185995)",0.05786969412703415,399294708#0_0,1.0,-0.3631052152131628,270.3546969695146,!veh61!var#1,veh_passenger,0.0,0.0,0.0,0.0,0.0,0.0
130.0,veh62,"(227.27664280329589, 232.7165535643249)",10.987349011239123,-381243038#4_1,0.0,-0.9296851025959079,253.8507629011274,!veh62!var#1,veh_passenger,0.0,0.0,0.0,0.0,0.0,0.0
130.0,veh63,"(404.11600206819827, 138.46655749041537)",3.9365126621909443,:cluster_1770621235_2871010067_0_0,0.0,2.514521921658889,127.34745974883876,!veh63!var#1,veh_passenger,0.0,0.0,0.0,0.0,0.0,0.0
130.0,veh64,"(251.9727633115436, 273.8156959314786)",0.0,381243038#1_0,4.0,-0.00011641989138150894,223.17898918747613,!veh64!var#1,veh_passenger,0.0,0.0,0.0,0.0,0.0,0.0
130.0,veh65,"(28.48751328284308, 395.5656664504105)",8.179386370256543,:cluster_123241924_382443557_5344542568_5546892974_#3more_22_0,0.0,2.09639259011019,23.320388961071146,!veh65!var#1,veh_passenger,0.0,0.0,0.0,0.0,0.0,0.0
130.0,veh66,"(10.799965960913468, 398.87941727150644)",3.5318807589127292,:cluster_123241924_382443557_5344542568_5546892974_#3more_22_0,0.0,2.0901908222120253,4.973570695613433,!veh66!var#1,veh_passenger,0.0,0.0,0.0,0.0,0.0,0.0
130.0,veh67,"(33.781557243207715, 397.8551247350818)",9.136963190231473,:cluster_123241924_382443557_5344542568_5546892974_#3more_22_1,0.0,2.1235782914794994,27.489678980968893,!veh67!var#1,veh_passenger,0.0,0.0,0.0,0.0,0.0,0.0
130.0,veh68,"(414.6668336769623, 470.6174247067626)",11.495139602441116,:7579759269_1_1,0.0,2.430730818491428,138.17433650598704,!veh68!var#1,veh_passenger,0.0,0.0,0.0,0.0,0.0,0.0
130.0,veh69,"(212.48940382539485, 409.7660129826182)",15.25653388089493,237022767#3_3,0.0,-0.040967377810739336,99.92656711982076,!veh69!var#1,veh_passenger,0.0,0.0,0.0,0.0,0.0,0.0
130.0,veh70,"(435.81222122382974, 93.06509904197118)",4.511952753760853,:cluster_123308403_3663827018_3663827019_3664674393_#1more_5_0,0.0,2.333087884658017,64.30978570632088,!veh70!var#1,veh_passenger,0.0,0.0,0.0,0.0,0.0,0.0
130.0,veh71,"(350.4971005725243, 195.6786621019213)",0.010560972971508556,399294708#0_0,3.0,-0.008483039696245066,59.622339733490676,!veh71!var#1,veh_passenger,0.0,0.0,0.0,0.0,0.0,0.0
130.0,veh72,"(465.44316382013903, 85.573620693216)",10.940364574591628,399296458#0_1,0.0,1.8509241577237834,78.8608546195114,!veh72!var#1,veh_passenger,0.0,0.0,0.0,0.0,0.0,0.0
130.0,veh73,"(230.81036702269483, 442.9586508441263)",14.35538479887323,:6804772505_0_1,0.0,1.8489919940242547,62.56176683564771,!veh73!var#1,veh_passenger,0.0,0.0,0.0,0.0,0.0,0.0
130.0,veh74,"(229.5637663045283, 11.720343379994247)",0.0,1131137820#0_0,6.0,0.0,12.058972493733771,!veh74!var#1,veh_passenger,0.0,0.0,0.0,0.0,0.0,0.0
130.0,veh75,"(410.2486672244492, 265.7185006162477)",14.744053450343198,1051478559#1_0,0.0,2.097559396969155,67.90925369744654,!veh75!var#1,veh_passenger,0.0,0.0,0.0,0.0,0.0,0.0
130.0,veh76,"(467.1688197987879, 88.2889444925639)",6.8462706995604075,399296458#0_0,0.0,0.5602743976770403,28.498891437489775,!veh76!var#1,veh_passenger,0.0,0.0,0.0,0.0,0.0,0.0
130.0,veh77,"(458.7222855798666, 95.02073791327778)",1.667891255135646,399296458#0_0,0.0,-4.5,20.14011756591126,!veh77!var#1,veh_passenger,0.0,0.0,0.0,0.0,0.0,0.0
130.0,veh78,"(383.89945976060784, 229.9858037193565)",5.98729102073703,1051478561_1,0.0,1.9046615000814198,11.772212940477766,!veh78!var#1,veh_passenger,0.0,0.0,0.0,0.0,0.0,0.0
130.0,veh79,"(407.04918668111634, 466.09412438109194)",2.2776563948253172,608730952#1_0,0.0,2.2776563948253172,2.2776563948253177,!veh79!var#1,veh_passenger,0.0,0.0,0.0,0.0,0.0,0.0
135.0,bus1,"(67.04099912589074, 395.2642286243067)",0.11432127648754821,399307909#1_3,0.0,-2.9347510027107853,568.1969774593023,!bus1!var#1,bus_bus,0.0,0.0,0.0,0.0,0.0,0.0
135.0,bus4,"(439.8187204762369, 497.581199540912)",5.5196798194209435,-608730952#0_1,0.0,-4.0,621.8163362859422,!bus4!var#1,bus_bus,0.0,0.0,0.0,0.0,0.0,0.0
135.0,bus5,"(338.71226051168424, 190.60335223085215)",8.767816062434576,:cluster_123281084_3663662939_3664674395_3664674397_#1more_5_0,0.0,0.9777336627244946,203.9570080630509,!bus5!var#1,bus_bus,0.0,0.0,0.0,0.0,0.0,0.0
135.0,bus6,"(98.08737373540143, 75.64519852943106)",6.963306972851626,381243038#9_1,0.0,0.7981832077726727,172.07201138955472,!bus6!var#1,bus_bus,0.0,0.0,0.0,0.0,0.0,0.0
135.0,bus7,"(113.63129180862903, 92.89494396861501)",5.250860802413594,:cluster_123292031_3663224275_3663224276_3663662936_#1more_6_0,0.0,0.01563855564063754,148.6444137307775,!bus7!var#1,bus_bus,0.0,0.0,0.0,0.0,0.0,0.0
135.0,truck0,"(58.50255599321499, 399.4881438848317)",0.03884447266963128,:cluster_123241924_382443557_5344542568_5546892974_#3more_4_0,1.0,-0.07203797529291545,582.7680237561797,!truck0!var#1,truck_truck,0.0,0.0,0.0,0.0,0.0,0.0
135.0,truck1,"(203.20474725584384, 296.72143955811714)",13.774242985737514,404989116#0_0,0.0,1.2020828895387243,376.6990659301952,!truck1!var#1,truck_truck,0.0,0.0,0.0,0.0,0.0,0.0
135.0,truck2,"(49.19581597863147, 400.23495432696853)",0.005637161930339305,:cluster_123241924_382443557_5344542568_5546892974_#3more_4_0,4.0,-0.006042559856342343,305.3480197348494,!truck2!var#1,truck_truck,0.0,0.0,0.0,0.0,0.0,0.0
135.0,truck3,"(398.4377213601531, 142.99482023276173)",5.772211727350817,-399296456#1_0,0.0,1.2029357912251726,114.24073606113198,!truck3!var#1,truck_truck,0.0,0.0,0.0,0.0,0.0,0.0
135.0,truck4,"(260.75, 494.96)",0.0,1121247208_1,5.0,0.0,0.0,!truck4!var#1,truck_truck,0.0,0.0,0.0,0.0,0.0,0.0
135.0,veh1,"(59.483920946538156, 409.9648170660732)",3.233655226607312,:cluster_123241924_382443557_5344542568_5546892974_#3more_1_0,0.0,2.4555621180916205,560.7769424233081,!veh1!var#1,veh_passenger,0.0,0.0,0.0,0.0,0.0,0.0
135.0,veh14,"(206.11558225143364, 216.40161315924587)",12.347654926389486,381243038#4_0,0.0,1.1241668419948603,359.30842884505444,!veh14!var#1,veh_passenger,0.0,0.0,0.0,0.0,0.0,0.0
135.0,veh16,"(329.2142456344969, 185.8850795539774)",0.033755701828221,-381188582#1_0,1.0,-0.2927238738576646,391.7360970653236,!veh16!var#1,veh_passenger,0.0,0.0,0.0,0.0,0.0,0.0
135.0,veh17,"(59.512063192910915, 422.6946002163734)",5.600745654298581,167413478#1_0,0.0,2.2728351826546715,442.838228536092,!veh17!var#1,veh_passenger,0.0,0.0,0.0,0.0,0.0,0.0
135.0,veh18,"(336.40821992321344, 367.19357650136976)",12.43193746795971,-381243038#1_1,0.0,-0.258139034407213,416.95857741950965,!veh18!var#1,veh_passenger,0.0,0.0,0.0,0.0,0.0,0.0
135.0,veh19,"(331.2038561565529, 188.39538938960823)",0.07457808899632622,-381188582#1_1,1.0,-0.30747795232190867,394.3555994568239,!veh19!var#1,veh_passenger,0.0,0.0,0.0,0.0,0.0,0.0
135.0,veh20,"(228.05785388389862, 243.97326086391823)",6.756838993977823,381243038#4_0,0.0,1.6514906755182892,334.6935932476306,!veh20!var#1,veh_passenger,0.0,0.0,0.0,0.0,0.0,0.0
135.0,veh22,"(70.65285688682027, 389.02435117371226)",12.732762364675335,399307909#1_4,0.0,-1.5944750330823236,540.2189221986616,!veh22!var#1,veh_passenger,0.0,0.0,0.0,0.0,0.0,0.0
135.0,veh23,"(154.96823386895525, 332.3848220390986)",13.620937330546118,:cluster_122855839_3663662942_3663662943_3663662944_#1more_5_1,0.0,-1.1160816846415411,443.90107472395766,!veh23!var#1,veh_passenger,0.0,0.0,0.0,0.0,0.0,0.0
135.0,veh25,"(110.07737660233842, 361.2376398327582)",13.419348058260306,:11692781943_4_1,0.0,-0.6460964785888788,460.3224753809642,!veh25!var#1,veh_passenger,0.0,0.0,0.0,0.0,0.0,0.0
135.0,veh26,"(240.84912903498036, 261.80630443531373)",0.0,:cluster_123292029_3663224277_3663224278_5344542569_#1more_13_0,12.0,0.0,298.94899952307225,!veh26!var#1,veh_passenger,0.0,0.0,0.0,0.0,0.0,0.0
135.0,veh28,"(316.8457820028789, 195.72438057432484)",4.061071359978083,-381188582#1_0,0.0,-3.382925046535597,378.55378341318163,!veh28!var#1,veh_passenger,0.0,0.0,0.0,0.0,0.0,0.0
135.0,veh29,"(80.01286726607138, 398.07838182202244)",6.106172197724618,399307909#1_0,0.0,-2.0334116904083324,537.2964836207415,!veh29!var#1,veh_passenger,0.0,0.0,0.0,0.0,0.0,0.0
135.0,veh30,"(55.08984011584042, 408.4166066682086)",7.157272850060289,:cluster_123241924_382443557_5344542568_5546892974_#3more_1_1,0.0,2.103687562816776,671.7135724285598,!veh30!var#1,veh_passenger,0.0,0.0,0.0,0.0,0.0,0.0
135.0,veh31,"(69.42190881940112, 405.0593579881563)",2.1855139535823045,399307909#1_0,0.0,-2.8096978285336527,662.3942431716522,!veh31!var#1,veh_passenger,0.0,0.0,0.0,0.0,0.0,0.0
135.0,veh32,"(241.38476421529418, 268.3459833344699)",10.701938494594618,:cluster_123292029_3663224277_3663224278_5344542569_#1more_1_0,0.0,0.7580598106622531,336.3374244672663,!veh32!var#1,veh_passenger,0.0,0.0,0.0,0.0,0.0,0.0
135.0,veh33,"(325.2267649187776, 193.15025641805735)",0.7285164618051677,-381188582#1_1,0.0,-2.3922241200426018,384.099091537979,!veh33!var#1,veh_passenger,0.0,0.0,0.0,0.0,0.0,0.0
135.0,veh34,"(156.98796456958695, 326.4961819816544)",0.01216288904803779,:cluster_122855839_3663662942_3663662943_3663662944_#1more_7_0,2.0,-0.058559789173596305,433.7026458550533,!veh34!var#1,veh_passenger,0.0,0.0,0.0,0.0,0.0,0.0
135.0,veh36,"(239.16707821673438, 247.65727821408535)",0.0,-381243038#4_1,12.0,0.0,416.1289511498129,!veh36!var#1,veh_passenger,0.0,0.0,0.0,0.0,0.0,0.0
135.0,veh37,"(273.59285934217024, 246.88833416424524)",9.490397031833908,399296457#1_0,0.0,0.9082969218823109,260.4612569647177,!veh37!var#1,veh_passenger,0.0,0.0,0.0,0.0,0.0,0.0
135.0,veh38,"(288.0275773956412, 235.1984457603232)",8.269289353967185,399296457#1_0,0.0,0.921972123195534,290.9749320435842,!veh38!var#1,veh_passenger,0.0,0.0,0.0,0.0,0.0,0.0
135.0,veh39,"(259.16736858896564, 258.2466154320916)",9.212038263637403,:cluster_123292029_3663224277_3663224278_5344542569_#1more_1_0,0.0,-0.7114159841625565,315.89072425253954,!veh39!var#1,veh_passenger,0.0,0.0,0.0,0.0,0.0,0.0
135.0,veh40,"(223.51091256691097, 265.5041749370939)",5.660990565636301,-399296451#1_0,0.0,0.7815573902541635,294.5098921395029,!veh40!var#1,veh_passenger,0.0,0.0,0.0,0.0,0.0,0.0
135.0,veh41,"(323.2546551872187, 190.62602443728997)",0.3394092107643577,-381188582#1_0,0.0,-0.1423182950160115,170.22194867219133,!veh41!var#1,veh_passenger,0.0,0.0,0.0,0.0,0.0,0.0
135.0,veh42,"(236.1312959211714, 256.45612487525796)",6.892738417120359,:cluster_123292029_3663224277_3663224278_5344542569_#1more_11_0,0.0,1.52663457847666,237.265250806599,!veh42!var#1,veh_passenger,0.0,0.0,0.0,0.0,0.0,0.0
135.0,veh43,"(154.7751282971596, 350.3423793479951)",0.0,399311986#1_1,16.0,0.0,193.22890880313153,!veh43!var#1,veh_passenger,0.0,0.0,0.0,0.0,0.0,0.0
135.0,veh44,"(100.27475085565163, 380.1867135788616)",13.174903487657794,:1964147000_0_0,0.0,0.20951930163428223,378.28091102896883,!veh44!var#1,veh_passenger,0.0,0.0,0.0,0.0,0.0,0.0
135.0,veh45,"(152.27509508681163, 352.3423377835827)",0.0,399311986#1_0,15.0,0.0,193.22896198675338,!veh45!var#1,veh_passenger,0.0,0.0,0.0,0.0,0.0,0.0
135.0,veh46,"(223.6889016019278, 281.3601545636305)",12.573112417807316,399296451#1_0,0.0,1.311282930422589,86.86603838012843,!veh46!var#1,veh_passenger,0.0,0.0,0.0,0.0,0.0,0.0
135.0,veh47,"(452.7700916628456, 340.72038714017043)",1.7787661400603585,399305995#0_0,0.0,-3.9741773157221316,613.7355712072579,!veh47!var#1,veh_passenger,0.0,0.0,0.0,0.0,0.0,0.0
135.0,veh48,"(353.00296962625407, 193.68346688936504)",0.0,399294708#0_1,20.0,0.0,228.7989775689544,!veh48!var#1,veh_passenger,0.0,0.0,0.0,0.0,0.0,0.0
135.0,veh49,"(182.60592940223216, 300.17409815915363)",0.9179435218172418,-381187778#0_0,0.0,-1.238799850151443,207.65443665695938,!veh49!var#1,veh_passenger,0.0,0.0,0.0,0.0,0.0,0.0
135.0,veh50,"(204.52850251365044, 279.7231844451108)",10.79682540047789,-399296451#1_0,0.0,2.556983268423936,270.7964415990506,!veh50!var#1,veh_passenger,0.0,0.0,0.0,0.0,0.0,0.0
135.0,veh51,"(317.6154415379105, 199.20517998318917)",4.2037132308776535,-381188582#1_1,0.0,-2.06107197307297,409.78464046995197,!veh51!var#1,veh_passenger,0.0,0.0,0.0,0.0,0.0,0.0
135.0,veh52,"(315.89977633617303, 209.28026508305416)",8.55060388616331,:4020287396_0_0,0.0,-1.496063002580673,189.79026693377187,!veh52!var#1,veh_passenger,0.0,0.0,0.0,0.0,0.0,0.0
135.0,veh53,"(370.8438223817823, 164.99980969295115)",7.077374593813146,-399296456#1_0,0.0,1.7783316226050383,169.87459232703577,!veh53!var#1,veh_passenger,0.0,0.0,0.0,0.0,0.0,0.0
135.0,veh54,"(358.3927112086705, 174.92497569163493)",7.6973216265294475,:cluster_123281084_3663662939_3664674395_3664674397_#1more_5_0,0.0,1.2128117195708938,180.68701497083958,!veh54!var#1,veh_passenger,0.0,0.0,0.0,0.0,0.0,0.0
135.0,veh55,"(175.1491958411221, 305.77411320704954)",2.5186666571302663,-381187778#0_0,0.0,-0.0015283552937730427,182.4401265796339,!veh55!var#1,veh_passenger,0.0,0.0,0.0,0.0,0.0,0.0
135.0,veh56,"(153.32626286021699, 322.1141744183255)",10.130841389158743,:cluster_122855839_3663662942_3663662943_3663662944_#1more_10_0,0.0,2.176390513195657,168.44461930908352,!veh56!var#1,veh_passenger,0.0,0.0,0.0,0.0,0.0,0.0
135.0,veh57,"(360.51300844115275, 187.71351570424568)",0.0,399294708#0_4,4.0,0.0,288.2389151990046,!veh57!var#1,veh_passenger,0.0,0.0,0.0,0.0,0.0,0.0
135.0,veh58,"(302.80093495046094, 223.26609502984425)",8.609868805077049,399296457#0_0,0.0,0.7363526795568482,124.784731585914,!veh58!var#1,veh_passenger,0.0,0.0,0.0,0.0,0.0,0.0
135.0,veh59,"(241.66500072724375, 245.65464234809832)",0.012913247073887617,-381243038#4_0,2.0,-0.007312408564155392,308.2870131192581,!veh59!var#1,veh_passenger,0.0,0.0,0.0,0.0,0.0,0.0
135.0,veh60,"(162.27511445325644, 344.3523620216575)",0.0,399311986#1_4,18.0,0.0,170.83893097299594,!veh60!var#1,veh_passenger,0.0,0.0,0.0,0.0,0.0,0.0
135.0,veh61,"(355.1611861196486, 201.54436797479104)",0.00015727679475188133,399294708#0_0,6.0,-0.001399922537709065,270.3878262673028,!veh61!var#1,veh_passenger,0.0,0.0,0.0,0.0,0.0,0.0
135.0,veh62,"(234.45585142472376, 241.73746621271394)",0.1693918435124252,-381243038#4_1,0.0,-0.09365380535098539,265.3879072566476,!veh62!var#1,veh_passenger,0.0,0.0,0.0,0.0,0.0,0.0
135.0,veh63,"(383.02739486384337, 155.283916180934)",5.651404204315405,-399296456#1_0,0.0,0.82722596285479,154.29124702581026,!veh63!var#1,veh_passenger,0.0,0.0,0.0,0.0,0.0,0.0
135.0,veh64,"(251.9727633115436, 273.8156959314786)",0.0,381243038#1_0,9.0,0.0,223.17898918747613,!veh64!var#1,veh_passenger,0.0,0.0,0.0,0.0,0.0,0.0
135.0,veh65,"(86.11961039214745, 366.38196646215596)",15.046060301161148,:8012807819_7_0,0.0,-0.18013627056498116,89.56353247057694,!veh65!var#1,veh_passenger,0.0,0.0,0.0,0.0,0.0,0.0
135.0,veh66,"(59.6158888123735, 384.80307929205844)",14.920145006291996,-399307909#1_0,0.0,2.304350489657372,57.16557411807888,!veh66!var#1,veh_passenger,0.0,0.0,0.0,0.0,0.0,0.0
135.0,veh67,"(93.8832324374027, 368.1292879552349)",13.997655800906234,:1964147000_5_1,0.0,-0.44583158390596545,95.83851944614919,!veh67!var#1,veh_passenger,0.0,0.0,0.0,0.0,0.0,0.0
135.0,veh68,"(377.48761789436116, 423.08303045129816)",13.018388870295079,608730952#2_1,0.0,1.1294086642330505,198.51505646648633,!veh68!var#1,veh_passenger,0.0,0.0,0.0,0.0,0.0,0.0
135.0,veh69,"(171.04913485833632, 355.3334876482101)",9.276993513225936,399311986#1_4,0.0,-3.6831632168187447,168.52806392925416,!veh69!var#1,veh_passenger,0.0,0.0,0.0,0.0,0.0,0.0
135.0,veh70,"(422.81916523915106, 123.57208402730947)",10.725432426333867,-381188583#0_0,0.0,2.2744245033245534,103.44206407062381,!veh70!var#1,veh_passenger,0.0,0.0,0.0,0.0,0.0,0.0
135.0,veh71,"(350.49300137545407, 195.67350681819286)",0.0,399294708#0_0,8.0,-0.0002503148769341898,59.62892655256448,!veh71!var#1,veh_passenger,0.0,0.0,0.0,0.0,0.0,0.0
135.0,veh72,"(456.66280040596655, 92.5757366359412)",0.0012894846956238196,399296458#0_1,2.0,-0.003228255291364294,90.08897354593981,!veh72!var#1,veh_passenger,0.0,0.0,0.0,0.0,0.0,0.0
135.0,veh73,"(183.64836898548054, 386.46047021007485)",14.104144376027064,:4020457881_0_1,0.0,-1.210721347108482,136.34116123800095,!veh73!var#1,veh_passenger,0.0,0.0,0.0,0.0,0.0,0.0
135.0,veh74,"(229.5637663045283, 11.720343379994247)",0.0,1131137820#0_0,11.0,0.0,12.058972493733771,!veh74!var#1,veh_passenger,0.0,0.0,0.0,0.0,0.0,0.0
135.0,veh75,"(364.16055346145544, 212.86226541376396)",8.483379181077842,399294708#0_0,0.0,-4.449201920612538,138.38713959059123,!veh75!var#1,veh_passenger,0.0,0.0,0.0,0.0,0.0,0.0
135.0,veh76,"(464.5266910372105, 90.39469160171808)",0.01102394080243669,399296458#0_0,2.0,-0.054791437673444306,31.877582563877922,!veh76!var#1,veh_passenger,0.0,0.0,0.0,0.0,0.0,0.0
135.0,veh77,"(458.6530561532379, 95.07591299297555)",0.0011718503265962322,399296458#0_0,5.0,-0.0036775830016513526,20.228646502440334,!veh77!var#1,veh_passenger,0.0,0.0,0.0,0.0,0.0,0.0
135.0,veh78,"(358.40333024435455, 200.4751362687437)",3.866926233456546,399294708#0_1,0.0,-4.5,50.951376147261044,!veh78!var#1,veh_passenger,0.0,0.0,0.0,0.0,0.0,0.0
135.0,veh79,"(379.64174989021194, 431.0442950182341)",12.938761039933302,608730952#2_0,0.0,1.904922129184122,46.758466218894455,!veh79!var#1,veh_passenger,0.0,0.0,0.0,0.0,0.0,0.0
135.0,veh80,"(31.930832375723888, 395.0253217408792)",9.433142062452545,:cluster_123241924_382443557_5344542568_5546892974_#3more_22_0,0.0,1.8572393815265977,26.87303522746606,!veh80!var#1,veh_passenger,0.0,0.0,0.0,0.0,0.0,0.0
135.0,veh81,"(490.6885437252209, 62.24774458249894)",2.4036248096282034,:cluster_123308400_2871010070_6_0,0.0,-1.1392281263816733,7.283836944007167,!veh81!var#1,veh_passenger,0.0,0.0,0.0,0.0,0.0,0.0
135.0,veh82,"(293.85757167637576, 474.2694375780499)",4.208899500290864,167413476#1_2,0.0,2.3458598093595358,6.0719391912221905,!veh82!var#1,veh_passenger,0.0,0.0,0.0,0.0,0.0,0.0
135.0,veh83,"(452.450623716355, 318.92423737974275)",0.0,1051478559#1_0,0.0,0.0,0.0,!veh83!var#1,veh_passenger,0.0,0.0,0.0,0.0,0.0,0.0
